,166,85,107,130,60,159,20,146,58,63,12,19,25,35,43,48,76,82,108,122,123,124,137,143,147,158,163,165,175,191,71,118,106,127,28,186,2,142,188,125,112,145,47,78,8,129,157,41,24,93,170,86,169,21,88,105,185,104,193,179,68,22,180,49,176,87,116,84,131,103,72,187,178,70,6,77,128,119,160,154,69,174,4,44,26,90,94,117,51,114,109,150,65,75,120,62,10,1,3,5,7,9,11,13,14,15,16,17,18,23,27,29,30,31,32,33,34,36,37,38,39,40,42,45,46,50,52,53,54,55,56,57,59,61,64,66,67,73,74,79,80,81,83,89,91,92,95,96,97,98,99,100,101,102,110,111,113,115,121,126,132,133,134,135,136,138,139,140,141,144,148,149,151,152,153,155,156,161,162,164,167,168,171,172,173,177,181,182,183,184,189,190,192,194
166,50.0,638.19380582899,1418.056235311,2834.07934471,2490.15375840775,2730.2933000075,760.218835434,1150.75369656723,1222.89052007023,1572.63330089625,2393.523577484,764.150249751,790.778482585,987.3843058965,2138.4628987185,312.94927261349,775.78006550798,931.52033760523,1469.61713486275,1698.63149473575,1990.02187175825,1919.212452054,1496.0814810955,790.3320275215,959.865959105,2639.110523298,439.29908166076007,257.64119524624,503.1144674495,1708.3014255805,85.83696665375,855.8615832742299,418.08446909974,2686.5363541875,882.79956955173,1434.332427285,887.9386184072299,746.0979495517299,1425.67905939625,2701.7009134425,233.98911202239003,1083.44383833498,279.00276204876,1090.99085515823,2291.6544623165,2791.2305326065,2882.072798008,2228.2099977325,899.9146123757299,1363.38288842025,90.36855079223,727.22325862025,114.94202157601,693.61516534325,620.94606301423,532.5018609267399,1418.49445720875,535.33915897323,1514.62909476,514.7496394245001,622.10992817949,825.70660398698,452.87037110724,166.24924641701,611.4734920265,659.45304525523,907.28407243573,713.44117527573,2682.7658749595003,447.84324359626,575.78508592376,1525.699440496,403.00733053073,615.03760151798,839.03990212675,686.4177504857299,2888.672379399,1741.529550491,2924.778384096,2838.5584975635,803.7361681689799,616.11528873925,915.95530474073,264.6328990205,876.324492268,1198.50046557823,1247.06511416798,1039.17053321398,1169.29338775148,1031.55407818148,1399.50007779525,1017.51621989223,1389.65787184075,800.15116818448,2006.61682705525,1496.4717020835,2309.90987626825,947.99397021448,957.21697996748,1063.77891883425,2499.9290116370003,2380.44045573625,2342.17984709675,1282.118901641,1252.08788586825,1156.188126555,1103.18036462975,1234.7005272035,1199.55500672975,743.50317882025,814.68255039048,1076.53994049673,1219.51406462075,1177.92725701825,1046.35156251823,940.9026482415,1060.31470094473,1091.32779358298,1114.878761104,1102.91418793448,1044.93654540848,2263.1913209195,2162.61015249225,327.59972193051004,438.83099667275,1244.2696406035,1323.3999947115,1321.318712547,1486.572329997,1358.24725710525,1344.7378748515,1238.72872005375,2619.4643257055,2254.269986787,1366.341391094,1712.2278689295,733.837286887,656.8545462977501,1026.29526006573,997.46286895198,1026.682604106,1097.06265644925,1020.2467539735,1301.19980696625,1166.20074350625,1297.61504310273,1639.90665358225,1690.444155097,1465.70622578875,2222.9103244735,2456.7160761275,2520.2748729755,2317.560351363,2564.44782668,451.52747031575,315.247605882,948.379294799,1077.77933952075,1776.50792216575,2837.653470702,2013.550240016,2380.48239827875,2353.273028217,2180.91046049875,1362.2456241475,1250.57337483398,1293.0590701525,679.935838121,612.6311869777301,956.20686062875,880.3999900924799,1031.90445064725,975.94432519373,2896.505382225,2557.02384131475,2990.8621220025,2847.2402931755,470.56647038076005,376.72504600098,324.07992861875,343.32662194051005,235.66759043614,135.80270121543,296.30225885411,298.13584389688003,393.85457298299,1906.00583282,2118.9238876235,1863.31345086575,1731.2076461245,1843.1513600005,1823.52551230825,1766.554024774,1614.4793755485
85,638.6309776097501,50.0,855.03150618275,2222.847255317,1878.9218243575,2153.96905668075,740.724563051,1161.1736967735,754.8117457702299,988.91482344773,1715.483542284,530.13090181575,214.45427654051,513.7878751769899,1527.2308093255,621.55216692876,355.61221400976007,293.62146552139,829.7855939164799,1087.39940534275,1378.78978236525,1342.88820872725,884.8494724807299,287.06301267688,795.67255592375,2062.786435314,948.0937748245,851.0828488205,685.1454933632299,1145.27662188773,578.35496453298,282.96891721837,286.55731610224,2048.63735161575,246.93944057373,933.27042902673,552.7974284965001,358.14461152026,862.65425570348,2063.80222155625,464.07256555573,1050.41035789023,652.46922046525,453.09200792923,1653.7556150875,2153.33153003475,2305.74855468125,1616.9779083395,707.49069045875,787.05872587173,637.5965875197601,90.30462414375,722.949002854,563.43285181476,61.92743699718,207.254568824,855.4697280805,110.6212499767,951.60429106723,558.13050044675,124.44293950876,610.7011278735,565.14446173023,555.11339627399,523.74410270999,161.41471284748002,330.95986639124,79.48004927938,2044.86718307325,204.00084036073,277.81386805962,1013.86675266648,643.9629621607501,203.53997570374,507.14732058225,266.53388417564,2277.440290006,1107.77788865875,2273.11259633375,2186.89239911575,245.45205238361,639.88253686424,456.33680729123,536.37847653525,239.33880564689,622.17625953374,670.7408708412299,462.84624639126,531.39454052248,455.22987213699,658.47321775275,735.4705605605,813.33370929223,433.15756875725,1369.6312398535,920.14753953498,1631.86984106825,557.68556152849,628.91192117374,673.47055364423,1862.030164408,1742.54160850725,1704.28099986775,693.9248442222299,561.01626543124,590.9429654405101,485.21583851224,671.67572351073,663.4255446227501,658.43531412175,176.78374044374002,481.57265956101,624.54678989874,582.95998229624,416.41196827501005,345.93541080175,465.34742000901,597.90143207998,724.57039591398,681.105879714,625.10614185923,1651.95938686925,1551.37806309925,564.86628014724,456.05202053451006,606.37075609224,686.414252167,683.4197907534799,849.58666823073,962.456454804,868.319991046,844.53375382325,2008.2322363125,1643.037897394,759.498666445,1135.90370638098,175.55320838389002,335.14157516075,553.80867251674,360.477200972,388.78371959474,459.16380922025,396.40390285324,724.8755636395,589.87653746176,721.29079977598,1063.5824102555,1114.11999254848,889.381982462,1611.6782350805,1845.4839867345,1943.95062964875,1706.32826197,1988.12358335325,307.69896106673,376.5790983805,375.4866101020101,501.45513347626,1139.522334964,2226.421381309,1437.22599668925,1804.158154952,1776.94878489025,1604.586217172,751.01361553273,644.69734811823,698.09183271275,331.94163257123995,352.051410212,429.45800660148,881.0704494014799,984.07317518025,975.45017990598,2285.2734481747502,1945.7919072645,2379.6301879522503,2270.9162051915,1070.70495612123,930.99007202125,932.58544206375,538.7196844027601,634.23718870423,511.97623074423,724.9985205329799,401.24822922973,746.9086833639799,1268.10706636923,1468.222001625,1352.67324854975,1028.32419172348,1323.79192446975,1163.94835440948,1203.52929564575,1051.45457185573
107,1414.5501494435,855.1296828007501,50.0,1718.473579536,1237.94361779525,1909.964587461,1009.2217683205,1360.74485783975,347.77501692951006,902.41011287625,1011.64317654298,789.49807307498,901.04302211173,504.3636157845101,1297.37495777575,1208.23276343025,1133.36913407198,552.94317727826,148.64443897081,877.92848693998,1148.9339308155,1202.37766527548,697.61803732525,625.0131661165,955.70829117948,1961.33690091425,1780.56764959425,1688.91294161025,1118.75440737375,371.54739136525,1335.68869363575,992.71706716125,1115.38541458998,1431.84709862775,827.55689148223,314.08836371698,720.1793223997299,700.6004627825,218.25211473364,1447.0118132255,1236.93948225925,1249.98143817825,1266.44745899275,506.43006582324,1036.96528753498,1536.541121704,2204.2990202815,1227.811076241,897.64474411273,1101.09543501748,1433.26879547575,897.9265358612299,1517.35116576825,858.90567980323,917.57537428048,1053.14159412073,93.88666018858,948.53852111775,150.67304751564,1026.63926347875,852.6012496372299,860.60854702873,1063.4556505715,1249.18818353223,959.90798242573,1007.67533124425,985.614330603,819.17591399875,1428.0767747425,1021.31233067398,1128.65626494425,333.05928637523,1155.02321127275,857.4581152805,682.91826357825,1059.28423170575,1632.46791065575,779.93470735673,2043.256744784,1957.036547566,667.91052593623,1049.5307264615,590.36917281798,1155.763108791,755.6631793829799,941.6694200555,858.28096582725,1117.50071681673,400.71078059699,965.09658561848,167.0987786345,811.6811731177299,880.36301851798,1250.44211021023,933.91525678198,917.5459337225,928.029394549,626.37598806225,767.8616241694799,665.19637740823,1245.23983685548,1125.7512001765,1087.49067231523,245.73486939426,275.2521294105,296.48456910551,370.07559958723,221.35178668488,324.10319274899,927.11582383625,693.82822103173,667.71300452275,781.7129903805001,624.44624585723,718.449655443,782.16309910548,805.8221851805,430.0098958962601,569.4377438765,471.83026443024,532.25016838948,1245.54120179048,1242.80087490225,1094.9486777427298,1002.70351196598,296.10757089239,428.93314073149,318.81664284551,477.51456633824,467.13910600525,317.63551599387,536.16826051224,1635.22928337975,1386.1503878885,744.1317763649799,1036.21063245548,748.67982062125,1186.2081937707298,1268.7230749375,647.22450125749,501.07225709348,381.09009649775,498.41729415323,1112.30993882548,860.6908786862299,995.02709463198,1123.37647555725,1233.70151797825,1072.92961964398,1381.82238353075,1615.62813518475,1842.501095249,1476.47241042025,1886.6740489535,1012.56955992575,1148.82037526525,1073.6865240865,994.80860194725,688.22516338198,1846.49977297675,1335.7764622895,1796.648265046,1675.4992504905,1503.13668277225,589.6567274705101,591.73921509475,664.6924455272299,738.1871945725001,804.49664549475,464.29194680099,1080.58149282348,1159.50151284798,1175.021260194,2055.417596625,1715.93605571475,2022.4852443105,2169.46667079175,1892.5596750655,1798.71820718975,1730.56157562725,1371.19352189025,1466.71098269575,1320.19387569425,1557.4723145245,1250.07503529198,1255.069379269,651.31669532074,713.47348656773,608.5720809202301,377.8330250585,522.30414998201,418.07511125248,417.3640267075,265.02158522213
130,2830.310108224,2216.67999279925,1717.2671877395,50.0,568.39205726173,679.17629285173,2678.741565678,3030.2644998545,2017.29477700475,1498.54071217075,904.000356608,2459.017944997,2058.03092770825,2166.03639218625,740.9315603722299,2845.39451062,2320.90348268575,1985.56011729275,1611.16575934825,1133.64059242075,911.54900763698,1265.76977935273,1339.48775592975,2286.6859798005003,2625.2281631015,823.7349938039799,3065.6876178225,2968.6766918185,2788.274360074,1718.774944471,2784.887266753,2118.62609557175,2451.16707775475,365.11328728526,1997.37921508375,1922.548592953,2389.69919432175,2362.2732764665,1826.7123688245,271.48642852549,2680.319226647,2919.5013908785,2876.3117567815,1809.72082348675,792.11155950098,178.01686983437,837.44701756825,810.53575024375,2567.16461603475,1829.65176434,2773.0125562575,2165.85339842675,2858.365008874,2528.42555172525,2272.33308641425,2348.59239581675,1739.0102017715,2326.8678675720003,1677.78853659725,2688.3122325055,2337.764850799,2530.12841895075,2725.1284642555,2771.360020083,2629.427699005,2195.2096052935,2041.736871318,2284.32585739975,459.77531906248,2420.247501452,2316.1905389935,1919.32787171725,2808.326002244,2367.90305306925,2352.43806093575,2246.818505755,92.55719343811,1202.247873301,628.61226500899,604.32112656648,2269.890632356,2719.050523819,2252.0420610665,2760.2210128515,2025.42696996725,1958.27882353775,1800.37447159025,2165.0227807425,1757.8483063785,2038.02371356475,1720.603639324,2481.20104503975,1757.9011229135,2437.976458824,1068.41256315948,1550.0612226075,953.0871121805,2295.89578541975,2437.3814960915,2334.71624933025,639.75290023251,726.4823544809799,778.5831446535,1837.5111754335,1882.88508393825,1925.83020854675,2006.7962479315,1890.87156540125,1993.62302738875,2596.63562119375,2077.43634403825,1760.556551882,1763.7295828935,1656.5561341845,1820.3470443005,1891.43887712425,1898.66573253975,2099.5296559715,2238.957541234,2141.35009907,2201.7700403115,798.71261354125,717.1670711344799,2729.2295128555,2620.4150233355,1779.4968720185,1654.20533234875,1667.4761081385,1534.87879893625,2112.71747873275,1986.5445242995,2205.077287459,221.39034896914,575.52461962798,1683.948964034,1335.48084503625,2322.09030129575,2373.74238704175,2258.10897216775,1892.2800581155,1908.40261610975,1914.4008657155,2088.83570571875,2044.36573667625,1915.63879209025,1861.15139047125,1562.54441065475,1576.1643969465,1798.289305857,772.4283903339799,580.49546956749,878.672653277,647.08061658873,812.5667821354799,2531.54141660475,2592.82568490725,2254.1590720635,2068.53675789075,1291.6125184645,138.43890496519,1136.12833199748,1065.2222083245,945.08533256348,1055.71142923398,1499.50197310775,1584.06062427175,1634.0668535815,2399.8600082565,2466.16945917875,2125.96479776725,2750.1013647455,2829.02138477,2844.5410575515,537.8323293325,674.90809545273,387.44730591649,736.95711611348,3206.120881363,3048.5837596765,3068.0012927410003,2656.3134901185,2751.8309509240003,2703.655435923,2842.5924380955003,2559.204076811,2911.271642669,1067.15544884825,1150.29667819673,1944.63475911975,1403.53463969825,1772.880202925,1318.2817617845,1512.82665283175,1753.2781226735
60,2523.45271961225,1909.82244884475,1236.5882523015,566.52685686248,50.0,934.93104302423,2198.06263024,2549.58571975925,1536.61584156675,1191.68324899448,466.58601125073,1978.339009559,1751.1735390965,1685.357612091,457.43216630374,2389.226797019,2014.046094074,1585.73397637475,1130.48682391025,826.7831292444799,604.691538247,943.68367493023,1032.630367318,1806.0070443625,2144.5492276635,1014.36027658323,2758.830073868,2661.819147864,2307.59526929325,1309.97294411525,2478.0298781412503,1811.76870696,2144.30953380025,279.90035109939004,1690.521826472,1441.869657515,1909.02025888375,1881.59449637125,1346.0334333865,295.0651651165,2373.46183803525,2438.82230009775,2447.44133723875,1401.2130422995,311.43262406298,384.59451087726006,1167.39315445525,328.47003279424,2086.48568059675,1630.5051550095,2466.155012303,1858.99585447225,2551.5074649195,2047.74661628725,1965.4756978025,2041.735007205,1258.3312663335,2020.01047896025,1197.10960115925,2207.6332970675,1913.8142914915,2049.4494835127502,2244.44968416025,2430.1821363427503,2148.74891890975,1888.35221668175,1734.87948270625,1852.9727500265,284.94249093373,2113.39011284025,2009.33315038175,1438.64893627925,2336.0170895187503,1948.13587401925,1871.75912549775,1939.96111714325,480.52126254675,759.99397991023,1011.45109212575,982.00300312923,1848.90447874675,2238.37174372375,1771.3631256285,2336.756987037,1718.5695813555,1634.76977952525,1493.5170829785,1801.58583435475,1307.48248914725,1731.166324953,1239.92478466423,2000.52210960175,1451.04373430175,2131.1189148695003,591.9121115755,1243.20383399575,514.95919679425,1815.21684998175,1956.7025606535,1854.03731389225,219.24425159563003,292.31975541349,341.21901228674,1356.8322399955,1402.20614850025,1445.15127310875,1526.1173124935,1410.19262996325,1512.94409195075,2115.95668575575,1657.66916498825,1453.6990079275,1456.87219428175,1349.69859023,1513.48965568875,1584.5814885125,1591.808343928,1618.85087587625,1758.278605796,1660.671163632,1721.0911048735,236.35261468138003,386.80798972201006,2275.94263055325,2183.6974647765,1298.81786201598,1211.95143895798,1186.79709813598,1103.23217454373,1632.03854329475,1505.8655888615,1724.398352021,408.7360169692601,355.29675638048,1377.09157542225,1028.62338185998,1929.67369886725,2066.88499843,1996.0303739855,1585.42266950375,1498.87376702675,1433.7219302775,1608.15677028075,1786.9228768395,1608.78124813575,1552.63478594675,1286.81134009025,1404.1670400335,1564.30133715725,600.43118876373,640.59459074798,1005.87654297748,501.43886598348,857.44623466698,2103.2473186645,2285.9682962955,1890.72212567575,1705.099811503,783.83668111575,627.7980328780101,964.131049649,1059.38621732798,938.23720277248,883.7141468855,1192.64450993148,1277.20316109548,1327.20946496975,1919.1810728185,1985.49052374075,1645.28586232925,2269.4224293075,2348.342449332,2363.8621221135,920.67119994523,740.9023559352299,795.9920213959799,1132.5608857437298,2899.2633374085,2741.7265264075,2761.144059472,2349.45610150675,2444.97356231225,2396.7980473112502,2535.734894141,2252.34668819925,2436.0632575150003,586.4764761279899,712.88232662575,1540.39999095675,922.85570426025,1368.645434762,837.60290712473,1032.14779817198,1272.5991872355
159,2727.5080045,2151.307569345,1910.31426399125,679.14001721275,936.6077318895,50.0,2702.58481369,3123.0339474125,2210.3418532565,1171.8246170845,1397.22088896725,2491.990997112,1961.2690161325,2232.1507326145,618.48298565249,2771.2105803575,2158.63897043125,1907.93441306125,1791.034178061,1056.01488818925,819.9304137355,851.77700100573,1261.86213247648,2246.55147156775,2707.8220391635,154.44741031239,2962.8855140985,2865.874277409,2838.999981659,1978.673307157,2682.085163029,1881.00636871975,2348.364818688,1033.88724550825,1889.455616235,2115.59566920475,2450.4973951595,2321.549553183,2019.75944507625,940.26030597025,2575.38395628,3012.270527751,2792.2008034230003,1732.09511925525,1242.06758255773,843.80550701125,233.73507070275,776.0137010039799,2623.0726271025,1415.658985993,2670.210141848,2063.05113936,2755.5625944645,2538.3294287515,2198.124145969,2245.79013675,1932.05727802325,2260.2795764135,1869.61384212025,2711.984914178,2278.29731595775,2572.56122316975,2718.998950026,2666.424749716,2677.5985537235,2092.40734622675,1828.606618318,2224.85847790125,1128.5492337895,2344.123961613,2213.38827992675,2107.349299321,2797.817375892,2357.39442671725,2404.84728724525,2144.0162466882502,761.331089524,1134.46663060073,211.59917621487,125.37911569849,2192.2649281245,2793.736832535,2347.30926470175,2686.0367719035003,1947.80126573575,1544.28604519075,1473.65853184675,1751.0300023955,1680.222602147,1711.30777382125,1812.148364641,2674.2481212915,1444.71072106975,2073.73390493475,1033.890507706,1223.34520829948,1490.04439580225,2396.2827754095,2526.39506664,2527.763325582,1149.87919144925,1222.95467662598,1271.85393349923,1996.92219671325,1922.3991532275,2066.32063821925,2087.19870381925,2083.918641653,2174.42987165425,2620.295409418,1999.81063980675,1670.02730212175,1543.72121895175,1587.00934035225,1729.817949883,1783.51512293275,1667.5015843495,2282.1474860165,2432.0046174857503,2334.39717532175,2340.28777240175,869.77112845198,684.6624519752501,2718.7205758180003,2609.9063969835,1743.8127782305,1600.16252168025,1617.62770706275,1466.33614064,2290.8945255835,2179.59160055125,2398.12436371075,659.98167663348,619.12086026625,1370.3936620705,1008.76474995,2244.4644417215,2184.38672055825,1821.5823298485,1814.654353884,1830.7767565355,1858.13541098,2036.905090422,1552.85350853875,1608.89060943175,1447.15861212425,1148.551476965,1084.65209424448,1334.93031033025,574.80689262701,299.43006648423,217.70983804823,435.69959751825,229.60415901249,2457.3573309995,2493.0721826520003,1840.1662937165,1654.54397954375,1255.01050436675,542.7140933117399,722.13547287225,430.36357405575,379.82696731524,552.79114022198,1421.87626887625,1506.43492004025,1461.013476654,2357.3327556455,2505.90582394325,2200.53149256575,2842.9304639195,2945.9332704765,2937.3105051095,254.67276927762,196.47856031699,408.8059212067601,198.90275849526,3103.3184669535,2945.7816559525,2965.199189017,2553.51123105175,2649.0288472,2600.8531768562502,2739.790023686,2456.40181774425,2900.763016317,1276.90303890248,1503.348104255,2209.1003539985,1538.879340777,2037.34579780375,1506.30318938825,1700.8480804355,1941.29955027725
20,786.5627910355,740.93886148148,1009.50255344798,2679.6229804415,2199.0931740435,2709.294999119,50.0,446.42500778473,664.5305783817299,1624.64298565275,1920.0714974615,227.11915968187,955.38875114273,514.62571319226,2096.70536943375,468.6776578835101,1091.5055056889798,821.1440320767299,1055.92603213625,1656.873965451,1948.2643424735,1964.18619763475,1454.3241071535,460.1218079595,176.83022520825,2673.9672615995,1218.78900544198,1037.13111281375,258.32606414873,1127.367075462,675.01155372423,1023.90336696575,716.45482462573,2392.996654876,940.61262332725,880.19043272273,284.46110239261,407.6370850735,883.45604801323,2408.1613694737503,687.675635297,379.11514955248,521.35217232775,988.38952883175,1998.11491834775,2497.690833295,2916.9295363095,2111.6526041815,157.47139306212,1527.9932315425,850.8722848297299,831.23913602823,894.4319453572299,213.53189478698,797.8207162489799,787.71365090573,950.32985914623,705.836445514,1003.81545537048,272.55124093964,645.61953724675,184.1231012925,326.62630697675,621.05309416898,232.87503731536,897.30796103073,1071.89433477975,676.8796248575001,2389.22633099075,668.31379571523,879.85434557625,931.46907449773,385.8880126742501,569.57743429101,343.68760120925003,1002.42715721373,2593.617466904,1611.85734527125,2842.587156442,2756.366959224,564.2849067985101,148.02448469669002,436.70454705026,538.01528580974,874.33401104773,1363.11072792225,1387.04345335825,1203.780795558,1066.692061425,1196.1643405255,985.80890050423,309.22355073862,1484.03511686125,1104.22046511923,1895.06488759475,1586.40878528075,1836.45779624575,436.68509192425,266.81004630288004,456.92722158801007,2206.38946766825,2056.443480146,2013.62123165275,868.4277243499799,890.6101222435,742.4969492639799,680.490101053,821.0093499124799,729.2002312349799,100.76212408987,761.7146307737501,1155.114397467,1313.1548296635,1211.39003025948,1084.59306399948,1039.60859976898,1153.95546598748,580.0189525750101,563.11805283874,544.5542027500101,486.57656022401005,2206.6906772605003,2120.85277855025,502.17670055001,411.99479717876005,1091.90271710073,1190.4937087795,1189.65633679248,1348.3542540715,747.9054370125,790.595799511,635.94192004273,2577.70679642075,2212.51245750225,1398.0651768135,1758.44342445375,550.83976187874,960.9238432325,1294.74314090525,957.484865433,917.80186400998,895.47553795173,730.0915879344799,1465.8101500885,1305.99958725575,1462.22530544675,1792.23917177275,1855.05449821925,1630.316568911,2181.15279518875,2414.9587021855,2555.13145593425,2275.802977421,2599.3044096387503,526.70478018224,620.50849976974,1116.42108470423,1242.38960807848,1649.37479419475,2807.649329225,2048.40682297475,2509.27862573125,2388.12961117575,2215.76719880025,1320.4882502055,1214.171982791,1309.7099488395,408.92468384599,419.50678731874,632.100834428,176.07125781401,327.57572458248995,271.61559291526,2854.748008283,2515.26646737275,2949.1047480605,2882.097031477,1250.05639416198,1156.21500085075,1103.569808904,975.68661157148,964.75809376623,737.7975203909799,1056.84931487773,718.3545111154799,413.4234844505101,1612.46628885125,1629.60711857175,1267.429691201,1338.98258130675,1247.26752577123,1379.22474206525,1255.740459949,1072.25636416548
146,1177.26247082648,1161.807184508,1361.16863286175,3031.2891406335,2550.7591788927502,3130.163247581,447.18824399774,50.0,1015.7182021255,2045.51123411475,2271.25904664075,647.98746406726,1376.25707416925,869.68817542348,2517.57361789575,859.3773003922299,1512.3738287155,1242.01228053873,1410.9884508715,2077.74236925575,2369.13274627825,2385.0546014395,1875.1923556155,880.9900564215001,410.90173102524,3094.8355100615,1609.48867901925,1427.8307118265,649.02570044374,1360.75759594525,1065.71115273698,1444.7717707705,1148.680100762,2744.662815068,1361.48087178925,1170.42008871723,637.32058694898,828.50541431373,1237.4587930725,2759.827374323,1078.37531508798,161.45771793439,912.0517713405,1409.25777729375,2349.780923197,2849.3566828015,3337.7977847715,2540.6266373385,471.34913065123,1948.8614800045,1241.571958407,1252.10745905475,1285.13154436998,657.3989480719799,1218.6890392755,1227.6939478075,1301.51748289,1133.98141441425,1355.00307911425,704.77654193075,1066.48786648698,576.233367818,763.00211148575,1011.75269318173,683.64091805125,1318.17628405725,1492.7627385845,1097.7478733195,2726.6067058645,1100.53915262973,1321.426831101,1164.85951420275,776.587611687,997.72244668723,731.95530947075,1423.29548024025,2945.283627096,2030.306751773,3263.4554049040003,3177.235207686,985.15319875648,567.43145497799,791.76692850325,928.71492210475,1295.20233407425,1783.979131727,1807.911857163,1624.64904402,1436.75888104,1617.0325889875,1340.871393804,548.4877918655101,1904.90336532325,1589.9190654025,2246.730892444,2007.27703374275,2187.645345425,826.5672773865,597.9696275472301,747.15684030025,2515.439053168,2407.63102932525,2364.808780832,1223.49014308523,1245.67254097875,1097.55936799923,1035.55251978825,1173.124835902,1112.85923078948,544.629196016,1182.58296001398,1575.982645929,1734.0230781255,1632.258353286,1505.461387026,1460.4769227955,1574.823789014,920.8062673595,795.21180932725,889.40295373325,869.18789099025,2558.3568374525003,2555.6165913425,892.87634305873,844.220116811,1446.96505505775,1561.13731602525,1544.7186747495,1703.41667280675,981.29588293123,1080.82538094098,869.3324405259799,2948.04499982,2633.380861307,1818.9334252755,2179.3118282585,971.708047623,1402.49632875725,1715.61138936725,1378.353113895,1338.6701870365,1229.23541391575,1120.15366030123,1886.6783985505,1726.86783571775,1883.09355390875,2213.1075755775,2275.92274668125,2051.184817373,2602.0211989935,2835.8269506475,2975.999859739,2696.6712258830003,3020.1728134435,958.93009981448,1052.73381940198,1537.28940773075,1663.257931105,2001.040799044,3159.315489417,2469.2752267795,2930.147029536,2808.9980149805,2636.6352919195,1741.3564986675,1635.040231253,1730.57835264425,829.79296959025,843.2496160872299,952.500848642,329.02840920226004,237.77369015838,209.65121541213003,3275.616256745,2936.1348711775,3369.9729965225,3302.965279939,1640.75606773925,1546.9145998635,1494.26940791675,1366.386129806,1355.4577673435,1128.49711940373,1447.548988455,1150.57978725175,804.1231269592299,1964.1322937005,1980.79482309375,1500.82021168425,1690.64874149875,1480.65796547625,1730.8907469145,1606.92800912825,1339.020329595
58,1221.85997626673,733.4087770179799,347.256290205,2017.37679797675,1536.846836236,2208.8679612445,663.9376351049799,1015.42561716273,50.0,1209.85244771998,1257.3467847622298,491.9644308827501,799.657874175,287.26148478799,1596.27833155925,968.254467605,1011.64830285373,551.4558139429801,485.25707890551007,1176.83177994525,1447.837304599,1501.28095828075,1039.53356922073,474.05092632375,610.38916234924,2259.17679823125,1629.6054098015,1496.222842998,821.2207713952299,503.35365800224,1142.9985950235,891.33192543823,964.42317479723,1730.7503170685,726.17182432373,243.03262633462,422.6456802075,549.63826027201,220.73129181799,1745.915187009,1085.9772424665,904.66227206575,1038.56221100498,566.98701937024,1335.86858054025,1835.4444954875,2502.1389175985,1526.71429468175,552.32557800023,1229.23106431875,1240.57862229898,776.20562386475,1324.661067156,561.37200032874,793.45278880448,902.17935432798,287.60510295099,797.576281325,341.09069917524,739.063016997,701.6390098444799,515.28938091623,806.55990790025,1056.49808491998,662.3742656689799,892.94010815075,884.2291888799799,678.30085567725,1712.694207865,870.35016544575,1006.93535916148,334.39962090448995,884.1119051037299,706.49587548775,385.38458410376006,937.5634004875,1931.37128443925,1078.838000362,2342.15996322475,2255.9399213495,516.94824264751,751.99709048298,377.22451022449,963.07293561423,654.27811222448,1069.80505557048,1015.530237398,1016.11556888,641.95679132273,1008.49919462573,445.95975624848,466.36200700523,1069.244653493,1128.72119821375,1232.81854978725,1171.61824734798,1173.73300276825,289.23526976949,422.54245805698,319.87722993686,1501.52671051125,1393.7186866685,1350.89643817525,316.817810399,350.76097798775,202.64778015339,268.69050757389005,159.21248081783,108.79493497463,629.58218785773,592.443073095,795.84864003773,909.84862589548,796.59956689123,735.5846629172299,792.7247718997501,868.2865177902299,167.98466105549,224.11859640513003,126.51111695887,209.50762278774,1544.44449479575,1541.70424868575,902.25849835225,810.0134133537299,552.0535293490101,766.33514552975,649.80714904076,808.50503525123,218.69000730476,152.11268955812,238.70114851298,1934.1325018205,1685.05360632925,983.27463888073,1343.6529610855,597.7175808285,1064.48728177425,1167.33793321448,671.81591723575,512.15879575774,392.17663516201,397.0321834987601,1240.44556812675,988.8265079875,1163.463138223,1377.4487084045,1487.7737508255,1261.811254619,1680.72575731425,1914.53150896825,2140.340992566,1775.37578420375,2184.5139462705,861.607320133,997.8581354725,972.30138236348,1054.724455965,987.12845638725,2145.40314676025,1633.6163596065,2094.488162363,1973.3391478075,1800.97658008925,905.69771227273,799.38144485823,894.91956624948,587.22491749749,611.80650960024,313.32972564937,735.2623267109799,814.18234673548,829.7020940815,2354.3209704085,2014.8392741555,2321.388618094,2467.30656810875,1699.86957645325,1606.0281085775,1537.871477015,1220.2312820975,1315.748742903,1127.503777082,1406.51007473175,1099.11279549923,976.31815441475,950.22003182198,966.882480437,672.0136685565,676.73632427748,651.85150312673,716.97840425775,593.01570375376,409.53160797024
63,1571.4115301675,985.1293505375,902.54370764125,1503.35416262225,1193.49019586248,1171.10530558748,1617.32230321625,2037.77143693875,1208.321774826,50.0,1380.496843845,1406.728641981,805.17262257823,1146.88830291898,807.7376420662299,1613.844023701,1062.0047492865,822.67198336573,758.1946448369799,437.75975306875,616.61390168449,371.38343019948,259.77857478462,1161.288961094,1622.5596840325,1079.92268422073,1806.78888442325,1709.77795841925,1666.91671889575,1238.15612667725,1525.9886886965,724.90989438725,1192.2683443555,1467.41779220825,748.32377503825,1183.27174976748,1365.2350400285,1236.28712348748,1087.43544486075,1482.582506806,1419.2874819475,1927.00801727725,1644.760959177,646.8326087815,1213.88095125573,1572.1118152845,1322.88472280975,897.4847410802299,1537.8102719715,482.06288399775,1514.11382285825,906.9546650275,1599.46627547475,1453.06691827775,1040.78252493073,1089.69374319573,985.12026609348,1095.31730608848,975.9874297,1539.90165141475,1106.21413397273,1487.29886803875,1546.91568726275,1510.3282753835,1505.51529096025,936.31095267248,672.51022476373,1052.77529591623,1472.45990718775,1188.02764262325,1057.29188637248,1198.79506999675,1625.7342684715,1185.311163954,1319.58493211425,987.91985313398,1557.94719731125,505.22666282125,1365.5904642405,1279.37042236525,1107.00241765075,1621.6537251145,1262.04683500623,1528.67037058975,849.38782951073,486.3275085135,345.07481196675,653.14364412123,605.24199838848,565.16255605375,779.30875063875,1663.80799978275,302.60151921339,1074.98356148448,797.90926161648,94.76159405255,1296.88306806473,1311.02026493575,1441.132711509,1426.80529433375,1406.761574644,1302.66686389725,1299.14710786775,939.427824173,864.9048614654799,1008.82634645723,1001.93627412373,1064.32689349173,1116.935499114,1535.033054287,914.548129333,528.89561626775,402.58945853323,445.87765449825,588.68614596851,642.3833997964899,526.36986121324,1224.65311347625,1421.56465131975,1323.957053813,1255.025261928,991.24224309275,831.8849704045,1546.6374683975,1437.823289563,711.32206404475,523.0443581857601,601.239822342,489.63576849573,1415.96640929525,1233.01265366023,1436.1471412905,1288.73906905323,923.54473013473,229.26199485763,164.39890299836998,1157.32445877125,1114.84380898525,847.58810297375,722.5103957062299,745.5144014045001,772.8729005062501,951.64266072648,638.4806431100101,460.33909518449,404.19259571323,267.54264271188003,377.86766649175,469.67243557225,817.49580759298,1093.34911344598,961.08687855548,954.19338868148,1005.25983225998,1299.990774343,1336.9757083195,742.27993544223,556.6576585517399,619.28408821424,1506.9281332715,454.36228287824,915.234122917,794.0851083615,621.72254064325,344.66598713101,429.31675654576,319.88173487661,1272.07032594998,1333.82256118,1115.268982092,1757.6681087885,1860.6709153455,1852.047839293,1408.66405730325,1193.65687863323,1562.79730865175,1288.05245409823,1947.22214796375,1789.68518162,1809.1027146845,1397.414912062,1492.9323728675,1444.75670252375,1583.69370469625,1300.3054987545,1728.6799088965,933.120287152,1133.23514784325,1484.372676657,667.05179121423,1349.70060968575,828.96157519225,959.96235238823,1140.822243096
12,2388.8468286525,1716.64069042875,1011.41311393023,901.21405447948,472.97665664298,1401.87557912825,1922.3861044365,2273.87408649425,1260.90428907998,1380.73746976475,50.0,1750.41282564975,1728.0554310415,1478.66025771125,871.1716986859799,2182.52944263925,1972.6637175305,1447.63924259275,923.78955030873,963.34703478975,1018.43103334698,1285.35772341398,1151.491804537,1599.3098453255,1868.8375943985,1481.30496803,2663.406750769,2566.3958247650003,2079.66924072675,863.0137933915,2309.98537284475,1788.650598905,2001.87017398625,540.77188019075,1617.28564232725,1168.79815506448,1681.0940749745,1674.8971419915,1072.96185015775,643.39573121598,2196.78928571825,2163.11066683275,2240.74413820175,1282.66423547173,265.67719376423,731.83103527075,1634.3377713375,742.20948439825,1810.77404733175,1773.20719941375,2407.56547468475,1737.22111931975,2491.64784497725,1819.820432378,1810.4265456,1963.35511392225,1022.54761622198,1825.934101647,892.85708055773,1997.511411764,1812.45112766075,1773.73785024775,2037.7523297805,2223.484781963,1920.8227350005,1846.96984013825,1711.76137465125,1768.5203533035,503.75575960376005,1919.313735527,1967.950929181,1049.49119483848,2129.31989048175,1817.3079187395,1643.83309693125,1898.5788959425,815.2083855992299,874.2282971995,1519.41365146,1448.947694576,1642.207124367,2010.4455598145,1564.66577124875,2130.059788,1563.520429153,1704.537470748,1601.50344029825,1854.16252014875,1198.91670337,1727.96455553275,1033.227504849,1677.49493879975,1579.93782768675,2089.73669366875,630.59568124099,1432.858535273,172.10813493488,1547.68370181875,1680.9909273885,1578.32568062725,292.58822496775,184.780201125,141.9579837003,1150.1350409585,1195.50887489873,1238.45399950723,1319.41995811375,1185.01764693473,1287.769028144,1888.03065718925,1540.48387604175,1430.58105521525,1514.55748175225,1363.80945961175,1481.3177061355,1561.4633804575,1568.690235873,1393.67565672675,1482.566972531,1384.959530367,1467.956054837,609.37970787748,800.54744753973,2069.2452761735,1977.00011039675,1160.72312823398,1128.507912618,1048.70236435398,965.13744076173,1241.39603584948,1236.4124043085,1363.78460477175,870.2623222274799,822.2413732627299,1443.70658553375,1307.18112421225,1722.97649983025,2025.50277722925,2015.209300586,1430.37351730125,1360.77903324475,1295.6271964955,1447.76165267975,1875.17790873975,1623.5588486005,1694.60190380075,1605.63959635975,1715.96463878075,1807.76940786125,1014.17067765,1107.5392076302298,1518.9783810745,968.38348286573,1324.39092611375,1972.41936338475,2108.67017872425,1820.172749735,1757.67665263975,767.7261652914799,1029.24032248475,1377.8706193135,1473.12570621425,1351.97669165875,1297.45364198548,1201.59535918648,1291.31403047723,1364.267254696,1712.4838737815,1778.79332470375,1438.58866329225,1993.7107960425,2072.630816067,2088.1504888485,1428.63367850125,1207.84697281748,1278.2486923675,1599.50542184775,2786.0178512875,2646.302892623,2647.8982626655,2254.032623065,2349.5500838705,2294.49055490325,2440.31141569925,2209.9249133155,2234.76654918175,448.25712017823,294.53546498013003,1088.87360804025,718.60383622923,917.1190518455,593.7197978749899,639.04170384075,920.94941881048
19,766.17514249725,530.2275250062501,789.6453380019799,2459.76592033825,1979.2359585975,2498.583743422,226.06917939349,646.51835039825,491.724426334,1413.931574613,1747.265426192,50.0,744.6774146675,294.76849774626,1885.99411373675,483.85674479249,880.79416921375,610.43265831924,836.0688166902501,1446.162709754,1737.5530867765,1753.47494193775,1243.61269611375,249.41045284314,281.01717226624,2463.2560059025,1180.894458886,1079.28764305873,336.82304236901007,990.1991165265,687.3136866895001,813.19203670423,690.9047450412501,2173.13943943,729.90129306573,703.16633976248,146.71225477776,196.92575481198,710.6498959655,2188.30415402775,660.4467728269799,535.75496801901,554.16448197876,777.6781985702299,1778.25770290175,2277.83346250625,2706.217969927,1969.10341704325,192.83528816011,1317.28182050275,823.643416146,620.527799553,874.7465206135,76.97427751623,587.10937977375,607.00493976226,754.336316177,502.4017921947601,831.00930332275,254.66527554336,434.9082069852301,96.04576285712,322.16216644661,602.50548050448,177.97658013873,686.5966245555001,861.18300451823,466.16825110001,2169.36911554475,559.5560435812399,696.65545908173,794.53335297348,399.7141760775101,366.14282446774,123.83036712212,791.7158207385,2373.760251458,1401.1459342315,2631.875900745,2545.655703527,353.57357653698995,267.59938009789005,216.847294322,515.5555576115,663.6226745725,1152.3993976607298,1176.33219766125,993.06946529648,855.98073116348,985.45301026398,765.9516850582299,279.10704052998,1273.32378659973,958.33948667898,1675.207516806,1375.697374241,1663.6515696335,216.82785783712,218.80787516975,326.07813969426,1986.53225222225,1867.04354097875,1828.783087682,648.57046540801,670.7529067975,522.6396903220101,460.63284832474,601.15213446648,509.34301578898,145.18447125893,551.00330051223,944.40306720548,1102.44349940198,1000.67869378425,873.88172752425,828.89726329375,943.24412951225,360.16173712901,383.71263008551006,371.74809419825,313.77043303112,1986.8334618145,1910.1413675105,470.65556255474,409.87689762123,872.0454208765,979.78237851798,969.79904056825,1128.49696406098,617.05635511875,613.57174383301,505.09287543124,2366.995385381,2001.80120180525,1187.35376577375,1547.73216875675,340.12842540351005,777.7249567379799,1084.0318106437298,746.7735351714799,707.09052753475,654.3157797345,519.38025145925,1255.09873904875,1095.28825699423,1251.51397518523,1581.52791607575,1644.3430871795,1419.60515787125,1970.44153949175,2204.24729114575,2344.4200448945,2065.0915663812502,2388.59315394175,509.858517598,617.13585332449,905.709748229,1031.67827160325,1429.517423406,2587.792113779,1837.69556727775,2298.56737003425,2177.41835547875,2005.0557877605,1109.77683916575,1003.46065252948,1098.9986931425,198.21336601189003,211.66999386774,342.10846759098,366.41505953026007,469.41775424048,460.79483353073,2644.036752586,2304.5550563330003,2738.3934923635,2671.38577578,1230.37096941825,1136.52958232073,1083.8844649385,912.2251338495,937.52915051798,710.56857714273,1029.620446194,714.9818646702299,491.9204688845,1392.60907340525,1456.80104730225,1132.14743790775,1119.12536586075,1111.98527247798,1159.36745205473,1082.93431411498,899.45021211775
25,790.1350529145,213.93471717886,917.8323857535,2061.3314951175003,1717.40590881525,1962.63867315925,957.20610597498,1377.655314262,817.6126999055,804.97875482623,1726.275513812,746.61244473973,50.0,624.50356733198,1365.71489378325,833.83770955023,280.72832795689004,342.91178223349,842.68921400975,925.8834898005,1217.27394760123,1151.55790598398,723.3335569384799,503.54457424199,1012.15409884773,1871.4560517925,1025.51248794848,928.50156194448,901.6270300735,1208.07750145848,744.7122114435,123.36181610586,410.99190438476006,1991.3334305965,145.42384200926,996.07130859748,769.279045985,574.6261917265,925.45513527423,2006.498300537,638.01104197676,1266.8918946005,854.8278518375,485.74847151973,1664.5475866155,2096.0276090155,2114.41817115975,1455.46199279725,923.97223338273,595.72837963249,732.83734560525,125.67820020192,818.1897236572299,779.914432021,260.75134972625,308.41732186612,918.27060765125,322.90676152962,1014.4052452025,774.6120433707299,340.92451971500003,827.18267079748,781.6259984405,729.0518789087299,740.22568291623,155.03446299206,139.62953879313,287.48560709398004,1996.375545576,406.75116537025,276.01542776061,1076.66763223723,860.4445050847299,420.02155590998,723.6288635062299,206.64343180437,2115.92437446375,968.78162633398,2157.1239125905,2070.90387071525,401.44446440524,856.3641170704799,657.42597771048,748.66397566075,201.31276455989,430.8459132945,479.41052460199,271.51592500686,540.41607072873,263.89950725662,707.7635531059799,951.95210348448,622.00332577073,397.80124817175,1261.4642189155,728.8171560134799,1642.66181259625,774.16714173473,845.39350137998,889.9520903545,1872.822135936,1753.33358003525,1715.07297139575,690.14076939675,610.30659457076,653.7438885072299,548.01675536525,734.476677646,726.2264241935001,874.9168570457299,264.85341116098,303.792010126,427.26177080198,405.17933286123,273.60359486524,168.15472408448,268.06240091225,682.2874974487299,863.09946802498,765.49194508275,745.15222288973,1490.443471327,1389.86230289975,781.34786035348,672.53360074075,618.67731943274,657.39118093448,694.21176228148,820.5635907845,1025.25741515298,931.12087061675,928.919819192,1846.71632077025,1481.52198185175,562.2136846305,944.573397424,392.034769949,333.56733173225,394.2015714042301,313.66852818712,421.43132864849,508.45414457348,434.163102378,533.54526089623,398.54619743623,529.9604535367399,872.252026734,922.78960902698,698.0516797187299,1450.16231953825,1683.968226535,1752.62024612725,1544.8125017705,1796.79319983175,519.98446019223,555.69931184473,227.7017136355,310.12479345073,1082.8390890092298,2064.9054657667502,1245.89569394598,1612.8277714305,1585.61840136875,1413.25598899325,589.49769999048,477.82540718099,500.80681361599,548.42321277748,568.5329904182399,540.17369254276,1097.55198611175,1200.55471810423,1191.93179739448,2123.7575326325,1784.27599172225,2218.11427241,2079.58582167,1165.94575148898,1008.40878514523,1027.8262374315,616.1383975267399,711.6558956145,663.48030604898,802.41722744325,519.0290215015,963.39022007425,1278.898957119,1479.01381781025,1415.47428346325,1039.11608247325,1386.5928040405,1174.7403259374798,1266.33025599473,1114.25545142648
35,986.41139425325,512.35382547351,505.17477834275,2167.5281486145,1686.99818687375,2231.25145343475,514.4065245720101,869.1235045272299,286.33871157073,1146.5994399685,1480.64212051575,294.68284796762,625.51096506573,50.0,1618.6618237495,780.09408901823,815.05529221225,399.82392883724,556.7357151767601,1178.83041976675,1470.22079678925,1486.1426519505,976.28048690473,245.58696445513,491.07769718349,2195.92371591525,1401.14142929175,1260.77426719823,623.93916362526,799.15813654825,907.55001922373,726.46635417773,735.9591942874799,1880.90166770625,574.53990193573,518.32602099323,233.75309046175,288.06348212398,516.5358076462601,1896.06653764675,857.5132619567501,758.3601594302501,838.3087038025,549.85131596049,1486.019931178,1985.59584612525,2438.8858352825,1675.84923770625,406.3283596870101,1109.10335377998,1005.1300402855,570.70673880125,1089.21249135623,364.09039877248,569.0723777285,673.71544838275,505.6130002405,569.11230081525,601.74763779175,541.7814154407399,473.17506661699,367.6804442895,610.70777032949,821.0495029065,465.09270139498,668.55962251025,719.3636176194799,453.92045081498,1877.131343821,641.8861849360001,784.9588025772299,609.69303420423,702.27529374848,478.031894978,188.1029825475,740.97039605973,2081.52247973425,1176.05405957423,2364.5436107577502,2278.3235688825,292.56783778524,554.71552620898,101.4119725228,727.6244343789799,502.64618983648,949.67726425348,949.74266355123,851.2499976195,582.50622612349,843.6336233652299,486.618620827,444.664893649,1005.991571177,940.30248463373,1382.969900425,1108.36516503198,1397.0284193,179.53833401013003,309.65072465999003,288.49240209786,1694.2944804985,1574.805769255,1536.54531595825,369.23740739049,391.41984877998,243.30665094562,181.29978409351,321.81907023525,268.58278048362,432.30058008776007,394.8660469105,717.81352688175,875.85403985648,733.34648457523,647.2922306964899,641.09288679401,716.65466996675,115.05967817486,260.21472130323,198.26414445001,125.43453577798,1694.5958454335,1672.30680163525,666.80992255248,574.5648313402501,592.71240014124,706.8846238264799,690.4659825507299,849.16389982975,451.99113114224,427.40608421673,361.691981277,2084.28385245825,1734.468911818,920.02155656473,1280.3999595477298,369.2536376010101,842.2864910372299,977.15949074875,520.18399484775,496.48176077049,374.98272171698,274.18003452823,1113.27935215,868.6987166705001,1043.335346906,1314.1956260885,1424.5206685095,1198.558172303,1703.1092495045,1936.9150011585,2077.08791025,1797.759276394,2121.2608639545,633.1433769055101,769.39423574098,807.43581110298,889.8588847045,1114.70672211523,2295.554497398,1570.3632772905,2031.235080047,1910.0860654915,1737.72349777325,842.44462995673,736.12836254223,831.66648393348,354.32108584999,376.35792758676,114.63072713243,589.0202509415,692.02290215575,683.399981446,2376.70446259875,2037.2229216885,2471.06120237625,2404.05348579275,1464.42091987525,1370.5794519995,1302.422820437,991.76730158775,1087.28484317148,892.05520128223,1178.046094222,870.64881498948,779.03659014075,1100.3713016815,1206.04243065525,947.3071191385,818.32611459173,927.14495370873,910.64413611823,853.6726485839799,705.33616729448
43,2139.28295309575,1525.65268232825,1296.91258318723,745.0736194582299,458.61750605076,617.48405099176,2089.1832074505,2509.632341173,1596.940247017,807.5133271352299,870.3286535817299,1878.5893908725,1367.00361723725,1618.749126375,50.0,2154.367200149,1629.87617221475,1294.53280682175,1177.6325718215,442.61324466749,220.52165367001,559.51379035324,648.4604827410101,1633.14986532825,2094.420432924,696.9133280467299,2374.6603073515003,2277.6493813475,2171.8659395655,1365.2717009175,2093.859956282,1427.59878510075,1760.13976728375,732.5450713279799,1306.35190461275,1502.19406296525,1837.09594426275,1708.1479469435,1406.35783883675,747.70986049025,1989.291916176,2398.8689215115,2185.28429096775,1118.69351301575,629.20353679775,837.2392497469799,849.94620591875,162.61208233706,2009.67117620575,1205.116743208,2081.98509044375,1474.825932613,2167.33754306025,1924.927822512,1581.30577594325,1657.56508534575,1318.65567178375,1635.840557101,1256.21231665898,2044.85102742725,1646.73738498525,1959.159772273,2038.480265907,2080.332709612,2010.46451163,1504.1822948225,1350.709560847,1593.29854692875,737.5871863074799,1729.220190981,1625.1632285225,1493.9476930815,2117.298691773,1676.87574259825,1791.4458363485,1555.791195284,799.6666541472299,521.06506164349,750.77609646798,664.55605459273,1578.863321885,2126.60294578425,1733.90765846225,2069.1935470377502,1334.39965949625,1250.599857666,1109.34716111925,1417.4159124955,1066.8209959075,1346.99640309375,1198.7467584015,2060.846515052,1066.8738124425,1746.94899301025,420.48893874876006,859.0339121365,876.6428703409799,1782.88116917,1912.9934604005,1914.3617193425,671.88900910648,717.9894556529799,744.9616919,1383.52059047375,1308.997546988,1452.91903197975,1473.79709757975,1470.5170354135,1561.02826541475,2006.89395852125,1386.40903356725,1069.52916684648,1072.70235320073,965.52874914898,1129.3197338295,1200.41149208873,1207.6383475042298,1668.745879777,1818.60301124625,1720.99556908225,1726.88616616225,256.36957813587,71.26085816317,2038.20204704175,1929.3877128645,1130.41125276923,986.76091544075,1004.22610082325,852.9345344005001,1677.492919344,1566.18999431175,1784.72275747125,530.4585196755,165.26426153523002,992.921653563,644.45346000073,1631.06299082475,1682.71507657075,1633.57395103575,1201.2527476445,1217.37523107423,1244.7338047405,1423.5034841825,1419.83071554425,1224.61140705473,1168.46494486573,902.641418231,951.62930124998,1173.75421016048,147.89340648424002,323.14761735664,652.701147191,183.99189259214003,539.99928613048,1840.51410613375,1901.79837443625,1506.5522038165,1320.9300449865,641.6089354095101,748.647664672,511.5932673695101,606.84839776623,485.69938321073,431.17640810198,808.47466263675,893.03323923623,943.0395431105,1743.931149406,1836.5586136905,1587.12988632625,2229.52901302275,2332.531664237,2323.90874352725,762.9370228735,423.45540739873,857.2938434292299,815.1139372072299,2515.093570892,2357.55660454825,2376.97398227,1965.2861796475,2060.803640453,2012.628125452,2151.56497228175,1868.17676634,2220.24448754075,663.5014326629799,889.9465787937299,1595.698747759,925.4777345375,1423.94419156425,892.90166392698,1087.44655497423,1327.89794403775
48,306.701890519,618.09024189823,1210.13353731925,2848.378334162,2391.95694585025,2770.784009166,468.05974791998,858.59468361773,968.86815224573,1614.44597685725,2185.60087949225,484.3995869255101,831.26934708625,774.55891615023,2152.7618881705,50.0,874.2105881260001,891.52586775475,1261.69451764923,1712.93048418775,2004.321016553,1955.23099878275,1510.38062589025,582.40932952975,667.70687159098,2679.601543142,739.6304094982299,557.9724795877399,210.95543585887,1467.34291700275,227.84045335238,899.7839691229799,483.36562558151,2585.86042668275,872.4705939832501,1180.31014023873,608.18795558174,538.17525155998,1217.75628683998,2601.02529662325,268.36353593998,791.28482538548,75.7418937708,1058.771445288,2190.9786901545,2690.554449759,2922.5635071665,2182.03452063775,607.75555593026,1403.8737529215,383.07013247151,707.11973197175,415.27330591751,413.86454601373,600.84253636573,580.4827314619899,1210.571759217,505.36002767898,1306.70639676825,234.99897659901,586.08066280099,545.9559411614899,173.11968964061998,173.881975156,331.72282920101003,673.7256264397299,947.77493693698,654.19507841775,2582.0901027975,453.32789278825,674.21565203775,1271.67715344973,103.89541842592,493.89235247074,600.97411167498,767.51730385725,2786.4813940535,1682.2392617275,2898.643519836,2812.4236333035,682.59088183948,323.95621986636,703.12990878075,129.51699917137,864.86990934673,1238.99133007948,1287.555897891,1079.661316937,1137.07397788125,1072.04494268273,1191.5773798035,737.7655197844799,1473.97014940325,898.5816908025,1944.09261292225,1580.81271805475,2101.9871782765,693.9716023899799,677.46635442425,784.73666244473,2399.253239475,2279.76468357425,2241.50407493475,1074.19620364925,1065.28768840048,948.26542856325,901.77794866198,1026.77782921175,986.486735487,451.53842508648,800.265575013,1107.10378190198,1250.077906026,1208.4910984235,1041.94309061598,971.46648964675,1090.87854234998,837.305500323,860.8563932795,848.8918201099799,790.91417758398,2213.7732192612502,2176.909297287,113.41508933545,230.90831732213,1230.20467811123,1260.87562523575,1289.09922811225,1424.04796052125,1075.71483437325,1090.715507027,963.75131740348,2633.7633151575,2268.56913158175,1385.02990063275,1748.246571001,568.95144650448,755.285149694,1124.72578268375,986.008279817,988.18378046623,1064.48541766125,899.101467644,1341.6906714675,1206.6916080075,1338.10582682575,1680.3975180835,1730.93501959825,1506.19709029,2237.2093139255,2471.01522092225,2560.76573747675,2331.85949615775,2604.93869118125,311.71885861413,324.01800278489003,992.30168064775,1118.270204022,1713.98370803275,2851.952460154,2054.04110451725,2420.97310743725,2393.76389271825,2221.401325,1376.54476894225,1270.22850152775,1323.62291155775,472.01314012925,404.70848898598,748.284162637,588.24093364701,739.74543769775,683.78531224423,2910.8046823625,2571.3229861095,3005.16142214,2887.7313130195,770.8977982182299,677.0563303424799,624.41121296025,556.37446871849,497.16678501573,318.48537753799,589.04716251951,412.4726314777601,165.51542590714,1805.330060658,1911.00118963175,1609.291238384,1523.28494813275,1589.128992176,1615.6028143165,1558.631482125,1406.55667755675
76,779.18696192275,355.59660517024,1134.73335410248,2325.368499349,1981.44291304675,2157.1717581575,1092.3633083544798,1512.8125166415,1034.51358747625,1063.92245553525,1972.869702017,881.76964711923,282.06761858287,816.1357010385,1629.75189801475,879.57962502973,50.0,575.47079025825,1089.28332765023,1189.92057481023,1481.31102639725,1410.501606693,987.37056116998,638.70173933923,1147.31130122723,2065.988981448,1014.56439695673,917.55347095273,932.47359528375,1424.97846359375,733.76412045175,348.06186042424,400.04381339301005,2255.370434828,374.08868069476006,1212.97227073275,904.43617379998,709.78331954148,1142.3560974095,2270.5353047685,627.06295098501,1402.04909698,843.87968628123,721.3259072374799,1911.1417748205,2360.064613247,2308.95110081525,1719.49899702875,1059.129354984,783.52095008323,721.8892546135,273.86557730626,807.24163266548,915.07155983598,306.74845606174,294.39932880774,1135.17157600023,360.02511628724,1231.30621355148,832.99365161125,476.08164752998,962.33987317698,790.089382146,718.10378791698,875.3828045175001,233.75800550636,398.57322707473,430.98754860024,2260.4125498075,426.2701372505,201.22587203925,1293.5685943725,868.9078887902299,549.53503812149,858.78606588573,92.33530185401,2379.96137869525,1232.81863056548,2351.656842246,2265.43680037075,597.09077283225,991.52123867175,807.975546381,767.4626232092501,423.91199702324,689.78962021723,738.3541880287501,497.52698135701,787.036586423,522.84318932451,940.32252384848,1087.10922508575,880.94702647975,120.77420978201,1525.501223147,987.7608567225,1889.2558454585,909.324263336,980.55062298125,1025.109292734,2119.416324141,1999.9276128975,1961.66715960075,922.69974013925,842.8656088092299,870.6448506425,764.91772371423,951.37764599498,943.12739254248,1010.07405942523,456.48558214976,567.82905163976,710.8031446952299,669.21633709273,537.6406363790001,432.19176559824,551.60381208776,873.9197119334799,1076.20906043923,957.1241595675,936.78435659625,1754.4804755585,1653.89930713125,780.2080298185,680.99690988173,865.29787862298,903.98536913948,940.80586970825,1067.1577789895,1242.15830272373,1148.02183896573,1120.55203367675,2110.75332500175,1745.559141426,857.630545733,1203.5170235685,527.19193504624,124.25142053914,346.91826438100003,578.04827444851,657.0088016485,741.0131153159799,666.7220731205,673.93323891825,657.48989814525,788.9041169635,1091.35777473373,1074.211271896,910.33942820725,1714.19932376975,1948.0052307665,1947.15317578275,1808.849506002,1991.32612948725,565.72641295399,544.75122085298,450.559840326,569.06845687749,1357.09337115825,2328.94246999825,1462.896230784,1764.249359735,1780.151486367,1630.25645126675,853.5347787865,741.86244869475,784.3482247915,683.58033437875,703.6901555154799,731.80586974525,1232.70918849125,1335.7118397055,1327.08891899575,2394.73043530875,2048.31299595375,2482.15143198425,2274.11890666825,1154.9976604972298,997.46069415348,1016.87814643975,605.19030653499,700.70780462275,652.5322150572299,791.4691364515,508.08093050975,971.85360377975,1525.493145324,1725.60800601525,1632.375171034,1285.71019611373,1603.493846954,1421.33443336425,1483.23121813,1331.15641356175
82,931.49128851098,294.18811859113003,558.83676936648,1989.82303303825,1567.85495790625,1906.796216732,813.319336981,1233.7684707035,551.29436932976,822.14412870123,1447.34067382725,602.72563846349,325.24604936074,399.02651721923,1294.20658704675,892.4915590669799,574.49154684451,50.0,555.974187734,854.375183064,1145.7655600865,1161.68741524775,651.82516942375,357.28599485875003,850.7080875429799,1871.4684792125,1240.95408572573,1143.94315972173,896.00214987423,941.759208165,871.2152692205,416.920057128,579.41762078976,1780.494483159,251.7599560135,729.753015304,593.38344353898,432.28415725223,659.13684198075,1795.6593530995,756.93287024325,1123.00513182023,923.4085691075,185.89070916249,1385.61274663075,1885.188661578,2114.43059857975,1309.15366645175,765.95867548198,740.42894579775,930.45686113873,339.0489113515,1015.80931375523,649.0640328207301,356.63382871199,500.11487972523,651.95232057148,403.4815484505101,707.43344976223,768.98715695775,366.69037037923,683.2959018035,762.6163954375,860.75596729848,734.60079650325,448.79771294823,409.8173578520101,305.84876677713004,1776.7243146165,496.86114504825,569.77864664823,810.34933894375,841.43490208173,401.01195290698,547.73333562473,500.40665069199,1981.11545052975,809.35848831973,2040.08821871225,1953.868176837,302.99947005663,850.7392306575,449.46494734174,807.3178251775,179.86622527312,581.00285627125,581.06829285126,541.70374406574,264.19322311461,534.0873263155,384.66185506624,776.05649482475,681.53633447425,691.5644857005,1071.21183951448,783.909847551,1363.7269726115,552.81615040473,669.49797349848,668.6010990245001,1593.88729595125,1474.3987400505,1436.138131411,367.03907135701,287.20490274473,387.42555793149,281.69842478951,468.1583470702601,459.90809361776,731.03008805175,118.03122963961,343.34603978426003,504.39103688674,408.89120437651,272.82472495787,272.41848502549,347.98026819823,437.31543552149,618.1274060977399,520.51992665148,507.16347622825,1340.892520418,1318.3538408205,762.3382573504799,653.52399773775,338.22792491775,387.99488911024,415.27692229673,550.01162967849,758.9390472949799,664.8025835369799,683.9477199825,1775.20801403375,1410.01367511525,595.56631986198,955.94464206675,355.19912035525,627.330569261,692.92606490425,151.50961172036,103.12597471662,185.35244653374,167.84477180226,719.88479254573,500.02435218424,674.66094513748,989.74038938575,1067.49013790998,842.75220860173,1378.65401280175,1612.45976445575,1752.63267354725,1473.30403969125,1796.80562725175,556.12343483449,669.4394092817299,497.88951405325,580.31263115074,841.10293462498,1993.39715903025,1245.90804058775,1706.77984334425,1585.63082878875,1413.2682610705,517.98934975801,411.67312583948,507.2111664525,468.06731621876,560.694743221,302.68709442751,953.66522333148,1056.66787454573,1048.04495383598,2052.249225896,1712.767529643,2146.6059656735,2079.59824909,1363.56526080875,1223.85038292248,1225.44575296498,831.58003258625,927.09749339175,804.83653543175,1017.8588252205,694.10853391725,944.38061707125,999.96419791248,1200.07905860373,1149.15591560525,760.1813232667299,1120.27451696073,895.8054859527299,974.75564247073,847.937158133
108,1466.50841574975,830.55531724273,148.89978516955,1611.85019950475,1131.32031854223,1789.06381062,1055.32198495973,1410.0389959835,485.05428205224,757.039280027,924.96425218423,835.5982835005,842.52082246875,556.32188209076,1176.47410637023,1260.1910297365,1087.12910895775,550.861547146,50.0,757.0277100989799,1028.0331539745,1062.1094503,552.247204476,676.97143242275,1031.9931513575,1821.068766717,1777.32129680475,1740.8712079165,1164.85462401298,487.7717300602501,1387.646959942,903.11591576773,1152.89680514623,1325.2237185965,731.7510337545,426.12951477949,774.6685073535,752.55872908875,330.29329065098995,1340.388588537,1274.4508728155,1299.275576322,1318.405725299,397.12958340301,930.34198206825,1429.9178970155,2064.03088608425,1121.18777698798,947.24382007473,928.26155739573,1485.227061782,851.68643618248,1569.3094320745,905.00589022875,893.00100250875,1036.48201623973,231.47634983549,939.84872846098,216.60115684148,1078.597529785,890.112714758,908.59586118125,1115.41391687775,1301.14644983848,1006.00811828673,961.4352315655,826.2267660785,846.18194040075,1321.45339471125,1058.82379579475,1082.41624604373,445.15119723473,1206.981477579,894.96950583675,729.0183994392501,1013.04421280523,1525.8445306245,659.0339305157299,1922.35581260025,1836.135770725,719.8687922424799,1095.6309431007298,642.3274391242301,1207.72137509725,677.9857460157299,819.0027876107299,712.910132978,968.627911576,313.38203887386,842.42994696,110.40764748174,948.96043202675,734.9921856687299,1204.20201053148,827.29195131525,772.17518165148,841.35047019025,720.4538130389799,850.566178834,802.4756363172501,1138.61653138875,1019.12790092348,980.8673668485,227.79659077349,273.17049927824,316.11556174964,397.08162598923,358.63107044874,424.22473926125,973.21604047548,654.3984220775,545.04632858201,620.02923010373,479.07545029024,595.78302299823,675.92869732023,683.15555273573,531.94231634124,706.71700899923,609.10956683523,634.18258262075,1138.91782175923,1136.17757564923,1146.90694404898,1054.66177827223,275.18847616526,283.5623451645,173.44585349223,332.14373348899,604.41840841024,454.91479975773,673.4475629172299,1528.6059033485,1282.59821480298,598.76098079799,890.8397996062299,800.6380869275,1139.96809409198,1129.67469201325,544.83883416398,475.24435010748,379.00846636549,525.42327705926,989.643300167,738.02424002775,849.65626178273,978.005642708,1088.330685129,927.55886135925,1260.92160668975,1494.72735834375,1702.23296105175,1355.57163357925,1746.40591475625,1050.08103126023,1186.33184659973,934.63814116225,872.1419695024799,578.68615527598,1739.87654828825,1195.50832809225,1656.38013084875,1535.23111629325,1362.868548575,444.28589462126007,446.36841952776007,519.32161267798,790.14538631423,856.454911801,516.25021310724,1129.93566783325,1232.93839982573,1224.31539833775,1934.516819784,1595.035123531,1915.86186427925,2029.1985365945,1944.51794137175,1850.676473496,1782.5198419335,1367.94716910075,1463.46462990625,1372.1521420005,1554.225961735,1287.58642584823,1307.02764557525,544.69335257175,677.7026307470001,724.9864783630001,262.64818412311,641.86855664073,373.42902081374,425.37295830473,381.43597023748
122,1699.1355819595,1085.505311192,877.2177938587299,1137.73131383473,827.86734086125,1054.70449752848,1649.03583631425,2069.48497003675,1177.2454576885,432.27887559873,966.66950552675,1438.442175079,926.85632687923,1178.6019105815,442.114787065,1714.2199843555,1189.7288010785,854.3855164637299,757.93770792848,50.0,293.67381602814004,326.41760709898,208.31319238299,1193.002494192,1654.2732171305,1085.37684273775,1934.51293621525,1837.50201021125,1731.71856842925,1035.84122739598,1653.7127404885,987.4514139645,1319.9923961475,1101.79494342073,866.2046142547299,1082.49927363675,1396.9485731265,1268.00065658548,986.66297494373,1116.959732583,1549.14454503975,1958.72155037525,1745.1369198315,678.5461418795,814.1434302697501,1206.4890410615,1328.338962105,531.8619233612601,1569.5238050695,902.40537802923,1641.83787465025,1034.6787168195,1727.190171924,1484.78045137575,1141.15848558523,1217.4177949877298,898.9608078907299,1195.69326674298,836.51744655225,1604.703656291,1206.59016919175,1519.01240113675,1598.33289477075,1640.18533847575,1570.3172958365,1064.03492368625,910.56227048898,1153.15125657073,1106.83705840023,1289.07281984475,1185.0159381644798,1109.113680966,1677.1514759795,1236.72845224023,1351.29846521225,1115.64390492598,1192.32434852373,105.48907969817,1187.99649950873,1101.77645763348,1138.71595074875,1686.45572999075,1293.76044266875,1629.04633124425,894.2523691382299,881.03378851248,740.12851291925,1012.6113471255,626.67370554948,926.76545137048,779.0518945084799,1641.15157038075,722.9440318860001,1306.80177721675,398.17170334824,515.1041315800001,883.05572974648,1342.73379803375,1472.846244607,1494.66677467125,1041.138800421,902.92934912498,899.40951231725,971.141357271,896.618469128,1040.5398795552298,1033.64988178625,1050.822246085,1148.64911299023,1566.746587385,946.261662431,629.38187027475,651.595106811,525.38145257725,689.1724434714799,760.264195517,767.4910509325,1256.36664657425,1398.90822191775,1301.30070518923,1286.738795026,625.61939430523,466.26212161698,1598.0546759055,1489.240497071,710.7163826625,546.61358158676,584.53123693023,433.239745072,1257.7981300155,1146.49520498325,1365.02796814275,923.116214052,557.9219124157601,582.33158359023,348.24097061499,1190.9156196885,1242.56778621273,1214.01019642373,761.1054572864799,777.2279345025,804.58643360425,983.35619382448,1033.1868858267298,822.35974443823,824.535083531,606.428891563,745.09723155623,890.01500416825,526.56225010226,760.36804525223,966.5410370725,621.21232048773,1010.713990777,1400.3667349975,1461.65115864275,1018.97364557273,916.12540505198,213.41789184961,1141.30528448398,459.81644139526,920.68828764773,799.5392730922299,627.17670537398,368.3273287827601,452.8859426645,502.89220925651006,1303.78377826975,1396.41124255425,1146.98259596823,1789.3816418865,1892.3844484435,1883.761372391,1200.15742591425,860.67581043948,1294.51424646998,1293.50661261525,2074.94619975575,1917.409233412,1936.8267664765,1525.138963854,1620.6564246595,1572.48075431575,1711.41775648825,1428.0295505465,1780.0971164045,521.7849199469899,767.5633660894799,1308.73082348625,505.78290792674,1147.38562962625,627.63745197048,757.64744689325,1003.07462579573
123,1990.79858550825,1377.16831474075,1148.42837094248,915.50985629825,605.64584604251,818.99968075573,1940.698839863,2361.1479735855,1448.45603477225,615.2718148890101,1017.35699357348,1730.10517862775,1218.5194049925,1470.26491413025,219.89331088739,2005.88298790425,1481.39180462725,1146.048594577,1029.14828501223,294.12899514048,50.0,367.27228432073,499.976233214,1484.66549774075,1945.93622067925,819.66089406425,2226.17609510675,2129.16516910275,2023.38172732075,1307.0517237015,1945.37574403725,1235.872122224,1611.65539969625,879.57341131973,1157.867692368,1353.7098507205,1688.61157667525,1559.66373469875,1257.87355202748,894.738200482,1840.8075485885,2250.38470926675,2036.800078723,970.20922620648,776.2318767895,984.26758973873,1062.62293886698,309.64040990139,1861.18680861825,1038.9580988965,1933.500878199,1326.34172036825,2018.8533308155,1776.44361026725,1432.8215636985,1509.080873101,1170.17138497448,1487.35634485625,1107.728023636,1896.36665983975,1498.2531727405,1810.6754046855,1889.99605366225,1931.84849736725,1861.98029938525,1355.69808257775,1174.40773710973,1444.814334684,884.6155262992299,1580.73597873625,1476.67901627775,1380.32425804975,1968.81447952825,1528.3915303535,1642.961468761,1407.30698303925,970.10281642273,372.58081211648,952.2917573005,866.07171542525,1430.3789542975,1978.1187335395,1585.4234462175,1920.709334793,1185.9154472515,1058.35831435123,917.10561780448,1225.17444374525,918.33678366275,1154.7549343435,1050.26247159223,1912.3621474645,874.6323436922501,1598.4647807655,446.33704029226,666.79236882173,1023.67121033273,1634.3968015825,1764.50924815575,1765.877351755,818.9173490982299,865.01779564473,891.99003189175,1235.03630366448,1160.51333474325,1304.434819735,1325.312885335,1322.03282316875,1412.54405317,1858.40959093375,1237.9247467579798,921.0448738235,880.46080367225,817.04453690423,980.83544702023,1051.92727984398,1005.42371886123,1520.2615121895,1670.1187990015,1572.5113568375,1578.4019539175,403.39789948649,244.04064543937,1889.717834797,1780.90350061975,981.92695974625,838.27662863148,855.7418140139799,704.45032215575,1529.00870709925,1417.705782067,1636.2385452265,700.894681951,335.70042381073,800.68011024823,452.2119477545101,1482.57862323725,1534.230864326,1419.61882803325,1052.76846083523,1068.89093805125,1096.24951793123,1275.01919737323,1210.51141166548,1032.36985752625,976.22339533725,710.3998749162299,785.470731503,1007.59556584898,248.80992262648,524.6632657617399,700.8250138344799,385.50754099724,744.9980421035,1692.02973854625,1753.3141621915,1314.31073506625,1128.68850167173,482.040359299,919.0838269475,345.43466655398004,654.972258196,533.8232436405,479.30026853175,659.99037582748,744.54902699148,752.66444293698,1595.44693716125,1688.074246103,1438.6456740815,2081.044800778,2184.04745199225,2175.4245312825,964.45268991973,624.97103094899,1058.80942969723,1027.79066394175,2366.6092033045,2209.0723923035,2228.48977002525,1816.80196740275,1912.31942820825,1864.14391320725,2003.080760037,1719.69255409525,2071.760275296,710.35389346223,956.13229610875,1579.94140057,776.99352229275,1418.59620671,896.2599380610001,1028.858023977,1274.28520287948
124,1917.14701485,1340.946579695,1201.6429686325,1273.34219160875,943.90472766348,852.8362832179799,1956.64741397725,2377.09654769975,1501.6707132405,371.41492128176,1284.152027553,1746.053752742,1150.90810726073,1486.2134882445,558.15217386723,1960.8495907075,1407.740233969,1161.99709412673,1063.99026575248,326.47989954173,367.02843348549,50.0,515.92480732825,1500.614071855,1961.8847947935,761.653581073,2152.52436910575,2055.51344310175,2007.63867166475,1360.26640216975,1871.724173379,1070.64537906975,1538.003829038,1217.83232400925,1089.04580858548,1406.924373846,1704.5601507895,1575.612308813,1311.0881497175,1232.99711938523,1765.02296663,2266.33312803825,1981.839813773,986.15780032073,1114.4907149145,1322.52650242825,1004.61570044025,647.89931016349,1877.1353827325,751.64881203748,1859.84930754075,1252.69014971,1945.20176015725,1792.3921843815,1387.76331166175,1435.42930244275,1223.38606344273,1449.91874210625,1160.94262753973,1880.6237595265,1446.93616130625,1826.62397879975,1887.63764003175,1856.063760066,1846.237399072,1282.0464373549798,1018.24570944623,1393.49732324975,1222.87443898875,1533.76312730575,1403.02729027675,1433.538936518,1966.4562212405,1526.03327206575,1658.91004287525,1333.655412381,1327.93522629775,429.91428554049,1047.32136730648,961.10132543123,1446.32752841175,1962.37583322625,1601.37202033175,1875.67593759625,1201.86394680123,814.5014207439799,673.24872419723,981.317550138,934.28528321248,910.89804073625,1085.10445233248,2003.13311054375,630.77541280274,1403.15746750125,620.42659685823,422.93551249674,1200.53825177273,1650.34537569675,1780.45782227,1766.13040509475,1157.17618722323,1203.27663376973,1230.24887001675,1278.752934934,1204.230046791,1348.15153178275,1341.26145944925,1375.247501637,1456.260609875,1874.358165048,1253.87332087223,869.6176498149799,743.31148586675,786.59968804548,929.40814223348,983.10538984775,867.0918512645001,1563.97822423725,1760.88976208075,1663.28231991675,1594.350372689,741.65677489375,582.2995022055001,1887.3594211665,1778.545242332,1040.36534886875,854.2252027457299,890.58379475423,757.66492605948,1582.2233855675,1470.92046053525,1689.453068352,1058.7270172615,673.9593365002501,569.98400976373,208.35505414726,1498.5271973515,1460.57929366775,1175.76201520423,1063.23242303975,1084.8395121655,1112.19809204548,1290.96777148748,966.3627035955,788.512963919,732.36650173,466.54298130898,498.16136386575,720.28627277625,499.22666716299,775.08001029825,642.81777540775,635.92428553375,686.99072911225,1646.9963413495,1682.711193002,1070.453841459,884.83152728625,537.84308526451,1378.439484464,136.09317973051,596.96502598298,475.8159679315101,303.45344370923,675.9389499417299,760.4976011057299,660.603743569,1611.3955112755,1674.54466929175,1454.594092853,2096.99337489225,2199.9960261065,2191.37310539675,1090.39503493375,875.3877754855,1244.5281309395,969.7833509505,2292.95763264625,2135.4206663025,2154.838199367,1743.1503967445,1838.66785755,1790.49218720625,1929.42918937875,1646.040983437,2069.4018616655,839.2674792555,1085.04588811573,1633.15607903825,830.20812619648,1471.81088517825,952.06262674425,1082.07270244525,1327.4998005695
137,1496.71108526125,883.0807399292299,698.3032541955,1343.3938493785,999.46826307625,1260.36703307225,1446.611339616,1867.0604733385,1037.61073666123,260.55851345011,1151.33949407748,1236.01760381623,724.43174940275,976.17733931873,647.7773661047399,1511.7953323145,987.30430438025,651.96093898725,553.954110613,207.94596212199,499.33637642675,515.2582315880001,50.0,990.57792292923,1451.8485650895,1274.21747344048,1732.088439517,1635.077513513,1529.294071731,1008.99885147425,1451.2880884475,785.02691726625,1117.56782488473,1273.39586563573,663.7801175564799,979.0312155435,1194.52400186373,1065.576079109,883.194991415,1288.560654798,1346.7200483415,1756.297053677,1542.71242313325,476.12160789899,959.4984181585,1378.0899632765,1517.1795120295,737.52442783648,1367.09930837125,699.98088133098,1439.41322260925,832.2541455567299,1524.76567522575,1282.3559546775,938.73398888698,1014.99329828948,780.87981264773,993.2686892665,809.6750768442299,1402.27915959275,1004.16559792898,1316.5879044385,1395.9083980725,1437.7608417775,1367.8926437955,861.610426988,708.1376930125,950.72667909425,1278.43798061523,1086.6483231465,982.591360688,1021.99863494348,1474.7268239385,1034.30387476375,1148.87389394948,913.21940822773,1397.9868840675,250.8440551595,1393.6590350525,1307.43899317725,936.2914540505,1484.0312332925,1091.33587140598,1426.62167920325,691.82779166175,678.609211036,537.70397893874,810.18677586273,424.24916535526006,724.340873894,575.068297193,1493.0970361825,520.51949790549,1104.37720595398,543.52669123699,312.67956031723,1067.72579286173,1140.30922677098,1270.42167334423,1256.09425616898,1167.77289291448,1048.28433701373,1044.764500206,768.71678600823,694.1938978652299,838.11538285698,831.22531052348,893.6159298914799,946.22453551375,1364.32209068675,743.83716573275,426.95729901198,449.17053554823,322.95689995561,486.747865995,557.83966153649,565.06651695199,1053.94207531148,1250.85361315498,1153.24609021275,1084.31429832775,772.50590636623,671.92465716075,1395.63017920725,1286.8159258082298,530.32919994298,344.18901032399,380.54763961475,260.47849329273,1132.08196404548,982.57839267523,1265.43617769025,1128.77875580948,763.5844914555,379.90704339601007,394.35904545676,988.49104842573,1040.14328951448,1011.58561894725,558.68087981,574.8033632397301,602.1618996237399,780.931616348,830.76230835025,619.93520424401,622.11054955049,485.46062140398,595.78562032901,687.5904329054799,732.22475457748,966.030580796,1155.38166777523,826.8748560315,1199.55462147973,1197.94223829925,1259.22658737998,816.54906809625,713.7008275755,364.90148055249,1346.96782002775,648.65707209799,1109.52891213675,988.37989758125,816.017329863,165.90277616112,250.46140868399,300.467675276,1101.3592815715,1193.98667129148,944.55801849175,1586.95714518825,1689.9597964025,1681.33687569275,1405.82004223625,1066.33834598325,1500.17678201375,1482.3473178825,1872.5217030575,1714.98473671375,1734.4021144355,1322.714311813,1418.2317726185,1370.0562576175,1508.99310444725,1225.60497928373,1577.67261970625,667.139945118,904.07787264025,1281.88852834275,437.89451601123,1120.54333448275,599.80433727151,730.80515174975,976.232249874
143,789.2486671830001,287.23785404886,627.50296243124,2289.8563699852502,1809.3264082445,2247.25610628175,458.13773307424,878.586904079,474.46188867573,1162.60401825098,1602.9703418865,247.54405319786,501.68776235124,245.38160133963,1634.6664765965,582.93136194798,637.80447961523,359.10505846125,679.06389926525,1194.83507261375,1486.22544963625,1502.1473047975,992.28513975173,50.0,523.74872571023,2211.92836876225,1157.00289927875,1063.61154012798,528.35284869925,917.74803464025,710.38729215348,570.20242167023,491.82066427448,2003.22973373425,478.57373049,705.74184177925,266.42411898849,77.10254091805,635.1257057382601,2018.39460367475,613.37476922601,767.8234844175,641.14601401451,526.3506359945,1608.34815254875,2107.92391215325,2454.8904881295,1649.61371134425,438.99938821375,1062.25897080373,807.96731321525,377.53810995448,892.0497642859799,293.88242270026,344.11972745748994,429.57691836975,627.9411470467301,324.97378944338004,724.0757845979799,401.33786199648,229.03655524512,328.11429789674,438.15424908923,623.88673855399,366.95150154198,443.60697223924,606.16007404098,241.98577154237,1999.45956519175,397.747654923,560.00614609251,786.33824619723,529.72180979048,233.89340224726,220.77401107424,548.72616842224,2203.850701105,1149.81837786948,2380.54826360475,2294.3282217295,102.24600774755,483.08993569623,169.96349156951,530.4616638127601,412.29511821048,897.3764671834799,925.00464129923,738.0464540410001,604.65313130549,730.43007978673,608.94676763323,449.09721377023,1021.996224024,715.34987164498,1411.67180362875,1124.36981787898,1519.356485328,271.31225202048,342.53861166573,387.09720064025,1816.6225465265,1697.13399062575,1658.87338198625,491.5655479830101,482.6570700165,365.63477289701007,319.147330278,444.14721704148,409.00169656773,375.84848414499,299.67571929537,693.07550462975,851.11593682625,749.35113742223,622.55417116223,577.56970693173,691.91657315023,334.09697594523,438.19704291,426.23246974048,338.73278885525,1681.35240996775,1658.81373037025,469.64723276449,377.40210427,599.15589935075,728.45481594225,696.9095190425,855.6074425352299,658.543277333,615.52926132173,562.04700185975,2115.6679035835,1750.473564665,936.02620941173,1296.40461239473,125.11512001543,617.3338345525101,841.0421148315,495.44593531349,455.76292767676006,433.43664511448,268.05267024239004,1000.0758085715,843.9606944185,996.49096392975,1330.2002789355,1389.32015670225,1164.582227394,1719.1139023515,1952.9196540055,2093.092563097,1813.763929241,2137.2655168015,389.00489038848,525.2557057279801,662.720133195,776.655341126,1121.15018404248,2333.85704858,1586.3679301375,2047.239732894,1926.0907183385,1753.72815062025,858.44928280373,752.13301538923,847.67105600225,112.88573095313,179.19520051651,165.65358774899,598.48361321101,701.4863079212299,692.86330643325,2392.70911544575,2053.2275745355,2487.06585522325,2420.0581386397503,1267.25827358323,1173.41680570748,1105.26009336675,747.62877157475,843.14631315848,694.8924742119799,933.90764498723,626.51032225874,629.7679777867301,1222.69944848773,1328.370652026,1125.1447420805,940.65425518425,1096.2634180005,1032.97227671075,976.0007891765,823.92606538648
147,986.56728380973,795.86859847425,955.2035018065,2625.324164921,2144.7940478375,2706.692697371,176.8723230935,410.22692211924,609.7530337879899,1622.04068390475,1865.2939155855,282.04887803351,1010.3184881355,490.87668366499,2094.10306768575,668.6821879400001,1146.43524268175,850.7223790759799,1032.17700260898,1654.271663703,1945.6620407255,1961.58389588675,1451.7218054055,523.39430811925,50.0,2671.3649598515,1418.7934920025,1237.13560558798,458.33055070925,954.79246489,875.01604028475,1078.83311017223,956.54574394473,2338.69752867,1000.92468213573,764.45495766198,258.50913247275,462.56678478401005,831.49366201725,2353.8623986105,887.68012807123,299.46352109887,721.35666510198,1026.67351966198,1943.81579214175,2443.391707089,2914.3272345615,2134.66150628325,104.60744745482,1582.92289397075,1050.87685216848,886.168873021,1094.43643191775,318.66025619223,852.75045324175,872.645975948,895.55235183475,768.0428283805,949.03787349448,514.08143569223,700.5492804532299,193.97060754163,572.30700524723,821.0575807295,419.66255881473,952.2376980235,1126.82407798623,731.80928728575,2320.6414194665,825.19707976698,962.29653254973,758.8943831475,585.89250544848,631.78386065348,353.14389849049,1057.3568942065,2539.3184960407502,1686.7852119635,2839.984854694,2753.764657476,624.59696560699,376.7363425257601,412.95551752299,738.0197350880001,934.6460636425,1418.04054569325,1400.641070294,1258.71045798625,1057.947507342,1251.09408373198,962.05986476325,142.52264216913,1481.43281511325,1223.98056014698,1840.76576138875,1583.80648353275,1781.68021436975,420.60214633125,192.00447163714003,341.191709245,2109.47392211275,2001.66589827,1958.84364977675,844.678688609,866.8610927162299,718.747913523,656.7410715257299,767.1597048467501,706.8940997342299,247.70813242412,822.0266895822299,1168.71201440275,1326.75244659925,1208.78772851148,1098.19068093523,1099.92065236375,1167.55308292323,565.37851975851,389.246678272,483.43778539574,463.222759935,2152.39170639725,2149.65146028725,702.18115604198,653.5250105724799,1068.15368135975,1182.32586776273,1165.9073010515,1324.605143766,575.33078915824,674.8602498857299,463.36726597476,2542.079713422,2293.00081793075,1395.4628750655,1755.84112270575,605.76946158925,1043.36603020598,1349.6728033335,971.08248236875,947.38021100923,850.42396565323,741.3422058250001,1520.73981251675,1319.5972041915,1517.154967875,1789.63687002475,1909.9841606475,1685.24623133925,2178.55049344075,2412.3564004375003,2552.5291541862503,2273.200675673,2596.70210789075,768.23491279773,862.03870694975,1171.350821697,1297.31934507125,1595.07566798875,2753.350203019,2045.80452122675,2506.67632398325,2385.52730942775,2213.16489705225,1317.8859484575,1211.569681043,1307.1076470915,463.85442083876006,477.31106733574,573.68940037948,130.06363166749,233.12631974776,224.50338039688003,2852.145706535,2512.6641656247502,2929.3358296955003,2879.494729729,1450.0608807225,1356.21941284675,1303.57437624275,1175.691098132,1164.76258032675,937.8020069515,1256.85380143825,959.88468101323,613.42797722474,1558.16716264525,1574.8296920385,1094.855080629,1284.68353587898,1074.692834421,1324.92561585925,1200.962878073,933.05519853975
158,2635.6808660635,2059.4804309085,1960.53812849375,815.37094868025,1004.92009766573,153.34167440418,2666.626695291,3087.076139699,2257.6263222435,1079.997478648,1465.533329308,2456.0331893985,1869.441877696,2196.192924901,686.79538871098,2679.383441921,2066.81183199475,1871.97660534775,1807.49911147625,1085.37505940298,819.01832188573,759.949781791,1274.8199671895,2210.5935085115,2671.8642314500003,50.0,2871.0580649765,2774.0471389725,2747.1728432225,2046.985592155,2590.25786924975,1789.1790749405,2256.5376802515,1170.11810241123,1797.62832245575,2165.81968905,2414.539587446,2285.5917454695,2069.9834649215,1076.49123743775,2483.5568178435,2976.3127200375,2700.3736649865,1696.137156199,1310.37994212025,980.03643847875,279.08455311349,844.3260605665,2587.114819389,1323.83169221375,2578.3830034115,1971.22384558075,2663.735456028,2502.37146569525,2106.2970075325,2153.9629983135,1982.28114252575,2168.452437977,1919.8378619655,2620.1577757415,2186.47017752125,2536.60341545625,2627.1718115895,2574.5976112795,2585.771415287,2000.58020779025,1736.7794798815,2133.03133946475,1208.4239903555,2252.2968231765,2121.56114149025,2192.43409637925,2705.9902374555,2265.56728828075,2368.88947953175,2052.18910825175,897.5620209915,1188.809482684,343.98648066025,261.60678496824,2156.30696506825,2701.9096940985,2311.35145698825,2594.209633467,1898.69245149275,1452.45890675425,1381.8312380675,1659.20270861625,1654.5466203705,1619.48063538475,1828.61329805625,2713.112702543,1352.88358263325,1981.90676649825,1102.20287348223,1131.51806986298,1558.356836143,2360.32481235325,2490.4372589265,2476.10984175125,1218.19155722548,1291.2670361885,1340.16629306175,1988.7323715905,1914.2094834475,2058.13096843925,2051.24089610575,2113.63151547375,2166.2400465315,2584.3376017045,1963.8526767505,1578.20016368525,1451.89408051525,1495.18220191575,1637.99065610375,1691.68798449625,1575.674445913,2273.95766089375,2470.86919873725,2373.26175657325,2304.3298093455,938.08356879273,752.9748177514799,2626.8934373815,2518.079258547,1760.62661146225,1572.348868321,1649.47902918,1516.56016048525,2341.11854542875,2229.8156203965,2485.451688708,728.294036196,687.43322604248,1278.566523634,916.9376115135,2237.58042775525,2092.55958212175,1729.755191412,1771.81501768825,1794.818948822,1822.17744792375,2000.94712736575,1461.02637010225,1517.06347099525,1355.33147368775,1056.7243385285,992.82495580798,1243.10309732923,626.5448083492399,367.74242604675,125.88265611576,504.01196329448,224.51332233288,2365.530192563,2401.2450442155,1748.33915528,1562.71684110725,1296.73828862173,678.9449874969799,630.30829715349,338.53639833699,287.99981023761,460.96395828951006,1393.97049726625,1478.621266681,1369.1863382175,2393.96894514825,2414.07868550675,2164.5735295095,2806.972656206,2909.975462763,2901.3523867105,390.90041990624,264.79091987951,545.0335904765101,244.25222226487,3011.491328517,2853.954517516,2873.3720505805,2461.68409261525,2557.20155342075,2509.02603841975,2647.9628852495,2364.57467930775,2808.9358778805,1345.215398465,1571.66054459575,2277.4126389965,1589.10336062225,2105.65808280175,1574.615629729,1769.16052077625,2009.611990618
163,440.71216009299,946.73631531048,1786.24449505025,3067.8996985825,2723.974267623,2964.11365388,1194.49759359623,1585.03244851575,1598.0751811485,1806.45365476875,2661.924780934,1177.65198966525,1024.5988364575,1401.1161084235,2372.28309724825,747.22806805798,1009.60033860225,1240.06280359075,1810.87595217575,1932.45184860825,2223.84222563075,2153.0328059265003,1729.901834968,1156.83536522973,1394.144636489,2872.9308771705,50.0,176.48979467848,937.39330017625,2076.48968531975,520.11576209824,1089.68193714673,691.3811812555,2997.9016340615,1116.61992342423,1864.48349245875,1289.3128243935,1121.28269140823,1793.8673191355,3013.066504002,605.92779313376,1517.7225902835,713.28155749325,1399.53332114375,2600.19700908025,3102.5958124805,3115.8931518805,2462.030351605,1303.91084863925,1597.20324229275,381.38785126724,987.41304430525,334.50630409148,1107.1169052575,924.42039721648,767.914515269,1786.682716948,843.8817057369799,1882.81735449925,926.2320789315,939.5194763955,1239.20834390123,861.0299111312501,600.52800457924,1024.97523194075,893.2733183495,1141.10442630823,1021.98372203948,2991.308577066,787.68165029923,809.605402514,1945.0798160985,837.28608247925,957.81372603475,1214.22464398325,920.23802358,3122.4927332715,1975.3499043635,3158.5987379685,3072.378851436,1115.22432415823,1050.39404690148,1326.1091722715,670.52463373323,1166.443233539,1432.32089401525,1480.88538726225,1272.99080630825,1477.835853737,1265.37443205398,1604.9146117455,1431.01787902825,1623.47822571325,1033.97152205698,2268.03257772325,1730.292055956,2578.311235061,1323.17863129275,1370.71879444625,1438.96366069075,2808.4717137435,2688.9830025,2650.7223938605,1623.37756361125,1507.45769670625,1524.37638629425,1414.66867596175,1602.88878694275,1567.743266469,1144.79086510848,1123.2250971542298,1310.360213591,1453.33441849325,1411.74761089075,1280.1718356125,1174.723002114,1294.13505481723,1489.68679679175,1490.0635029605,1478.09884901275,1420.12120648675,2497.011674792,2396.43050636475,728.9749842474799,814.01573852925,1552.81218736725,1631.9423861325,1629.861103968,1795.11487676075,1733.431843619,1719.922616708,1613.91346191025,2853.284679578,2488.0903406595003,1600.1617449665,1946.048222802,1045.32552365448,890.67490017025,1260.11553316,1306.0053349375,1335.22515086975,1405.605203213,1331.73490996275,1535.02016083875,1400.02109737875,1531.435316197,1873.72700745475,1924.2645089695,1699.52657966125,2456.730678346,2690.53643,2754.095226848,2551.3807052355,2798.2681805525,815.70237554423,679.42251111048,1182.1996486715,1311.59969339325,2085.0504689295,3071.4738245745,2247.3705938885,2614.3025968085,2587.0933820895,2414.73081437125,1596.06597802,1484.39364792825,1526.879424025,1055.12050541298,987.81592883423,1321.24337131325,1314.678742041,1466.183283374,1410.22307714225,3130.3257360975,2790.84435053,3224.682475875,3081.060647048,161.30093981738,131.25390510025,239.95345962638,455.640790993,378.10297347574,479.6546426267601,187.59295501699,594.0869100755,826.76433277173,2214.54837958375,2414.663240275,2283.88639276,1974.765504938,2255.00491333725,2110.389667624,2134.74228451325,1982.66763528775
165,258.74264990826,850.7624575054799,1733.2817825225,2971.9258407775,2628.0000991325,2868.139796075,1012.5280834115,1403.06301910925,1497.2484158335,1710.47979696375,2565.95107847175,1076.82522435025,928.6249786525,1261.742282438,2276.30923944325,565.25852059099,913.62648079725,1144.08894578575,1757.91308430525,1836.47799080325,2127.86836782575,2057.0589481215,1633.927977163,1064.6899294984798,1212.1752070825,2776.9570193655,176.35539834489,50.0,755.423715427,2023.52681744925,338.14621463125,993.70807934173,594.2956534492399,2901.9277762565,1020.64606561923,1708.6904038265,1188.48598451398,1020.455845315,1740.904451265,2917.092646197,505.1009905365,1335.753160877,531.31201002626,1303.55946333875,2504.22315127525,3006.6219546755,3019.9192940755,2366.05633845725,1152.2238603532298,1501.22938448775,280.56104866998,891.43918650025,152.53679390675,1006.2901399425,828.44653941148,671.940657464,1733.72000442025,747.90784793198,1829.85448662875,825.4053136165,843.5455440259799,1138.38157858623,760.20314581625,418.55849439451,924.14846662575,797.2994605445,1045.13056850323,926.00986423448,2895.334719261,687.90445516775,713.631544709,1800.0574170375,655.3165785082299,873.56304497948,1113.39787866825,824.264165775,3026.5188754665,1879.3760465585,3062.6248801635,2976.4049936310003,1062.26153085225,868.42453671675,1190.313200504,569.69782492226,1070.469375734,1336.3468808675,1384.91152945725,1177.01694850325,1381.861995932,1169.40057424898,1508.9407539405,1330.19111371325,1527.50436790825,937.99766425198,2172.0585645755,1634.318198151,2482.3372219132502,1222.35186597775,1269.89195456673,1338.13689537575,2712.497545253,2593.009144695,2554.7485360555,1570.4148510835,1411.4836835585,1471.41351842375,1361.70580809125,1549.92591907225,1514.7803985985,995.81242679775,1027.25123934923,1214.38643656423,1357.36056068825,1315.77375308575,1184.1979778075,1078.749144309,1198.161116234,1365.68568934625,1389.23658230275,1377.27208369775,1319.29444117175,2401.037816987,2300.45664855975,628.1481754365101,713.1888986497299,1456.83832956225,1535.9685283275,1533.887246163,1699.14101895575,1632.605078304,1619.09569605025,1513.08669659525,2757.310821773,2392.1164828545,1504.1878871615,1850.074364997,992.3627303485,794.70104236525,1164.141675355,1210.0314771325,1239.25121850023,1309.631345408,1278.772197435,1439.04630303375,1304.04723957375,1435.461458392,1777.75314964975,1828.2906511645,1603.55272185625,2360.75666519825,2594.562572195,2658.121369043,2455.4068474305,2702.2943227475,714.875529451,578.59566501725,1086.22571630198,1215.62583558825,1989.0766111245,2975.4999667695,2151.3967360835,2518.3287390035,2491.1195242845,2318.75695656625,1500.092120215,1388.41979012325,1430.90556622,954.29374009798,886.9890827410001,1230.56483717025,1132.7092380699798,1284.21369862475,1228.2535731712298,3034.3518782925003,2694.8701820395,3128.70861807,2985.086789243,227.53608098174,133.69463796083002,122.77386243824,366.73514637349,239.42004990514,378.8278400295,129.0869048063,493.26010747824,644.79478530474,2118.57452177875,2434.149434835,2137.67142740725,1878.791647133,2117.5093365420003,2138.75105951975,2081.7795719855,1929.70476741725
175,529.15717617649,685.18805727673,1119.72553568223,2789.8461180185,2309.31615627775,2783.4379188955,259.77308186498,650.30797406676,821.80454944973,1670.3418711905,2077.3454685295,337.33598412951005,899.6379469379799,624.8486581442501,2170.84828921025,211.2720430245,930.14990386473,895.286871075,1166.14893980598,1731.0168852275,2022.40726225,2011.126893116,1528.46687158725,527.72871881201,459.42020553598,2747.9700622155,961.38342786523,779.725535237,50.0,1320.27931420675,417.6059326515101,968.152562761,557.40823743748,2503.2194817675,928.36641375198,1033.24653744273,456.26324939225,483.49464084224,1040.73001908123,2518.384351708,456.96450384801005,582.99815933048,263.94657610987,1062.53244860825,2108.33774523925,2607.9136601865,2990.9323369255,2185.79536861525,399.468852593,1472.24242733775,572.83559312951,775.4883318234799,637.02632428451,297.04440573538,656.78184589075,636.4220409870101,1084.41651385725,561.299337204,1161.08942643848,131.32120579326,600.32718368575,368.04045421948,143.96424153026,363.64747309626006,194.80765641573,729.66493596475,1016.143530575,645.8185313095,2499.449313225,509.26720852698,730.1549677764799,1107.35372838673,134.87987828849,508.1388733555,453.91050887898,823.45661959598,2703.8402937955,1686.00026504775,2916.7300762185,2830.5098790005,644.3154348605,115.66954138394,546.92745471999,307.30411707849,920.76572290175,1307.3599237175,1355.92457230725,1148.02991678873,1140.83490663698,1140.41353632075,1096.03180196025,597.00626637625,1529.86588839375,954.52100654123,1947.85346089975,1636.70845704525,1993.73176731375,546.90799959398,525.5416109525,632.81191897298,2316.61229455975,2197.123738659,2158.8631300195,978.650625806,1010.60704040048,852.7198507200001,847.09730066198,931.2322513685,839.423132691,243.05744389236,835.8574759857299,1162.999595457,1305.97380035925,1264.38691819223,1097.838904171,1027.36230941548,1146.774355905,690.241897527,713.7927904835,701.82821731398,643.85057478798,2217.5342225815,2194.995542984,271.46553181876,252.94819134938,1125.64906542523,1264.63655399148,1223.40268511698,1382.100602396,923.7900909015,943.651904231,811.82664849625,2651.8495608545,2286.65537727875,1440.92563962325,1804.1423099915,551.37650836225,811.22446543273,1180.66509842248,1031.62771064498,991.94470300825,959.92980497525,794.5458549580001,1410.05934588375,1275.06020785923,1406.474501242,1748.766037157,1799.3036940145,1574.5656093635,2255.29571496525,2489.10146661925,2629.134411893,2349.94574185475,2673.3073655975,367.65815571173,461.46191258149,1060.67028049948,1186.63880387373,1717.744711353,2870.038705851,2122.40962359075,2489.3417818535,2462.13241179175,2289.76999941625,1394.63101463925,1288.31482800298,1379.518805891,417.33249212925,350.02787826824,693.60359541523,379.95426759201007,531.45873436049,475.49860269326007,2928.8909280595,2589.4092318065,3023.247667837,2956.0998320930003,992.65081658523,898.80934870948,846.16423132725,744.9754428402299,686.93224567373,507.08635165973,778.81266667348,559.30792392723,156.01785095037,1722.6892710855,1786.8812449825,1443.31434509,1449.205563541,1423.15225422475,1489.44756895675,1413.014431017,1229.53033523348
191,1703.83205932025,1144.41167345573,370.32651541074,1716.47323094425,1311.167995891,1999.2391338295,1126.51284567975,1360.05824288475,502.96079618749,1238.2000886755,863.6674011189799,994.73807633875,1190.325006553,793.6455691572299,1386.64950414425,1497.51482864975,1422.65111851325,942.12286554275,487.14569877775,1036.602792121,1307.60831677475,1361.0519704565,1008.95442344775,914.29515677148,955.021750789,2078.6683673885,2069.849559471,1978.19500682975,1302.1683690125,50.0,1624.9706035125,1281.998977038,1404.66739903125,1356.030982091,1116.8388759235,307.69336872773,893.79954502198,989.88245343748,300.08927897813004,1458.65490768075,1526.221392136,1249.29482322325,1555.7293688695,914.6845202675,1110.18966563073,1547.090137171,2231.70132603875,1301.03545433675,1014.900788575,1413.78058146,1722.5507053525,1187.2085203025,1806.63323098775,1064.14560850248,1206.85735872175,1342.423578562,316.74514727426,1237.8204309945,258.68964074825,1241.836662453,1141.8832340785,977.864591491,1309.33355335625,1538.4701679735,1165.14791112498,1296.957241121,1274.89632125798,1108.45790465373,1319.0149795645,1310.59431511525,1417.938174821,197.25432336936,1386.8854697815,1146.74010593548,888.1581922775,1348.56629692525,1630.467562064,938.60901253775,2132.53113580975,2046.3110939345,957.19243581298,1232.94468810025,879.65115725925,1445.04501866775,1044.94516382425,1304.52165633225,1198.42908247775,1406.782701258,798.9009697324799,1327.94889645975,595.92659698149,827.61537492075,1220.51113516848,1539.7240946515,1007.13963487773,1290.32115418375,780.0536999032299,792.0088779432299,847.8474508017299,766.0294309977501,1107.8474076462298,1000.03930302525,957.21713531023,572.50759001974,653.41083365123,585.7665597604899,659.3575840285,474.92702215149,573.01323067099,1071.39762944348,983.11013090848,1030.56532157773,1105.54817960348,964.59436250773,1081.30197249798,1183.39190427775,1168.6745022354798,678.919896536,620.3252698892601,629.2847437737399,712.28123096148,1318.765499108,1316.025252998,1384.230662184,1291.98549640725,760.7074691609799,769.08129466425,658.9648029919799,822.6000596724799,391.51642847451006,426.67946539675,513.9050781750101,1708.4536614755,1459.37476598425,1084.27996758,1293.33131142873,1037.96181127623,1475.490178212,1558.00498481425,1062.48297504923,895.27755051,775.29539612798,787.6992785945,1475.16224966675,1223.5431895275,1335.175285847,1463.1022152705,1573.4272576915,1413.077810859,1529.6485638865,1704.90268155325,2001.1753258655,1565.74695678875,1921.75432547225,1301.85155058073,1438.10244048475,1362.96843396325,1357.66099356675,846.899468563,1844.499424385,1494.45084824875,1955.32265100525,1834.17363644975,1661.8110687315,929.80488761698,931.88733174525,1004.84056217773,1027.46910444925,1093.77863614973,753.57389396,1079.894952433,1158.8148978929798,1174.334645239,2144.6921429935,1805.2104467405,2095.70962240625,2196.868976549,2181.84158494225,2088.0001170665,2019.843485504,1660.475431767,1755.99304791525,1609.47594091375,1846.75422440125,1539.35701973325,1457.26583281025,724.5410361342299,573.20309679375,273.74518667501,576.06649242224,156.66632615339,472.59785024025,319.00765850462,115.97766683542
71,83.92657394167,577.75398071549,1338.71818794625,2787.878546747,2443.9529604447503,2684.0925020445,682.8628062165,1073.39766734973,1143.55239192725,1526.43250293325,2314.18553011925,684.81212782173,744.57776540023,908.04618396723,2092.2621007555,235.59322475486,729.57926754498,871.0805124917299,1390.279087498,1652.43069677275,1943.82107379525,1873.011654091,1449.8806831325,710.9939055922299,882.50985532298,2592.90988067775,516.8550369975101,335.19715058299,425.758438232,1628.963222873,50.0,809.66085987575,357.6446812685,2626.096529074,836.5988461532501,1354.99437992025,808.60049026425,666.75982140875,1346.34085668875,2641.2613990145,154.6509776657,1006.08780911748,201.64673283126,1030.55103004473,2231.2147925457502,2730.790707493,2835.8720000450003,2182.0091997695,822.5585831582299,1317.1822458,174.09252050564,666.78343350675,192.49797691276,614.27708069624,560.50627518299,471.49453146523,1339.15625450125,474.89937114199,1435.2908920525,435.41151749523,561.67010306599,746.368475844,373.532205682,86.91111206032001,532.1353700972301,607.08781822624,861.0833490372501,653.00142472675,2622.326049846,387.4034619787301,529.58433145673,1446.3612377885,325.65127645839004,535.699473375,759.7017801974799,640.21695252273,2842.471581436,1695.328752528,2878.577586133,2792.3576996005,724.398040026,538.75922223949,836.61717659775,185.29477709123,815.8846671545,1152.29974217975,1200.86431620498,992.96973525098,1108.8535626379798,985.35328021848,1320.16187508775,938.17809174925,1343.45707387775,753.950444786,1946.17700194175,1450.27105946325,2230.5716735607502,868.6558420715,877.8788518245,984.44079690498,2439.4891865235,2320.00063062275,2281.7400219832502,1202.78077971173,1172.74976393898,1076.85000462573,1023.84224270048,1155.36240527423,1120.21688480048,666.14714960275,754.2427998415,1030.33914253373,1173.31326665775,1131.72645905525,992.95784842375,894.7019310567299,1014.11390298173,1011.98966544,1035.5405583965,1023.5760597915,965.5984172655,2216.9906782992502,2116.40935452925,248.26161864237,359.49287474348,1183.82981549,1262.96009503348,1260.87881286898,1426.1325048835,1278.90905439775,1265.399672144,1159.39059812448,2573.2635277425,2208.069188824,1320.140593131,1666.02722630925,654.4991649577299,610.65378561701,980.09446210273,937.02304383848,966.2427789925,1106.29258206148,940.90863204423,1254.99908978148,1120.00002632148,1251.41424513973,1593.70585561925,1644.243357134,1419.50542782575,2176.7095265105,2410.5152781645,2474.0740750125,2271.3595534,2518.247028717,372.18934838648,235.90945909789,902.178496836,1031.5786223359798,1716.068252395,2791.4526727390003,1967.349442053,2334.28160031575,2307.0722302540003,2134.70966253575,1316.0448261845,1204.37257687098,1246.8583529677298,600.59767269576,533.29305883475,876.86873869948,803.0439608749799,954.54842142975,898.5882959762299,2850.304584262,2510.82304335175,2944.661634725,2801.039805898,548.12242571751,454.28100133773,401.6358839555,332.30202775124,288.18917304986,103.07465568573,373.85823283199,251.93506457501,348.52117165373,1845.56616304925,2039.58584025875,1783.975403501,1651.869443417,1763.813157293,1744.1874649435,1687.21597740925,1535.141172841
118,857.5562173339799,285.20799033461,991.40364421,2120.77603923175,1776.8504529295,1882.78566457825,1028.47937913073,1448.92858741775,891.183958362,725.12574624523,1785.72005792625,817.88571789548,125.71270493355,706.56943338673,1425.1594378975,905.11098270598,349.37633349248,416.48304068999,902.133758124,985.32803391475,1235.88532635775,1071.70489740298,782.77810105273,574.81784739774,1083.42737200348,1791.6030432115,1092.93357158973,995.92264558573,972.90030322925,1281.64875991498,812.13329508475,50.0,478.41298802601005,2050.77797471075,204.61515879988,1069.64256705398,840.55231914075,645.89946488225,999.02639373073,2065.94284465125,705.43216911398,1338.16516775625,922.24893547875,545.19301563398,1723.99213072975,2155.47215312975,2034.56516257875,1514.9065369115,995.24550653848,515.87537105149,800.2584292465,196.95147957138,885.610881863,851.18770517675,332.024622882,375.8384241485,991.84186610775,394.1800533265,1087.976503659,845.88531652648,412.19779287075,898.4560185177501,852.8992715962501,796.4729625499799,811.4989560719799,224.88156542861,62.86296696107,358.75888024973,2055.82008969025,476.59823673825,344.66342708249,1150.23896525825,931.71777824048,491.29482906573,794.90213666198,275.29143112625,2175.368918578,1028.22617044823,2077.2709040095,1991.05086213425,475.17075492624,927.63739022623,744.09161715725,819.9372488165,274.88404787123,350.99294199576,399.55751602099,191.66293506699,599.86061484298,184.04651731675,809.2293984944799,1023.22537664023,542.15035447199,466.44926613476,1320.90876302975,648.96418471474,1702.1063567105,845.4404148904799,916.66677453573,961.22536351025,1932.26668005025,1812.7781241495,1774.51751551,763.71202785325,683.877815745,727.31514696373,621.58801382175,808.0479361025,799.7976826500001,946.190204766,323.0467439885,363.23655424025,426.29153726774,464.62387697548,333.04813897949,227.59926819873,267.09218601914,764.3534380680001,945.16540864425,847.5578919157299,827.21808894448,1549.88801544125,1449.306847014,852.6211335092299,743.8068738965001,678.12182626473,716.83572504873,753.65630639573,880.00813489875,1098.82867360948,1004.69220985148,1010.98576602498,1906.1608648845,1540.966525966,518.83387372524,864.720388843,463.30804310475,402.215312413,303.66579724848003,373.1130909425,480.87587276274,582.02540302998,507.7343608345,453.69225231523,318.69320749636,450.10744495574,792.399018153,842.9366004459799,618.19867113773,1529.17616658375,1805.02947243675,1672.76723754625,1665.87374767225,1716.94019125075,591.25773334798,623.12039548598,115.90960185608,230.27180351086,1142.28363312348,2124.350009881,1166.04268536498,1532.9747628495,1505.76539278775,1333.40298041225,648.94224410473,537.2699512952399,499.83661736401007,619.6964859332301,639.80626357399,622.23960209348,1168.8252592675,1271.82799125998,1263.20507055023,2120.34449707225,1905.337237624,2274.477593078,1999.732813089,1233.36683513023,1075.82986878648,1095.24732107275,683.55951845025,779.07697925575,730.90138969023,869.8383110845,586.45010514275,1034.66349323,1338.34350123325,1538.4583619245,1489.04554191975,1098.5606265875,1460.164062497,1234.18487005173,1339.901433673,1187.82670988298
106,419.10961318925,286.27934578539003,1122.29568148098,2454.23882529325,2110.313238991,2350.45278059075,715.8864255034799,1148.24218954975,966.10289595298,1192.7927814795,2001.4679916065,691.0179153414799,410.93792588599,737.1672948542299,1758.622223959,482.6713615495,395.939465313,579.6058589205,1146.92705782825,1318.79081997625,1610.18119699875,1539.37193263725,1116.24088711423,492.88647088223,956.55956944948,2259.27000388125,691.7245695112299,593.02494975424,557.2954958832399,1412.54079097225,358.83360011248,476.02102036151007,50.0,2334.62180093825,502.95900663901006,1200.53459811125,772.75026051198,552.51365457451,1129.918424788,2349.78667087875,244.55117628039,1080.9323313175,461.3679675,739.07645725173,1939.74006441,2439.31597935725,2502.2321232485,1848.369322973,868.3777039844799,983.5423690035,363.5632400435,340.50843726598004,448.91565537774,629.38998538001,277.5157839635,124.49630285024,1122.73390337873,183.42471757076,1218.86854092998,457.81555221074,275.570582048,771.5881413992299,414.91120196726007,335.59203185349,557.2721944707399,249.21278230062,527.44350952301,361.52677736923,2330.851477053,115.17348227351,195.94451058362,1281.130921751,493.72970861149,327.10018314248003,697.66208010173,306.57715029075,2508.8317046395,1361.68903107425,2544.93786467925,2458.717822804,451.27550437525,592.54571737049,662.160277924,363.24583752299,524.41001979698,818.65994616148,867.2245139730001,659.329933019,817.37890906675,651.7134779865,944.45759251073,959.24544559698,1009.817352424,420.31060527176,1654.70242914875,1116.63118266675,1917.854135048,763.508994879,872.7521558244799,879.2940242770001,2148.0146137305,2028.52605782975,1990.26544919025,959.42875004198,847.0006774714799,860.42749194675,750.71978161425,938.93997337348,903.7943721215,677.95413065925,462.76815248398,696.69934030175,839.67347063948,798.08666303698,666.51096232325,561.06209154249,680.47410074975,825.7379832224799,930.39379198223,918.42929337723,830.929612492,1883.35080150275,1782.7696330755,405.02993041799,305.81876698525,892.35516813248,971.48544146225,969.40415929775,1134.65785752598,1150.74010096975,1107.17026859898,1054.2438254965,2239.623650946,1874.4293120275,986.50087167725,1332.38734951275,381.37666658924,277.01398959874,646.45462258849,645.54842754951,674.7681316349799,745.14825854275,667.78609639348,921.35921298498,786.3602240895,917.77444290775,1260.06605960098,1310.60363568025,1085.86563180748,1843.069649714,2076.87555671075,2140.434198216,1937.71983194625,2184.6071519205,190.54827005751,157.05772153258002,568.53870081773,697.9387455394799,1424.59352425925,2457.8127959425,1633.70972059925,2000.64172351925,1973.43250880025,1801.069941082,982.40503016623,870.732774639,913.21847617123,511.27567222399,486.57772840149,657.2945577439799,877.8884830750001,1029.39294984348,973.43281817625,2516.66486280825,2177.183321898,2611.0217579285,2467.39977375875,796.67164592723,702.83017805148,658.5520573052299,282.35047908949,377.86797717725,292.45486632373,468.629309006,143.94659459386,596.67542360101,1554.0914349135,1754.20629560475,1619.9374984125,1314.30856026775,1591.0561743325,1449.93272295375,1470.7935455085,1318.71874094025
127,2685.5589376045,2048.255674479,1430.10850256975,365.138726214,281.23334723714004,1033.90239453323,2391.58288050825,2743.1059700275,1730.136091835,1466.8845005475,540.48566428073,2171.85925982725,2026.37487142775,1878.8777070165,732.6334613527299,2582.7468919445,2289.2472710625,1779.254226643,1324.0070741785,1101.98446157573,879.89287057825,1218.88500726148,1307.83169964925,1999.52729463075,2338.06947793175,1178.46101470725,3034.031561542,2937.020635538,2501.1155195615,1355.26032670825,2625.2828437495,2086.9698839485,2333.4851580365003,50.0,1965.72315880325,1661.044607603,2102.540509152,2075.11459129675,1565.2083834745,107.32042159163,2511.00044477225,2632.342550366,2640.961587507,1614.2792940865,472.08991673001,195.75571321898,1192.17304468523,603.67132784323,2280.005930865,1905.706331998,2684.5243548895,2068.83610337,2769.876807506,2241.2668665555,2142.04152965025,2294.9700979725,1451.85151660175,2157.54908569725,1390.6298514275,2401.153391993,2128.24398659525,2242.969733781,2437.96977908575,2623.702386611,2342.269169178,2163.553549013,2010.0808150375,2067.40244513025,91.96490881462,2250.92871957725,2284.534482713,1541.73780271975,2529.537339787,2162.565569123,2065.279375766,2215.1624494745,279.13309461601,1035.19531224148,983.33832940823,959.04722824798,2042.424729015,2431.891993992,1964.88337589675,2530.27723730525,1895.13541320325,1909.97095651375,1768.71841530975,2076.787166686,1530.53168742025,2006.36765728425,1433.44495415425,2194.04235987,1726.245066633,2406.32024720075,846.081744327,1518.405166327,589.57245713549,2008.73710025,2150.22281092175,2047.5575641605,276.555455083,362.96765594,415.06848960849,1550.35249026375,1595.7263987685,1638.671523377,1719.63756276175,1603.7128802315,1706.464342219,2309.476936024,1872.098860092,1728.90034025875,1732.073526613,1624.89992256125,1788.69098802,1859.782665501,1867.0095209165,1812.37097080175,1951.79885606425,1854.19141390025,1914.61135514175,511.5539283715,662.009284771,2469.4628808215,2377.21771504475,1492.338031506,1460.12289666825,1380.31742296875,1296.75242481198,1733.642488388,1699.38583912975,1856.0311380885,485.53875880723,630.49808871173,1652.2929077535,1303.824633413,2123.1939491355,2342.08633076125,2271.231550974,1761.9885013515,1692.394017295,1627.24218054575,1801.677020549,2062.12420917075,1883.982580467,1827.836118278,1562.0126724215,1679.36837236475,1839.5026694885,875.6325210949799,816.15799582998,1233.39868039398,776.6401983147299,1048.22934568023,2317.67701376825,2423.5069030325,2165.923458007,1980.30114383425,1040.260181827,493.16500043298,1239.33238198025,1334.587468881,1213.4384543255,1158.91547921675,1467.8457614845,1552.4044126485,1602.410797301,2112.70132308675,2179.010774009,1838.8061125975,2462.94267957575,2541.86269960025,2557.38237238175,892.558431014,910.57057821925,742.1733703157299,1091.68313701675,3117.6329906805,3016.927703396,2979.5134020585,2624.657433838,2720.1748946435,2558.9041099607502,2810.936381815,2448.17610844625,2629.583663126,779.9967636785,786.78197965575,1581.120141357,1116.37587996398,1409.36558516225,1031.12307661475,1131.2882371575,1413.19602669175
28,882.17027607148,245.77496646489,826.5531411962501,2001.05866346025,1657.133077158,1891.36835151575,935.208715083,1355.6578488055,726.3333807837299,750.8613796377299,1627.176781248,724.61505384775,144.77476407637,574.06555974175,1305.442062126,874.48966448323,372.76349519048,251.63250039398,743.59048144575,865.61073892148,1157.00111594398,1091.64640156323,663.0607252812299,479.1754102430101,1002.2344514255,1800.185730149,1117.54763032723,1020.53670432323,927.56235967798,1116.79825690123,823.69662414473,205.09307387711,503.02709025948,1931.06059893925,50.0,904.79206404023,744.9098074215,554.17353535423,834.1758907169799,1946.22546887975,709.4142251674799,1244.89450992223,905.40667452375,375.633061033,1565.4488540515,2035.75477735825,2043.14784951625,1395.18916114,901.97476792623,619.74262272998,824.872487984,217.71336743551,910.2249406005,805.8497616254799,301.42817814038,400.452482886,826.991363094,355.962940657,923.12600064525,800.5473667615,366.8598058235101,805.1852799055,807.56132804498,800.455093168,766.16093174248,247.06963643936,197.99035595999,313.42091184362,1956.56042203725,449.34253725474,368.05058878049,985.38838767998,886.3798284755001,445.95684201849,699.25969950725,298.67859282425,2055.6515428065,908.50879467673,2051.32384913425,1965.103807259,403.23879122823,882.29944046125,624.50398986426,789.3159305937501,110.03350136151,460.31653320348,460.38196978349,329.87673596001,441.34374643223,322.26032442348003,626.8500941352501,927.5829394855,610.3854714055,489.83642783276,1201.19146803648,717.2281208352299,1543.56308003225,727.85519292725,821.024337381,843.64022232525,1773.723403372,1654.23484747125,1615.97423883175,609.22731663973,529.3931418137399,562.46460045401,456.73747352574,643.19739580649,634.94714235399,852.91946615375,184.3070271085,243.51919710988005,386.49330880648,344.90650120398,205.35412426163003,107.88191106836,227.29393891675,612.3544780440101,793.166411338,695.558969174,682.20252496448,1430.17063966975,1329.5894712425,807.28310917973,698.468849567,519.60499513624,558.292522935,595.11302971748,721.46493899873,933.9780898175,839.8416260595,858.98676871873,1786.443489113,1421.2491501945,521.445222635,884.66189300325,417.97009955348,425.602474111,481.09910029449,203.55311770039003,311.31593680289,427.54068560275,342.88382053849,591.90605320825,379.33802290276,553.97465313826,882.70838335748,946.8038086285,722.06587932025,1389.889487881,1623.69539487775,1681.34992448375,1484.53967011325,1725.52287818825,560.63641512523,621.9207579922501,286.06253080236,368.48562304501,1011.400605732,2004.6326341095,1174.62529152425,1635.49709428075,1514.34807972525,1341.985512007,529.22490561549,417.55257552374,460.03835162049,574.35849888599,594.4682765267501,477.72614316374,1075.55460143348,1178.55725264773,1169.93433193798,2063.4847009752502,1724.003160065,2157.8414407527503,2008.3155000265,1257.98089386773,1100.44392752398,1119.86137981025,708.17357718775,803.69103799325,755.51552299225,894.452369822,611.06416388025,989.32554967873,1179.80030533323,1379.915240589,1324.19488356325,940.01734990925,1295.31355948325,1075.64159337348,1175.05101143748,1022.97620686923
186,1435.81486314825,933.5530720535,311.56887829586,1935.56149977775,1455.031538037,2127.05250770275,881.85166809123,1172.75908450398,243.35109761325,1181.32080017023,1166.15476205225,705.91932397798,979.46641136448,518.88125326399,1514.4628780175,1182.209279922,1211.79259788925,731.26434491875,425.77684945473,1095.0164071817298,1366.02185105725,1419.465504739,976.52879918375,703.43655536925,767.72259240823,2178.424821156,1858.991038847,1710.177655315,1035.17558371223,305.76441566388,1356.9534073405,1071.140456414,1193.80880384273,1658.5184238025,905.98028073498,50.0,636.60052980676,779.02393281348,97.37296160344,1664.09973346725,1315.362871512,1061.99566484248,1252.5170978865,718.65672732875,1254.05320777673,1753.62904194575,2421.38694052325,1444.89899648275,770.23961098648,1313.32213380525,1454.5335091805,976.34992511398,1538.615879473,775.326849928,995.99876353323,1131.56498337348,227.24178103501,1026.9619103705,275.30955030461,953.017829314,931.02463888998,733.20341390248,1020.51472021725,1270.45289723698,876.3291525505,1086.098720497,1064.03771985575,897.5993032515,1621.50226593325,1099.73579449125,1207.079654197,110.09867075199,1098.06671742073,935.88150453325,599.33943991673,1137.70770173673,1849.5558308975,997.02262759848,2260.344509683,2174.12446780775,746.33391518898,965.9519773645,608.84424141823,1177.02782249575,834.0865686357299,1153.89612505698,1099.62123231998,1195.92410606948,726.047780031,1177.32328440625,414.11864325676,615.0016365645,1153.3357229795,1328.8655740275,1151.00317702373,1255.70931683448,1082.54098627198,503.19011936875,603.1788105475,477.21067863698,1410.3347685795,1302.5266701722298,1259.7044962435,376.47987164551006,457.383115277,374.90800185423,448.49902612224,264.06842074926,340.4146848095,843.53700017473,772.25161028448,879.9397095242299,993.93961460375,880.6905555995,930.67636044448,972.53330908923,1018.04889018198,399.60439224923,367.89870085325,340.465947917,423.462472387,1462.629041254,1459.888795144,1116.21339144748,1023.96822567073,543.12742308723,707.84386530773,597.72736742175,756.4252909144799,178.90267147713,157.50295870892,301.29133981876,1852.3172036215,1603.23830813025,1067.36570836723,1315.12131353575,827.103209874,1264.63158302348,1347.14646419025,851.6244544252299,684.419029886,564.43683200801,576.84072068824,1324.53663761325,1072.917577474,1247.5542077095,1461.539777891,1571.864820312,1345.9023241055,1598.9103037725,1832.7160554265,2059.58901549075,1693.560330662,2103.76196919525,1090.9929491785,1227.243764518,1152.10991333925,1207.0353069487298,905.31308362373,2063.5876932185,1552.86438253125,2013.73618528775,1892.58717073225,1720.224603014,868.56745204675,883.4725143447299,979.01055495775,816.61058382525,825.7613591995,542.71533605374,892.59579405223,971.51581407673,987.03556142275,2272.50551686675,1933.0239759565,2239.57316455225,2386.5545910335,1913.82438877025,1819.9829208945,1751.826289332,1449.616911143,1545.1343719485,1341.458589399,1635.89570377725,1328.49849910925,1190.27304750998,868.40465284475,875.69046394073,447.71275568626,594.92094530025,427.55055297423,664.6498816137299,552.38417949924,240.32694087964003
2,912.7539205705,552.84880966449,720.761155563,2390.88166333475,1910.35185693675,2449.952763478,284.37525377525003,637.1701343887501,422.84025010873,1365.30075001175,1678.3811691885,146.73593522657,767.298736608,234.13671248973,1837.36313379275,607.64639347298,903.41541658973,593.98236440475,775.43698793775,1397.53172981,1688.9221068325,1704.84396199375,1194.98171616975,266.65429966173,259.12430840388004,2414.6250259585,1288.72360934275,1187.11679351548,455.318920815,893.5771687685,833.89246476275,835.81335864473,772.27553306798,2104.2551824265,744.1846674645,634.2821946057601,50.0,252.88724106799,641.76571974023,2119.420052367,768.2758425055,526.40675200951,677.95413065925,769.9335049907501,1709.37344589825,2208.9493608455,2657.586989983,1900.2193153825,174.37497712111,1303.26182662975,931.47256660275,643.1490842112399,1015.55501767348,200.76393862414,609.73066443199,688.37576507125,685.45221451625,583.77261750375,762.1251270974799,378.45494286498,494.64751086075,135.72705550989,445.95183376823,726.2951664672299,301.76624124664005,709.217946496,871.77108558,507.596727158,2100.485013884,640.92682539426,825.6171265629799,697.679087026,523.5038620402601,447.51364977673,96.40390246039,814.3371426790001,2304.87614979725,1394.75528883925,2583.24476545825,2497.024723583,367.85695093576,386.0952771850101,156.21552149289,653.966879918,677.9060551849799,1162.9874787225,1143.901136401,1003.65747179373,801.20749888448,996.04101676123,705.31993087025,230.80109354237,1224.69288122025,980.96080861948,1606.32341514525,1327.066394297,1594.76746797275,147.94368782556,117.8748243452,223.13729625338,1917.64799521875,1798.159439318,1759.8988306785,587.93868015148,610.1211153272601,462.00790506548,400.0010568545,532.7252810835,440.45887063226,263.68033727750003,565.286674911,911.97200594523,1070.01243814173,952.04771384025,841.450666264,843.18064390623,910.813068252,291.27756090374,314.82847250137,302.86391797298,244.88627544698,1917.94936015375,1891.00795633575,593.15244886973,500.90732037524,811.4136729022299,925.58593386973,909.16729259398,1067.865209873,514.11549303674,544.68756760774,402.15201334923,2307.6373671785,1953.17022186125,1138.72286660798,1499.10118881275,390.72608805848,882.9448150229799,1106.65313258423,714.34247391123,690.640196338,593.68398826426,484.60219736748,1265.686745546,1062.85719573398,1237.49382596948,1532.89693613175,1630.32293796375,1405.5850086555,1921.81055954775,2155.6163112017502,2295.78922029325,2016.46058643725,2339.96217399775,591.2293429069899,728.699791459,928.3310701695,1042.2662781005,1360.63332174525,2518.90801211825,1789.06458733375,2249.93639009025,2128.78737553475,1956.4248078165,1061.14593999998,954.82967258548,1050.3677131985,279.58417267975,302.70043526288003,316.94942299051,357.06684352076,460.06953823098,451.44657402526,2595.405772642,2255.924076389,2689.7625124195,2622.754795836,1390.7634461925,1296.92205909498,1228.76534675425,993.59599644075,1045.35830097473,818.3977275994799,1137.44952208623,826.54576552248,610.41634733049,1323.72481640175,1387.9169456415,1033.6397845075,1050.24118963548,1013.47761907773,1090.48326961575,1014.050131676,830.5660358924799
142,744.9491899154799,357.27873103176006,702.8255923335,2365.17896260525,1884.6490008645,2326.080590515,406.00245059751006,826.4516278159799,567.38383931826,1241.42850248423,1678.2929345065,195.40878936226,571.72862069301,287.96625620361,1713.49096082975,538.63184118449,707.845337957,437.9295426945,754.3865726634799,1273.659556847,1565.0499338695,1580.97178903075,1071.10962398498,76.90734964582,460.95044347026,2290.7528529955,1120.9187979095,1019.31205664675,484.05332793576,993.07070803848,666.08773410773,640.243280012,552.8471008942399,2078.552481697,557.39821472325,781.06451517748,251.97440978673,50.0,710.44834185423,2093.71719629475,608.07183376926,715.68820815448,596.8464559687601,605.17512022775,1683.67074516875,2183.246660116,2533.71497236275,1728.4381955775,372.768540723,1141.08337425875,763.6677551695,447.57900557851,847.75028080475,241.74716507837,414.1605857992601,468.94733289751,703.26381423125,364.34418533001,799.3984517825,357.03834123299,297.22569072463,275.97903406114,393.85472832574,579.5872177905001,322.65196213736,513.64787407698,684.9845582742299,312.02665473898,2074.78215781175,421.49843671649,558.59785221698,861.66091338175,485.42225174473,228.08521760299,176.88626665874,618.7670267640101,2279.173293725,1228.64286210273,2459.372747838,2373.15255062,181.07047955338,438.79041493274,212.58006626176,486.16214926298,491.11960244373,976.20095141673,1003.82912553248,816.87093827425,683.477652821,809.25456401998,684.26943481775,458.53490720373,1100.82070825725,785.39072998675,1490.49613251925,1203.19430211223,1594.67923329075,285.84027260937,351.97630509923,401.62524608398,1891.94529448925,1772.45658324575,1734.196129949,566.88822138124,557.97974341473,440.95744629524,394.47000367623,519.469884226,484.32432646999,323.71322030939,378.50018488749,771.899988863,929.9404210595,828.17562165548,701.37865539548,656.3941911649799,770.74105738348,396.06874776326,452.72504485776005,440.7605089705,382.78282916224,1760.176894201,1737.6382146035,425.347712001,333.10254622425003,677.980383584,807.2793001755,775.7340032757501,934.43184599025,696.09350357675,682.584121323,576.57504730348,2194.49238781675,1829.29804889825,1014.85069364498,1375.22901584975,186.01070833001,639.66734987323,911.0830539515,574.27041954674,534.58741191001,512.26112934773,346.87717933048003,1078.90029280475,922.78510408723,1075.315448163,1409.02476316875,1468.1446409355,1243.40671162725,1797.93838658475,2031.74413823875,2171.91704733025,1892.58841347425,2216.09000103475,383.70191143576005,519.9527267752601,732.76099775048,855.4798253592501,1199.97466827573,2412.68153281325,1665.19241437075,2126.0642171272502,2004.91520257175,1832.5526348535,937.27376703698,830.95749962248,926.4955402355,66.25759129859,134.89567353931,240.97623629238,546.34833694799,649.3510254445,640.72806745249,2471.533599679,2132.05205876875,2565.8903394565,2498.882622873,1222.95871553748,1129.11724766173,1060.960535321,774.16752698475,923.34744484223,650.59295344849,960.44640039723,621.20738680199,585.4684570232399,1298.02211567225,1403.693244646,1200.46741547873,1015.97692858248,1171.5860106205,1108.29495010898,1051.32346257473,899.2486580064799
188,1422.1184482235,862.69806235898,215.61125070138,1839.60379761875,1359.073835878,2031.0949608865,882.728963165,1237.09513569475,221.247222373,1085.36317257575,1070.19714067148,710.755839721,908.61139545625,511.93199534274,1418.5051758585,1215.801217553,1140.93758819473,660.40933522423,329.81922186025,999.05877958725,1270.06422967648,1323.50795792275,880.57117780298,632.58154567473,832.058643599,2082.467118997,1788.13594837425,1696.481395733,1040.01218023348,301.01898669575,1343.25699241575,1000.28544671948,1122.9537879345,1562.5607216435,835.12526482675,97.25158920601,641.43705176349,708.1689169052501,50.0,1568.142186651,1244.50786181748,1126.33179681148,1274.01583855098,632.97090917075,1158.09558018225,1657.6714951295,2325.42923836425,1348.94129432375,771.11690606025,1227.63631564725,1440.83709425575,905.49490920575,1524.919619891,780.1633718847299,925.143747625,1060.70996746525,131.28414722682,956.10690067598,179.35192271013003,957.85435127073,860.16962298175,734.08078975448,1071.02410469425,1256.75655687675,881.1656745072299,1015.24371080248,993.18271016123,826.74429355698,1525.54456377425,1028.88078479673,1136.22464450248,177.84793148689002,1102.90331394198,865.02649483873,604.17595565975,1066.8526858285,1753.59828408125,901.065000004,2164.38696286675,2078.1669209915,675.47889928075,970.78849932123,597.9375461625,1163.33148834923,763.2315527275,1068.21022612075,1013.93541416198,1125.06909016125,640.361961873,1091.63739168373,318.16100323486,684.5413654084799,1067.6498302569798,1258.01048355475,1055.04554942925,1100.49907420023,986.5833586775,508.02664132548,641.33382339926,541.54672982775,1314.3770664205,1206.56904257775,1163.74687486273,290.79401620525,371.69725983674,304.05296730487,377.64401021401005,193.21341105474,291.29963821537,848.3735966959799,701.39659437625,794.253810588,908.25379644575,795.0047374415,844.9905422864799,901.678293181,932.36307202398,397.2063227215101,432.23479553999,345.30250715599,428.29899434373,1366.67149443775,1363.93124832775,1102.51705108725,1010.2718853105,447.16979549275,611.88623771325,501.76974604098,660.46766332,272.55046422589004,164.86590058713003,394.93913878123,1756.3595014625,1507.28060597125,927.084910629,1219.16369215498,756.2482001794799,1193.77656711525,1276.29145449573,780.769438517,613.5639766955101,493.58182231349,505.98570478001005,1238.85074489073,987.231759316,1161.8683895515,1306.32953525675,1416.65457767775,1260.2165059475,1502.95275695625,1736.75850861025,1963.63131333175,1597.60278384575,2007.80426703625,1020.13793948398,1156.38875482348,1081.25490364473,1121.34948879073,809.35545602925,1967.63014640225,1456.906835715,1917.7786384715,1796.629623916,1624.26705619775,772.60983066598,797.78669618673,847.6455052267299,745.75557413073,812.06502505298,471.86032014551006,956.931845243,1035.8518652675,1051.37161882723,2176.54781470775,1837.0662737975,2143.615617736,2290.59704421725,1900.1279738455,1806.2866613125,1738.12987440725,1378.76182067025,1474.2794368185,1327.762329817,1565.04076864725,1257.6434086365,1195.109563253,772.4470314639799,779.73283634625,508.415694136,498.96332391948,479.53429549148,568.69225401925,456.42655190476006,207.19695530488
125,2703.9086446055,2066.60553682275,1448.4583649135,270.27922273298003,299.58317229863,939.0428848385,2409.932742852,2761.4556770285,1748.48595417875,1485.23436289125,647.12449780875,2190.209122171,2044.7247337715,1897.22756936025,750.9833236964799,2601.09675428825,2307.59713340625,1797.603933644,1342.35693652225,1120.33432391948,898.24265835748,1237.234788827,1326.181561993,2017.8771569745,2356.4193402755,1083.60158579075,3052.3812685430003,2955.370342539,2519.46538190525,1461.89908567175,2643.6325507505,2105.31974629225,2351.83502038025,108.23742848601,1984.073021147,1653.739770127,2120.89037149575,2093.4644536405,1557.9035459985,50.0,2529.350307116,2650.692257367,2659.311294508,1632.6290010875,523.30269317901,90.32314721326,1097.3135349905,622.02114669101,2298.355637866,1924.05619434175,2702.874372576,2087.18596571375,2788.2268251925,2259.6165735565,2160.391391994,2313.3198049735,1470.2013789455,2175.898948041,1408.9795584285,2419.50325433675,2146.593848939,2261.31959612475,2456.3196414295,2642.052093612,2360.618876179,2181.903256014,2028.4305220385,2085.75215213125,202.89943540839,2269.278581921,2302.884189714,1650.51904889125,2547.88720213075,2180.91543146675,2083.62923810975,2233.51231181825,184.27359113499,1053.54517458523,888.4788197135,864.18771855325,2060.774436016,2450.241700993,1983.23308289775,2548.627099649,1913.48512020425,1928.3208188575,1787.06812231075,2095.13702902975,1548.881549764,2024.717519628,1451.794816498,2212.392066871,1744.59492897675,2424.6701095445,864.43153210623,1536.754873328,696.21125338125,2027.08696259375,2168.57251792275,2065.90742650425,370.94404012425,469.60645218576,521.70732313651,1568.7023526075,1614.07626111225,1657.021230378,1737.98726976275,1622.06274257525,1724.81420456275,2327.82679836775,1890.448567093,1747.2502026025,1750.42338895675,1643.249784905,1807.040695021,1878.13252784475,1885.35938326025,1830.7208331455,1970.148718408,1872.541276244,1932.96106214275,529.90375343299,680.35914711475,2487.8125878225,2395.5675773885,1510.68789384975,1478.472759012,1398.66712996975,1315.1022063775,1843.90865590675,1717.7357014735,1936.268464633,446.85355493601,648.8479075595101,1670.6426147545,1322.17449575675,2141.54381147925,2360.4361931050003,2289.58141331775,1780.3382083525,1710.74387963875,1645.5920428895,1820.02688289275,2080.4739161717503,1902.33244281075,1846.18598062175,1580.3623794225,1697.7182347085,1857.8523764895,893.9823026605001,805.95865689323,1138.53917069925,794.98997988025,1038.03000674348,2336.026876112,2441.85676537625,2184.27332035075,1998.651006178,1058.61004417075,398.30549073825,1257.6821697594798,1290.6854329325,1170.5485571714798,1177.2653415605,1486.19562382825,1570.75427499225,1620.760504302,2131.0511854305,2197.36063635275,1857.15597494125,2481.2925419195,2560.21240660125,2575.7322347255,797.69892753298,900.3712392825,647.313860621,996.82370810025,3135.9826976815,3035.2777210825,2997.8631090595,2643.007140839,2738.5246016445,2577.2539723045,2829.286088816,2466.52597079,2647.933370127,798.3465514577299,893.4208193974799,1687.7589003205,1134.72574230773,1516.00434412575,1049.4729389585,1244.01783000575,1484.4692998475
112,232.80631368276,463.27852798225,1243.02791143823,2684.9176827325,2340.99209643025,2577.295293476,687.7919124522299,1078.32684814998,1076.73784716023,1419.6354497075,2191.56573040675,656.31457489875,637.78055683173,857.89952481148,1989.301236741,268.61278027550003,622.78209625874,756.6050224762299,1267.6592877855,1549.46983275825,1840.86020978075,1766.21460086525,1346.919819118,613.61870083948,887.4390361232299,2486.11267210925,604.30850030776,502.70168448049,457.4015264997301,1533.2730209295,153.94488894356,702.86365130725,243.16920989413003,2511.6210390585,709.00986798923,1321.2668280685,767.975409627,608.7226826095,1250.65065474525,2526.78575365625,50.0,1011.01698991773,233.39825033849,916.07561459375,2116.73930253025,2616.3152174775,2729.0747914765,2079.048335755,782.57343387275,1210.3850372315,247.05743892663003,552.30798077351,331.13990863849,585.77957126923,446.03082244975,357.01904144973,1243.46613333598,360.42388112649,1339.600690109,404.8947014472601,447.19465033275,717.87100369925,339.69257714298,107.62232090569002,503.63785445651007,492.612365493,754.28614046875,538.52593471125,2507.85071517325,272.92797196323,422.78712288823,1401.86315170825,345.82235856201004,383.30920496376007,692.88722921675,533.4197812364899,2739.5107174215,1569.84831607425,2771.7803775645,2685.560491032,572.0077343325,543.68840303974,782.89250788125,149.18725624899,701.409177139,1045.50253361125,1094.06710763648,886.17252668248,994.37807262248,878.5561462145,1197.542230718,909.68054503998,1236.65994608748,647.1532362175,1831.701667269,1343.47385089475,2107.952029191,801.8412973044799,849.38137967975,917.62624592425,2325.01385185075,2205.5251406072503,2167.2646873105,1080.16097999923,1020.35953281,981.159721904,871.4520115715001,1059.67220333073,1024.52660207875,623.45345034198,639.767309826,923.54200852975,1066.51605808925,1024.92933126498,878.48235840825,787.9047224882299,907.31676897775,946.47021317973,968.726088194,956.76151502448,898.7838724984799,2114.02981428475,2013.44849051475,207.63758812211,292.67834240388004,1069.3543254745,1148.4846795825,1146.403397418,1311.657014868,1212.09450963073,1198.58512737698,1092.57604714375,2470.302663728,2105.1083248095,1213.34346534073,1559.23001774075,502.10889654649,503.85662054448,873.29725353423,822.5476283875,851.767288977,953.90227636798,788.5183263507299,1148.20188121298,1013.20281775298,1144.6170365712298,1486.90864705075,1537.44630390825,1312.70821925725,2073.748662496,2307.55441415,2367.276866444,2168.3986893855,2411.4498201485,227.12349063774,121.43399393723,795.3813690457299,924.78141376748,1601.5927623795,2688.4918087245,1860.5522334845,2227.48439174725,2200.2750216855,2027.91260931,1213.08404294823,1097.57536830248,1140.06114439923,533.783165211,466.47851406773,778.02678770123,807.97314167523,959.47760223,903.51747677648,2747.3437202475,2407.86217933725,2841.7007707105,2694.2425973295,706.3483806534799,612.50691277773,564.9146663070101,305.49765487987,333.73863750323994,133.9826247782,440.03082679149,152.33331354538,380.27268294725,1731.09067303375,1943.8954829725,1740.66972836975,1529.2496437045,1711.788248947,1648.497263,1591.52577546575,1439.4509708975
145,1110.79363824273,1050.85098449375,1250.21251362573,2920.333095962,2439.80313422125,3019.2072029095,380.71941141399,161.92562272480998,904.76200211125,1934.5550341005,2160.30300196925,537.0312640530101,1265.300874155,758.7319754092299,2406.61757322425,792.9084678084799,1401.41762870125,1131.05608052448,1300.03225085725,1966.7861692415,2258.176546264,2274.09840142525,1764.23615560125,770.03393718548,299.94553101099,2983.87946539,1543.0198464355,1361.36187924275,582.55686785999,1249.801395931,999.24232015323,1333.81557075625,1082.21134895648,2633.706459711,1250.52475255323,1059.46388870298,526.36442421699,717.5492142994799,1126.50259305825,2648.8713296515,1011.90648250423,50.0,845.5830195349799,1298.30165805773,2238.82472318275,2738.40063813,3226.8414294145,2429.670592667,360.39296791924,1837.90527999025,1175.10312582325,1141.1512590405,1218.66278635075,573.64264221173,1107.73283926125,1127.6283619675,1190.56128287575,1023.02529517823,1244.0468791,638.307709347,955.53166647273,465.2772050860101,696.533278902,945.28386059798,617.1721227497601,1207.220084043,1381.80653857025,986.79175408348,2615.6503505075,1034.07032004598,1217.27891856923,1053.9033141885,710.1187791032501,886.76624667298,620.99914673876,1312.339280226,2834.327271739,1919.35055175875,3152.4993602325,3066.2791630145,874.19707330675,500.9626596765,680.81080926723,862.246089521,1184.24613406,1673.02293171275,1696.95565714875,1513.69284400575,1325.8028363685,1506.076544316,1229.91519378975,437.53159185126,1793.94732065175,1478.963020731,2135.77469242975,1896.3208337285,2076.68914541075,715.6110773722501,487.01342753298,636.2006402860001,2404.48285315375,2296.674829311,2253.85258081775,1112.53394307098,1134.71642174273,986.60316798498,924.596319774,1062.16863588775,1001.90303077523,470.27509087773,1071.62675999973,1465.02644591475,1623.067033454,1521.30215327175,1394.50518701175,1349.52072278125,1463.86758899975,809.8500673452501,684.255609313,778.446753719,758.231690976,2447.40063743825,2444.66039132825,826.40751047498,777.75128422725,1336.00901038625,1450.181116011,1433.762630078,1592.4604727925,870.3397574815,969.86925549125,758.37624051173,2837.088644463,2522.42466129275,1707.97722526125,2068.35562824425,860.75184760875,1298.34841622548,1604.65534469575,1267.39699465898,1227.71398702225,1118.2792139015,1009.19746028698,1775.72219853625,1615.9116357035,1772.1373538945,2102.15137556325,2164.966546667,1940.22861735875,2491.06499897925,2724.870905976,2865.0435043820003,2585.71502586875,2909.2164580865,892.46126723073,986.26498681823,1426.3332077165,1552.30173109075,1890.08459902975,3048.35913406,2358.31902676525,2819.190674179,2698.0416596235,2525.679247248,1630.40029865325,1524.08403123875,1619.62215263,718.8368503542299,732.2934906375,841.54472940598,218.07222782914,91.20902963425,114.03803240408,3164.6602120735,2825.1785158205003,3259.016951851,3192.0092352675,1574.2872351555,1480.44576727975,1427.800575333,1299.91737800048,1288.98893475975,1062.02828681998,1381.08015587125,1084.110954668,737.6542943754799,1853.17609368625,1869.8386230795,1389.86401167,1579.6925414845,1369.701765462,1619.93454690025,1495.971809114,1228.06421035898
47,271.86480618223,649.78384762826,1268.62132543625,2880.0719833880003,2450.44473396725,2793.2804355355,521.70585048724,912.24074890273,1038.66310301425,1646.13962608325,2244.08866760925,554.19454390774,853.76554354848,837.94939602175,2184.4555373965,75.44654992079,838.76704569323,923.21944241623,1320.182224988,1744.62413341375,2036.01451043625,1982.19943223925,1542.0741197735,640.89708036449,721.3529368759799,2702.097658826,704.79331894775,523.1353890372601,264.601519785,1558.866360363,193.00336901561,918.848638024,459.15417796975,2644.348059457,904.16416864473,1250.10509100725,677.98294984623,596.66299618101,1276.24407495698,2659.5129293975,231.93628243598,844.9308906704799,50.0,1090.46501994948,2249.4664782715,2749.042237876,2945.0596228505,2213.728014521,661.40166471123,1426.37002394825,348.23304813474,738.8133066332299,380.43622158074,483.65949678225,632.5361048135001,573.00402816648,1269.059547334,537.05359612675,1365.19418488525,304.79393358124,617.7742312487601,615.7508919300101,242.91464040914,139.04489703294,401.51778618324,708.59735220975,970.2711271855,685.8886530792299,2640.5778909145,485.02150473199,638.77210960498,1341.47210421825,165.50461405174,525.58592091851,689.604992252,749.4047306709799,2844.9691821705,1713.93275561075,2930.337169062,2844.1172825295,714.28445028725,377.60230379249,766.52031408775,134.95648711908,896.5635585727299,1261.487520328,1310.05216891775,1102.15751339923,1168.7675525427298,1094.54113293125,1250.06509335598,807.560470553,1452.64500736875,863.13822293425,1975.7861068055,1559.4588376115,2160.4749663935,763.7665531585,747.26131140648,854.53161321325,2457.741027592,2338.2523163485,2299.99186305175,1132.68391720173,1162.63624876475,1006.75314211573,960.26565600075,1085.26561732875,1050.12002229048,504.99019387349,831.9591496744799,1138.79743112798,1281.77148068748,1240.1847476495,1073.63673984198,1003.16013887275,1122.57211079775,907.10045730523,930.65135026173,918.6867708785,860.7091283525,2245.46686848725,2208.60279117025,161.99418480095002,289.39606815687,1261.89832733723,1292.56919989723,1320.7927219955,1455.74160974725,1145.50979135548,1160.51046400923,1033.546268172,2665.4569643835,2300.262625465,1416.723394516,1775.2150044575,644.3856497835,719.8416072612299,1089.2822402509798,1017.701929043,1019.877348914,1096.17906688725,930.79511687,1364.1867871515,1229.18780446973,1360.6020978525,1702.8936337675,1753.43113528225,1528.693205974,2268.9029631515,2502.7087148055,2583.26185316075,2363.552990041,2627.434962208,343.41245191674,337.41898065398,1011.36635576248,1140.76640048423,1745.677201916,2883.64610938,2076.53722020125,2443.469378464,2416.26000840225,2243.89759602675,1408.2382628255,1301.92207618923,1355.31656078375,530.5008536817301,463.19623360701,806.771950754,641.88704242798,793.39150298275,737.43137752923,2942.498020903,2603.01647999275,3036.855071366,2910.2274287035,736.06070766775,642.219239792,589.57412862348,512.22011886173,462.32969446525,269.63206483648,554.21007818274,368.318281621,187.36422835189,1863.817848775,1969.48897774875,1679.086114588,1581.772580907,1658.92402372275,1674.0906024335,1617.11911489925,1465.044310331
78,1090.80584194298,453.50269066426006,505.647486331,1812.380136024,1401.107098544,1729.35331971775,980.11993831373,1400.56914660075,565.70582693276,644.70115090875,1281.798274205,769.5262770784799,486.01018055751007,548.55012780423,1116.76361546798,1059.292154186,719.64245785573,185.46964953176,398.21201168501005,676.9322114852299,968.32258850773,984.24444366898,474.38223512724,524.08663347374,1026.0876413735,1694.0254268555,1400.26871372225,1303.25778771825,1062.80274499325,887.17541947648,1030.5298226525,546.60531113875,738.7322177177299,1614.95208353675,364.26433915651006,717.0271073167299,768.76307814773,599.08478965351,631.70591587524,1630.11695347725,916.24742367525,1289.80572693925,1090.20924500475,50.0,1220.07042778673,1719.64626195575,1936.98754622275,1142.40596243225,941.33831009073,650.47896915225,1089.77148913525,484.19981614901,1175.12386718723,815.86462793975,515.94841942625,659.42950772175,620.80683241426,562.79614537848,616.004840044,935.78775829048,533.49100278051,850.0965031362299,929.41707133475,1007.28829788948,901.40139783598,593.94858046348,498.27686430723,472.64942403325,1611.18191499425,656.17569848025,714.9295141634799,797.62343095648,1008.23557797898,567.81258530826,723.1129702334799,645.5575554895,1815.5730509075,642.61074080426,1862.645321698,1776.42527982275,469.80012731275,1017.53983199023,624.84454466823,974.11850107475,310.4990887,491.0529169080101,450.37890330451006,640.67808436925,97.44545695801,514.4800824709899,303.79306024299,951.4361294335,504.09336289548,836.71535321575,904.46405471675,606.46691325449,1198.18457298925,728.19578501348,844.877527329,843.98073363325,1428.344896329,1308.85634042825,1270.59581256698,363.98876111801,283.30620361088,366.21039856399,403.59805551301,476.07962807423,474.3195512207601,897.8306893844799,277.34582035387,217.09648273413003,344.69729180199,231.44823279774,267.83315229551,347.97882661751004,355.20568203301,582.03712830075,778.9486661442501,681.3411494157299,656.6870868132501,1174.14474183398,1140.91094380625,929.1388524695,820.32459907048,172.6855252955,221.24710431251,249.73454131561,384.41948309398,773.3505048979799,657.5736278875,793.5312368932299,1597.76496167675,1232.57070353648,418.1233420695,778.5016704879799,521.99975897024,772.48143677625,822.611318915,199.84943585489003,119.84125229406,181.45374739989,343.22436912875,661.6933983957299,410.07437553874,584.71100577424,812.29741780698,922.62246022798,696.6599640214799,1201.21104122298,1435.0168674415,1575.18962119025,1295.861142677,1619.36257489475,722.9240734494799,828.75396271373,627.574768064,544.19214229573,674.35514982725,1815.95410667325,1068.46506900898,1529.33694633,1408.1879317745,1235.82536405625,340.54637817924,234.230148047,329.76819487373,634.8679921160101,727.49541911825,478.066691754,1120.4658184505,1223.46855044298,1214.845548955,1874.806173539,1535.32463262875,1969.16306865925,1902.155196733,1522.87981424075,1383.165010919,1384.7603809615,990.89458601825,1086.41212760198,964.15108886375,1177.1733786525,853.4230873492501,1111.1812929685,834.42179829023,1034.53665898148,1121.72495221748,594.63892364448,1092.84362813748,730.26308633048,824.77664150725,820.50626930975
8,2292.6610833365,1655.35797555375,1037.21072907998,792.6366925605,312.10674946088,1241.00573408325,1998.685181583,2350.20827110225,1337.23839290975,1217.92079481223,265.3623885745,1778.961560902,1666.7727161665,1485.98000809125,630.16037357323,2189.84919301925,1911.3810026555,1386.356372375,931.10930068873,812.0743456179799,777.4197082342299,1116.41183870375,963.2508776275,1606.6295957055,1945.1717790065,1320.43496764225,2602.12388055125,2505.11295454725,2108.21782063625,1110.5953401155,2232.38514482425,1727.36772868725,1940.58745911125,471.28302920425,1556.00292745225,1242.492208858,1709.64281022675,1682.2168923715,1146.6559847295,521.17500702823,2118.102745847,2239.44485144075,2248.0638885817502,1221.3814398185,50.0,610.70431550673,1473.4679262925,501.19819656776,1887.108076597,1657.343100556,2291.62665596425,1675.93840444475,2376.97910858075,1848.3690122875,1749.143830725,1902.0722437045,1058.9538176765,1764.651386772,997.73207793773,2008.25569306775,1735.34628767,1850.07203485575,2045.0720801605,2230.804532343,1949.37131491,1785.68712526325,1650.47865977625,1674.50459086225,432.9691380015,1858.031020652,1906.66805896325,1239.27141305773,2136.63964086175,1769.66787019775,1672.38167684075,1837.29602572475,706.63102368025,722.9556080277299,1312.107508843,1288.07769418825,1649.526874747,2038.994139724,1571.98552162875,2137.37953838,1502.23755893525,1643.25460053025,1540.22072542325,1792.87980527375,1137.63391393048,1666.68184065775,1040.547255229,1801.144505602,1477.88167984825,2028.45397879375,453.18397083723,1270.04177954225,313.73558033173003,1615.83940132475,1757.32495665375,1654.6597098925,223.09937398125,113.0231595772,139.99538961051,1157.4547913385,1202.82862527873,1245.77374988723,1326.73970849375,1210.81518130625,1313.56664329375,1916.57923709875,1479.201005824,1369.2981849975,1453.2746115345,1302.52674473675,1420.03483591775,1500.18051023975,1507.40736565525,1419.4732718765,1558.901157139,1461.293714975,1521.71350087375,368.36842004699,559.53615970924,2076.5650265535,1984.31986077675,1099.44033258075,1067.225197743,987.41964947898,903.8546451085,1432.66109463775,1306.4881402045,1525.020903364,709.39239640425,661.3714474395,1382.42387065875,1201.3515456335,1730.29625021025,1964.2199070115,1953.926585711,1369.0906470835,1299.49624380523,1234.34440705598,1408.77932162375,1813.89519386475,1562.2761337255,1579.472886836,1459.53942929925,1576.89528458525,1644.9526521305,773.15935253725,946.669281807,1277.96713673998,807.5135570425,1163.520925726,1924.779314843,2030.60920410725,1758.89003486,1696.393782422,647.36244561949,920.66296677948,1136.85921963623,1232.1143811015,1110.965366546,1056.44239143725,1140.31256353325,1230.031234824,1302.98446525648,1719.8036241615,1786.11307508375,1445.90841367225,2070.0449806505,2148.96484533225,2164.4846734565,1221.32753588425,1046.97704699425,1096.64843811323,1438.63557680275,2724.7351364125,2585.020177748,2586.6155477905,2192.74990819,2288.2673689955,2166.0064110355,2379.02870082425,2055.278409521,2236.685808858,387.09899018873,511.65871016323,1341.02254229975,723.47818103873,1169.26791154048,638.2253776895,832.77026873675,1073.22166401398
129,2790.7284648385003,2153.425201713,1535.27802980375,176.81078872337,386.40289932598,842.53317532423,2496.75240774225,2848.2754972615003,1835.30577441175,1572.0540277815,734.6133047014799,2277.02878706125,2131.54439866175,1984.04738959325,837.8030631512501,2687.9164191785,2394.41695363925,1884.423753877,1429.1766014125,1207.15398880973,985.06239781225,1324.05460906,1413.00122688325,2104.69682186475,2443.23900516575,987.09179549825,3139.201088776,3042.190162772,2606.2850467955,1549.387967129,2730.4523709835003,2192.13956652525,2438.6546852705,195.72623537874,2070.89268603725,1740.55943501725,2207.710036386,2180.2842738735,1644.72321088875,93.14035012161,2616.1701273490003,2737.5120776,2746.131114741,1719.4488213205,610.12240156523,50.0,1000.80382547623,708.8408550772299,2385.175458099,1965.834539555,2789.6938821235,2174.005630604,2875.04633474,2346.4363937895,2247.21105688425,2400.1396252065,1557.02104383575,2262.718768274,1495.7993786615,2506.32307456975,2233.41351382925,2348.139261015,2543.1394616625003,2728.871913845,2447.438696412,2268.723076247,2115.2503422715,2172.57197236425,290.38824230112,2356.09824681125,2389.704009947,1737.3387137815,2634.706867021,2267.735096357,2170.448903,2320.3319767085,105.69308822489,1140.36491404,791.9691101992299,767.67792826075,2147.594256249,2537.061521226,2070.05290313075,2635.446919882,2000.30494043725,2015.1406390905,1873.88794254375,2181.95669392,1635.70121465425,2111.53718451825,1538.61448138825,2299.211887104,1831.414593867,2511.48977443475,951.251271561,1623.574693561,783.70006027398,2113.9067828267503,2255.39233815575,2152.7270913945,457.76378579273,557.09525907849,609.19609274698,1655.52201749775,1700.8959260025,1743.841050611,1824.80708999575,1708.88256280825,1811.633869453,2414.64661860075,1977.268387326,1834.06986749275,1837.243053847,1730.06944979525,1893.860515254,1964.95234807775,1972.17920349325,1917.5406533785,2056.96838329825,1959.36094113425,2019.78088237575,616.72349288776,767.178812005,2574.6324080555,2482.38724227875,1597.50771408275,1565.29242390225,1485.48695020275,1401.9220266105,1930.728320797,1804.5555217065,2023.08812952325,357.57314903898003,711.70739484298,1757.4624349875,1408.994160647,2228.3634763695,2447.25585799525,2394.2919027255,1867.1580285855,1797.563544529,1732.41170777975,1906.846547783,2180.54851189125,1989.152107701,1933.005645512,1667.1821996555,1712.3471721615,1934.472081072,908.6112401135,716.67820750023,1042.02946118498,783.26339180373,948.74955735048,2422.84654100225,2528.67658560925,2271.092985241,2085.47067106825,1145.429709061,301.79573772801,1272.31110721248,1201.4049835395,1081.26810777848,1191.89420444898,1573.01544406125,1657.57409522525,1707.580324535,2217.87085032075,2284.180301243,1943.9756398315,2568.11220680975,2647.0320714915,2662.5520549585,701.1891372404799,811.09087066773,550.8041076107601,900.31391780775,3222.8025179145,3122.09723063,3084.6829292925,2729.826961072,2825.3444218775,2664.0737925375,2916.1059090490003,2553.34563568025,2734.75319036,885.1662909125,980.9096200765,1775.24778177775,1221.5454817625,1603.493225583,1136.29268462698,1330.837494896,1571.28896473775
157,2878.7096274705,2302.5091923155,2142.48394580225,837.60577785875,1168.7774137005,233.73662413025,2909.6557673835,3330.104901106,2500.65523899325,1323.026240055,1629.39057077825,2699.0619508055,2112.47079444575,2439.221686308,850.65270474575,2922.412203328,2309.84059340175,2115.00536675475,2023.203859872,1328.4038953745,1062.04715785725,1002.97862397623,1517.8487285965,2453.62242526125,2914.892992857,279.40117892025,3114.087137069,3017.0762110650003,2990.2016046295003,2210.842988968,2833.2867859995,2032.20799169025,2499.5664416585,1192.35293158973,2040.6572392055,2347.76535101575,2657.568348853,2528.6205068765003,2251.92912688725,1098.72606661625,2726.5855792505,3219.3414814445,2943.4024263935003,1939.16607294875,1474.2371835905,1002.27126765725,50.0,1008.18338281498,2830.143580796,1566.8606089635,2821.4117648185,2214.2527623305,2906.764217435,2745.400382445,2349.32592428225,2396.99191506325,2164.22695983425,2411.48135472675,2101.78352393125,2863.1865371485,2429.499094271,2779.632332206,2870.2005729965,2817.6263726865,2828.800176694,2243.60896919725,1979.8082412885,2376.06010087175,1287.0149944355,2495.32573992625,2364.58990289725,2339.518981132,2949.0189988625,2508.59604968775,2611.9183962815,2295.2180250015,919.79685017,1366.63638697625,221.74245506,292.54873062699,2399.335881818,2944.938766191,2554.3802183952503,2837.238394874,2141.72121289975,1695.48766816125,1624.86015481725,1902.231625366,1897.5753817775,1862.50939679175,2044.318046452,2956.14146395,1595.91234404025,2224.93552790525,1266.060189517,1374.5469058345,1722.21407761325,2603.35357376025,2733.4660203335,2719.138758501,1382.04887326025,1455.1244330015,1504.02368987475,2231.7611329975,2157.2382448545,2301.1597298462502,2294.26965751275,2316.088323464,2409.26896328125,2827.3663631115,2206.88159350025,1821.229080435,1694.92284192225,1738.21096332275,1881.0195728535,1934.71674590325,1818.70320732,2516.98642230075,2713.8981154870003,2616.2903626375,2547.35872609525,1101.9408848275,916.83213378625,2869.9221987885,2761.108019954,2003.65537286925,1815.37778507075,1849.79738887375,1698.505822451,2523.0642073945,2411.76128236225,2630.2942008645,822.3796283102299,851.29054207725,1521.59544038375,1159.96645369873,2480.609344505,2335.58834352875,1972.78410816175,2014.84377909525,2037.847710229,2065.2063646735,2243.9760441155,1704.05513150925,1760.09223240225,1598.36023509475,1299.75318071373,1235.8537917795,1486.13193330075,806.9766179339799,531.59974829523,368.91149830099,667.86927932925,467.54214587698,2608.55895397,2644.2738056225,1991.367916687,1805.74560251425,1487.18018617775,701.17981667548,873.33709584275,581.5652343085101,531.028627568,703.99276319248,1636.999414016,1721.65018343075,1612.2150996245,2636.997861898,2657.1076022565,2407.60244625925,3050.001417613,3153.0042241700003,3144.3811481175,304.49340128338,428.64824212799,458.62655942623,103.09178067049,3254.5204006095,3096.983278923,3116.4008119875,2704.713009365,2800.2304701705,2752.0549551695,2890.9916466565,2607.6035960575,3051.9646392875,1509.07263993525,1735.517786066,2441.2700358095,1771.049022588,2269.51547961475,1738.47287119925,1933.0177622465,2173.46923208825
41,2228.480604803,1614.8503340355,1206.10052884375,814.9946339752299,329.81894845701004,775.04964389748,2167.575062125,2519.0979963015,1506.12827345175,896.7109788424799,741.53009598798,1947.85128610125,1456.2012689445,1654.86988863325,162.45994586142,2182.40578981025,1719.073823922,1308.58324787375,1099.9991004525,531.810933657,309.71930537726,648.71144206049,737.6581779442299,1647.20030638025,2114.06150420575,854.47887745648,2463.85795905875,2366.84703305475,2185.9163806175,1279.4852206575,2183.05760798925,1516.796436808,1849.337418991,603.74651373423,1395.54955632,1411.3820894,1878.532535426,1722.1983879955,1315.5458652715,618.91134017876,2078.48956788325,2408.3345766400003,2213.322880629,1144.00343270873,500.404979204,708.44069215323,1007.5117553285,50.0,2055.997957139,1335.5328848575,2171.1828974937503,1564.02358432025,2256.5351947675,1938.978263564,1670.5034276505,1746.762737053,1227.84362365398,1725.03820880825,1166.6218777015,2058.90146847925,1656.6046011225,2018.961760055,2052.530706959,2169.53036131925,2024.51510802475,1593.37994652975,1439.90721255425,1682.496198636,608.78862871373,1818.41784268825,1714.36088022975,1408.1612128215,2131.34928816775,1690.92618365025,1841.27140204,1644.98884699125,804.36740032675,502.78436410575,908.34164587773,822.1216040024799,1592.913762937,2140.653542179,1740.87540217075,2097.232136699,1423.5973112035,1339.79750937325,1198.5448128265,1506.61356420275,1050.27279877825,1436.194054801,1181.227513742,1970.034386144,1156.07146414975,1836.14680006025,334.70245848876004,948.23156384375,790.85639008098,1784.72928186675,1926.21483719575,1823.5495904345,543.0904080167601,589.19089805923,616.16309702399,1326.34451653775,1291.47838310673,1414.663549651,1495.62958903575,1379.70506184825,1482.456368493,2085.46911764075,1400.45947461925,1158.72681855373,1161.90000490798,1054.72640085623,1218.51738553675,1289.6092183605,1296.836073776,1588.3631524185,1727.791037681,1630.18344017425,1690.60338141575,102.85655446473,91.83575063856,2052.25248809375,1943.43830925925,1112.89200810973,954.7418231535,986.70685616375,835.4153705192299,1601.550819837,1475.3780207465,1693.910783906,600.3794969102399,235.18521391513,1082.11930527025,733.6511117079799,1645.11343187675,1771.912728278,1701.0581038335,1290.45039935175,1229.31285538348,1253.95658458623,1428.391499154,1491.9506066875,1313.8091333265,1257.66259657298,991.83906993825,1109.19485065973,1269.32906700525,305.45895589399,480.71319162123,810.26669660075,341.55746685673,697.56483554023,1846.03778363825,1990.9960261435,1595.74985552375,1410.12769669375,526.62699074675,818.5686046244799,669.1588602752299,764.41394717598,643.2649326204801,588.74195751173,897.672314344,982.230965508,1032.23719481775,1757.981590458,1850.6090547425,1614.7981388715,2238.93470584975,2317.85472587425,2333.3745539985,920.50257228325,581.02099409074,1014.85939283898,972.67948661698,2604.29122259925,2446.7542562555,2466.17163397725,2054.4838313547502,2150.00129216025,2101.82577715925,2240.762623989,1957.37441804725,2234.2949285927502,577.71495240298,804.16009853373,1509.912267499,892.3679808025,1338.15771130425,807.11518366698,1001.66007471423,1242.11146377775
24,926.46206697973,707.53542917075,897.22508256675,2567.3455903385,2086.81562859775,2622.0038689825,157.52673236338,470.55614319474,551.77457726598,1537.3517001735,1807.31549634575,193.71570873001,921.985318832,406.18766265148,2009.4140839545,608.57689654548,1058.10207337825,766.0333145665,947.4879380995,1569.58267997175,1860.97305699425,1876.8949121555,1367.0326663315,438.70528710574,104.90787411961,2586.67597612025,1304.0430453195,1177.03030797975,398.22529659699,1014.61115512448,814.9107488902299,990.49994086873,868.2125746412299,2280.7191094302502,907.20919723023,767.4345061715001,173.82011145924,374.23365897648,770.70004689748,2295.8839793707502,783.59527848225,359.7927608155,661.25136749375,941.9844551525,1885.837372902,2385.41328784925,2829.6380954875,2076.6830870435,50.0,1494.58972466725,946.79192801498,797.8357037175,1034.33114052323,230.32708688873,764.41728393825,784.3128066445,837.57385803048,679.7097398552299,891.05945425473,408.01810355699,612.2161111497301,109.28159274183,448.28542984099,728.6287252577299,331.32938951123003,863.90452872,1038.49090868273,643.47615526451,2262.6630002267502,736.8639104634799,873.96336324623,818.7130733819799,525.7872078402501,543.4507286322399,268.45487747698,969.023724903,2481.33992145825,1566.806239001,2755.29571562,2669.0758290875,530.88148070149,287.92369229011,328.26649650948,641.67880236475,840.930578737,1329.70737638975,1315.95208656275,1170.37728868275,973.25844904623,1162.76091442848,877.370881032,194.55242827748,1396.743831382,1135.64739084348,1782.787342149,1499.11734445875,1723.70179513,316.51730295598,138.59569550962,344.17126396823,2051.495502873,1943.68747903025,1900.865230537,759.9896303132299,782.1721089849799,634.05889250949,572.0520070162501,709.18121104248,606.48707052973,162.59043377142,728.31120467673,1084.02295610698,1242.06338830348,1124.09874478023,1013.50161642575,1006.20516745825,1082.86409919198,457.30579186976007,450.36208900525,431.79824513023,373.82060260423,2094.4132871575,2063.0589064975,596.7788445902501,533.65388276074,983.46462306398,1097.63688403148,1081.21824275573,1239.91616003475,635.1494731790101,677.83979839525,523.18595620924,2484.10129418225,2125.221172023,1310.7737359915,1671.1521389745,517.43632956801,955.03286090248,1261.33971480823,886.39342407298,862.6911464997501,765.73498192198,656.65314752923,1432.40664321325,1234.90814589573,1428.8217985715,1704.9478862935,1821.650991344,1596.91306203575,2093.8615097095,2327.6672613635,2467.840170455,2188.511536599,2512.0131241595,656.5167565947299,742.1676226339799,1083.0176523935,1208.98617576775,1537.097248749,2695.371939122,1961.1155374955,2421.987340252,2300.8383256965,2128.47575797825,1233.19689016173,1126.88062274723,1222.41866336025,375.52125153526,388.97789803224,489.00037315226007,190.45287096788,293.45555946439003,284.83262011351,2767.456567461,2427.9751818935,2861.813617924,2794.805590655,1389.9556638925,1296.11419601675,1243.4690848482298,1070.760177362,1060.67773695148,833.71716357623,1152.76895806298,840.01359048375,553.3226796165101,1500.1887434055,1516.85127279875,1154.67377086348,1226.70511663923,1134.51152465548,1266.9471966195,1142.98445883325,959.50036304973
93,1360.89678304925,784.69634789425,1100.93379777925,1835.4823991185,1597.310584133,1414.97656529225,1527.9677553315,1948.416889054,1228.16906671523,481.48128074175,1763.166931453,1317.37409409625,594.65783196401,1109.83781430198,1206.0509745065,1404.59935890675,784.36632532873,740.9746648785,929.55245564823,901.05358541873,1039.2259097975,750.2382998674799,698.503646343,1074.30618631625,1582.91574820425,1323.7939439255,1596.274137305,1499.263211301,1472.3886048655,1418.51589450825,1315.4737862355,514.39510998674,981.75352267273,1871.23810591425,621.66351039825,1312.3134933295,1340.040620777,1145.38784729673,1226.99226460575,1886.40297585475,1208.77266026473,1837.65362473525,1425.5894266295,636.31244978374,1652.6060787375,1968.6695447425,1566.75606329275,1301.30512935075,1494.73388273925,50.0,1303.59907574,696.43984334473,1388.95137301375,1350.676006813,831.51300529648,879.17899607748,1216.09318735848,893.6684357409799,1147.34524051125,1345.37369272725,911.68617528523,1397.944320154,1352.38772857525,1299.81352826525,1310.98733227275,725.796124776,461.99539686725,858.2472564505,1876.28022089375,977.51282094048,846.777058476,1392.90981696925,1431.20615444125,990.7832052665,1294.39051286275,777.40510601573,1890.0754338075,943.9517157385,1609.46164938075,1523.2416075055,985.4189094235,1427.125766427,1160.27628170675,1319.4257057955,722.5062760165,160.44267112363,243.46071367136,384.41870638023,676.9684063459799,372.29187460148,886.33718999748,1522.713752841,223.22601560476,699.46125983223,1236.63431453373,395.17614832176,1679.55323023725,1263.62744748748,1416.1551507365,1379.41239610725,1810.58204369275,1741.3919168145,1751.96438903675,959.27511606223,884.752147141,1028.67363213275,992.50976536823,1084.17417916725,1136.78279100323,1445.67850640225,770.66897834748,436.16566305051,361.53473713174,497.63751083049,492.85485552575,515.72309787423,396.00855555449,1148.12669532198,1328.93874046275,1231.33122373423,1217.974773311,1395.06255679875,1272.230403547,1352.10950971,1243.29525631098,755.2296177677299,694.40221249298,772.5976331532501,810.3526819197299,1435.813775749,1252.85993933575,1455.99450774425,1620.867380114,1366.233893911,327.91281834998995,602.639149834,962.79642551923,810.1140754557299,447.3097593105,626.67028800898,726.291357463,792.38884630973,878.65603160275,178.58081994026,242.27935069874,114.68521515542,326.69504925048,389.57410350674,150.38947243237,1061.3669927332298,1337.22037315075,1204.95806369573,1198.06457382173,1249.13101740023,1090.74610954875,1126.46096120125,473.55503498349,287.932758093,1058.00917841375,1940.5798473165,698.23350530075,1079.612228628,1037.95629350175,865.5937257835,574.91955961673,520.73359749725,424.08586284275,1119.184862134,1139.2946024925,1013.49843500623,1668.3137162465,1771.31636746075,1762.693446751,1652.5352424435,1437.528138338,1806.668493792,1531.923713803,1736.7074008455,1579.17043450175,1598.5878122235,1186.90009037923,1282.41755118473,1234.2419554055,1373.17880223525,1089.79067707173,1534.151950209,1315.79037476,1515.90523545125,1717.01133823025,1049.72187882223,1572.6126403105,1211.63174357848,1342.63251456075,1312.18005390725
170,90.0940104433,635.66552179451,1435.113490632,2776.006632421,2432.0810461187502,2672.2205877185,851.00184068323,1241.53677638098,1239.94777539123,1514.56058860725,2414.828524961,819.52450312975,732.70569573148,1004.4415612175,2080.3900310867502,391.20387886151,717.70727244075,928.99205357075,1490.92208233975,1640.558627104,1931.94915946925,1861.139739765,1438.0087688065,807.3892828425,1050.64896435423,2581.037811009,380.14720328751,278.54040610137,581.36911719349,1725.3586809015,175.31780819425,797.788790207,363.24071121224,2706.0085679,824.7268572627299,1451.389682606,931.185337858,763.15520487273,1442.73631471725,2721.1734378405,247.80030659826,1174.22691814873,357.25737451049,1088.46257112375,2289.12625906025,2810.702746319,2824.0000857190003,2170.1371301007503,945.78336210375,1305.31017613125,50.0,695.5199035792299,115.93556895017,748.98949950023,632.52728755901,474.42911135548,1435.55171252975,532.8109122210101,1531.686350081,568.10462967826,611.02163724901,881.0808573657299,502.90246187801006,244.50385887874,666.8477454052501,601.380252188,849.2113601467299,710.91297201948,2680.237827046,436.75499616175,517.71229907024,1542.756695817,481.26193677875,606.57196223575,856.09715744775,628.3449574185,2830.59966711,1683.456838202,2866.7056718070003,2780.485474589,795.27052888675,706.89829398848,933.01256006173,312.39716583886,874.55009281298,1140.42775328923,1188.99232110075,981.09774014675,1166.765103717,973.48128511425,1420.80502527225,1072.89047327098,1331.58515955175,742.0783751172501,1976.139356219,1438.3989897945,2331.21482374525,965.05122553548,1012.59130791075,1080.83617415525,2497.40080838075,2377.91225248,2339.6516438405,1303.423849118,1243.62225279973,1173.245381876,1094.71473156123,1251.7577825245,1216.61226205075,786.6633785729799,812.15434713423,1018.4671474295,1161.4412777672298,1119.85447016473,988.278769451,882.8298613879799,1002.2419078775,1108.38504890398,1131.93594186048,1119.97144325548,1061.99380072948,2205.1186086305,2104.53744020325,370.84749771198,455.88825199375,1241.74136278273,1320.8716361125,1318.790353948,1484.04412674075,1375.30451242625,1361.7951301725,1255.78597537475,2561.39145807375,2196.19711915525,1308.268678805,1654.1551566405,725.3716538184799,598.78179672649,968.2224669985,994.9345849175,1024.15432628523,1094.53437862848,1011.78112090498,1243.12702011273,1108.12803121725,1239.5422500355,1581.8337859505,1632.371442808,1407.63351349975,2164.83745684175,2398.6433638385,2462.20200534375,2259.487639074,2506.37495904825,443.06183724723,306.78194795864005,890.3065079454799,1019.70662723175,1773.9797189095,2779.5804477275,1955.477527727,2322.409530647,2295.200315928,2122.83774820975,1304.1729118585,1192.50058176675,1234.9863578635,696.993093442,629.68844229873,973.26411594975,971.18306990623,1122.687530461,1066.72740500748,2838.432669936,2498.95112902575,2932.7894097135,2789.1675808865,482.18708363323,388.34561575748,344.06756957575,258.47317373298,162.0300689762,121.52714987755,228.87315331325,262.20516524124,480.71847327473,1903.47762956375,2135.9811429445,1880.37070618675,1663.694754918,1860.2086153215,1840.58276762925,1783.611280095,1631.5366308695
86,727.19630975998,90.2144942802,898.57509184248,2169.764773529,1825.83918722675,2065.9787288265,833.485932786,1253.9350665085,798.35532521625,908.31872971525,1736.711439757,622.89223426849,126.46392383142,572.45399677099,1474.1483275375,710.1174617967299,273.13158281251,339.31252799825,853.1250653902299,1034.31684899023,1325.70730057725,1254.897880873,831.7669099145,379.82436377075,888.43392565875,1974.79610745975,988.0000845575,890.9891585535,777.9068630982299,1188.82020133375,666.9202904695001,194.97855208186,340.30986573551,2069.8652490887503,218.48501701186,976.81400847275,645.5587982315,450.90598125526,906.1978351495,2085.0299636865,552.63785420999,1143.17172762523,741.0344718372501,485.16764497748,1674.9835125605,2174.559272165,2217.758226827,1563.8954265515,800.2519856292299,699.0683980174799,695.32494842798,50.0,780.67732026625,656.1941842675,137.03113925501,229.15117955349,899.0133137402299,199.18655105838,995.14795129148,650.8918328994899,217.20429060263,703.4624976085,657.90583146523,643.67868492825,616.50543516273,133.98675068164,242.96951989586,163.76539662274,2066.0949252035,292.56612901499,268.41868261623,1057.4103321125,736.72433189575,296.30132679761,599.90869031725,199.04668665999,2224.357808218,1077.21497931,2260.463812915,2174.24377103975,338.21340347748,732.6438693169799,549.09817702623,624.94380868548,220.75166035937,534.18593167949,582.75049949101,374.8559185370101,550.878324163,367.23950700048,704.1642615884799,828.23185573098,725.34330065975,390.2045216685,1351.04401378775,832.1571309025001,1653.0975831985,650.44693126349,721.6732536264799,766.2319233792299,1883.258061881,1763.7693506375,1725.50889734075,686.54147787925,606.70734654923,634.4865511002399,528.7594614542301,715.2193837349799,706.9691302824799,751.19668385675,220.32731988976,412.22536931573,555.19945615749,513.61268583725,382.03694784126,276.5880770605,396.00008626776,637.76140617751,817.33168487075,720.9658973075,693.102689611,1598.8767497385,1498.29558131125,657.6276125999799,548.81335298725,629.1395728670101,667.82710687948,704.64760744825,830.9995167295,1006.00004046373,911.86357670573,884.39377141675,1955.14959918175,1589.955415606,702.026819913,1047.91337852673,268.31455947776,325.97056794673995,465.81830738023,341.89005568448,420.85050210624,504.85489033824,430.56384814276,636.88523578525,501.88617232525,633.3004284257601,975.59200783673,1026.129583916,801.3916546077501,1558.5957532925,1792.4015049465,1855.9603017945,1653.245780182,1900.133255499,396.26424972099,465.14438703476,287.4962449655,413.46476833975,1120.93518967648,2173.33874417825,1349.235668835,1716.167671755,1688.958457036,1516.59588931775,697.9310529665,586.2587601570101,628.7444989715,424.70300230624,444.812779947,488.12412819548,973.83181913648,1076.83447035073,1068.21154964098,2232.19096638675,1892.70927013375,2326.54770616425,2182.92587733725,1128.433348098,970.89638175425,990.313759476,578.62599413576,674.1434984372299,600.54151939849,764.90483026598,481.51658082826,839.6700530989799,1289.334883064,1489.44974375525,1396.216908774,1049.55193385373,1367.335584694,1185.17617110425,1247.07295587,1094.99815130175
169,113.57177424681,721.05584075975,1519.21962836525,2861.3969886685,2517.47140236625,2757.610943966,867.3571766815,1257.89211237925,1324.053987689,1599.95094485475,2436.24454250425,871.28867177673,818.09605197898,1088.54777972898,2165.78038733425,420.08765114325,803.09755412373,1014.38240981825,1575.028220073,1725.9489833515,2017.339360374,1946.5300960125,1523.39896971125,891.49542057575,1067.0043003525,2666.4281672565003,292.39233776000003,152.48523254117,610.2528459792601,1809.46481863475,192.97534518351,883.1791464545,448.63103017748,2791.3989241475,910.117132732,1535.495975682,995.07703421925,847.26134260598,1526.8424524505,2806.563794088,331.90652510974,1190.582254147,386.14114679223,1173.85292737125,2374.51661530775,2896.0931025665,2909.3904419665,2255.52748634825,1007.05295362323,1390.70053237875,122.1125745652,780.91025982673,50.0,800.75358736898,717.91760652425,559.81942410701,1519.657850263,618.20123118625,1615.79248781425,621.88801795426,695.12781847823,932.845019799,560.008749637,273.38763116048,718.611833274,686.77053387098,934.601635616,796.30324748875,2765.6281832935,520.8611711772601,603.10265531774,1626.86283355025,510.14570906049,690.6781807472299,940.20337595923,713.735313666,2915.9900233575,1768.84703910675,2952.0960280545,2865.8758308365,879.37666662,723.25362998675,1017.11869779498,371.77127755026,959.94044906048,1225.8180287585,1274.38260278373,1066.48802182973,1252.1554599645,1058.87164136175,1504.9111630055,1124.65456113973,1416.97551579925,827.46873136475,2061.5297124665,1523.789346042,2352.63068594575,1049.15736326873,1064.3553957795,1164.94239266673,2582.79116462825,2463.30245338475,2425.042000088,1387.52998685125,1327.7284650975,1257.35151960925,1178.820943859,1335.86392025775,1300.718399784,850.64152006775,897.5446226035,1103.857503677,1246.8316340147298,1205.24482641223,1073.66905113398,968.22021763548,1087.632264125,1192.49126120175,1216.04215415825,1204.07758098873,1146.09993846273,2290.508964878,2189.92779645075,434.73810667398,539.99447050523,1327.131638252,1406.26199236,1404.1807101955,1569.4343276455,1459.4106501595,1445.90126790575,1339.892113108,2646.7816589785,2281.58747540275,1393.6590350525,1739.545512888,809.47786611625,684.1721156917299,1053.6127486814798,1080.324941165,1109.54468253273,1179.92473487598,1095.88733320275,1328.517295582,1193.51831290023,1324.932606283,1667.224142198,1717.7617990555,1493.0237144045,2250.22781308925,2484.03356474325,2547.59236159125,2344.87783997875,2591.76531529575,527.168049545,390.88814782899,975.69686419298,1105.09690891473,1859.370075157,2864.970803975,2040.86772863175,2407.7998868945,2380.59051683275,2208.22810445725,1389.56311276325,1277.89086344973,1320.376714111,781.09923117525,713.7946545965,1057.37033446123,987.5384059045,1139.04287267298,1083.08274100575,2923.8230261835,2584.34148527325,3018.179765961,2874.557937134,365.41053874424,271.56907086849003,218.92395348626,326.3878558555,219.19475939548,205.63335596161,186.00197185375,347.59548420648,499.623915857,1988.86798581125,2220.08728067775,1964.47699926275,1749.0851111655,1944.31475305475,1924.68906070525,1867.717573171,1715.64276860275
21,695.09371763775,564.253334938,859.12354490325,2529.244052675,2048.7142462770003,2544.44480679075,212.407598527,651.10721251551,561.20263944898,1459.79263798175,1816.74355852875,76.73406170134,778.70330537748,364.24671086124,1931.8551771055,412.77535721525,914.8199791455,656.2936844057299,905.54702980523,1492.02377312275,1783.41415014525,1799.3360053065,1289.4737594825,295.27149757076,318.89720980937,2509.1169139285003,1109.8130340265,1008.20629276375,297.06292880489,1059.67732964148,616.2322991122601,847.2179212005,631.98852161975,2242.61757176675,807.4316914132501,772.64462744198,200.52244278499,242.78679332589,780.1281090804799,2257.78244170725,589.36534796748,573.6349869210101,483.08310061523,823.53926193898,1847.7358352385,2347.31175018575,2752.0791886385,1946.8022565105,230.71530706211,1351.30778577725,752.5619912865,654.55360948475,803.6651765322299,50.0,621.13522698776,618.10957896375,823.8146038565001,513.50646867851,900.4875164377299,183.58390660725,468.93401691698,138.29042836474,251.08077886937,531.4240929272399,106.89519256149,720.6225152654799,895.2088890145,519.4609924069899,2238.8474032242502,569.81790486801,707.7601355654799,864.01155987475,328.63279471398,377.24746366923,193.30859887823,825.7417114484799,2443.2385391375,1447.00699760025,2677.736808771,2591.51676689575,399.43463990574,230.90266905974,286.32552607811,444.47417003426006,709.48373794125,1186.425282157,1222.19326103,1027.09527522823,901.84179453223,1019.47882019573,835.4298919595,330.10000698773,1319.184924533,932.12617433023,1744.6858044855,1421.55843760975,1733.129857313,286.30608959323,269.80082298637,377.07110615201,2056.010384559,1936.52182865825,1898.26122001875,718.04871580525,740.2311199124799,592.11794071925,530.1110552260101,670.63034136775,578.82125997251,111.91141501142,596.86436388098,990.26413057423,1148.30456277073,1046.539757153,919.742790893,906.42766785498,989.105192881,429.63995024399,453.19088048275,441.22630731323,383.24866478723,2056.311749494,1956.00243087925,399.5741749775,326.84033200398994,941.523708556,1025.64344188673,1039.27732824775,1197.97517096225,668.0493215765,683.04999423025,556.08580460673,2412.85644874975,2047.662265174,1233.2148291425,1593.5932321255,410.26540983898,788.82963322173,1118.05762057548,792.63459854023,752.9515909035,730.6252648452501,565.241314828,1289.1245489805,1141.14932036298,1285.53978511698,1627.3889794445,1678.36889711125,1453.630967803,2016.3026028605,2250.1083545145,2390.28110826325,2110.95262975,2434.45406196775,442.23886863999,534.09932498951,939.73563893898,1065.70416231323,1498.9957110855,2657.2704014585,1883.5566306465,2344.428433403,2223.2794188475,2050.91685112925,1155.6379025345,1049.32163512,1144.85975651125,252.04229456848,209.43632046549,467.25052403926,363.61527986475,507.29781042474,476.29780385975,2689.897660612,2350.41611970175,2784.2544003895,2717.246683806,1159.28962533698,1065.44815746123,1012.803040079,862.69184864898,866.4478002230001,639.48718956549,958.5390213345,631.94533633525,434.68054907825,1462.087205742,1526.27933498175,1201.62565102273,1188.60357897573,1181.46347937925,1228.845658956,1152.41252101625,968.92842523273
88,620.98345712101,61.69336654148,920.08975203198,2277.03375802925,1933.108171727,2200.3806547555,798.46002622975,1218.90924073048,819.8700661839799,1043.10124538175,1809.4848578495,587.8663649945,260.86589325639,571.39211101425,1581.417156695,603.9046526537301,306.24288997501003,358.67973001175,894.843833552,1141.58583349048,1432.97612973475,1389.299806802,939.03581985023,344.79849449676004,853.4080191025,2109.19803338875,924.33558007498,827.32457329275,656.79862290775,1210.33486152325,560.70744404424,329.38053393425,276.64534261186,2142.63866718125,301.12580658436,998.32866866225,610.5329289575101,415.88011819498,927.712495339,2157.80353712175,446.42500778473,1108.14582106898,634.82166269425,518.1502848470101,1747.75708599575,2247.33284560025,2352.160152756,1671.164255709,765.2261536375,833.47032394648,631.66040044949,136.71624085963,717.0128157837299,621.16835848948,50.0,165.48665021613002,920.52797392973,92.97373570167,1016.66261148098,615.8659636255001,182.17842132864,668.43659105225,514.41437248774,537.46587578525,581.47956588874,112.04539502644,377.37150174825,137.08430997148,2138.86849863875,186.35330123086,228.444562666,1078.924992302,593.23287291826,255.63181813386,564.88282104326,217.16458499573,2331.6266373755,1161.96423602825,2327.29894370325,2241.078901828,303.18753420349003,697.61803732525,514.07230775224,518.7309560465101,293.52517787123,668.58789489075,717.15246891598,509.25788796198,623.65186031599,501.64147021174,723.5314636019799,793.20602373925,859.74530736698,383.7882447225,1423.817587223,966.55913760973,1725.87115663375,615.4210619895,686.64742163475,731.2060168229799,1956.0314799735,1836.54292407275,1798.28231543325,758.98308385775,626.07454856273,656.001248572,550.27412164373,736.7340439244799,728.4837904719799,716.1707773005,241.84199872039,535.75905042648,678.7331745505,637.146366948,470.59835914048,400.12175817125,519.53381087448,655.5057051995,782.30585909273,738.7101590472299,692.040766572,1706.14573423875,1605.5645658115,504.53309472476,405.32189400976006,671.4290392237299,740.6005995365,777.4211063189799,903.77301560023,1027.51470065323,933.37823689523,902.13803315648,2062.418583682,1697.2242447635,813.6850945927299,1182.31530445573,233.28871505861,285.772251126,609.93229932149,414.6635483415,453.84200272623,524.22209235174,461.46218598473,771.2872424924799,636.28817903248,767.70239785073,1109.99400833025,1160.53159062323,935.79366131498,1665.86458245,1899.67048944675,1990.3622277235,1760.51476468225,2034.535181428,290.05144057799,358.93157789176,421.89820817676,547.86677504698,1193.7086823335,2280.6077286785,1483.637594764,1850.56975302675,1823.360382965,1650.99781524675,805.1999629022299,698.88377005225,752.2781800822501,389.67713303225,409.78691067301,487.06224243874,938.80591258023,1041.808638359,1033.18571764925,2339.45979554425,1999.978254634,2433.81653532175,2317.32780326625,1064.76876283725,907.2317964935,926.64925499348,514.96145237098,610.47895045874,494.32867297323,701.2402450052299,417.85207634574,696.1785568392299,1362.10845649925,1562.2233171905,1417.7315689635,1122.32550728898,1388.8502448835,1257.9497445395,1268.5876160595,1116.51281149125
105,533.1320056852601,206.14722977861,1058.98255608525,2352.26128088625,2008.33584992675,2248.47523618375,786.0812285105001,1228.44790695148,902.78977055725,1090.81531785073,1921.33583210375,607.19302255025,308.96049953948,673.8541694585,1656.64483489475,584.6071560390101,293.18268438974,499.47373670001,1035.63788373623,1216.813430912,1508.2038079345,1437.39438823025,1014.26349804998,429.57338276876,872.73467665825,2157.292614817,768.48881741575,671.47781684723,637.501169789,1349.22774635475,473.66827984824,374.043594015,124.99103222673,2254.4896414355,400.9815802925,1137.22147892923,688.92536772075,468.68876799699,1066.60530560598,2269.654511376,359.38584358873,1127.47247862473,576.2026099535,658.9442977489799,1859.60790490725,2359.1838198545,2400.25473418425,1746.39193390875,784.55281119325,881.56490537473,475.83426109375,229.52994246025,561.1866764279899,617.99660750224,166.53731401260998,50.0,1059.420777983,105.3492898643,1155.55541553425,538.0212261165,212.25748150711,687.763248608,495.11691936899,450.42671158925,564.42697085024,138.23429992231,425.4660831765,281.39463650761,2250.719472893,131.29769932833,93.18773587407,1217.81780256898,573.9354197995101,255.03440719962,613.8372245927601,203.82038800862,2406.85431557525,1259.71156744548,2442.960475615,2356.74043373975,387.96242247549,672.75139127625,598.84719602424,499.43350292776006,447.21725580973,716.682476319,765.2470503442299,557.35246939023,737.2468303422299,549.73605163999,864.3255075725,875.42055280575,907.83988879523,317.55382434850003,1552.394160027,1014.65371903798,1837.722130888,700.1959502615,771.42230990675,815.9809050949799,2067.8824542277503,1948.393898327,1910.1332896875,896.11570542448,766.86859253325,797.11437276473,687.40666243223,875.62684797775,840.481327504,735.49743485625,382.63603026349,594.7219512375,737.696000797,696.10927397273,564.5335359767399,459.08466519598,578.4966744032399,762.42485782675,867.08074736473,855.1161679815,767.61649330998,1781.3734124385,1680.7920886685,485.23560432375,386.0244408910101,812.22308319425,894.292677475,889.2720805732299,1057.46509353873,1087.42698178773,1043.85714320325,990.93070631448,2137.64626188175,1772.45192296325,884.52340804848,1230.40988588398,318.06358468948,174.25722731661,543.6978789474899,568.35566356226,594.63600941449,665.01609904,602.25619267299,819.38182392073,684.38276046073,815.79697927898,1158.0885897585,1208.62617205148,983.88824274323,1741.09226064975,1974.89801230375,2038.45680915175,1835.74228753925,2082.62976285625,270.75396881811,271.89239505463,466.5612682575101,595.96135647523,1347.400760272,2355.83540687825,1531.73217619225,1898.664334455,1871.45496439325,1699.09255201775,880.4276411019799,768.7553110102299,811.24108710698,427.45077943276,409.95177282673,593.98146963051,958.13257013598,1061.13529591475,1052.51230064048,2414.687473744,2075.20593283375,2509.0442135215,2365.4223846945,908.94266697748,751.3850400479799,770.82315292,359.11468971175003,454.63218779951006,406.47725881974,545.39351962826,262.02591834887,676.8811037204799,1473.95927541075,1674.07429144475,1556.624453795,1234.17648154323,1527.74297437225,1369.80071879375,1407.48034554825,1255.40562175823
185,1416.1427233165,856.7223374519799,93.10358981325,1739.85946058575,1259.329498845,1931.35046851075,951.10797098098,1302.59595303873,289.62618669301,985.05890570723,1020.09436273575,755.38402846123,902.63567054925,505.95627043574,1318.7608388255,1209.825492646,1134.96186328773,654.43361031723,231.2932380155,899.3143679897299,1170.31989264348,1223.76354632523,780.26683015623,626.60582076773,897.5595355075001,1982.722781964,1782.16022346725,1690.505670826,1084.64036276,317.18282857924,1337.28126750875,994.30972181248,1116.9780630275,1453.2329796775,829.14953991975,228.26493052361,686.06519700775,702.19311743373,132.42867532655998,1468.39769427525,1238.53213691048,1191.83260794175,1268.04011364398,620.08503543324,1058.35124314925,1557.92700275375,2225.68490133125,1249.19695729075,839.4959138762299,1214.7504046274798,1434.86136934875,899.51918429875,1518.943894984,824.79155441125,919.168022718,1054.73424255825,50.0,950.13117576898,99.63827521701,1002.48253379725,854.19389807475,802.45971679223,1065.04830522273,1250.78083196975,925.79385703375,1009.26798589548,987.20698525423,820.7685686499799,1449.46265579225,1022.90505988973,1130.24891959548,299.96149403198,1156.61586592398,859.05076993173,648.80414439998,1060.87688635698,1653.8537917055,801.3205884064799,2064.64262583375,1978.4225839585,669.50317437375,1015.41668184775,591.9618212555,1157.35576344223,757.2558278205,1055.3243896655,940.92975865823,1119.09336525425,489.2552533227501,1078.75155522848,255.64325136026,753.53234288123,963.01180513525,1252.03475864775,955.30113783173,1000.19472655348,936.48058695548,576.40560564549,709.7127939329799,607.04758445399,1266.62571790523,1147.13716200448,1108.8766279295,277.90814246774,358.81138609923,298.07724239787,371.66828530701,187.23768614774,289.98908599814,893.0017792225,695.42086946925,781.36797413275,895.3678854259799,707.0950324745,832.1046250530001,895.81806871548,919.4771547905,395.89577671799,511.28895092226,413.681471476,496.67795866374,1266.92708284023,1264.18683673023,1096.54132618025,1004.2961604035,384.65206847299,511.58192734876,401.46543567649,560.16335295551,403.56380554349,262.83183653587,481.36458105424,1656.6151644295,1407.53626893825,826.78056298225,1118.85941907275,750.2724752724799,1187.80084220825,1270.31572958873,760.8794335852299,614.72722670348,494.74506610775,500.00997987301,1225.96490843548,974.34584829623,1077.67588124925,1206.02526838823,1316.350230031,1155.57840626125,1403.2082645805,1637.01417157725,1863.88697629875,1497.85844681275,1908.05993000325,1014.16221457698,1150.41302991648,1075.27917873773,1108.46357155725,709.61104443173,1867.8856540265,1357.16234333925,1818.03414609575,1696.88513154025,1524.52271916475,672.30548301923,674.38800792573,747.3412321445,739.7798492237299,806.0893001459799,465.88459523851,1022.43266258698,1101.3526826114798,1116.8724299575,2076.80347767475,1737.3219367645,2043.87112536025,2190.8525518415,1894.1522489385,1800.3109364055,1732.15414950025,1372.78609576325,1468.3037119115,1321.78660491,1559.06504374025,1251.6676837295,1239.73775199323,672.70261365275,729.6300646242299,554.20747463825,399.2189433905101,467.939587196,439.46099230223,351.56328600924,210.65700379499
104,534.92233087901,110.38916169449,954.47331631698,2332.028353727,1988.10276742475,2263.08304702275,698.789477003,1133.72665230425,798.28053078898,1098.09592185773,1825.5777453785,502.68378278198,323.56826688251,569.3449669724899,1636.4119077355,508.62769970749,359.92790900800003,403.71569347073,979.10477344248,1196.58050375275,1487.97088077525,1452.00219906925,994.0304901125,325.06414300049,768.22543688998,2171.900425656,844.3851715897299,747.3742455857299,561.52171345748,1244.71842580825,474.64631780224,392.08288891924,182.8486693715,2158.73155471025,356.12049548776,1032.71223294725,584.41612795248,364.17956551098,962.096059624,2173.89642465075,360.36391882499,1022.96323264275,539.5447097480101,563.1862483059899,1763.849818182,2263.42573312925,2414.86254502325,1726.1590067495,680.04357142498,896.1727162137299,533.88794700273,199.41861448575,619.2403561232601,513.48736152026,93.14144373457,106.45907711143,954.91153821473,50.0,1051.04617576598,462.04172628901006,107.74824795255,583.25404612199,419.1374195415,451.40474954325,477.13521934274,177.05793903862,440.07385673324,185.63656842349,2154.96138616775,100.29218120257,196.10960264461,1113.308556587,497.95592618573,150.52516121764,509.32798482449,270.84957917388004,2386.621388416,1216.95891250423,2382.293539401,2296.07349752575,283.45315785238,593.2736534969899,494.3379500422601,423.45400931398,348.51984813350003,731.2902871580001,779.8548611832299,571.96023673326,641.4887436169801,564.34382519673,768.56742084725,770.91131303748,922.447618856,420.47569733275,1478.81218292075,1029.26152987698,1741.96404416275,595.6867104932301,666.91307013848,711.471659113,1972.1243675025,1852.63581160175,1814.37520296225,791.6064594425001,671.110505808,692.6052075609799,582.89741645025,771.11760820948,735.9720877357299,630.98823237024,286.87794353824,590.75372068875,733.7278510264799,692.1410434239799,525.5930294027501,455.11643464723,574.52848113675,657.9156180584799,762.5715013827501,750.6069282132299,663.107247328,1761.1403299365,1660.55916150925,409.25614799223,310.04496591836,716.464996469,795.59527601248,793.5139938479799,958.7676858625,982.91773580575,939.34790343498,886.4214603325,2117.41317937975,1752.218995804,868.679764855,1245.01769672298,213.5543387075,277.17910030086,646.61975193174,469.65822481748,498.8779599715,569.2580495970101,499.96376851174,833.9895539815,698.9904905215,830.4047901179799,1172.6964005975,1223.23390211225,998.495972804,1720.8593334905,1954.6650851445,2053.06461999075,1815.50936038,2097.23757369525,194.77448763175,272.87043300863,484.60060044401007,610.5691238182601,1248.70335880948,2335.60232437625,1546.33998703125,1913.272145294,1886.06277523225,1713.700207514,860.1946331645,753.8784465282299,807.2728565582299,322.94153966449,305.44252684475,489.47222986224,853.623324154,956.62605614648,948.0030546585,2394.45454658475,2054.97285033175,2488.81128636225,2380.0301955335,966.99634667275,827.28146878648,828.87683882898,435.01104388573,530.52854197349,408.26758401349,621.28987380224,297.53958249899,600.90164117525,1378.20134402825,1578.3162047195,1452.1151332485,1138.41839481798,1423.2338091685,1274.04255750398,1302.9711803445,1150.89637577625
193,1511.5989790785,952.17851243575,150.22339239149,1678.4029171735,1197.87295543275,1885.94409337125,1003.05210109698,1354.54015771925,341.57039758724,971.54633582025,892.54235614623,831.0789776529799,998.09185174673,601.41244541951,1273.354463686,1305.28159306525,1230.4180382715,701.54230587575,216.13382371238,836.8536890414799,1107.85921369523,1161.30286737698,809.20532036823,722.0619957515,949.5036656235,1920.26210301575,1877.61647922925,1785.96177124525,1160.33531195175,259.17038927724,1432.73752327075,1089.76589679625,1212.43424422498,1391.77643626525,924.60572111723,274.72943833901,761.76022697773,797.6492924175,178.89319556938003,1406.941150863,1333.98831189425,1243.77681883598,1363.49628862775,611.63668269223,996.89462517248,1496.4704593415,2163.224222383,1187.7404138785,891.44011855675,1142.76861318898,1530.31762511075,994.97536549623,1614.39999540325,900.486503603,1014.62420391548,1150.19042375573,100.24909533743,1045.58735075275,50.0,1078.17756376723,949.65007927223,854.40392147275,1160.50456098473,1346.23708773175,1001.4888062255,1104.72416087925,1082.663160238,916.22474363375,1347.88993459175,1118.3612348735,1225.70509457925,286.45379569364,1252.07204090775,954.5069449155,724.4990935917299,1156.33314211898,1592.39724829325,738.8599094582299,2019.2360953515,1933.01605347625,764.9593555712299,1091.1116310395,687.41800245298,1252.811938426,852.71200901798,1033.50984340398,927.41718877125,1214.5495464517298,527.88911330824,1056.93700275325,324.91472191612,805.4765475617501,949.4993160265,1347.49101440975,893.8445944194799,986.68223744473,808.92865493048,628.34981032601,761.6569986135,658.99175185225,1136.72236267348,1028.9142580525,986.09209033748,372.00689521975,423.85129529025,393.53344223648,467.12446650449,282.69386113151,403.27960287551,968.69672841425,790.8770506667299,759.5534278712299,834.53628589698,693.58254336575,810.2900787914799,890.4357531134799,897.66260852898,509.18631223649,563.23312453423,465.62563887426006,548.62216334426,1205.47053942798,1202.73021253975,1191.99750737773,1099.75234160098,489.69553195851006,498.06940095775,387.95290928548,546.6508265645,450.02833821373,314.77602257526,533.30878573476,1595.15862101725,1346.079725526,813.2680738735,1105.34685539948,845.72865025625,1283.25702340573,1365.7719045725,759.3458899572299,649.67142297323,529.6892623775,595.46616107049,1204.15035596025,952.531295821,1064.16331757598,1192.51269850125,1302.83774092225,1142.0659171525,1340.74758563225,1591.607641095,1801.4262973505,1452.4519163305,1845.599251055,1109.61838956075,1245.86920490025,1170.7353537215,1086.64902529573,647.15036548348,1806.42911061425,1294.701664391,1755.5734671475,1634.424452592,1462.0620402165,658.7929939104799,660.8755188169799,733.8286684712299,835.2360242075,901.54547512975,561.3407764359899,1074.3768672675,1153.296887292,1168.81664085173,2031.39710253525,1691.91540628225,1982.414581948,2128.39187289325,1989.6085047005,1895.76703682475,1827.61040526225,1468.24235152525,1563.75981233075,1417.24270532925,1654.5211441595,1347.1239394915,1315.4327757495,611.24603295824,602.078051821,528.8280794537601,336.75822716,413.26720964401005,359.302809782,255.58649533312,191.40555077137
179,517.32126408623,558.16743473899,1036.60427098398,2706.7246979775,2226.1948915795,2656.4172590755,271.74338407512,704.09917297623,738.6833593160001,1543.3212113705,1994.224359174,254.21476292723,772.6173616825,541.7274307282601,2043.82762939025,235.00284152663,831.65490779175,768.2662920332299,1079.99328439375,1603.9962254075,1895.38675777275,1884.106233296,1401.44636711,400.70810248798,513.21139823174,2620.9494023955,924.84230812548,823.2354860845,131.23022465144,1237.1580495085,438.45980827848,841.13198371923,458.91320408224,2420.098372412,801.3458284965,950.12527274448,378.00312536975,356.47405558676,957.6088289475,2435.26308700975,404.39457857049,636.78935202624,305.31060356774003,935.51186956648,2025.21663588375,2524.79239548825,2863.9116771055,2058.774864138,392.9310976165,1345.22176751775,567.59122188951,648.4677092857399,625.89264220248,183.67969716061,615.04932678875,537.92701384548,1001.295249159,462.80430384876007,1077.96823630475,50.0,470.74674874899,315.77112959063004,73.30826939446,353.65155859748995,101.53799277531,631.16994610548,889.12295153323,518.79795226773,2416.32804852675,410.772212454,631.65993442124,1041.49228595548,154.23874150317,378.55843841874,370.78928146299,724.961623523,2620.71918444,1558.97960522775,2789.7094163985003,2703.4892191805,517.29485581873,148.40268836955,463.806227304,266.70165434564,793.74514385998,1180.33934467573,1228.90391248725,1021.00933153325,1013.8143213815,1013.39295727898,1009.87615276173,507.58068957249,1402.8453839165,856.02601046825,1820.8329564225,1509.687952568,1910.6105026155,463.78677217799,447.28152421226,554.55179495048,2233.49118520425,2114.00247396075,2075.742020664,892.49497660748,883.5864551450001,766.56420152148,720.0767154065,845.07660216998,756.30194877098,233.81115136799,708.83689073025,1035.97901641523,1178.95314053925,1137.36633293675,970.81832512923,900.34172416,1019.75377686323,607.1206701110101,630.6715630675101,618.7070271802501,560.72934737199,2090.5135627615,2067.97503850675,221.80167793001,154.45318284898,998.62848016975,1137.615968736,1096.3820998615,1255.08002335423,845.5300476572299,860.53063953275,733.5665244737501,2524.8290563772503,2159.6348728015,1313.90497980325,1677.12180551425,424.35592932048,712.72939479523,1082.17002778498,904.6071253895,864.9241239664799,832.90922593348,667.5252759162299,1283.03868606375,1148.03962260375,1279.453841422,1621.74553267975,1672.2830341945,1447.54510488625,2128.27505514525,2362.080962142,2502.113752073,2222.9252373775003,2546.2867057775,269.16314099762,362.96687922625,933.649695244,1059.61821861825,1590.724051533,2743.0180460310003,1995.3891191135,2362.3211220335,2335.1119073145,2162.74933959625,1267.610510162,1161.2942427475,1252.49822684923,290.31193172861,223.00729301276,566.58297287749,433.74546650148,585.24992705625,529.28980160273,2801.8702682395,2462.38872732925,2896.227008017,2829.079172273,981.51709100723,887.675697696,835.03058652748,691.5594401679799,681.47699354375,454.5164201685,773.56821465525,460.81289057199,248.12759513138,1639.56800638725,1703.75998028425,1379.10637088975,1341.58364031275,1358.94412468175,1406.3263042585,1329.89316631875,1146.40914509975
68,621.7632777260101,124.09162255907,858.65099225775,2343.1779242655,1915.2950185845,2278.0563793525,644.76088330298,1065.21001702548,702.45820672975,1109.245411618,1807.1888920045,434.16722206773,338.54156193,473.52264291326,1647.56132293125,586.91842625174,474.65827919399,366.08519230749,883.28244938325,1207.72999972673,1499.120295971,1450.0304335435,1005.17998608648,229.24183758239,699.70887617573,2186.873602643,940.17960851848,843.16868251448,589.18177011924,1148.89610796273,561.4872646492399,407.05618396673,274.99738594163,2128.876076245,367.26999146174,936.88991510173,494.97625340201006,296.19914855037,866.2737417784799,2144.0409461855,447.20482838973,954.4466719285,617.83543629226,533.33073255848,1733.99433971675,2233.570254664,2429.8357220102503,1656.59372713,611.52696721476,911.14596776525,611.62654191751,214.39190953324,695.7090302705,467.46917206674,180.97348975399,212.75362760948,859.0892141555,108.15050489682,955.22385170675,462.16677720276,50.0,514.73744812548,457.04330611823,538.24569639025,427.78041674826005,280.460771818,455.04715178073,89.135048579,2125.1059077025,180.92438280386,302.40415935637,1017.486313306,535.86180654875,95.43882009174,440.81142411024,385.579968001,2329.49704361575,1156.79854899798,2393.4431099395,2307.22306806425,187.63085864799,543.91885090251,398.51563219674,501.74473585823,359.66934410748,746.2635449232299,794.82811273475,586.9335317807501,611.63326515173,579.3171140305101,813.16531775123,677.64934818375,968.76950959948,526.77025404451,1418.6518194145,1075.6121528155,1723.57519078875,499.864386434,571.09074607925,615.6493785497399,1942.26888903725,1822.7803331365,1784.519724497,695.7841415969799,635.98261984323,596.78284621949,487.07513588699,675.29528415025,640.1497636765,562.47163437373,295.06500977375,601.90321666273,744.87734078675,703.29053318425,536.74252537673,466.2659244075,585.67797711073,562.09333128151,666.7491835372299,654.784604154,567.2849667647399,1688.33258109625,1671.70873204775,456.76508725298,347.95086492251005,686.60951800375,735.4349125062299,763.6585153827299,898.60732235625,887.09541796023,843.52557937575,790.59914248698,2128.56274991825,1763.36841099975,879.82926082898,1243.04593119723,117.73203950311,383.47363837149,677.8959579062299,480.80771457775,462.743061523,531.62755464748,404.14148794848,848.96288631125,713.96382285125,845.3780416695,1187.66965836273,1238.207234442,1013.46930513375,1732.00874868625,1965.814655683,2068.03779697775,1826.6589309185,2112.210906025,250.55030201925,334.39154308149,499.5738954915,625.54241886575,1188.54299530323,2346.75189491475,1561.313319361,1928.245322281,1901.036107562,1728.67353984375,871.34412913848,765.0279362885,818.4223463185,254.96114134501,256.08773046398,393.64990580301,785.10676343975,888.1094954322299,879.48649394425,2405.6039617805,2066.12242087025,2499.960701558,2395.00352786325,1064.81917466648,923.07590571523,926.699660609,530.80551809674,626.3230161845,495.10849357823,717.0843480132501,384.38052934599,638.80752775198,1348.34571022025,1559.51864457025,1356.2928899675,1144.87280530225,1327.41141054475,1264.12035003323,1207.14886249898,1055.07413249525
22,827.5074924877299,610.72551668525,859.35757186298,2529.47815419925,2048.9481924585,2579.081735101,183.60260366064003,575.61968939098,513.9070976307601,1494.429566292,1769.4480602065,99.3383953587,825.1754063465,366.20519147501005,1966.49210541575,545.1890885692601,961.29216089275,690.9306127159799,907.505510419,1526.660701433,1818.0510784555,1833.97293361675,1324.11068779275,329.90842588101003,194.41813136325,2543.7539975815,1242.22680887648,1140.6199868355,367.54335741948,976.743638207,748.6460366799799,893.6900283832299,771.4026621557299,2242.851673291,810.3992847447299,729.56699546773,133.83764649648,277.42374649098,732.83252998,2258.01638788875,721.7790420392299,464.85630701174,615.49683196924,858.17619024923,1847.96993676275,2347.54569636725,2786.715961606,2038.81565090425,109.66880008048,1397.77981218175,884.9757661364799,701.025791232,936.07887060398,138.30660886558002,667.60737145275,687.502894159,799.706341113,582.89978387376,853.19193733725,315.99761932013,515.40619866423,50.0,383.49449158225,663.83782428125,239.3089239155,767.0946162345,941.68099619723,546.6662427790101,2224.7955640875,640.05403526024,777.1534507607299,780.8455564645,461.04652606799,446.64081614674,215.9068493135,872.2138124175,2443.472485319,1526.8238113205,2712.373892424,2626.153695206,434.07156821599,292.68535146876,288.28400669188,576.88790760198,744.1206662515,1232.89738933973,1256.83018934025,1073.56737619725,936.47872284248,1065.95100194298,837.38837878698,233.84857032961,1353.82185284325,1038.83747835798,1744.919750667,1456.19536592,1685.83435899075,278.64980467963,165.92009377089002,306.30376569188,2013.62806673375,1905.81988754825,1862.99779439775,720.0072026327299,742.18960052625,594.07642754673,532.06954205349,671.31377490323,568.61959089451,128.48737499695,631.50129219123,1024.90105888448,1182.94149108098,1081.17668546325,954.37971920325,909.39525497275,1023.74212119125,419.43828116599,412.49461558374,393.93076549501006,335.95308568675,2056.5456956755,1990.6393591895,531.9879063315101,449.097754363,943.48219538348,1060.28037019698,1041.23581507523,1199.93365778973,597.28196247524,639.972362256,485.31848278773,2446.233858043,2082.29919348425,1267.85175745275,1628.23016043575,420.6264170825101,858.22294841698,1164.52980232273,827.27152685048,787.58851921375,725.75247346325,599.87824313825,1335.59673072775,1175.78624867323,1332.011886086,1662.02590775475,1724.8410788585,1500.10314955025,2050.93953117075,2284.74528282475,2424.9180365735,2145.58955806025,2469.09114562075,564.49625371674,656.35675356223,986.207739908,1112.17626328225,1499.229657267,2657.50434764,1918.19355895675,2379.0653617132502,2257.91634715775,2085.5537794395,1190.27483084475,1083.95864420848,1179.4966848215,278.71135769089,292.16798554674,449.0179081895,295.51641716412,398.51912430176,389.89616630975,2724.534744265,2385.053048012,2818.8914840425,2751.883767459,1291.7033194087298,1197.8619260975,1145.21681492898,984.94930829025,998.86149429475,771.9009209195,1090.95271540625,754.202721412,522.640740439,1462.32130726625,1478.98368131675,1116.806253946,1188.83759972175,1096.64408851623,1229.07968591573,1105.11694812948,921.63284613225
180,457.5115091667301,565.62617959798,1065.52349869498,2734.7653070945003,2247.3469817905,2651.738646131,326.76386608873,759.1197109132299,806.1613791819799,1550.77999351175,2040.9909154325,321.6927765795,780.07614382375,610.9805521984899,2039.14901644575,175.19308660713003,787.96507003975,763.58752374598,1117.08447281125,1599.317612463,1890.7079894855,1891.56501543725,1396.76759882275,437.79929090548,568.2318553905101,2628.4083398795,859.55539774825,757.9485819209799,146.34581365793,1304.63598859625,378.65005335898,848.5907658604799,415.22336633024,2441.25030728025,808.80453607323,1017.60336717498,445.48118251799,393.565206722,1025.08684881348,2456.41517722075,339.107630911,691.8098526809799,245.50084864824,930.83310127923,2046.368570752,2545.94448569925,2871.370303904,2054.09609585075,447.95159827124,1352.680549659,502.30431772599,655.92645414473,566.08292456524,251.15772945401,514.5969747835101,494.23717609348,1065.96172059273,419.11446609676005,1145.4462561707298,72.29217868042001,458.14231257851,383.24916809774,50.0,293.84182231912,169.016018855,587.48010835348,896.5817336744799,526.2566909130101,2437.48013873775,367.082374702,587.97009666924,1108.97029960775,104.31341469762,365.95400224826005,438.26733861123,681.271785771,2641.871274651,1554.3008369405,2785.030803454,2698.810606236,554.652531617,203.42317659687,539.55150754675,224.7986683235,801.2039260012299,1187.79812681698,1236.3626946285,1028.4681136745,1009.13563387248,1020.851658642,1046.96734117923,575.05870322476,1410.304010715,812.33617271625,1816.15418813525,1517.14673470925,1957.377058874,531.26478583026,514.75954407824,622.02984588501,2254.6431200725,2135.15456417175,2096.89395553225,929.58616502498,920.6776435625,803.65538993898,757.1679038240001,882.16779058748,823.77996242325,288.83162716789,704.15820322123,1043.43779855648,1186.4119226805,1144.825115078,978.27710727048,907.80050630125,1027.21255900448,674.5986526947299,698.14962021575,686.1850470462299,628.2073610242601,2085.834949817,2063.2962702195,153.6086899503,110.76334509698,1035.71966858725,1132.9372812269798,1161.16088410348,1296.10961651248,913.0080613095,928.00865939873,801.0445443397299,2520.15028809,2154.95610451425,1321.3637619445,1684.58043231275,455.36229872451,669.0395570432299,1038.48019003298,922.3422964715,860.24543024375,870.0004143509799,704.6164643337299,1290.497468205,1155.498404745,1286.91262356325,1629.20415947825,1679.74181633575,1455.0038870275,2123.59644220075,2357.40219385475,2509.5723788715,2218.2464690902502,2553.745332576,225.47330324562,319.27704147425,941.10847738525,1067.0770007595,1586.04528324575,2738.3394330865,2002.84790125475,2369.77990417475,2342.57068945575,2170.2081217375,1262.93174187475,1156.61547446025,1259.95692821225,327.40305800901007,260.098444148,603.67416129499,488.76592366025,640.27042771099,584.31029604376,2797.191655295,2457.7099590420003,2891.5483950725,2836.5381097570003,961.595234598,867.75376672225,775.2208316079799,627.1185636895101,616.19008938023,389.22947250901007,708.28131049173,417.12305281999,204.359601335,1660.72009659825,1771.23807471475,1446.58446532025,1378.67482873025,1426.42221911225,1470.99285025675,1397.37126074925,1213.88716496573
49,165.48024388111995,554.09368918073,1250.32016615148,2775.7329184955,2432.143649247,2668.110529239,624.98264437298,1015.51758007073,1055.154444697,1510.45053012775,2225.787582889,602.20442625498,728.5957118165,819.6482367369799,2080.11631716125,174.13837147173,713.5972947394799,860.2776669712299,1301.88114026775,1640.28506852125,1931.67544554375,1857.0296812855,1437.735054881,622.59595836198,824.62976804398,2576.92790787225,598.40873800551,416.75081430873,364.30356630774,1540.56527564275,86.61881914192,793.67881250573,333.98438973374,2626.0471300795,799.825022974,1266.59635812548,725.9927886975,578.3618741785,1257.9429094585,2641.2116893345,106.76646934513,948.20772183848,140.19184847958002,1006.89077579223,2231.1652382085,2730.7413084985,2819.8900272395,2169.86341617525,728.46320445075,1301.20019842998,235.24766170063003,643.12314197199,274.05165927963003,531.66934184723,536.84598364823,447.83423371676,1250.75838804923,451.23907960723,1346.89294482225,352.80381592848,538.00981153123,663.76077427725,290.92452275638004,50.0,449.52766853048,583.42752669148,845.1013016672299,629.34109590973,2622.2766508515,363.743126948,513.60231515526,1357.963445901,262.79558575173,462.64418896948,671.3038329672299,624.23493622126,2826.6679421075,1660.6633964945,2862.5956133275,2776.375726795,651.3427121245101,480.8790976782301,748.2192293675,102.68707552448,792.224412902,1136.31769480973,1184.88234339948,976.98768166725,1085.19330838548,969.37130741298,1231.76400863573,855.57031561798,1327.47510107225,737.9683974159799,1922.51674768925,1434.288931315,2142.1737263305,780.25789484125,795.27115025775,896.04284967473,2439.439787529,2319.95123162825,2281.69062298875,1114.38283248148,1099.69447331975,988.45205739548,950.78695208125,1066.96445804398,1031.81893757023,569.34325820224,730.5824710244799,1014.35716972823,1157.33129385225,1115.74448624975,969.29759417125,878.719877473,998.13193017623,923.59171820975,947.14269194448,935.17811256125,877.20047003525,2204.844894705,2104.26372627775,165.65389843449,271.09494615436,1198.95655189223,1239.29984078098,1237.21855861648,1402.472250631,1190.5111071675,1177.00172491375,1070.99265089423,2561.11774414825,2195.9235605725003,1304.1586203255,1650.045098161,581.4438743385,594.67181281151,964.112408519,913.36278958598,942.58245017548,1033.23729144225,867.853341425,1239.01703619775,1104.01797273775,1235.43227233423,1577.72388281375,1628.2613843285,1403.52345502025,2164.563898259,2398.369649913,2458.092102207,2259.2139251485,2502.2650559115,306.45844978862,212.24916756313,886.1965240305,1015.59656875225,1692.40784279975,2779.3070444875,1951.3674692475,2318.29962751025,2291.0902574485,2118.72768973025,1303.899197933,1188.39060406548,1230.876299384,512.19972546551,444.8951116045,788.47079146923,745.1638735959799,896.6683341507501,840.7082086972299,2838.1589560105,2498.67741510025,2932.515695788,2785.057522407,629.67612672551,535.83465884976,483.18954768124,387.05032441201,349.34433288598,144.46226417305,441.2246731075,243.14849338499,287.06629351576,1845.51676405475,1951.1878930285,1695.57745627075,1563.47149618675,1675.41521006275,1655.78951771325,1598.818030179,1446.74322561075
176,614.4511018585,524.13529303675,959.99007796225,2630.110585734,2149.58062399325,2622.385080091,233.57753451312,683.7582018275,662.0691725079799,1509.289032386,1917.61009158775,177.60055126436998,738.585182698,465.11320663798,2009.7956057485,332.13270415373995,874.70193724425,734.2341130487299,1006.413482086,1569.96420176575,1861.35457878825,1850.0740543115,1367.4141881255,366.67596078574,419.76368694498,2586.91737875375,1029.17041824725,927.56360241998,196.37566127939,1160.54378192225,535.58968333301,807.09987929925,559.44540226098,2343.48410482575,767.313649512,873.51107972275,301.38893856173,322.44187660226,880.99464213948,2358.64897476625,508.72273218823,616.4483808775101,402.44048483598,901.47969058198,1948.6023682975,2448.17828324475,2829.879498121,2024.7426851535,331.58182147998,1311.18958853325,671.91937550725,614.4355675835,723.02256075298,107.06549792517,581.01714780425,565.37623311323,924.68106235098,477.5408938275101,1001.35404949673,102.94127218687,428.81597501573,239.15692414148,170.43814444899002,450.78143986573,50.0,680.504392586,855.09084711325,484.76581056549,2339.7137809405,497.27478550924,657.51692778375,964.87809293375,272.60883581763,341.28188881823,294.17508844126,785.623588769,2544.10491685375,1524.94742624325,2755.677237414,2669.457040196,483.2626768342301,128.06172964824,387.19204049598,363.83151697275,759.71303944,1146.30724025575,1194.87181428098,986.97723332698,979.78222317523,979.36077829448,936.2964250185,430.96649655076,1368.813204932,881.88304732673,1786.800777438,1475.6557735835,1833.996390372,387.17257915626,370.66730012198,477.93760192875,2156.876917618,2037.38836171725,1999.12775307775,818.91517429973,841.09765297148,692.98439921373,630.97755100275,771.49687442675,679.68775574925,178.55794727375002,674.8047925239799,1001.94691199525,1144.92096155475,1103.33423473048,936.78622070925,866.3096259537299,985.72159787873,530.50644602073,554.05733897723,542.0927968762601,484.11515435026007,2056.48153911975,2033.94285952225,318.93155919825,258.78133025301,964.59630118525,1103.58387052973,1062.349920877,1221.04784436973,768.91578007098,783.91645272473,656.9523376657299,2490.79687739275,2125.602693817,1279.87288159698,1643.08962652975,390.32378761824,738.58642544,1108.02705842975,870.574946405,830.8919449819799,798.8770469489799,633.49313421399,1249.00650707925,1114.00752439748,1245.42174321573,1587.71335369525,1638.25085521,1413.51292590175,2094.2430315035,2328.0487831575,2468.0815730885,2188.893058393,2512.254526793,369.69574306751,467.29503284399,899.6175162595,1025.58603963375,1556.6918725485,2708.986177732,1961.356940129,2328.28909839175,2301.07972833,2128.71716061175,1233.5783311775,1127.262063763,1218.46604786473,256.27977138524,188.97515752423,532.55083117525,413.40449535275,564.9089994034899,508.948830454,2767.838089255,2428.35654834475,2862.1948290325,2795.0469932885,1078.64700955773,984.80554168198,932.16042429975,795.88755028975,785.80518444375,558.84457378624,877.89640555525,565.14104418973,333.99328155275003,1562.953738801,1627.145712698,1302.49218408173,1289.47011203473,1282.32993787373,1329.712192015,1253.27905407525,1069.79495829173
87,658.61155357848,160.59188715557002,1009.6902820545,2200.3253527365,1856.39976643425,2096.539308034,897.35860276723,1317.80781105425,909.47052164198,938.87938970098,1847.8265554045,686.76494153198,157.02452789376,670.2906067735,1504.708906745,676.42346397898,232.28434340163005,450.42768092801,964.24025560225,1064.87750276225,1356.26787978475,1285.4584600805,862.327489122,443.69703375198,952.30659563998,2005.35668666725,893.9889823987501,796.9780563947501,729.317434233,1299.93539775948,607.88864738475,222.10762858299,250.02784706874,2130.3274435582503,249.04561486049,1087.9292048984798,709.4314682127299,514.77861395423,1017.31303157523,2145.492158156,493.6062484075,1207.04431682823,710.42302098598,596.2828351895,1786.098628208,2235.0214666345,2248.3188060345,1594.456005759,864.12464939675,729.62897722498,601.31384626923,134.26113568782,686.6662181075,720.0668542487299,111.74373804707,138.8691484593,1010.12842938773,176.33504844464002,1106.26306693898,629.8374905605,281.07694194273,767.33516758973,586.93318381299,584.64707912576,680.37809893025,50.0,273.53011774449,235.98282437186,2135.36955853775,252.85927937299,190.80111213112,1168.52552853823,665.75164696125,354.53033253424,663.78136029848,106.75396736061,2254.9183874255,1107.7755585175,2291.0243921225,2204.80435024725,402.08602996274,796.5165330845,612.97084079375,591.2497673717601,298.86892497526003,564.74651088699,613.31112219448,405.41649774451,661.9935205887299,397.80012349024,815.2794518005,892.1045194985,755.90396064548,346.14481282875,1400.45823187725,862.71779088823,1764.21285418875,714.31955774875,785.545917394,830.10458714675,1994.3731775285,1874.88462162775,1836.62401298825,797.6566743049799,717.82253676125,745.6017040300001,639.87461438399,826.33449938248,818.0843204945,815.06935383798,331.44251631549,442.78598580549,585.76007264725,544.17326504475,412.59757054473,307.14867490913,426.56070897123,754.40420095875,881.2043548519799,837.60865480648,790.93926233125,1629.43748428875,1528.85616051875,577.05186876775,477.84070533501006,740.25473201048,778.9422970915,815.7628038739799,942.114632377,1117.11523067575,1022.97876691775,1001.03652891573,1985.710333732,1620.5159948135,732.58747989873,1078.47395773423,332.18722945899,248.12881923225,492.94736524023,453.00520861424,531.96569231826,615.970043268,541.67900728623,667.44581499275,532.44678881501,663.86105112923,1006.15266160875,1056.6901631235,831.95223381525,1589.1563325,1822.962084154,1886.520881002,1683.8063593895,1930.6938347065,362.57025190324,406.11278744598,314.62532146663,444.02538482951,1232.05030532398,2203.89932338575,1379.7962480425,1746.72840630525,1719.5190362435,1547.15646852525,728.491632174,616.81938286048,659.30515895723,488.5756287915,508.68540643226,585.96077548025,1037.704482904,1140.70713411825,1132.0842134085,2262.75154559425,1923.26984934125,2357.10828537175,2213.48645654475,1034.42224593925,876.8852795955,896.30273809548,484.61489197701,580.13239627848,531.95680049925,670.8937281072299,387.50547866951007,768.6973681644799,1400.4499987115,1600.56485940275,1507.3320244215,1160.66712406575,1478.4507003415,1296.29136752998,1358.1880715175,1206.11334772748
116,906.208709142,330.00835476523,984.33787922625,2045.195422304,1701.26983600175,1830.7736496805,1073.27976220248,1493.7289704895,884.11819337825,673.11373134748,1710.1394409985,862.6861009672299,139.96985747612,716.876965442,1349.5789763125,949.91136577773,396.80200903923,409.41727570624,826.5532219744799,909.74757232975,1174.49418224325,1019.69288250523,707.1975586895,619.61823046949,1128.22775507523,1739.59102831375,1141.58614417598,1044.57521817198,1017.700686301,1274.58299493123,860.785867671,62.50946899917,527.06556061226,1975.197357783,197.549375175,1062.57680207023,885.35262764798,690.699847954,991.96062874698,1990.3622277235,754.084660922,1382.965550828,970.90143350048,483.6241159175101,1648.41166914475,2079.891536202,1982.553147681,1439.3260753265,1040.04588961023,463.86331887148,848.91100183275,241.751844002,934.26337988473,895.9880882485,376.82500595375,424.49095945249,984.776101124,438.98043639825,1080.91073867525,890.6856995982299,456.9981759425,943.25632702498,897.699654668,845.1255351362299,856.29933914373,271.10813164698,50.0,403.55926332148,1980.23962810525,522.82482159775,392.08906534698,1143.17312570998,976.51816131223,536.09521213748,839.7025197337299,322.71708803187,2099.788456993,952.645628085,2025.25888911175,1939.0388472365,530.73091629448,972.43777329798,749.7993758205,864.73763188825,267.81825803264,298.98087117462,347.54546384098,139.65087045956,524.2800724797501,132.03445270932002,733.64885613125,1068.0257597119798,490.13825879601006,473.68419937326007,1245.32822688023,596.95213253473,1626.52573978275,853.15061616575,961.46715760748,968.93557099923,1856.68621846525,1737.19750722175,1698.937053925,756.6462628695,676.81205076125,720.24938197998,614.522248838,800.98217111875,792.7319176662501,990.99051327323,315.98097900475,287.65601809073,364.9004304355,389.04333461225,268.79336932923,192.00329103224,205.70106675948,774.66089555875,955.472866135,857.8653494064799,837.52562099975,1474.3073985135,1373.72623008625,897.42151658098,788.60725696825,602.54132118376,641.25521996776,678.0757640325,804.4275987492299,1091.76290862573,997.6263640895,1021.29322351573,1830.58024795675,1465.386064381,466.8217780492601,812.70829938073,508.1084261765,449.64098795975,303.13036807149,352.21755238998,470.79253757798,574.95963804623,500.66859585075,401.68019392151007,266.68114910264,398.09539277573,740.38700325525,790.92458554823,566.1866127440101,1370.74644545575,1646.59975130875,1620.7552226485,1507.44402654425,1664.928176353,636.05811641973,671.7729680722299,108.09380479307,178.25974511714003,1066.70309076025,2048.76939295325,1114.030589689,1480.96274795175,1453.75337789,1281.3908909499798,573.3617017415,461.68940893201005,438.44547324951,664.49686900498,684.60660936348,632.5470968664899,1213.62564233925,1316.6282935535,1308.00537284375,2068.3324821745,1746.90767183875,2222.46557818025,1947.72079819125,1282.01940771648,1124.48244137273,1143.899893659,732.2120910365,827.729551842,779.55396227648,918.49088367075,635.102677729,1079.46387630175,1262.76296508373,1462.8779003395,1481.979776936,1022.98009043798,1453.09829751325,1158.6043276885,1253.11780830075,1180.76094489923
84,713.0276528752299,79.55353882755,819.38749082425,2285.18117458125,1854.74878368725,2191.75571459,676.79931265575,1097.24844637825,680.14570617625,1051.24866193375,1769.68557927125,466.2056514205,283.50985795613,455.66723654276007,1589.564573247,655.49964683225,429.95688673625,305.53903197476,845.7792174282299,1149.73325004248,1441.1237016295,1392.03368385925,947.18331096675,237.04550548348,731.7473055285,2100.5729378805,1022.49045008998,925.47952408598,645.625595614,1109.63268109375,652.75163358475,352.02449863399,360.95394787175,2068.3299966905,309.27326041862,897.62648823275,502.77993994423,308.12710432686,827.0103149095,2083.49471128825,538.46919732524,986.48510749498,686.4167376510001,472.78457222575,1673.44826016225,2173.0241751095,2343.53505724775,1679.311672261,643.56540278124,856.11432592848,711.99322550298,159.36020555937,797.34559734125,519.38673857249,136.27210972366998,281.65121923464,819.825712722,185.01789417363003,915.96035027325,518.61060891123,88.964792925,546.77587747825,525.624563981,629.5100280435,484.22420496076006,235.75937936026,400.01546644799,50.0,2064.55967280525,278.39747213024003,352.15855942724,978.2228118725,604.44307062523,164.02009659564,457.12983202998,340.87857554326,2268.9508087185,1096.25238866525,2335.44636025525,2249.22631838,170.37629939336,600.3626391150101,406.31931252525,570.325993721,301.67263170549,691.23182230823,739.7964708979799,531.90184644801,551.087104819,524.28543491148,775.6620795825,685.4529912300001,910.77283447975,507.50224148374,1358.10573986,1017.61540313125,1686.0718780555,507.66806676251,578.8944264077601,623.45302159599,1881.72280948275,1762.23409823925,1723.9736449425,658.28090342825,592.60109395401,555.29899357798,449.57189771826006,636.03181999901,627.78156654651,594.5100637265,213.34519144261,543.90650426074,686.8805911025,645.29382078226,478.74581297474,408.2692120055101,527.68126470874,539.78079344575,674.5528265834799,622.98528457574,576.31589210051,1627.786346199,1613.7119823635,525.3463823980101,416.53212899899,626.06336388473,674.8887521735,703.11235505,838.0611682372299,876.712227772,832.67605646573,786.41312140273,2070.566000234,1705.37181665825,821.8325111447299,1185.04918151298,125.29065732293,409.48624788724,622.86423529123,422.81100217576005,402.19690740398,471.08139431475,360.75996205926,793.93116369625,658.93210023625,790.34639983273,1132.63793574773,1183.175511827,958.43758251875,1674.011999002,1907.81790599875,1981.73713221525,1768.66218123425,2025.91008591975,319.13156609573,450.97573015001007,444.5421728765,570.51073353301,1127.9968349705,2288.7551452305,1475.0126545985,1873.21375500875,1814.7354427995,1642.37287508125,813.34745401875,707.03118660425,760.4256774124799,281.92411916413005,312.53153731761,371.33736796725,817.14519900623,920.147924785,911.52492951073,2347.60721209625,2008.125671186,2441.9641072165,2308.702707758,1145.101625173,1005.38674728673,1006.98211732923,613.11635966824,708.633857756,586.37286251374,799.39518958475,475.64486099924,707.38878561475,1287.79963066575,1520.25514313675,1317.029388534,1048.01675602,1288.14798988948,1224.85684859973,1167.88536106548,1015.81063106175
131,2682.3669547775003,2045.063691652,1426.91651974275,452.44939225474,285.87081920773,1121.21309785623,2388.39089768125,2739.9139872005,1726.94426435075,1471.52194766325,504.36152176424,2168.66727700025,2031.0123185435,1875.68587953225,737.270983033,2579.55506446025,2301.08671875375,1776.062243816,1320.8150913515,1106.62190869148,884.530317694,1223.52245437723,1312.469146765,1996.33531180375,2334.87749510475,1217.51333077898,2991.8295966495,2894.8186706455,2497.92369207725,1319.1361469095,2622.0908609225003,2091.607486407,2330.2931752095,92.00721796601,1945.7086435505,1624.920583147,2099.348526325,2071.9227638125,1529.08420367575,194.6311062735,2507.80846194525,2629.150567539,2637.76960468,1611.0873112595,433.02509867376006,283.06639168714,1279.48374800823,608.3088122412399,2276.813948038,1910.3439344565,2681.3323720625,2065.644120543,2766.684824679,2238.0748837285,2138.84954682325,2291.7781151455,1448.65953377475,2154.35710287025,1348.97950864025,2397.96156450875,2125.05200376825,2239.777750954,2434.7779516015003,2620.510403784,2339.077186351,2175.3928413615,2014.71826215325,2064.21046230325,50.0,2247.73673675025,2296.37393040425,1505.613622921,2526.34535696,2159.373586296,2062.087392939,2227.00189716575,366.44376065675,1039.83283392175,1070.64903273123,1046.35785079275,2039.232746188,2428.700011165,1961.69139306975,2527.08525447825,1891.94343037625,1914.60855897225,1773.3558624255,2081.42461380175,1527.33970459325,2011.0051044,1430.25297132725,2190.850377043,1730.88251374875,2418.159694892,842.8897615,1523.04261344275,550.50763907924,2005.545117423,2147.03082809475,2044.3655813335,237.49063702675,323.90283788375,376.00367155224,1547.16050743675,1592.5344159415,1635.47954055,1716.44557993475,1600.52105274725,1703.272359392,2306.28510853975,1868.906877265,1733.5377873745,1736.71097372875,1629.537369677,1793.32843513575,1864.4202679595,1871.647123375,1809.1791433175,1948.60687323725,1850.99943107325,1911.41937231475,516.1914127695101,666.64673188675,2466.2708979945,2374.02573221775,1489.14620402175,1456.93091384125,1377.12544014175,1293.56044198498,1697.51830858925,1692.5347578265,1819.9071136325,519.0235472229899,635.13553582748,1656.93035486925,1308.46208052875,2120.0019663085,2353.9257784525003,2275.8691534325,1758.7965185245,1689.202034468,1624.05019771875,1798.485037722,2066.7616562865,1888.62002758275,1832.47356539375,1566.65011953725,1684.00597482325,1844.14011660425,880.26996821073,849.6427469634799,1280.77573365998,781.27764543048,1081.7140968137298,2314.48503094125,2420.31507554825,2170.5609051227502,1984.93859095,1037.068199,580.47566026001,1243.969829096,1339.22491599675,1218.07598221948,1163.5529263325,1472.483363943,1557.042015107,1607.04824441675,2109.50934025975,2175.818791182,1835.6141297705,2459.75069674875,2538.67071677325,2554.1903895547503,979.86905977248,944.05541013098,829.4840736387299,1178.99384033975,3114.4410078535,2974.726049189,2976.3214192315,2582.45562428825,2677.9732404365,2555.71212713375,2768.7344169225003,2444.98412561925,2626.391680299,776.8047808515,750.65788063523,1544.99596155825,1113.1839717015,1373.2414053635,1027.93117456598,1095.16405735875,1377.071846893
103,447.60941547525,203.622033958,1028.59844624175,2425.26118870825,2081.335602406,2347.61062963675,668.76755188798,1101.12339671248,872.40566071375,1189.9506305255,1918.81058035975,560.27485176775,408.09581221425,643.470059615,1729.64474271675,457.28268929598,424.85585957224,496.94852845198,1053.22990336725,1289.813338734,1581.2037157565,1536.52978168325,1087.26332509375,399.18927292526,825.8165058757501,2256.42785292725,788.74621416498,687.01861624273,510.17665955,1318.84363651125,387.33340239848,473.1788694075101,116.066510461,2251.96454503425,449.35333046901,1106.83736908573,642.00719693825,421.77063449675,1036.22119576248,2267.129259632,273.05100342123,1033.81353848023,488.1996993365,656.4191205695,1857.082808506,2356.6585681105003,2499.3899722945,1819.39184173075,737.63464041075,980.7002180495,437.47267966675,292.65146810813,521.55516801974,567.09226097651,186.37430978437,131.12802154936,1029.0366681395,100.76739331595,1125.17130569075,410.6967158775,181.87337166361,640.8451151077601,367.79240912999,364.09183413949,494.97447006724,252.41367558776,524.60140206498,278.86942204587,2248.194221149,50.0,224.86092348399,1187.43369272548,446.6109095605101,196.35713820988,566.91905381026,335.49358183225,2479.85422339725,1310.19182205,2475.52637438225,2389.306332507,357.57827534973,545.42688103725,568.46308618074,372.10899268876005,441.75272039701,815.8177952074799,864.382363019,656.487782065,734.7215785982299,648.8713643147601,983.11277173523,828.50238202325,1006.97520147,449.226999531,1572.04517324475,1113.78903171275,1835.196879144,675.8730846157299,742.00909225075,791.6580332355,2065.3573578265,1945.868646583,1907.60819328625,865.73159558098,805.93007382723,766.73026292123,657.0225525887299,845.24273813425,810.0972176605001,630.83537510424,380.11081580175,683.98655567,826.9606860077299,785.3738784052299,618.82590166626,548.34930691074,667.761316118,732.04074798325,842.75787550525,830.7933023357299,737.23238346648,1854.3733202605,1753.7919964905,357.91109408475,258.69994929314004,809.69783145025,888.82818555825,886.74690339375,1052.00052084375,1086.12629694198,1013.47303335975,966.607834455,2210.64616970375,1845.45183078525,983.65872072325,1329.54519855875,287.67947484598,305.93042114024,675.37109141225,562.89109708099,592.11079495275,662.4909280742299,574.08889843651,918.5171365955,783.5180731355,914.93229195375,1257.22390864698,1307.76148472625,1083.023555418,1814.09216847175,2047.89792012575,2137.592047262,1908.74219536125,2181.7650009665,143.42946479282,185.557536246,565.69658714599,695.09666915,1341.93626835525,2428.8351593575,1630.86756964525,1997.79957256525,1970.59035784625,1798.227790128,953.42746814575,847.1112815094799,900.505766104,380.53260865026,363.03360204423,563.5973597870101,830.76969023773,982.2741507925,926.31402533898,2487.687381566,2148.205685313,2582.0441213435,2464.5577781475,890.66526891975,796.82388182223,752.54576107598,379.3721610255,474.88965911326005,320.95466860973,565.65095365975,210.22668573636,549.55663076374,1471.4341790095,1729.46609855425,1526.2403439515,1231.65122979923,1497.35886452875,1434.067723239,1377.09623570475,1225.02151191473
72,577.30737030924,268.41974516064005,1129.24323063198,2319.8783758785003,1975.95278957625,2216.092331176,876.8343271735,1321.54069733675,1029.02354478398,1058.43233206475,1967.3795785465,696.18329168625,276.5775137535,778.11851448825,1624.26177454425,677.69998992025,200.16913123439,569.98066678775,1083.79320417973,1184.43045133973,1475.82090292675,1405.0114832225,981.880512264,551.5248979707601,961.72494579425,2124.90970980925,812.68476184725,715.67383584325,730.5939663879799,1419.48834012325,531.88449155598,342.571774236,198.16418449724,2249.8803113575,368.59860072023,1207.48214726225,817.25929514925,557.67907441525,1136.865973939,2265.045181298,425.18332208924,1216.46274776073,642.0000884540101,715.83578376698,1905.65165135,2354.5744897765,2367.8718291765,1714.009028901,873.54308032925,849.18191958875,520.00962571773,268.37549733173,605.36203483826,706.9869139205,219.57159605214,92.51969369826,1129.68145252973,194.33958385514,1225.8160900809798,631.11405999774,301.24778792537,776.7535985222299,588.2097097542601,516.2241528075,655.1800322309799,181.36912909711,393.08310360423,343.81071344548,2254.922426337,224.39052699586,50.0,1288.078470902,667.02825368075,344.02469497675,702.8275372247299,122.17801735892,2374.4714105675,1227.3285816595,2410.5774152645,2324.35737338925,509.91390039523,765.84418787523,720.7986739439799,565.58299431348,418.421910835,684.2994967467299,732.86406455825,524.9694836042501,781.5464629525001,517.3531093499801,934.8324749425,964.41090271998,875.45690300925,224.54027740686,1520.01125501925,982.270733252,1883.765721988,822.1474654635,893.37382510875,937.93242029698,2113.9262006705,1994.437489427,1956.17703613025,917.20969744698,837.37548533873,865.154727172,759.4276002437299,945.88752252448,937.63726907198,824.48778477048,450.99550217523,562.33897166523,705.3130212247299,663.72628818675,532.1505501907601,426.70167941,546.1136886172601,868.42958846298,989.03226256673,951.634036097,898.767170046,1748.990352088,1648.40918366075,578.32843820499,479.11727477225,859.8077551524799,898.4952456689799,935.31574623775,1061.667655519,1236.66825381775,1142.53171549523,1115.06191020625,2105.26320153125,1740.0690179555,852.1404222625,1198.02698087623,440.01509989148,81.24367416126,450.6843071510101,572.55819447398,651.518678178,735.5230664100001,661.2320304282299,777.6993251842299,651.99977467475,783.413993493,1125.70561018623,1176.2431862655,951.50525695725,1708.709355642,1942.515107296,2006.073904144,1803.3593825315,2050.2468578485,363.84677784451,342.8715857435,435.08944847851006,563.57837068925,1351.60324768775,2323.4523465277503,1499.3492711845,1866.2812741045,1839.0720593855,1666.70949166725,848.044655316,736.3723252242501,778.858101321,516.44109206473,498.94207924499,693.788683195,1047.12283927198,1150.12556505075,1141.502644341,2382.3044133935,2042.82287248325,2476.66130851375,2333.03947968675,953.11802538775,795.581059044,814.9985175439799,403.31067142551007,498.82817572698,450.65257994775,589.58950755573,306.20127675914,769.97397488398,1520.0030218535,1720.11788254475,1626.8850475635,1280.22014720775,1598.0037234835,1415.84430989375,1477.7410946595,1325.66629009125
187,1526.91810436975,1014.02861981198,332.28843215376,1920.400513406,1439.870707008,2127.9418449465,930.76133292873,1164.3067301337298,334.45437611701004,1197.94371716223,1049.98448263425,797.0225651994799,1059.94195290925,609.98453176775,1515.35221526125,1273.31260192173,1292.26814564773,811.7398926772299,444.17808675276007,1109.60464483423,1380.61008870975,1434.0537423915,1022.126090563,783.9121031277299,759.27023803798,2193.0130588085,1939.46650582725,1801.28105187925,1126.27889949825,197.20332745139,1448.056648562,1151.61600417248,1274.2843453875,1542.3481443845,986.45582227975,109.97786380217,698.04810683548,859.4993997937299,177.84851557563002,1648.93890243825,1395.838493835,1053.54338503675,1343.620339108,799.1322750872299,1238.89237674773,1738.46821091675,2360.40403715575,1429.73816545375,819.1493503885,1393.79775612825,1545.636750402,1056.82546665875,1629.71927603725,866.4301719277299,1076.474305078,1212.04052491825,298.70410631751,1107.43745812898,286.76778688736,1044.12115131373,1011.50018043475,782.1131533045,1111.61804221698,1361.556213023,967.432393772,1166.57426825548,1144.51326761423,978.07485100998,1505.33198651525,1180.21134224973,1287.55520195548,50.0,1189.17003320675,1016.35705229173,690.4426811382299,1218.18316871698,1834.3949998685,1011.61086525098,2261.23384692675,2175.0138050515,826.80945673375,1057.055218586,699.94755720425,1268.13106371725,914.5621101805,1234.37166660175,1180.09677386475,1276.39964761425,806.5233277894799,1257.79883216473,485.58096853926,631.86393673425,1233.8112707379798,1409.34104100775,1135.8422652165,1213.079612573,966.3707814185,594.29339787251,652.095931837,568.31395714074,1294.1644891615,1186.35646531875,1143.5342168255,456.95538212173,537.85866303548,455.38350611674,528.9745676670101,344.54396850774,412.73236455576006,875.64611047875,852.72715182925,960.415251069,1074.41516236223,961.16610335798,1011.15190198925,1053.008850634,1098.52443172675,490.70770803525,424.5737944205,431.56922642076006,514.56575089076,1447.468210225,1444.727964115,1207.31663266898,1115.07154145675,614.58974836973,724.46678229973,614.35032169601,773.0482079064799,195.76495300575,228.96395425748,318.15362134738,1837.15621724975,1588.07747710125,1039.66545521548,1331.74423052775,907.57875763248,1345.10712456825,1427.6219311705,932.09999597,764.89449686625,644.91237976649,657.31622495075,1405.0121045935,1153.39312523248,1328.0298300325,1418.91015440775,1529.23519682875,1426.3779464285,1613.498541425,1833.60539267025,2074.1772531432503,1694.44966790575,2118.35020684775,1171.46849693698,1307.719386841,1232.58546109773,1287.5108484935,919.901240498,2048.4268621895,1567.45262018375,2028.32442294025,1907.17540838475,1734.8128406665,885.19036903875,887.27289394525,960.22612437773,897.08613158373,916.86468119923,623.19087759851,884.14343968198,963.06345970648,978.5832070525,2273.3948541105,1933.9131578575,2224.4123335232503,2325.571687666,2004.92762999175,1911.086162116,1842.9295305535,1530.09237812325,1625.6099942715,1432.56198596325,1716.37132610025,1408.9739660895,1281.37628873148,853.2437472512299,759.5201845227299,341.27978858425,609.5091456704899,321.11759829964,601.30052407499,478.22207178626,175.46610459711
178,396.05146743575,644.0683218275101,1157.370595568,2813.20749282,2339.1940040990003,2730.1808318565,385.49911520648,776.03405090423,884.470044707,1629.2220238945,2140.011044565,400.00144831823,858.51825498473,702.82769256748,2117.5910468285,103.97164200649,866.40718120073,842.0296286932501,1208.93157589798,1677.75964284575,1969.15001986825,1970.00720116275,1475.2096292055,529.6463877785,585.14623887748,2706.8502149195,828.97998641498,647.32205650449,134.26592645823,1382.9447348995,317.19004891026003,927.03287080775,493.66551477348,2533.0974849315,887.2466410205,1095.9120327,523.78984804301,485.41230980873,1103.3955143385,2548.262354872,345.64398780275,708.72419267198,165.09147690126,1009.2752062265,2138.21574840325,2637.7916633505,2949.8124896295,2132.53828157625,525.1948859345,1431.1227353845,472.41970938826006,734.368559092,504.62288283426005,329.46640119274,593.03908594449,572.6793183230101,1157.80881746575,497.55661454,1223.75492169575,154.37541205462,536.5844237394899,461.55783362276,101.38841634819,262.77362028688003,270.94816589674,665.9222133007501,975.02383862175,604.69880207399,2529.3271610462502,445.52448586298,666.4122451124799,1187.27897134648,50.0,444.3961506915,516.57600413625,759.7138969319799,2733.7182969595,1632.743022666,2863.472678494,2777.2527919615,633.09468006024,241.39556851173,631.39861063348,206.79745103414,879.6460309485,1266.24023176425,1314.804880354,1106.91022483548,1087.57773881975,1099.2938443675,1138.81443805225,653.36741224575,1488.7461964405,890.7782838772299,1894.59637386075,1595.588765092,2056.3971880065,609.57349485125,593.06820960326,700.3384803414799,2346.4902977237502,2227.001741823,2188.7411331835,1021.433261898,1012.52474664923,895.502486812,849.01500691073,974.0148874605,902.08863416198,360.89270554599,782.6003081685,1121.87990350375,1264.85403384148,1223.26722623898,1056.71921221775,986.24261746223,1105.65466395175,752.90739899798,776.4582919544799,764.4937125712501,706.51607004525,2164.27698019975,2141.738455945,151.84671170157,189.20545004425,1180.70851361425,1211.37938617425,1239.60298905075,1374.55172145975,991.31673304823,1006.31732492375,879.35320986475,2598.5924738155,2233.398134897,1399.80594767,1763.02261803825,533.80440988549,747.4816619905,1116.92237575848,1000.78440763248,938.68754140473,1014.98925937798,849.60530936073,1368.93949858775,1233.94051590598,1365.35480928875,1707.64634520375,1758.1838467185,1533.44591741025,2202.0384725835,2435.84437958025,2588.014564597,2296.68865481575,2632.1875183015,303.91543304773,397.71915263523,1019.55058854623,1145.51911192048,1664.48746897125,2816.781618812,2081.2899316375,2448.22208990025,2421.0127198385,2248.650307463,1341.37392760025,1235.05758562123,1338.39911393775,419.250198378,351.94558451699,695.52122088575,505.68030093351007,657.18480498425,601.22463603476,2875.6338410205,2536.1521447675,2969.990580798,2914.9802954825,860.24737513498,766.4059072592299,713.760789877,633.6549205812601,586.51639921474,395.76582940076,678.396702154,489.75308955424,108.57529275355,1752.56711890675,1849.54666567525,1524.89305628075,1470.5220063815,1504.73081007275,1562.83987256525,1475.67985170975,1292.19583049075
70,612.30034420249,203.18140735448,863.2279364792299,2372.32069019375,1950.352459719,2289.2938738875,562.79330571301,997.730443732,707.03515095123,1188.33514670373,1811.76575544775,366.68764877425,417.63133429799,478.09954985248,1676.7040888595,494.7166383845,553.74805156198,401.14275150248,887.8593128265001,1236.87276565498,1528.263217242,1529.12024319375,1034.32282657925,233.81874452161,632.2293028822501,2265.9634122932503,958.188257405,872.6459013834799,507.22580595326,1153.4730459705,527.59660290999,486.14595012101006,327.49370361048994,2212.02530263825,446.35976382973,941.4668531095,448.41999394475,228.18339422099,870.85067978625,2227.190017236,382.71839920325,886.96710484873,525.6336919209899,568.3883290357301,1817.14356611,2316.71948105725,2508.9255316605,1691.65132360725,544.04740013499,990.2357774155,602.16360839399,293.48168190123,686.2460967469799,377.49123372624,260.06328076311,255.25713142086,863.66615837698,150.65400249449002,959.80079592823,376.90741838948,95.69752169388,447.257874832,364.84151825099,462.98108389826007,341.13904805275,359.55054418599,534.13691793501,163.81191866951,2208.254978753,196.14502079161,344.90766316775,1022.06317674925,443.66001868151005,50.0,373.3318135345,464.66974036899,2412.64611466625,1191.856064697,2422.58587586775,2336.3658339925,192.2077593735,457.27751948926,403.09253292225,409.54298527325,438.75911026176,825.3533545734799,873.917922385,666.0233414310001,646.69081813301,658.4068863985,817.742255759,634.91517902975,1047.85931924973,569.2737392147601,1453.70941589175,1154.7018879012298,1728.152054232,482.2858381262601,548.42188925725,598.070830242,2025.4181154305,1905.929404187,1867.66895089025,700.36100504023,640.55952056874,601.359746945,491.6520366125,679.87222837173,644.7266644020101,494.99206108025,341.71338748176004,680.99302631298,823.96707587248,782.3803428345,615.83229153101,545.35573405775,664.7677867609799,566.67023822073,649.17063522949,637.20609934223,579.2284133202601,1723.39002223075,1700.851497976,364.563336668,255.74908326898,739.82155564525,770.49242820525,798.71611185998,933.66484426898,892.53909394848,848.10252359723,773.0206314615,2157.7055158465,1792.51133227075,958.918989701,1322.13566006925,122.30894022862,425.97712354174,795.41779381375,559.8975242280001,497.80062071799,574.10233869124,408.71835139173,928.05262139698,793.0536325015,924.46785131975,1266.75946801298,1317.29704409225,1092.55904021948,1761.15166995725,1994.95742161125,2147.127606628,1855.80169684675,2191.3005603325,158.34852657943,294.59932949151,578.6636678594899,704.632228516,1223.60051100225,2375.894660843,1640.40312901125,2007.33513193125,1980.12591721225,1807.763349494,900.48696963125,794.17070221675,897.51215596875,186.94538701563,169.44637419589003,398.2268127422301,717.62719635998,820.62984757423,812.00692686448,2434.74672770875,2095.2651867985,2529.103622829,2474.09318217075,1076.2925540605,982.45116696298,938.17304621673,548.8141669832601,697.9940475584799,493.78761417498,735.09300311348,395.85395223598,546.6057398847399,1431.4949366135,1564.0955080135,1360.86975341075,1149.44974952373,1331.98842933075,1268.69721347648,1211.72580050675,1059.6509959385
6,849.40095286625,505.60674924824,681.77152339775,2351.8920311695,1871.36206942875,2402.71070306175,364.10717578948,730.89144775423,383.8505744475101,1318.0586895955,1639.39153702325,144.3835053988,720.0566761917501,186.89465207348,1790.1210733765,620.6735110525,856.173430738,546.7403039885,728.1949275215001,1350.28966939375,1641.68004641625,1657.6019015775,1147.73973653173,219.41225788661,352.84564041049,2367.38296554225,1225.3706416385,1123.76382581123,473.63981484273,882.32522735775,770.5394970585,788.5712982284799,708.92256536373,2065.26555026125,696.94260704825,595.29252515825,95.52105232988,189.53425472261,602.77604407901,2080.43042020175,704.92287480125,620.12810265725,701.2982624155001,722.6914445745,1670.383813733,2169.95972868025,2610.3450849095,1861.2295278745,268.09632155514004,1256.01969164898,868.1195243339799,595.90702379499,952.20204996923,213.79104377624,562.48860401574,625.02276008474,646.46250778648,520.4196497995,723.135414154,391.4820604445,447.4054504445,229.44840615763,458.97891406549,684.0389869549799,314.79334639874,661.97588607975,824.52902516375,460.35466674175,2061.495226376,577.5738576900101,714.6732731905,686.65953836925,536.53094855123,384.16063857651005,50.0,767.09508226275,2265.88636228925,1347.513228423,2536.002705042,2449.78266316675,320.61490916064,404.41617121274,108.97346107664,590.61391221375,630.6640320509899,1115.74541830625,1096.65907598475,956.41541137748,753.96543846823,948.79895634498,658.077870454,281.64865918612,1177.450820804,933.71874820323,1567.33378298,1279.82441465898,1555.7778358075,108.95401837805,175.09005708162,224.73899806637,1878.6583630535,1759.16980715275,1720.90919851325,540.69665701749,562.87905491101,414.76588193149,352.75899643825,493.27828257999,401.46916390249,282.00124994636,518.04461449475,864.7299455289799,1022.77037772548,904.80573420223,794.20860584775,795.9385834899799,863.5710886139799,252.28789145623,275.83880305386,263.87424231176,205.89658114463003,1878.9597279885,1843.7658959195,529.79948116548,437.55435267099,764.17161248598,878.34387345348,861.92523217773,1020.62314945675,519.20728041398,505.69789816023,399.68878064474,2268.64773501325,1905.928161445,1091.48080619173,1451.8591283965,343.48402764223,835.70275460673,1059.41107216798,667.10041349498,643.39817320401,546.4419278480101,437.36013695123,1218.44468512975,1015.61513531773,1190.25176555323,1485.6548757155,1583.0808775475,1358.34294823925,1874.5684991315,2108.3742507855,2248.547159877,1969.218526021,2292.7201135815,527.87637520274,665.3468237547501,881.08900975325,995.02421768425,1321.64368958,2479.918379953,1741.8225269175,2202.694329674,2081.5453151185,1909.18274740025,1013.90387958373,907.58761216923,1003.12565278225,216.23118633437,239.3474489175,269.70736257426,450.7881941685,553.79088266501,545.167924673,2548.1637122257503,2208.68201597275,2642.520607346,2575.5127354197502,1327.41047848825,1233.5690106125,1165.41237905,930.24295417198,982.00533327048,755.04475989523,1074.09655438198,763.1927978182299,628.73723514451,1284.7351842365,1348.9271581335,1024.27362951723,1011.25155747023,1004.11138330923,1051.4936374505,975.06049951075,791.57640372723
77,688.02632466198,265.640452097,1059.28897276648,2249.924118013,1905.99853171075,2146.1380733105,1002.40711799898,1422.856326286,959.06920614025,988.47807419925,1897.42516533825,791.81345676373,206.62321860574,740.6913197025,1554.30751667875,770.1573538935,91.27203043994,500.02637163999,1013.83894631423,1114.47619347423,1405.8664897185,1335.057225357,911.92617983398,548.74558626599,1057.35511087173,2054.955296601,923.40375348225,826.39275291373,823.0513303612299,1349.53408225775,642.60343969501,272.61746044711,308.88313884998,2179.926053492,298.64429935876,1137.52788939675,814.4799834444799,619.82716646824,1066.9117160735,2195.0909234325,535.90227644198,1312.0929066245,752.71904280675,645.88148240551,1835.6973934845,2284.620231911,2297.91741596825,1644.05461569275,969.17324540673,779.22766172325,630.72857385676,198.42117732913,716.080989191,825.115444045,216.7923029885,203.238648051,1059.727113886,270.068963214,1155.86175143725,723.57138668873,386.12549445674,872.38368282148,680.66703644525,626.94310716024,785.4266949402299,106.87776310494002,323.12880224276,341.03139552700003,2184.9681684715,335.10945649376004,122.1581210595,1218.1242130365,759.48554308948,459.57888504825,768.82987553023,50.0,2304.51699735925,1157.37424922948,2340.623157399,2254.40311552375,507.1346197590101,901.56512909448,718.0193560255,676.30190517025,348.46761568724,614.34519538526,662.9098066927501,455.01518845649,711.592205087,447.39877070625,864.8781425124799,997.15311550848,805.50257057923,208.34495686851,1450.056841811,912.3164753865,1813.8114641225,819.3681537587299,890.5945134039799,935.1531023785,2043.971942805,1924.4832315615,1886.22277826475,847.25535880325,767.4211466950001,795.20039474198,689.4732616,875.93318388075,867.68293042825,920.11786906973,381.0411635315,492.3846330215,635.35876335923,593.77195575673,462.19621776074,356.74734697998,476.1593934695,798.47524981925,986.25294464825,881.6797782315,861.3399752602501,1679.0360942225,1578.45492579525,670.7857648959799,571.57460146324,789.85341650875,828.54098780348,865.36148837225,991.71332308898,1166.71392138773,1072.57745762973,1045.1075777762298,2035.30894366575,1670.11460474725,782.18608983248,1128.0726422325,437.235781973,151.92013289893,434.4890114675,502.6038931125101,581.5643830302399,665.5687339799799,591.2776917845,717.04450570473,582.04547952699,713.4597356275,1055.75135232073,1106.28885383548,881.55092452723,1638.75494243375,1872.5608494305,1936.11949093575,1733.405124666,1980.29244464025,456.30414181776007,453.59054009624,365.13515333075,493.62407554149,1281.64898982225,2253.49808866225,1429.39485797625,1796.327016239,1769.11780152,1596.75523380175,778.09032288598,666.41806735875,708.9037688909799,593.6242248014801,613.73396515998,656.36148840925,1142.75299813575,1245.75573012823,1237.13272864025,2312.350155528,1972.86861461775,2406.7068953055,2263.0850664785003,1063.83694245823,906.29997611448,925.71742840075,514.02962577825,609.54712386601,561.37153430049,700.3084184125,416.92024975301007,862.431258079,1450.048763988,1650.16362467925,1556.930789698,1210.26581477773,1528.04931027525,1345.89005202825,1407.786836794,1255.71203222575
128,2889.2313026135,2275.60118718875,1631.5850978075,92.36789897667,482.71000461199,761.13155486848,2593.05963108875,2944.5827206080003,1931.6128424155,1557.46190656025,818.318266676,2373.335855065,2116.95212209775,2080.354457597,799.8527547617299,2784.223642525,2379.82467707525,1980.73082188075,1525.48366941625,1192.56178681025,970.47012124825,1324.69104830675,1398.40895031925,2201.0038898685,2539.5460731695,905.69025582073,3124.608812212,3027.597886208,2702.592270142,1633.092854539,2843.8084611425,2177.54728996125,2510.08827214425,279.43124084923,2056.30040947325,1836.86665836375,2304.01710438975,2276.59134187725,1741.0302788925,185.80435723462,2739.2404210365003,2833.8193009465,2842.4383380875,1815.75588932425,706.4294695689799,106.9138399052,919.402279585,805.1479976455,2481.48252610275,1888.5729587295,2831.933750647,2224.7744374735003,2917.2862032635,2442.74346179325,2331.25428080375,2407.5135902062502,1653.3281118395,2385.7890619615,1592.10644666525,2602.6301425735,2329.720581833,2444.44632901875,2639.4463743235,2825.178826506,2543.74576441575,2254.130799683,2100.6580657075,2268.879040368,374.09322913048,2479.1686958415003,2375.111733383,1833.64578178525,2731.0140903675,2364.04216436075,2266.75597100375,2305.7397001445,50.0,1236.67198204375,710.56748974348,686.27638858323,2243.90132425275,2633.3684338870003,2166.3599711345,2731.753832543,2084.34816435675,2017.20001792725,1859.29566597975,2223.943975132,1732.008282658,2096.94490795425,1634.921549392,2395.51895510775,1816.822317303,2496.89749787075,1047.55833956475,1608.982416997,867.40510302673,2210.2138508305,2351.6994061595,2249.03415939825,554.07085379648,640.8002645489801,692.9011354997299,1751.8290855015,1797.20299400625,1840.14811861475,1921.1141579995,1805.189630812,1907.94093745675,2510.9536866045,2073.57545532975,1819.4777462715,1822.650777283,1715.477328574,1879.26823869,1950.36007151375,1957.58692692925,2013.84772138225,2153.275451302,2055.668009138,2116.0879503795,713.03052360925,776.08818474575,2670.9393207165,2578.6943102825,1693.8147820865,1661.599491906,1581.7940182065,1498.22909461425,2027.03538880075,1900.86258971025,2119.395197527,280.31152471751,634.44581401748,1742.8701584235,1394.40203942575,2324.67054437325,2432.66358143125,2317.03016655725,1951.201252505,1893.87061253275,1828.7187757835,2003.15361578675,2103.28693106575,1974.55998647975,1920.07258486075,1621.4654497015,1635.085591336,1857.21034490375,831.3495847234799,639.41662667473,960.62791529375,706.00181097823,871.4879765249799,2519.153609006,2651.7470346395003,2313.080266453,2127.45795228025,1241.73677706475,220.39417940936,1195.04944560875,1124.143402714,1004.00652695298,1114.63262362348,1558.42316749725,1642.98181866125,1692.988047971,2314.1779183245,2380.48736924675,2040.28270783525,2664.4192748135,2743.339294838,2758.8589676195,619.78759134925,733.829209064,469.40256793324,818.91237813023,3265.0420757525,3107.504954066,3126.9224871305,2715.234684508,2810.7521453135,2762.5766303125,2901.513632485,2618.1252712005003,2831.060103021,981.47335891625,1064.61458826473,1858.9528245305,1317.85254976625,1687.198112993,1232.59975263073,1427.14456289975,1667.5960327415
119,1741.5764640015,1106.42275928598,779.6726441374799,1206.82341943773,761.9461722494799,1134.35152162298,1603.5127987695,2029.60258308725,1079.70030796725,505.4239853960101,874.5023218105,1392.91913753425,969.29720892123,1175.88543191225,521.7618484417601,1682.68509542,1232.16976389873,808.8625534835,660.39263277175,105.1585289673,373.32086497748,429.60767623425,250.75409306612,1147.47953742548,1687.633694064,1188.56691808673,1976.95381825725,1879.94289225325,1686.19568622725,938.29607767473,1684.3444666755,1029.89237678473,1362.4332781895,1035.87369403073,908.64557086125,984.9541239155,1394.23209445725,1222.47769360525,889.117899787,1051.03856397123,1570.06206769825,1918.83916342575,1713.60218623875,644.28269482251,721.9762465535,1140.56787244973,1431.52895667575,503.24499264176006,1566.80732640025,944.84633463575,1684.27875669225,1077.1195988615,1769.63120930875,1439.25756917375,1162.07600824373,1259.85875159425,801.415732734,1216.61070862325,738.972296831,1559.18061874625,1156.88390673225,1528.159448285,1552.81001256875,1661.10286113425,1524.79425829175,1106.47588650648,953.00315253098,1096.04229070273,1040.91580901023,1309.99034250325,1227.45682020648,1011.56853124475,1631.62843843475,1191.20548926,1348.581986543,1158.0848615325,1236.49458062325,50.0,1267.64352360323,1181.42348172798,1093.1929939822298,1640.932692446,1261.89094544975,1597.51144230875,915.1698110185,923.47467055448,782.56939496125,1055.0522291675,550.55202982348,969.20633341248,681.50674478723,1543.6064206595,765.3849139280001,1349.24265925875,306.00453827312,557.545013622,790.8885460302299,1340.0173193645,1470.12976593775,1397.12162495,930.250795874,810.76216540873,807.2424093792299,866.28057685948,791.75768871648,935.67909293,978.96434359648,953.27709636375,1043.788326365,1521.22354984025,900.73870566448,671.82275231675,694.035988853,567.82237190151,731.6133255134799,802.7051583372299,809.93201375273,1151.50586616273,1301.3630721965,1203.75555546798,1253.7461697245,534.98373476123,499.7024012280101,1552.5317937035,1443.71745952625,613.1712702235101,455.02105419873,486.98608720898,335.69459535075,1160.25298029425,1048.950055262,1267.4828184215,992.208319655,627.01401801876,624.77250291449,451.43103975026,1145.39266292198,1285.00874281925,1256.45107846573,782.02289916675,729.59216099323,754.23580941775,928.67073019923,1075.62776786873,864.80070104475,866.9760463512299,730.32607470875,840.65111712975,932.45588621025,606.20927419676,840.01506934673,1069.73111242148,700.8593445822299,1113.90406612598,1346.31693390525,1482.5685259585,1061.41452761473,958.56628709398,115.21669862656,1210.3974646515,563.00651674424,1023.878356783,902.7293422275,730.36677450925,410.7682108247601,495.32686198876,545.33313479448,1258.26089606775,1350.88836035225,1135.81376292873,1749.499254937,1852.50190615125,1843.8789854415,1279.80445000875,940.32283453398,1374.16118978625,1396.69676252875,2117.38708179775,1959.850115454,1979.2676485185,1567.579845896,1663.0973067015,1614.9217917005,1753.85863853025,1470.4704325885,1734.5742342025,429.617773513,675.39618237323,1211.18575454323,408.23779548775,1049.84056068323,529.43624632001,660.10237795023,905.52947607448
160,2942.082945075,2271.924379639,2043.1843550625,628.49051357525,1011.32930340975,211.58405204473,2835.4547494185,3255.9038831410003,2343.2120996705003,1386.39971300225,1522.124693133,2624.861243526,2175.8441120502503,2365.0209790285,751.353114006,2900.6390528025,2373.214066349,2040.8045041325,1923.90426913225,1188.8849792605,952.80058558498,1066.3520969234798,1394.73229811225,2379.421562639,2840.6922855775,342.7746518675,3177.4604546735,3080.4495286695,2918.137792219,2111.54339822825,2896.660103604,2095.5814646375,2562.93991460575,983.23766730623,2052.62375726625,2248.465760276,2583.3676415735,2454.41964425425,2152.6295361475,889.61080233275,2789.958896855,3145.140774165,2931.5559882785,1864.9652103265,1312.6714030255,793.15600337375,221.5737528335,908.88379207523,2755.9428735165,1630.23408191075,2884.7853931085,2277.62623527775,2970.1378457250003,2671.1996751655,2327.57762859675,2460.36523266775,2064.9273690945,2382.11225441175,2002.48408853425,2791.122724738,2393.00923763875,2705.431314241,2784.7521185605,2881.0000009765,2756.7363642835,2306.9824421445,2043.18171423575,2339.5702442395,1077.89965558748,2475.49188829175,2427.9633758445,2240.2193903922503,2863.5705444265,2423.147439909,2537.71753365925,2358.591342606,710.6815858865,1267.3367962365,50.0,90.94591629801,2325.13501919575,2872.874643095,2480.17951111575,2815.4652443485,2080.671356807,1758.8611411085,1688.2336277645,1965.60509831325,1813.09269321825,1925.882869739,1945.01845571225,2807.11805702,1659.2858169875,2288.3090008525,1166.76067955548,1437.92037878175,1571.2114487055,2529.15286648075,2659.265313054,2660.6332613105,1257.87728025348,1344.6067655705,1396.7074811785,2129.7922877845,2055.2693996415,2199.19088463325,2220.0689502332502,2216.788888067,2307.2999627255,2753.165655832,2132.680730878,1815.80093872175,1758.2963148695,1711.80052102425,1875.59143114025,1946.683263964,1882.07668026725,2415.01757708775,2564.874708557,2467.267266393,2473.157863473,1002.64129408775,817.53262382473,2784.4737443525,2675.659565518,1876.6830246445,1733.0326127515,1750.497798134,1599.20623171125,2423.7647719975,2312.4616916225,2530.994454782,613.26436402673,751.9910321157299,1584.968913331,1223.33992664598,2377.3346881355,2398.961816476,2036.15742576625,1947.52444495525,1963.6470029495,1991.00550205125,2169.77518149325,1767.4286044565,1823.4657053495,1661.733708042,1363.12657288275,1299.22726472675,1549.505406248,707.6770271942299,432.30019483774,432.28493396598,568.56972587176,396.13407249649,2586.7858034445,2707.6474339125,2054.74138963425,1869.1190754615,1387.880595438,492.06455239198,936.71056879,644.9386699735,594.40210051525,767.36623613973,1554.7463599475,1639.3050111115,1675.58857257175,2490.20284671675,2582.8303110012503,2333.401583637,2975.8007103335,3078.8035168905,3070.180440838,95.37813699988,329.3486886705,249.51129514273,121.08385759244,3317.8937182140003,3160.356907213,3179.774129592,2768.0863269695,2863.603787775,2815.428272774,2954.3652749465,2670.976913662,2966.5161848515,1409.77320453825,1636.218350669,2341.97044506975,1671.74943184825,2170.215888875,1639.17343580225,1833.7183268495,2074.1696413485
154,2834.6003642935,2185.65183191425,1956.91180733775,604.55996293775,983.205275236,125.31147946514,2749.1823570365,3169.631490759,2256.939396603,1278.916976878,1443.81843231375,2538.58869580125,2068.361375926,2278.74843130375,665.08056628125,2814.366349735,2265.73133022475,1954.53195640775,1837.6317214075,1102.61243153575,866.5280378602299,958.86936079923,1308.45959504475,2293.14901491425,2754.41958251,269.87014313513004,3069.9775632065,2972.9666372025,2831.8650891515,2025.2708505035,2789.1775228225,1988.09872851325,2455.4571784815003,959.30711666873,1966.35105419875,2162.19321255125,2497.09509384875,2368.1470965295,2066.35698842275,865.68025169525,2682.4763160735,3058.8680710975,2845.2835958965,1778.69266260175,1288.66512590423,769.22545273625,292.12043202411,822.61124435048,2669.670170449,1522.7513457865,2777.3025016415,2170.14334381075,2862.654954258,2584.926972098,2241.30492552925,2352.8824965435,1978.65482136975,2295.839706687,1916.21138546675,2704.8500216705,2306.736689914,2619.158921859,2698.479415493,2773.5171095095,2670.463661216,2199.49970602025,1935.6989781115,2253.29769651475,1053.9691795145,2389.219340567,2320.48063972025,2153.9468426675,2777.297841359,2336.8748921842503,2451.4449859345,2251.10860648175,686.751035249,1181.06424851175,90.77474101493,50.0,2238.862471471,2786.602250713,2393.9068080482502,2729.1928519665003,1994.39880908225,1651.37840498425,1580.7507362975,1858.12220684625,1726.8201454935,1818.40013361475,1858.7459079875,2720.845664638,1551.80308086325,2180.82626472825,1080.4880510525,1330.4376426575,1536.6420944915,2442.880318756,2572.9926099865,2574.3608689285,1196.47673479575,1269.552294537,1318.45155141025,2043.51974005975,1968.99685191675,2112.91818156575,2133.79624716575,2130.5161849995,2221.02741500075,2666.8929527645,2046.40818315325,1729.528390997,1650.81357874525,1625.5279732995,1789.3188834155,1860.41071623925,1774.593944143,2328.745029363,2478.60216083225,2380.9947186682502,2386.88531574825,916.368746363,731.25999532175,2698.2013519705,2589.38701779325,1790.410321577,1646.76006502675,1664.22525040925,1512.9336839865,2337.49206893,2226.18914389775,2444.72190705725,589.33381338923,665.7184843909799,1477.486021864,1115.8571097435,2291.06214041075,2291.47908035175,1928.674689642,1861.2518972305,1877.37445522475,1904.7329543265,2083.5026337685,1659.94586833225,1715.98296922525,1554.25097191775,1255.6438367585,1191.74445403798,1442.022514781,621.4044794694801,346.02764711299,324.80217298689,482.29717814701,309.86152477174,2500.51325571975,2600.1645424455,1947.25865351,1761.63633933725,1301.60804771325,468.13400175448,829.22783266575,537.45589656699,486.91932710874,659.88350001548,1468.47381222275,1553.03246338675,1568.1058364475,2403.930298992,2496.5577632765,2247.12903591225,2889.5283179515,2992.530813823,2983.908048456,133.84834029139,243.07612230462,287.98149843424,191.63052435563003,3210.410826747,3052.874015746,3072.2915488105,2660.603746188,2756.1212069935,2707.9456919925,2846.8823834795003,2563.49417753775,2880.243481784,1323.50050147075,1549.9456476015,2255.697897345,1585.4768841235,2083.94334115025,1552.9008880775,1747.44577912475,1987.89709362375
69,802.54002899398,246.82119988614,670.655662236,2273.9065531290003,1832.65407366925,2190.87973682275,558.913272564,979.3624062865,517.6145884804899,1106.22756801375,1626.29800731125,348.31961132875,401.31040361199,293.13615612926003,1578.28995179475,684.9563604582501,597.38786894848,302.72861443773,702.3914901254799,1138.45862859023,1429.84908017725,1445.7709353385,935.90861494998,102.87996772401,625.9390089065,2155.5518439605003,1116.58621404748,1062.88562345723,645.36271839874,960.90077794098,717.836362266,472.39831558473,451.40405360773,2026.557399159,402.72212124173,748.89458507998,368.61440218476,177.87811147635998,678.27841175673,2041.7222690995,572.958121277,868.5990674032299,715.87337671248,469.97414847501005,1631.67566263075,2131.2515775780003,2398.51396332775,1593.2371865425,525.67936268949,986.40735534175,792.4032931854799,302.10007281639,876.48581882073,394.65796840373,303.70307950848,389.16027042074,671.0938841337501,284.55714149437,767.228521685,518.34772548226,188.61990729611,428.8898373865,555.08124032474,653.22084946798,483.9613277455,403.19036157249,530.3084958612601,170.496745948,2022.7872306165,357.33100697399,519.5894981435,829.49090871973,633.89974075526,193.47675429825,322.96429427051,508.30952047323,2227.17836652975,1093.44192763225,2324.171738803,2237.95169692775,50.0,600.0997991820101,272.15378097949,599.7826700647399,355.91863069099,821.5248517215,868.6281164974799,662.19491935725,548.27668106826,654.57846432475,632.27438956201,551.2874969665,965.61978000048,674.9331802,1355.295278827,1067.99329307723,1542.68415075275,373.50253521675,444.728894862,489.28749005023,1839.95021195125,1720.4616560505,1682.201047411,514.8932134077601,455.0916916540101,408.78751619774,306.18418905664004,487.2999541285,452.15439637249,476.62402363475,243.29925041701,636.69901711026,794.73949280273,692.9746126204799,566.17768364274,501.71809146975,635.54008563074,377.24971303225,526.77526850848,460.45420416224,413.78481168701006,1624.975885166,1602.43736091125,554.80305874175,445.98880534273,554.3537702264899,672.0782911405,652.10735263598,810.805269915,714.1811473585,658.68199840875,623.8820409892301,2059.29137878175,1694.097195206,879.6497591745,1240.02808759298,104.55970130718,576.9171866035,743.238008746,439.069447794,399.38644637098,388.63450977651,223.25054111813003,924.22419932323,787.58416961675,920.639429246,1273.82383491198,1313.4686220185,1088.73061814573,1662.73737754975,1896.5432845465,2036.71603829525,1757.387559782,2080.88899199975,348.58823622576006,484.83905156526,564.91598982724,700.8037318777299,1076.34809220048,2277.4805237782502,1529.99140533575,1990.863363435,1869.7143488795,1697.35178116125,802.0728325665,695.756565152,791.2946119787299,215.13056430949,281.44003387287,208.80630619488,699.2591589144799,802.2618846932501,793.6388894189799,2336.332590644,1996.85104973375,2430.68948576425,2363.681613838,1266.53227613425,1172.69088903673,1128.41276829048,707.212160908,802.7296217135,684.02733624873,893.49095354225,586.09367430973,736.84549924075,1246.02711391248,1371.5233145485,1168.29748538123,963.981920609,1139.416080523,1076.12493923325,1019.15353247723,867.07872790898
174,642.46557611124,640.33823171451,1052.3442943495,2722.464957464,2241.9348403805,2738.588292172,148.02907662838,566.69547831075,754.4233888952299,1625.4919337815,2009.964307975,269.95478629275,854.7881648717299,557.46746030749,2125.998507144,324.58042431812,990.90491941798,850.43708900875,1098.76777925148,1686.16710316125,1977.55748018375,1966.27711104975,1483.617089521,482.8788994635,375.807666284,2703.120435492,1074.69174702175,893.0338606072299,114.22881815592,1252.89807908773,530.914295304,923.30278069475,591.7797595525,2435.838321213,883.5165509075,965.86529611,388.88205155549,438.64482149373,973.34885852673,2451.0031911535,543.57842037274,499.3856200785,377.25492012123,1017.68259197748,2040.95658468475,2540.532499632,2946.0823995165,2140.945586549,287.72487221124,1427.3926452715,706.77510718773,730.63854975723,750.334686937,232.52962960388,697.2201299779799,670.7935320334799,1017.03527873823,593.74383871898,1093.70826588398,147.87616343899,545.0189136934899,292.52346568213,201.95124811723,476.95583574875,126.74055820062,796.70737475973,971.29374850875,600.96874924325,2432.06799732775,543.638730642,764.5264898915,1039.97256783223,241.79076046773,457.48482749599,386.52930482851,901.82657094273,2636.459133241,1641.1504829815,2871.8801388095,2785.660252277,599.46561551199,50.0,479.54625688323,393.91802738951,875.9159408355,1262.51014165125,1311.074790241,1103.18013472248,1095.98512457073,1095.5637542545,1028.65064140575,513.39373333798,1485.0161063275,988.89252865625,1903.0036788335,1591.858674979,1926.35060675925,479.5267955435101,458.16041311574,565.43071492251,2249.23113400525,2129.7425781045,2091.481969465,911.2694652515,933.45186935873,785.3386901655,723.33176739,863.851090814,772.0419721365,175.67623984189,791.00769391948,1118.14981339075,1261.1239437284798,1219.53713612598,1052.98912210475,982.51252734923,1101.92457383875,622.8606996902399,646.41159264674,634.44705675948,576.4693707375101,2172.68444051525,2150.14576091775,358.07944834349,287.31970103698,1080.79928335898,1219.78677192523,1178.55290305073,1337.25082032975,856.408930347,876.2706691119799,744.4454133772299,2606.999934131,2241.8055952125,1396.075857557,1759.29252792525,506.526726296,845.5959129832299,1215.0366205375,986.77792857873,947.094920942,915.080022909,749.69607289175,1365.20940847475,1230.21042579298,1361.62471917575,1703.91625509075,1754.45391194825,1529.71582729725,2210.445932899,2444.251684553,2584.284474484,2305.0959597885,2628.4574281885,402.02967782675,495.83339741425,1015.82049843323,1141.78902180748,1672.894773944,2850.490995562,2077.5598415245,2444.49199978725,2417.2826297255,2244.9202173500003,1349.781232573,1243.46504593673,1334.66902382475,372.482710063,305.17809620199,648.75376985301,296.34173455374,447.84623860448,391.88606965499,2884.0409906505,2544.55944974025,2978.3980411135,2911.2502053695,1105.95913574175,1012.11774864423,959.472631262,831.5893531512501,820.660835346,593.70026197075,912.7520564575,593.67940875999,269.32621360286,1655.30795518825,1719.49992908525,1394.8464750335,1381.8244029865,1374.6842288255,1422.06640840225,1345.6332704625,1162.14917467898
4,914.77392312698,456.44352776048,591.00347454849,2253.3568821025,1772.82692036175,2346.57884309125,436.63049205448,791.34750307825,376.39979556474,1261.92667428225,1566.47085400375,216.90680923638,658.159270055,101.26412350706,1733.989213406,708.45661167825,807.01017196798,449.72215765348,642.5644113825,1294.15773485873,1585.54818644575,1601.470041607,1091.607795783,170.24901154401,413.30165845225,2311.250950229,1326.2085916315,1189.13678985825,546.16313110773,881.24862753573,835.9124673192299,759.114659167,661.0263566272299,1966.73040119425,612.02752505123,608.3871422695,155.97705173051,212.36262990773,598.62626135148,1981.895115792,782.5804242965,680.58408341675,766.6712326762299,625.67329823948,1571.848664666,2071.4244242705,2554.21306959625,1761.67797119425,328.55232716948,1159.00153910025,933.492488381,546.74380230723,1017.57501401625,286.31436004124,513.32538252798,598.78257344024,591.44169644624,494.179463155,687.5762967152299,464.0053767095,398.24222895674,289.90440555826,539.07025570725,749.411951002,387.31666266374,612.81266459199,752.0120033869799,411.19144525399,1962.960077309,566.9533099934899,729.211801163,699.7540809159799,630.6377791262399,403.09905731775,110.32694381626,717.9318234927299,2167.35121322225,1261.88279306223,2479.8708450715,2393.65080319625,271.45166903175,476.93948747774,50.0,655.9868824744799,540.13381295198,999.57553035198,999.64092964973,883.898383387,668.3349223292299,876.2819283545,572.44731703274,338.43328803325,1121.31888626898,884.5554832195,1468.79847857025,1223.69247391025,1482.857152788,116.07742173576,231.87468592875,231.86239521037,1780.1232139865,1660.634502743,1622.37404944625,455.06610359623,477.24853877201,329.13532851023,267.12846165812,407.64776644099,358.64388311876,354.52454757023,427.51439539574,767.71179298025,925.75222517675,848.6737934535,697.19045951273,690.9911156102501,766.5528615007299,205.12076216887,283.09577632173,261.85999365074,198.58314389399,1780.42442357875,1758.1353797805,595.1724452125001,502.9273167180101,678.54109634698,792.71327653625,776.2947160387299,934.99263331775,518.39363237174,517.467205493,428.0944825065,2170.11258594625,1849.7963014745,1035.348865443,1395.727268426,294.32078129963,786.539489623,1009.80780195173,570.08226094625,546.38002686899,460.81141170901,340.34198440250003,1145.92766335298,918.596982769,1093.2336130045,1429.523015745,1486.062805777,1261.3248019042298,1818.436639161,2052.242390815,2192.41514456375,1913.0866660505,2236.58809826825,558.2105392452601,694.4613173025,840.08411609225,922.507270472,1200.535374825,2381.38307554325,1685.690666947,2146.5624697035,2025.413455148,1853.05088742975,957.771938835,851.4556714205,946.99371824723,278.62023363374,304.72041917823003,172.68921623924,511.24421221026006,614.24690692048,605.62394271476,2492.0316969125,2152.55015600225,2586.3885920327502,2519.38087544925,1392.7835233135,1298.94198087323,1230.78534931073,916.8344639275,1012.351924733,820.4177239422501,1103.11325656175,795.71597732923,701.26051412725,1186.2000351695,1291.87116414325,1037.36816585025,904.15484807973,1017.20600042048,996.472788828,939.50130129375,787.42657750373
44,264.88398882789,533.54168801298,1157.5274917455,2763.8299356195,2339.3509002765,2686.2356106235,538.18375191526,928.71873110898,962.36177650473,1529.897422972,2132.9948339185003,515.4055337972601,746.720793201,726.855562331,2068.21333428525,129.73264597692,763.29881613825,806.9773138695,1209.08847207548,1628.3819303025,1919.77246266775,1870.6824448975,1425.832072005,529.803283956,737.8309190822299,2595.05298925675,669.18868608323,567.58186404225,307.79334732163,1447.772682015,186.02255787498,815.23541523773,363.74305238348,2533.254381109,787.922040098,1173.8037644977298,639.19390245349,485.56920598623,1165.1502412662298,2548.4192510495,148.74094410082,861.4088728767299,135.6785326485,974.22289140275,2138.37264458075,2637.9485595280003,2838.0151086240003,2097.4859667525,641.6643554890001,1319.32519903625,311.93759984726,622.57114080424,373.45539179898,444.87049288548,516.29398248048,495.93417757674,1157.96571364325,420.81147379373,1254.1003511945,266.00492347076,501.53210891574,576.96188803324,204.12563651237,103.73220911906,362.72877607276,589.17710983674,863.22638305173,569.6464872502399,2529.48405722375,368.779338903,563.30384276774,1265.1706969305,206.94221183601,409.34379858549,578.51119584351,673.936501116,2733.875193137,1597.69070784225,2814.0951212935,2727.8749240755,598.04232795423,394.08024871648,655.42656117523,50.0,780.3213554614799,1154.44277619423,1203.00734400575,995.11276305175,1052.525423996,987.49638879748,1138.97133422975,768.7714666562299,1389.421595518,787.66991881475,1859.544059037,1496.2641641695,2049.38113270275,687.46522664898,708.4723012960001,803.25017526875,2346.64719390125,2227.1586380005,2188.898029361,1021.5901580755,1046.39412643173,895.6593829895,849.1719030882299,974.171783638,939.02626316425,482.54437195823,715.7170211277501,1022.55522801673,1165.52935214075,1123.94254453825,957.39453673073,886.9179357615,1006.32998846473,830.79905001748,854.3500175385,842.38544436898,784.4078018429799,2129.224665376,2092.36074340175,78.8550246179,178.30227174838,1145.65612422598,1176.3270713505,1204.550674227,1339.499406636,1097.71843897523,1084.20905672148,978.19997648825,2549.21476127225,2184.0205776965,1300.48127218298,1663.69801711575,528.1435274504801,644.3733404239899,1013.814010696,901.45972593175,903.63514580275,979.936863776,814.55291375875,1257.14211758225,1122.14305412225,1253.5572729405,1595.84896419825,1646.386465713,1421.64853640475,2152.66076004025,2386.466667037,2476.21702824875,2247.3109422725,2520.390137296,227.17030472888,204.39542958686,907.7531267625,1033.72165013675,1629.4351541475,2767.403750926,1969.492550632,2336.424553552,2309.2153388330003,2136.85277111475,1291.99614049248,1185.6799476425,1239.07443845073,419.4070945555,352.10244341223,695.67811706325,658.364943856,809.86941062448,753.90927895725,2826.2559731345,2486.77443222425,2920.612712912,2803.1826037915,729.07984060373,635.2384100102399,582.5932926280101,436.75188930675,425.82340878376,198.86279812625,517.9146298952601,292.85003342489,282.55296525726,1752.72401508425,1858.395144058,1602.784862643,1470.678902559,1582.622616435,1562.99676874275,1506.02543655125,1353.950631983
26,877.00815571075,238.81044767188,747.01019674425,2029.71660466575,1685.7910183635,1946.6897883595,858.999426046,1279.4486405467298,646.79047361399,852.413514817,1562.16785982875,648.40576481075,183.92418800798,494.52265257201,1334.10015867425,867.52510219425,422.67826490274,172.08957458311,678.5815600265,894.2687546915,1185.659131714,1201.58098687525,691.71874105125,402.96612120601,926.0251623885,1901.73779076375,1167.46243732175,1070.45151131775,920.597797389,1037.25531244923,816.73214263398,275.59819577524,524.93449420324,1895.3216691605,110.43807601961,825.24911958823,668.70059916273,477.96428359949,754.63294626498,1910.486539101,702.44974365673,1168.68522088523,898.44211844848,310.62412097262,1500.43993263225,2000.0158475795,2144.6999101310003,1423.84725768825,825.76555345375,724.5943186974799,874.78730119223,221.25823306712,960.1396730305,694.7441218857299,294.46365934737,447.39220902849,747.448418642,348.99842186399,843.5830561932501,793.5828106862299,359.8952870305,728.9759908685,800.5968465342299,793.4905370927299,759.19645023173,296.98440615162,268.49547785812,306.45639305061,1891.55134527525,442.37801846173,417.96535849275,905.84544322798,879.41534696475,438.99232322548,623.0504477525101,348.59336253651,2084.30963935475,914.64716344298,2079.98179033975,1993.7617484645,348.67962125873004,875.33488438598,544.9610454122601,782.351449083,50.0,559.71188964175,561.93410496276,400.38188271298,376.33482501298,392.76546496274,536.94132060076,851.3736504485,711.9376127984799,539.75120375873,1176.50051463773,818.7802560145,1478.554158613,648.31224847525,744.815048344,764.09727787325,1708.71448195275,1589.225926052,1550.9653174125,519.31854310524,439.48436827925,482.92165600201,377.19452907374,563.65445135449,555.40419790199,776.7101771167501,104.76407022908,345.07131986173,488.04544398575,395.58765126651,227.96078806024,209.4340276065,328.84608030973,532.81153359201,713.623466886,616.016024722,602.65958051248,1458.828736218,1358.247412448,800.31862766898,691.50436805625,454.59603643473,493.28356423349,530.10406480226,656.45593680125,854.4351453655,760.2986816075,779.44382426673,1815.10158566125,1449.90724674275,622.99732053201,986.21403439623,411.00557454676,475.5172873192301,551.60424083375,167.34649439735998,246.30697810138005,337.63191206826,263.34087608649,662.41123724348,480.89016429574,658.8263926017299,984.26051853675,1051.65558537423,826.91757528775,1418.54758442925,1652.35333608325,1782.9019850985,1513.19761131875,1827.074938803,553.6718901185101,614.9562764815,356.56765270049,438.9907263020101,946.39160974823,2033.290575315,1276.17743291723,1737.0491548955,1615.90014034,1443.5377279645,557.88292138551,451.56669746698,547.1047380800001,513.74744877973,587.50375773374,398.18319871174,999.34531239648,1102.34803817525,1093.72504290098,2092.1427975235,1752.6611012705,2186.499537301,2109.86756064125,1307.89570086225,1150.3587345185,1169.77619301848,758.08830961775,853.6058512014799,750.35340884523,944.36718303023,639.62540733073,982.36106816798,1114.79130313575,1314.906163827,1244.65201988948,875.00842849,1215.77061503125,1010.63267195423,1095.50806698548,943.43326241723
90,1197.6084067295,621.40805235273,940.959503688,1964.02868008625,1636.789390618,1543.52284626,1364.6795343545,1785.128668077,1068.19469184575,486.54017273825,1702.853555338,1154.08579855473,431.36953642249,949.86352021073,1251.03676225723,1241.310982587,688.2017066267299,581.00033350499,819.2671809712299,880.9643503032299,1059.91305915775,814.68255039048,678.41433666298,911.01789077473,1419.62752722725,1452.3400695505,1432.98576098525,1335.97483498125,1309.1003838885,1308.23061983125,1152.1855652585,351.10680823151006,818.4652209175,1910.71691239925,461.68917902474,1152.3390438955,1176.75232523548,982.0995455415,1067.01789594998,1925.881626997,1045.4843585095,1674.3652484155,1262.30113108798,476.33807491426006,1641.1256281415,2015.41109081825,1695.30218891775,1340.78393583575,1331.4455064195,160.4134480455,1140.31069942025,533.1515415895,1225.66307747223,1187.387785836,668.22470354125,715.89069432225,1056.118812489,730.38013398575,1037.06004661248,1182.08539718573,748.39787353,1234.65602461248,1189.0993522555,1136.52523272373,1147.69903673123,562.50782923448,298.70710132573004,694.95896090898,1915.75902737875,814.22451918525,683.48876293448,1232.93544831348,1267.91785889973,827.49490972498,1131.10221732123,614.11676697824,2018.62171477525,923.86240605848,1738.0079303485,1651.78788847325,822.1306138819799,1263.83747088548,1000.30191305098,1156.13732947575,559.21793697901,50.0,144.50860602223,221.130404625,516.9940314765,209.00357284625,726.362815128,1359.42537652125,248.65560513863,642.97032198825,1216.54499864,391.94183770224,1619.2396987795,1103.653072618,1252.86685519498,1219.438102016,1850.06085017775,1729.9114662185,1691.65101292175,799.30074119275,724.77785304975,868.6992634769799,832.53539049875,924.19981051148,976.80849691198,1282.39021086073,607.38067659225,276.19131303587,253.10464013976,381.75733089126,332.88052415224,355.74872300475,236.03419932614003,988.15240123073,1168.96437180698,1071.35684886475,1058.00040465523,1434.54136328375,1275.1840905955,1188.82113339025,1080.00695455575,595.25528018051,633.9692224604801,670.78972302925,779.81734280225,1275.83940709323,1092.8856452445,1296.02013908848,1749.41366108175,1366.84392489025,297.37749787364004,607.6980418305,799.5081237640001,741.0406855472501,406.40269429974,466.69595042176,566.31702608949,632.41450872251,718.6817375115,197.29521579487,82.30499447039,110.84452721813,455.24133021823,503.6737013495,278.93575340012,1189.91327370098,1465.7666541185,1333.50426388525,1326.610929354,1377.6773729325,927.45781400723,963.17266565973,310.26671458713,124.64445012406,1037.91986873373,2069.12612828425,826.77971170398,1193.71186996673,1166.5025744695,994.14000675125,544.38422049925,435.36103110148,342.55103908573,955.89656659248,976.00630695098,853.52406013675,1505.02533992675,1608.027991141,1599.40507043125,1781.08152341125,1566.07441930575,1935.21477475975,1660.46999477075,1573.41902452575,1415.882058182,1435.2995912465,1023.61171405948,1119.1292494295,1070.95365986398,1209.89058125825,926.5023753165,1370.86357388925,1255.476998645,1455.59185933625,1557.03688879625,1015.69404943473,1462.3273656335,1151.31828668525,1245.83184807573,1255.81821210223
94,1244.94056594075,668.74021156398,859.2770235402501,1805.160426375,1495.296378837,1472.91164390475,1378.5143596695,1798.963493392,1014.186833296,345.04727901774,1591.4861630645,1167.92069843425,478.70169563374,949.000044428,1109.54390581898,1288.64322257648,735.53386583798,580.1368577222601,714.9278799577501,739.8189148185,918.42012815498,673.18969395223,537.26890117825,922.48101754725,1400.68161475175,1381.72886719525,1480.31807553925,1383.3069941925,1356.43254309975,1203.89132503148,1199.51772446975,398.43896744276,865.79738012875,1769.224055961,460.8257032420101,1098.33118534575,1143.35697074775,997.47917994073,1013.009956622,1784.38877055875,1092.81651772075,1688.2000737305,1309.63336486375,452.6976672515,1529.758235868,1873.91807903725,1624.6909865625,1199.29100483298,1315.93220269075,243.53115850163,1187.6428586315,580.4837008007501,1272.99523668348,1214.25905550923,715.5568627525,763.2228535335,941.85358199248,777.712293197,932.720745599,1229.41755639698,795.73003274125,1248.490924492,1236.43151146675,1183.85739193498,1195.03119594248,609.83998844573,346.03926053698,742.29112012023,1774.2661709405,861.5566783965,730.8209221457299,1178.9275089855,1315.2500926755,874.8270689362299,1097.7068628335,661.4489634717501,1859.753461064,782.71697057375,1667.39672799325,1581.176686118,868.1945548822299,1311.1695493185,999.43843726825,1203.469488687,561.88975771449,144.91478381751,50.0,311.13024629325,437.25737461525,238.691591827,645.36073622525,1326.03010281175,143.63511995269002,732.9701636565001,1075.39956936898,250.44896262286,1507.872306506,1102.7896776135,1219.47142614273,1218.57463244698,1708.56783839675,1618.54422928775,1580.28362064825,745.29280807848,670.76991993548,814.69140492723,831.6719209297299,870.19195196173,922.800557584,1296.22511074025,667.9370895464799,275.32788074911,124.28203548831,260.95803636198,332.01709186548,354.88529071799,235.17076703938,987.288925448,1168.10089602425,1070.49345386025,1057.13700965073,1293.0485068455,1133.69123415725,1236.1532926015,1127.339113767,543.33744648523,471.39390664549,566.45042822948,638.67191353123,1221.83154854348,1038.8777121302298,1242.0121997605,1590.54525202775,1225.35099388748,156.2320561752,466.20514810999,846.84028297525,788.3728447585,526.30430657274,465.83248085274,565.45359380273,578.73795897625,717.8182679424799,317.196846709,116.30656471943,124.00937789351,456.27948581648,530.43902726723,305.70107310414,1119.3019905675,1395.1552964205,1262.89314230823,1255.99965243423,1307.0660152345,974.78997321848,1010.50482487098,400.26657489651006,214.64430421973,896.774433249,1808.73439702425,756.1685093487299,1217.04038666975,1095.89129754973,923.528804396,403.23879122823,300.98912360549,208.17913158974,1003.22872580373,1023.33846616223,852.66059056773,1518.8603205845,1621.86297179875,1613.240051089,1710.470321056,1495.4632169505,1864.6035724045,1589.8587924155,1620.751183737,1463.21421739325,1482.63175045775,1070.94394783525,1166.46140864075,1118.28581907523,1257.2227404695,973.83453452775,1418.1957331005,1144.1096063715,1344.22446706275,1441.105992556,878.04111043373,1357.98814539825,1039.95097518998,1141.49254706225,1097.555558995
117,1038.10946145325,461.90910707648,1116.2386315375,2112.5989522145,1802.7349046765,1751.8881157465,1205.18051451373,1625.62972280075,1016.01887112498,652.48576757498,1852.14057891475,994.58685327848,271.87059114624003,848.7776431887299,1416.98235088025,1081.81203731075,511.09640669049,541.3179907352301,968.55420454798,1011.554084369,1225.85865399448,980.6281390135,809.00415150698,751.51894549848,1260.12850738648,1660.70549437975,1273.4868964872298,1176.47597048323,1149.60143861225,1406.48366646425,992.68661998225,191.607825673,658.96627564125,2076.66242645775,329.45012748625,1194.47755438148,1017.25337995923,822.6005257007299,1123.86138105823,2091.82729639825,885.98541323325,1514.86630313925,1102.80218581173,625.62514198698,1790.41265171825,2181.35660487675,1903.667613747,1506.72944989425,1171.94664192148,384.97782221974,980.811754144,373.65255903099,1066.1641321959798,1027.88884055975,508.72572098274,556.39171176374,1116.67685343525,570.88115142724,1212.8114909865,1022.58645190948,588.89889097149,1075.15707933623,1029.60040697925,977.02628744748,988.20001067675,403.00884046226,139.20813119464,535.45997213676,2081.70454143725,654.725573909,523.98981765823,1275.07387802123,1108.41891362348,667.9958836705,971.60327204498,454.61782170199,2167.19183156075,1054.45222090248,1946.37335517775,1860.1533133025,662.6316686057299,1104.33852560923,881.70012813175,996.6383841995,399.71899170276,220.09537452288,310.48077689663,50.0,666.28105505325,145.02108175448,875.64983870475,1199.92651202323,425.92978128525,426.19126041576,1347.134813484,557.8874263252601,1768.52672235625,985.051368477,1093.36790991873,1100.83632331048,2016.00636423625,1879.19848979525,1840.9380364985,888.5469406162299,808.7128030725,852.15013429123,746.42300114925,932.88292343,924.6326699775,1122.89126558448,447.88169403374,425.47835525375,415.3652688255101,531.04435446801,408.28179476826006,331.49172268498,345.18949219851004,906.56164787,1087.37361844625,989.76610171773,969.42629874648,1600.487032685,1441.12975999675,1029.322188114,920.50793471498,744.54234725323,783.25624603723,820.076746606,946.42865588725,1223.66358015875,1129.52711640075,1153.19397582698,1897.98377786725,1532.78943894875,454.02130554199,773.64363666723,640.00917848775,536.84415681749,255.63744775512,491.70597782901007,605.71082280798,706.8603903574799,632.56931087974,315.34013423761,231.59204290198,319.20989612399,661.50146932125,712.03905161423,487.30112230598,1398.278617752,1674.131923605,1541.8696887145,1534.9761988405,1586.042642419,767.9588687309799,803.6737203834799,102.66294768855,103.39335065792,1168.5096027995,2277.49139777075,1035.14513653323,1402.07721401775,1374.867843956,1202.50535701598,674.97403534325,603.6904350014801,504.81166777148,796.3976213162299,816.50736167473,764.44781189548,1345.5263946505,1448.52904586475,1439.906125155,1989.4469482405,1774.43968879225,2143.58004424625,1868.83526425725,1413.9200792495,1256.38319368398,1275.80057140573,864.11276878323,959.63030415325,911.45471458773,1050.391635982,767.0033554757299,1211.364628613,1404.76402222175,1604.878882913,1613.8803739045,1164.981147576,1584.9990498245,1300.605310262,1395.11879087425,1312.661771775
51,1169.92640945773,532.62325817901,398.41279529624,1761.90352886725,1309.7664936005,1678.876712561,1059.24050582848,1435.46192442025,640.31963408048,602.82323099275,1198.47530005273,848.64684459323,541.88452574448,581.74485402348,1066.28708287575,1138.41272170075,786.51789698075,264.59021704651,314.88897539564005,626.455678893,917.8460559155,933.76791107675,423.9057025350101,603.20720098849,1057.4161605724798,1652.1475069395,1479.389281237,1382.378355233,1141.923312508,803.85236454598,1109.65039016725,602.4796128297501,817.85278523248,1531.629183949,431.1398217775,724.46398613023,800.09151656848,678.205319886,639.14279468874,1546.79389854675,995.36799119,1324.69850475875,1169.32973795498,100.01035217181,1136.74737285623,1636.32320702525,1895.10962630675,1051.06528292423,972.666823076,677.7924996347299,1168.89205665,551.07526148774,1254.24443470198,894.9851954545001,624.28068776799,777.2092188079799,488.34606948926006,641.91671289323,532.68182239576,1014.90832580523,612.6115702952601,929.21707065098,1008.5376388495,1086.40886540423,980.52196535073,660.8240195885,525.59042585826,551.769991548,1527.85886006375,735.296265995,781.80503406673,805.06030976998,1087.35614549373,646.93315282301,754.4414086542299,712.43300082823,1732.249995977,551.27006129624,1812.16871454125,1725.948672666,548.9206948275,1096.66039950498,667.7504421255001,1053.2390685895,377.37457132099,518.3664846727501,436.33568879724,667.99161485173,50.0,541.79365023573,240.16004684275,1095.80585903723,464.08518560074,903.590873119,813.12337520873,566.45877324201,1114.86151805875,745.87681604025,875.9891880489799,949.32106332773,1345.02199674125,1225.53328549775,1187.27275763648,371.42563993151,296.90273314738005,440.824199498,436.79282522823,496.3247465325,548.93335836848,976.95125689923,356.46636922749,244.41005049887,336.03762942501004,202.50096261351,295.14672006025,375.29239438225,382.51924979775,656.6509727307299,853.5624297960001,755.954987632,758.8912017279799,1082.80405611225,1047.52269151048,1008.25941998425,899.4451665852299,109.05251189526,129.90642480449,166.41150502624,293.07881601338005,847.96434311425,665.010506701,868.1450005449799,1547.28850986275,1182.09417094425,378.1151647747601,736.6237505719799,601.12032648499,839.35688211498,829.0383952889799,244.22762218698,184.89519204226,207.72943296962,386.4991683350101,689.0070034427299,437.38794330348,577.26208479076,772.2892777945,882.6143202155,656.651824009,1150.73450863075,1384.54026028475,1533.31170127425,1245.38453552025,1577.48465497875,802.04464096423,907.87453022848,634.00180094201,571.5056665645,583.01447031923,1765.4774995165,1026.58714909298,1487.459026414,1366.30985651575,1193.94736957573,290.06984558701,183.75362166848,283.71019418024,713.9885223485,806.615986633,557.18725926875,1155.35867704823,1258.361402827,1249.73840755273,1824.329721725,1484.848025472,1918.6864615025,1860.277276817,1602.0003817555,1462.28557843375,1463.88094847625,1070.015153533,1165.53269511673,1043.2716563785,1256.29394616725,932.543654864,1190.30186048325,751.09874335973,951.2136786155,1041.06711284873,511.31586871398,957.94918491275,646.9401059645,741.45358657675,697.5165985095
114,1030.1153681955,453.91497032276,965.28113280548,2043.85279491575,1733.98874737775,1711.6040124455,1197.18642125598,1617.63547420025,1008.02477786723,565.30291133523,1727.17510367725,986.5926792425,263.87646060623,840.7835499309799,1348.2361935815,1073.817944053,520.7085873145,533.3238539815101,843.588803875,926.78316044398,1157.11249669573,911.88206249298,724.2331468037299,743.52485224073,1252.1343333505,1620.421235736,1265.49272245125,1168.48179644725,1141.60727078998,1332.5521681705,984.69245215998,183.61369513299,650.97214510124,2007.91642450175,321.45597830511,1186.4833803455,1009.25928670148,814.6064324429799,1115.86720702225,2023.0811390995,877.9913199755,1506.8722098815,1094.80809255398,500.65970403174,1665.44717648075,2112.610447578,1863.38335510325,1437.9832925955,1163.9524678855,374.29629938699,972.81758632173,365.65846577324,1058.17003893823,1019.89467273748,500.73159044273,548.39758122373,1080.44044160648,562.88702088723,1061.38166951625,1014.5922778735,580.90476043148,1067.16298607848,1021.6063137215,969.0321134115,980.205917419,395.01470992225,131.21401308205,527.46584159675,2012.95853948125,646.73140608673,515.9956809045101,1267.07978476348,1100.42482036573,660.00179041275,963.60917878723,446.62369116198,2098.44582960475,969.68121619923,1906.089096534,1819.86905465875,654.6374945697501,1096.34435157325,873.706034874,988.64429094175,391.72486116275,209.41385169013003,239.73466246986,173.16794531248,541.31566059398,50.0,750.68444424548,1191.93233798725,382.32748227973,592.67849813948,1262.36388955898,489.14131252248,1643.5614024615,977.05720065473,1085.37373588275,1092.84223005273,1873.72172580125,1754.2331699005,1715.972561261,823.6223703102299,749.0994821672299,844.15596025525,738.42883332698,924.88875560773,916.63850215523,1114.89717232673,439.88756349373,300.51293593964004,307.6566270605,406.07896000874,357.20214705601006,198.54195942411,195.79940181399,898.56748004773,1079.37945062398,981.77200845998,961.43220548873,1531.74087538625,1372.383602698,1021.32809485625,912.51384145723,619.57690929799,658.29084536425,695.1113521467299,821.46326142798,1215.669486901,1121.533023143,1145.199801791,1829.2376205685,1464.04343699275,359.01100153298,704.8974793684799,632.01504794774,573.54757244873,422.124660624,358.75619592701,477.33122461098,656.73610055773,624.57518033973,340.59099883075,158.87035394523,308.52837329124003,650.39108243801,701.3575287814799,476.6195994732301,1357.99435910825,1633.84766496125,1501.58543007075,1494.69194019675,1545.75838377525,759.964694695,795.6795463475,227.088109773,117.17053138525,1083.73867887448,2047.426765565,994.86087788948,1391.395691185,1334.583740655,1162.22117293675,590.39732713799,478.7250343285,410.18280477824,788.40344728025,808.51318763875,756.4537186377299,1337.53230139275,1440.534952607,1431.91203189725,1949.16268959675,1734.15558549125,2103.29594094525,1828.5510056135,1405.92598599175,1248.389019648,1267.80647814798,856.11867552548,951.63613633098,903.46054055175,1042.39746815973,759.00926221798,1203.37053535525,1279.79862776248,1479.9134076755,1605.88628064675,1040.0156723385,1486.6490693155,1175.63991580273,1270.1534709795,1304.6675231745
109,1396.5018073775,661.20593284623,166.95724274812,1721.83146842,1241.30158745748,1811.03875137775,985.315451152,1340.03238761125,445.6044438832601,779.01422078475,1034.94552109948,765.59175590648,692.263838761,486.31531721448,1198.4490471279798,1190.18450214248,941.50934245848,381.5121627495,111.50749279287,779.0025700785,1050.00809473225,1084.08439105775,574.22214523375,606.96486133276,961.98662376348,1843.043552132,1607.97191240825,1510.96098640425,1094.84809020525,600.47091301176,1317.64035156975,808.7018545154799,946.43541640373,1435.20498751175,617.6397852054899,416.37787364824,704.6619797594799,682.55220149473,320.54161223748,1450.36985745225,1204.44434522148,1229.26904872798,1248.39911692675,302.18512607887,1040.32333176173,1539.89916593075,2086.00567149925,1180.8040494055,877.2372862670001,884.01473510675,1415.22045340975,706.06674424773,1499.302979045,834.9992818565,723.65161811225,867.13270640775,256.89049830001,770.4993440644799,329.30033979299,1008.59100219098,820.10610638575,838.5893335872299,1045.40738928373,1231.13991603075,936.001584479,815.81546506623,731.8127048262501,776.1753320285001,1431.4346636265,863.87897794448,936.79647333075,488.07441851548,1136.97494998498,824.96297824273,659.01187184523,867.42444009225,1635.8259548825,681.00879049525,1944.330753358,1858.11071148275,649.8621838702301,1025.624409293,572.32086803424,1137.714766725,546.88403331451,724.5887263584799,642.59323056948,874.21385032375,239.52652182599,748.01588570775,50.0,901.09071233598,670.34272737298,1058.58231859673,942.86214169,794.150041631,951.3317391055,650.4472419489899,780.55965123998,754.6059166264799,1248.597800304,1129.10924440325,1090.84863576375,157.79003832463,133.96330635381,246.10901551449,327.07505489923994,286.14713046401,354.21821166723004,903.20950666775,485.049037681,450.63226732976005,553.917449724,408.75854166801,501.36896174598,581.5146360679801,588.74149148348,461.93578253351006,658.84728309475,561.23980364849,564.1760550267301,1212.54282880723,1177.26145799175,1076.90033567673,984.6552444645,134.92333697623002,305.53724863999,195.42075075401,354.11867424674,569.42861593651,419.925007284,673.4298538437299,1669.767413701,1304.5730747825,620.73588427348,912.81474036398,730.6315593334799,994.348321379,1035.260630761,450.449857659,329.64127984698,205.896873189,455.41674946524,895.22923891475,643.6101787755,783.519626563,999.98058346575,1110.30562588675,862.9094030635,1282.89647288298,1516.7022991015,1724.20774646675,1377.546574337,1768.38070017125,980.07442288798,1116.32523822748,840.2240053454799,777.7279082502299,619.66145303625,1849.8578172035,1217.4831942854798,1678.3550716065,1557.206057051,1384.84348933275,466.26083537901,390.01115722701,541.2965099397601,720.1388525065,786.44830342875,446.24364201725,1059.92914023923,1162.93179145348,1154.30887074373,1956.491605199,1617.01006428875,2050.84850031925,2051.17347735225,1874.5113329995,1590.868209605,1712.51323356125,1198.59778470425,1294.11532628798,1302.14561440648,1384.8765773385,1217.5798920405,1237.02111798123,654.6747022652299,787.68389966225,806.34188745748,358.38415004076006,754.56770230998,483.41032701125,538.07214125624,464.04386442924
150,1019.5924503105,735.4139412349799,812.29826908525,2482.418776857,2001.88881511625,2673.909784782,309.00929580411,547.57962086675,466.84780106674,1665.04639218575,1680.47006314775,279.63153357737,949.86383089623,435.67548210974,2061.32015509675,737.274089888,1085.98058544248,776.54745869298,950.2990205035,1641.8737588255,1912.87928347925,2004.5897595105,1494.7275136865,449.2194250185101,142.54315983955,2714.3706681325,1434.31176669925,1332.7050254365,595.68329295273,827.68893281973,940.73099450275,1018.37852749748,959.61252051523,2195.79229594875,926.74983631725,615.16552316575,230.74474140638003,459.44599243248,686.1635289685,2210.95716588925,913.86408064023,436.81623848751,858.70940113175,952.49859927898,1800.9105594205,2300.48647436775,2957.3329428425,1991.756273562,208.35732836512,1485.82684013975,1077.06072395925,825.71421578173,1128.16390920498,330.39162261174,792.29579600248,875.7126779539799,752.6471191135,771.109604951,806.1326407732299,508.08260199774,677.2126797135,235.11171815325,575.57949290099,855.9227883177299,431.39388795198,891.7830407842299,1054.33617986823,690.16189601075,2135.81756702875,828.26377555925,1008.1822146375,631.7908883594899,653.1315273867299,634.85059372801,282.83726113089,996.90223696723,2396.4132633195,1543.87997924225,2807.201942105,2720.981744887,550.42208250625,514.08904748698,338.61379630875,768.97286542475,860.4712240377299,1345.55264757525,1326.46630525375,1186.22255986825,1097.15066122398,1178.60618561398,901.15362614973,50.0,1524.43852339425,1163.525896694,1697.8605286675,1626.81219181375,1596.856361932,278.51087233774,107.81627564963,233.31759016898,1924.650069675,1816.84204583225,1774.019797339,772.0117610784799,805.95492866723,657.8416749094799,582.39935031149,624.2544721255,563.98886701298,328.6446753275,747.85184376375,1094.53717479798,1252.57760699448,1251.79343679248,1024.01583511675,1025.74581275898,1093.37823710475,434.49755531875,262.14314620173,340.53255267449,332.34175821298,2009.486473676,2006.746227566,724.07290765025,641.18275568174,1007.24744274623,1221.52909620923,1105.00106243798,1263.698979717,448.2272508742601,529.5301914015,336.26377118675003,2399.17448070075,2150.0955852095,1438.4685833465,1798.8469863295,573.29121341526,1065.5099030975,1289.21822065875,896.90756198575,873.2053651907501,776.0822817212501,667.16736622023,1448.25191439875,1245.4222838085,1420.058914044,1832.64257830575,1812.8881068165,1588.15017750825,2145.7677361945,2379.5734878485,2595.53486246725,2240.417763084,2639.7079715145,778.56629307198,848.441711385,1110.89616445773,1224.83144695325,1452.1704352675,2610.4451256405,2088.81022950775,2549.682187607,2428.5331730515,2256.17060533325,1360.8916567385,1254.575389324,1350.11351071525,466.92112284474,480.37776312801,499.514554561,267.41634905613,346.33631315724,361.85610399923,2819.362793946,2479.88125303575,2786.4304416315,2922.50043801,1483.7882772315,1389.94680935575,1337.30177275175,1177.03427232673,1190.94653289575,963.98588495598,1283.03775400725,946.287760013,750.78067597225,1415.261929924,1390.00583960075,967.75154855873,1141.77830315773,947.58937691525,1182.020383138,1058.05764535175,805.9517410340001
65,1387.57752173275,811.37708657775,880.16744199573,1762.339265281,1452.47537308575,1430.09048281075,1476.61346163725,1897.0627507025,1067.61301402523,302.22619248826,1569.432774218,1266.01988118023,621.3385706475101,1006.17961668273,1066.7228192895,1431.28009759025,878.17074085175,681.96321635125,735.81837297775,721.7985344475001,875.5990416255,630.36860742275,519.2485580895101,1020.58020029323,1481.8508424535,1338.907861444,1622.9548759885,1525.9439499845,1499.069343549,1224.78173727325,1342.154524919,541.07581138798,1008.43426135623,1726.402894867,611.6794019484801,1151.7574406395,1224.52627922773,1095.578356473,1066.43621191575,1741.5677648075,1235.45339894823,1786.299331041,1452.270165313,506.12388526299,1473.35095320175,1831.097073286,1581.86998081125,1156.4699183035,1397.10158573525,223.60249186624,1330.27965908075,723.1205820282299,1415.63211169725,1312.3582320415,858.1937439799799,905.85973476098,962.74399423425,920.34917442448,953.61116405448,1372.05443141075,938.36691396873,1346.59002645975,1379.06846725875,1326.49426694875,1337.66807095625,752.4768634595,488.67613555075,884.9279951340001,1731.4450098465,1004.19355962398,873.4577971595,1232.35376427925,1457.88689312475,1017.46394395,1178.87617131348,804.0858446992299,1816.93229997,764.6966709809799,1624.575722242,1538.35568036675,966.29365684998,1453.8065051105,1121.33814876998,1346.106444479,712.74345020725,248.30556199949,143.67916272917,426.25782789099,464.533231374,381.32847305448,672.636592984,1523.0993135465,50.0,848.0977825365001,1057.3792635625,207.62787609338,1485.81907300225,1170.31150413498,1300.42395070823,1286.09645275475,1665.7468326455,1562.1369466215,1558.23023180175,798.7190633722299,724.19617522923,868.1175794427501,861.2275878874799,923.61812647725,976.22681287775,1394.324212708,773.83936853223,388.18689274924,262.24407549326,305.16891233861,447.97742245,505.73898321075,386.0244408910101,1083.94435267548,1280.85589051898,1183.24836757675,1114.31657569175,1250.22742652973,1090.87015384148,1378.7902483935,1269.97591421625,570.61330324398,500.66809254024,578.86355669648,616.61859924925,1275.257723059,1092.30396742398,1295.43845505425,1547.7242462765,1182.529907358,134.17874810693,423.3840615805101,989.47716420273,931.00972598598,609.56611917748,581.80166597401,604.80564060373,632.16417698774,810.933893712,400.45865931374,258.94343351949,145.77045518048,307.28463709764003,430.14512486699,205.40715827648,1076.48091025173,1352.33429066925,1220.07205577875,1213.17856590475,1264.24500948325,1117.42684823225,1153.14169988475,515.39415649425,329.77187960376006,878.754052878,1765.913391273,713.34742281925,1092.45962085948,1053.07029179848,880.7077240802299,381.18547694625,328.26498036424,231.61722706861,1131.3615589355,1165.975341176,974.56029585575,1616.95942255225,1719.9620737665,1711.33915305675,1667.64931530475,1452.6420558565,1821.7824113105,1547.0376313215,1763.388139529,1605.85117318525,1625.268550907,1213.5807482845,1309.09820909,1260.922694089,1399.85954091875,1116.47141575523,1560.8326888925,1122.05629830323,1322.171233559,1461.996485576,855.98779615175,1378.87863841825,1017.897660908,1148.89843810398,1118.44597745048
75,802.659717476,432.41289289601,1251.49820478925,2442.13327547125,2098.207689169,2072.8169166815,1102.186637058,1546.89300722125,1151.27844437673,1061.94346967848,2089.63447813925,921.53568234898,398.83245062851006,942.11168086475,1746.51682947975,903.05238058298,121.78201762062,692.23564715873,1206.048178337,1306.685425497,1598.0758025195,1390.085841117,1104.13541185675,715.5180270650001,1187.07733645698,1981.63429531475,1038.03707173175,941.02614572775,955.946350837,1541.743239716,757.2368014404799,464.82671111101007,423.516531664,2372.135366293,490.85353759524,1329.737046855,981.25246152575,786.59960726725,1259.12095430998,2387.30008089075,650.535669256,1441.81513220975,867.3524418344799,838.09075792425,2027.90655094275,2476.82938936925,2224.596414682,1836.26392849375,1098.89547099198,699.16618317175,745.36201016675,390.63043420674,830.7143882187299,932.339223805,383.56474378751005,317.87204707873,1251.93635212248,419.69191859448,1348.07106423825,856.4664071645,526.600116451,1002.10590840673,813.5620631347299,741.5765434702299,880.53241668,345.36227683248,473.50182698476,507.80383632601007,2377.1774812725,449.74285552149,224.69859031024,1410.33337049475,892.38056356525,569.37704214351,935.6023536115,209.10014011336,2496.7263101602503,1349.58348125225,2267.30200077,2181.08195889475,673.9070667717299,991.19657232425,884.79184032048,790.9353041979799,540.6768477100101,629.55309526751,719.938460359,413.17218337698,903.80144332348,592.20159589698,1057.08737453525,1163.92551902523,835.3874833887501,50.0,1642.266154612,967.34517192473,2006.0207769235,986.14055727548,1057.36691692073,1101.92558667348,2236.18110026325,2116.6925443625,2078.431935723,1039.46459703973,959.630459496,987.40962676475,881.6824998364799,1068.14242211723,1059.89216866473,1049.84009465498,573.25043905024,684.5938712579799,827.567995382,785.9811877795,654.40549327948,548.95661628501,668.36863170598,990.68448805573,1153.025348165,1073.88901646798,1062.7603364225,1871.24525168075,1770.6640832535,803.6807853717501,704.46958465675,982.06265474523,1020.75021982625,1057.57072660873,1183.92255511175,1358.9231534105,1264.7866896525,1237.316809799,2227.5182564667502,1862.32391754825,863.47904492775,1183.10133877073,604.0082227720101,147.52977396133002,262.56346018726,694.81309406673,773.77357777075,857.77796600275,783.4869300209799,589.5784347245101,641.04974500548,720.77094215625,1007.00300782225,989.85643042,825.9846675094799,1741.674951305,2017.528257158,1862.7984896495,1878.3725323935,1906.971443354,589.19913122498,568.22393291026,366.20503613226,512.85107761626,1473.85830262325,2445.7072461205003,1378.541389308,1679.89467360175,1695.796644891,1545.90160979075,970.29955490875,858.6273055952299,901.11300091375,760.39662831823,724.29442641175,857.78177500698,1272.475223721,1375.47787493525,1366.8549542255,2310.3757491755,2117.83602234525,2464.50884518125,2189.76406519225,1178.47033527225,1020.9333689285,1040.35082742848,628.6630248059801,724.180560176,676.00497061048,814.9418174402299,531.55364878074,995.32628476848,1642.25792144625,1842.3727821375,1749.13994715625,1402.4750468005,1720.25862307625,1538.0992094865,1599.99599425225,1447.921189684
120,2006.6868866355,1368.4891599555,936.89970169498,1072.63190215675,593.1844059802601,1032.686912079,1898.374154198,2249.89724371725,1236.92736552475,801.583502904,629.01529866701,1678.650533517,1265.45676371148,1385.66898070625,420.09728239375,1944.75157686775,1528.32923791075,1070.92896036673,830.79827330373,395.73705370975,445.64296888526,620.86004041299,546.91359193298,1409.545938095,1844.8607516215,1112.11622641623,2273.1133730475,2176.1024470435,1948.262167675,1010.2843127305,1946.4107927805,1326.05185079675,1654.61326241025,847.10662122698,1204.80505108698,1142.181181473,1609.33178284175,1484.544175053,1046.3449573445,862.27141038925,1832.12839380325,2139.13382405575,1975.66851234375,906.349138988,452.22488469873,951.80071886775,1265.14910428825,334.48323258625,1786.797049212,1241.0058148614798,1980.4383114825,1350.936982633,2065.79060875625,1748.0579849025,1424.14240891325,1556.01815104175,958.6427902915,1478.677190071,897.42105055273,1821.247100194,1418.95038818,1749.76100747075,1814.87633867375,1923.169342582,1786.8607397395,1402.6353605185,1249.162626543,1358.10869137225,843.33629734173,1572.05666860825,1523.6162942185,1138.96038567273,1893.6949198825,1453.27197070775,1572.07064945575,1454.24426098,1047.7275078195,306.6183161195,1165.97899483748,1079.7589529622298,1355.25939465175,1902.99917389375,1471.67449424375,1859.57776841375,1177.23621790173,1219.6341445665,1078.7289497515,1351.21178395775,812.618430493,1265.36588820273,882.68321783198,1700.833478217,1061.54446871825,1645.402214049,50.0,853.70449384773,597.32289218301,1515.52837393975,1657.01392926875,1554.3486825075,660.49943401923,541.0107973402501,546.24674278949,1057.1437639535,1053.824089386,1145.46272250223,1226.42876188698,1110.50415392125,1213.25554134423,1816.26820971375,1162.80518711223,967.98223254248,990.19546907873,863.9818894095,1027.7727995255,1098.86463234925,1106.09148776475,1319.1622444915,1458.590129754,1360.98268759,1421.40247348875,366.22201198798,349.47306852976004,1814.5981198085,1705.783940974,875.237714389,717.08745486825,749.0524878785,597.76103951624,1332.35006725275,1206.1771128195,1424.709875979,858.01680858773,492.82254423375,920.93202042248,739.57114313225,1407.4590635915,1581.1682976095,1552.61055247775,1044.08930604998,991.65856166275,1016.30221630098,1190.73713086875,1371.78724188075,1160.96018127048,1163.13552036325,997.75910757623,1136.81059735548,1228.61536643598,563.09630485374,738.3505405809799,1067.9040455605,599.1947723205101,955.20218449998,1608.383415353,1744.63500740625,1357.57400162675,1254.72584188423,255.851373363,1076.20595358423,754.25888092298,1022.05129613573,900.90228158023,846.3793064714799,706.92772833275,791.48637949675,841.4926088065,1520.3273775155,1612.95468645725,1345.59738628725,1969.7339532655,2048.65381794725,2064.1736460715,1178.139921243,838.65830576823,1272.4966610205,1230.3167547985,2413.546636588,2256.00967024425,2275.427047966,1863.7392453435,1959.25686149175,1880.03205899175,2050.0181933205,1769.30405747725,1996.6405603075,289.18081902876,534.95926517125,1240.71144035023,571.15684752623,1068.95688415548,537.9143503045,732.45924135175,972.91063662898
62,1494.377371128,918.176935973,917.74337435775,1554.877158543,1245.01326634775,1222.62837607275,1579.0904329855,1999.539566708,1170.08998537348,94.76409817768,1432.5046644885,1368.49677175025,728.13846353873,1108.65658803098,859.2607125515,1538.0799469855,984.970590247,784.4401876995,773.39423077525,514.3364277095,668.1369348875,422.90650068475,311.78646999264004,1123.05717164148,1584.32781380175,1131.445754706,1729.75472538375,1632.74379937975,1628.684848665,1262.35767584898,1448.95437431425,647.8756980654899,1115.23411075148,1518.940788129,710.0920601502501,1254.23433742323,1327.00316979775,1198.05532782125,1102.63511157725,1534.1056580695,1342.253322908,1888.77630238925,1559.07001470825,608.60081932898,1265.88884646375,1623.634966548,1374.40787407325,949.0078115655,1499.5785570835,395.76618358223,1437.07966381875,829.92043142348,1522.4319610925,1414.83520338975,964.99359337523,1012.65958415623,1000.31993280998,1027.14902381973,991.1870964165,1501.66993652675,1067.98241908473,1449.066997808,1508.68397237475,1433.294116344,1467.28357607225,859.27671285475,595.475984946,1014.54350025,1523.9829031085,1110.99340901923,980.25764655475,1213.99473671325,1587.50239824075,1147.079449066,1281.35314266173,910.88569409448,1609.470193232,557.23452074701,1417.113615504,1330.89357362875,1068.77062819823,1583.4220102265,1223.81503934,1452.90629387425,811.15611462273,391.73169624375,250.47901833813003,558.54783185148,567.01020272225,488.1283224497301,794.50841735525,1625.57628489475,208.00570694364,980.38774921473,849.9171568245,50.0,1348.89096327275,1272.78847548323,1402.90084127825,1388.573424103,1458.2847259075,1354.6748398835,1351.15492851125,901.19603472048,826.67306579925,970.594550791,963.7044784575,1026.0950978255,1078.70370966148,1496.80118405625,876.31633988048,490.6638268152301,364.35770014926,407.64586504573,550.45435651599,604.15160413026,488.13806554701006,1186.42132402373,1383.332781089,1285.725338925,1216.79347247548,1042.76531979173,883.4080471034799,1508.4057535095,1399.59141933225,673.0902745922299,538.2440249022601,616.4394890585,541.64366370375,1377.73469440725,1194.780857994,1397.9154264025,1340.2621395385,975.06780062,191.03020540511,215.92197348364,1119.09266931873,1037.80957538123,752.992290704,684.27860004,707.2826119519799,734.6411110537299,913.41086506025,543.8848308402601,365.74328291474,317.89588908400003,205.996292549,316.32131632887,383.41022124723,869.01887807825,1144.87218393125,1012.60994904075,1005.71645916675,1056.78290274525,1224.2266976275,1259.94154928,647.68412317248,462.06184628199,671.29194614,1558.451284535,505.88535336351,966.75719961598,845.60818506048,673.2456173422299,396.67388855274,420.48225901051006,292.89197596739,1233.83853028375,1295.590846292,1077.03719263948,1719.4363939005,1822.43904511475,1813.816124405,1460.18720856675,1245.1799491185,1614.3203045725,1339.5755245835,1870.18798892425,1712.6510225805,1732.06840030225,1320.38059767975,1415.898213828,1367.72254348425,1506.659390314,1223.2712651504798,1690.4481940085,985.12818857373,1185.2430492649798,1499.5723433735,719.05968642225,1401.70843032925,880.96947661398,1011.97024759625,1156.0219098125
10,2305.5893283625,1633.3833454815,928.15576898298,949.55477338825,521.31741283401,1488.66774835175,1839.1286041465,2190.616741547,1177.6468633545,1297.4801248175,172.11209928186,1667.1554807025,1644.79808609425,1395.402912764,876.0780441019799,2099.272097692,1889.40637258325,1364.38174230275,840.53212458325,880.08961527798,1023.33737876298,1202.10037846673,1068.23438502523,1516.05250037825,1785.58024945125,1568.09698191075,2580.149250479,2483.138324475,1996.41174043675,779.75637387973,2226.7280278975,1705.393098615,1918.612829039,589.11264259549,1534.02829738,1085.540729339,1597.83673002725,1591.63979704425,989.7045052105,691.7365309029799,2113.531940771,2079.8533218855,2157.48663791175,1199.40680974625,313.72639025464,780.17183495775,1721.12978521825,790.4639942944799,1727.51654704175,1689.94969912375,2324.30797439475,1653.9637743725,2408.39050003,1736.56308743075,1727.16920065275,1880.09761363225,939.2901904965,1742.67675669975,809.59965483225,1914.25406681675,1729.19362737075,1690.4805053005,1954.49498483325,2140.22743701575,1837.56539005325,1763.712495191,1628.504029704,1685.2628530135,550.79875139274,1836.05639057975,1884.693428891,966.23384989123,2046.0625455345,1734.05057379225,1560.57559664125,1815.3213956525,863.54918528623,790.97087768773,1621.959750332,1535.73970845675,1558.94977941975,1927.18821486725,1481.4084263015,2046.80228771,1480.262928863,1621.279970458,1518.246095351,1770.9051752015,1115.65928385823,1644.7072105855,949.97008533723,1594.2375938525,1496.6804827395,2006.4793487215,598.83772011649,1349.60119032575,50.0,1464.4263568715,1597.7334270985,1495.06833568,340.92898737249,233.12098217087,195.73041099186,1066.87762144673,1112.25152995148,1155.19657378175,1236.1626131665,1101.76022120925,1204.51160863223,1804.773312242,1457.22637575175,1347.32355492525,1431.29998146225,1280.5521146645,1398.0602058455,1478.2058801675,1485.432735583,1310.4183117795,1399.30962758375,1301.70218541975,1384.69870988975,639.2415118995101,805.4537929557299,1985.98793122625,1893.7427654495,1077.4657025085,1045.25056767075,965.44501940673,881.88001503625,1158.138610124,1153.15505936125,1280.5272598245,918.60304113625,870.58217294973,1360.4492405865,1223.92370470048,1639.719154883,1942.245432282,1931.95195563875,1347.11601701125,1277.52161373298,1212.36977698373,1364.5043077325,1791.9205637925,1540.30150365325,1611.34440351075,1522.3822514125,1632.7072938335,1724.512062914,1019.077023066,1194.3312960755,1523.88488183325,1055.175571311,1411.1829399945,1889.1620184375,2025.412833777,1736.91540478775,1674.4193076925,684.4687395660001,1077.58104760723,1335.49917548075,1478.03205163025,1356.88303707475,1302.360061966,1118.337933461,1208.05660475175,1281.00983518423,1629.2263734915,1695.5359797565,1355.33116300225,1910.45345109525,1989.373315777,2004.89314390125,1476.97447818825,1294.63906126275,1326.5894920545,1686.29759107125,2702.7603509975,2563.04554767575,2564.64091771825,2170.77527811775,2266.29273892325,2211.233209956,2357.054070752,2126.6674130255,2151.5092042345,364.99973173501,211.27808275062,1005.616263093,635.34644778601,833.86163233373,510.46241564548,555.78432161124,837.6920738632299
1,946.42345501198,557.17355182449,626.9913379772601,2297.11180846675,1816.58200206875,2395.984828015,436.25161108723,826.383040885,289.19255051324,1311.33281454875,1544.73343231075,216.52792826913003,761.8424778570001,180.16879566786,1783.39519832975,692.81794635025,907.74015874973,553.40536545548,721.46905247475,1343.563794347,1634.9541713695,1650.87602653075,1141.01386148498,270.97904182173,421.3465860715101,2360.6570904955,1322.39321834875,1220.78632174325,545.78425014048,787.6672034234799,867.56207376875,840.1381008047299,761.7563434089799,2010.4853275585,715.71073285323,500.63450122398,147.20915895275002,286.55678793689003,508.11802014474,2025.650197499,801.9454515115,715.6197020017299,763.12568975023,729.35650604148,1615.60359103025,2115.1795059775,2603.6192098627503,1806.4494605145,316.98131175023,1262.68474690225,965.14210104423,647.47382637124,1049.22454590125,285.93547907399,614.0554065919899,699.51259750425,574.99183127774,594.9094872190101,628.47742750199,463.62649574225,498.97225302075,279.94515194849,531.12334936324,781.06156366523,386.93778169649,713.542688656,855.6952111889799,511.921469318,2006.715159016,674.596397118,829.94186872298,592.00147093901,608.67538384898,481.1831780045,109.94806284901,818.661884839,2211.10629492925,1340.787508719,2529.276985338,2443.05678812,372.18169309576007,476.56060651049,116.67453441192,687.636488924,643.81702075398,1103.25873815398,1103.32413745173,987.581591189,747.2395634214799,979.9651361565,651.35199540725,278.73687739786,1170.72494575725,985.28555077948,1512.55356027725,1273.0985396122298,1461.119731095,50.0,187.19819180698,130.80078893963,1823.87814035075,1681.10541499525,1638.283166502,533.97078197074,556.15322336023,408.04000688474,346.0331213915,438.9554262155,346.68901576426003,354.14566660298,531.19760319774,871.39500078225,1029.43543297875,898.07985915548,800.8736673147299,794.67432341225,870.2360693027299,197.50770603574,181.18075426475,169.21621837749,111.23854478294,1824.17950528575,1837.04002087275,626.82201437976,534.57689209898,757.4457374392299,871.61799840673,855.1993571309799,1013.89727441,424.54921298374,411.03986801225,305.03075049676,2213.8675123105,1899.20228639825,1084.75493114498,1445.13325334975,395.05083021848,887.26955718298,1110.97787474423,673.76546874825,650.06323467099,539.71605280126,438.91340910848,1249.61087115498,1022.280190571,1196.9168208065,1478.92900066875,1589.746013579,1365.00808427075,1867.84262408475,2101.64837573875,2241.82128483025,1962.49265097425,2285.99423853475,624.89891463073,762.3693259004799,943.76732389425,1026.190478274,1266.86346687725,2425.13815725025,1735.09665187075,2195.96845462725,2074.8194400717503,1902.4568723535,1007.17800453698,900.86173712248,996.3997777355,313.25374440349003,336.36998834549,279.36408928526,546.21978771551,625.1397331754899,640.6595240174801,2541.437837179,2201.95629626875,2635.7945769565,2568.786860373,1424.4330551985,1330.59158732275,1262.43488119573,1017.56453148748,1079.02790998073,852.06725582725,1171.11913109223,860.21537452848,700.88163316,1229.95504231198,1254.26920876375,929.61559936925,956.47133476748,909.45335316125,996.71341474775,880.40239479825,696.91837357925
3,954.82035202048,628.67028241926,767.58534398175,2437.7058517535,1957.17589001275,2525.6074788975,266.75826124374,597.6284513722601,422.13487596324,1440.9553100885,1677.67575776075,214.85945392848,843.12021557648,309.791347131,1913.0176938695,672.5019915979799,979.23697012273,669.8038433732299,851.0916287927299,1473.1864452295,1764.576822252,1780.49867741325,1270.63643158925,342.4757724165,192.59197791764,2490.27958603525,1388.53878266975,1286.93188606425,520.17451894,847.68068725275,875.95897077725,911.6348313995,872.09062561675,2151.07937084525,820.0061464329799,600.48050698,117.68771710968,352.70233361676003,641.0603455947399,2166.24424078575,868.0910158325,486.86507520673,742.8097287842501,845.7549839592299,1756.197634317,2255.77354926425,2733.2417054025,1947.0433484585,138.99634310300002,1379.08322482,1031.28766536523,718.97060046198,1063.39180470125,265.61953674914,685.55218068273,771.00933431273,707.93419401,666.40626130975,761.41971566973,443.31054098998,570.46898982923,167.11926523636998,510.80743189323,791.150683814,366.62182073051,785.0394254644799,947.59256454848,583.41824340874,2133.02326164175,740.741961439,901.43859931775,651.78260551025,588.359422883,547.3287423255,176.09360852888005,890.1586216474799,2351.700338216,1470.41000425875,2658.899325535,2572.6794390025,443.6784671865,450.95083802775,231.87016234787,704.20084169925,753.72752793975,1238.80895769098,1219.72261536948,1079.4789445485,876.86213352575,1071.862489516,780.9745717252299,107.68556404607,1300.34752207523,1056.78228137425,1653.147603564,1402.7211097165,1594.062056545,186.87758301211,50.0,177.21728341786,1921.855764288,1814.04774044525,1771.225491952,663.59331479275,685.7757934645,537.6625769890101,475.65569770948,579.541547022,481.93185549498,260.65224105175,641.10819116174,987.7934787,1145.8339108965,1027.70235469523,917.27214523248,919.002116661,986.634621785,332.75057683501007,283.40810845488005,302.15852518636,244.18088266036,1964.7735485725,1962.0333024625,659.3008093602299,600.7224564199801,887.0683075435,1001.240568511,984.82192723525,1143.51985072798,468.21904880325,510.88587998198,356.25553183348,2354.46155559725,2028.82493728075,1214.37750124925,1574.75590423225,466.54756081325,958.76628777775,1182.474605339,790.163946666,766.46167530648,669.33859183698,560.4237074045101,1341.508299079,1138.67866848875,1313.31529872425,1608.55165155125,1706.14449149675,1481.4065621885,1997.4651196245,2231.2710266212503,2371.44378037,2092.11530185675,2415.6167340745,691.04447895173,828.51489022148,1004.15254913798,1118.0878316335,1407.457510164,2565.732200537,1864.7191474105,2325.59110550975,2204.44209095425,2032.079523236,1136.80057464125,1030.48430722675,1126.02235405348,379.39930872449,402.51555266649,392.77090195899,317.46517956164,396.38514366275,411.90493450474,2671.0604880615,2331.5787918085,2765.417227839,2698.4095112555,1419.016253506,1325.17478563025,1272.52967446173,1089.06126208225,1145.17347430173,918.21282014825,1237.26469541323,926.36093884948,675.2719081732299,1370.5490048205,1387.21153421375,987.74330299175,1097.06537805423,967.58113756198,1137.3074580345,1013.34472024825,822.09014398875
5,1062.17679448898,672.92685401923,665.38154596623,2335.5021283025,1854.97216656175,2526.9931362275,455.73427004624,746.64172374125,319.93107173401,1427.085998683,1575.47203430975,326.07472215376004,877.5957427694799,287.94487482750003,1914.40350654225,783.7172225410001,1023.49349822673,669.15862415425,803.3822973844799,1494.957110271,1765.962479582,1766.62936600775,1256.76712018375,386.7323005205,341.60519436323995,2476.41027462975,1438.146402483,1336.53966122025,631.38979337899,761.6656978075,983.31533868123,955.8913595035,877.5096828859799,2048.87564739425,831.463991552,474.63295832574,223.02094453363003,402.3100714905,541.67166268101,2064.040361992,917.69871642398,635.87830407975,854.0250405055,845.1097647402501,1653.993910866,2153.5696704705,2719.372393997,1844.8396250075,344.12221294149,1378.43808637925,1080.895359743,763.2271285659799,1164.97781081373,376.834792547,729.80870878673,815.26586241673,605.73035249851,710.66278941375,659.2159114405,554.5258092152601,614.72551793323,307.08605313975,622.0227001185101,896.8148223640001,477.8370951695,829.29595356848,971.44846988775,627.67473423048,2030.81953819075,790.34966203048,945.69512742175,565.99993425448,699.57473460425,596.93644291698,225.70132776149,934.41514975148,2249.49645942225,1396.96333068775,2660.2852935505,2574.0650963325,487.93495800824,562.16611246674,232.42780553811,803.3897538364799,759.57027945275,1219.01199685275,1219.0773961505,1103.33485610148,950.23393189125,1095.71840106898,754.236896817,233.33294424639,1286.47821066973,1101.03880947825,1550.94372477025,1388.851798311,1491.858333094,130.78027748291998,177.06139386138005,50.0,1819.652040837,1711.8438616515,1669.021768501,625.09499446349,659.0381993345001,510.92494557675,461.78642358624,477.33774900648,417.07213768025,400.619010314,646.95090539248,987.14826569473,1145.18869789123,1013.83311785425,916.6269260135,910.42758832473,985.98940877973,275.55668197873,157.56056601433002,193.61584198289003,173.40087865925,1862.56966977875,1859.82942366875,742.5753165745,650.33015079775,860.3307134135,1074.6123668765,958.08433310525,1116.78225659798,359.19679146198,385.0383251140101,247.23328691963,2252.25783214625,2003.178936655,1200.50818984375,1560.88659282675,510.80408891725,1003.02281588175,1226.731133443,789.5187336607299,765.8164560875,655.469354996,554.6666678072501,1365.36412985375,1138.03345548348,1312.6701602835,1594.68234014575,1705.49919771325,1480.761268405,1998.85093229725,2232.65668395125,2357.5744689645,2093.50095918675,2401.747422669,740.6521733295,878.12258459925,1059.52066337125,1141.94374318648,1305.253786713,2463.52832174325,1850.84999134775,2311.72179410425,2190.57277954875,2018.2102118305,1122.93126323575,1016.61499582125,1112.1531172125,429.00700310226006,452.12324704426,395.11735419774,466.47839600724,545.39837874948,560.91816337776,2672.4461453915,2332.9646044812503,2639.513793077,2684.54019985,1540.18623933275,1446.34492679975,1378.1881398945,1133.31779018625,1194.7811686795,967.82052073973,1286.872389791,975.96863322725,786.48721989448,1268.3452813695,1285.00765542,903.61401918875,994.861573825,883.45185375898,1035.10366001898,911.14092223273,696.2425580522299
7,2500.1443166885,1862.841053563,1244.69388165375,639.38590609249,220.48048784126,1149.3794538225,2206.1682595922503,2517.9445763827503,1504.97469819025,1406.13165979275,292.30963949361,1986.44463891125,1874.25579417575,1693.4630861005,671.8806205979799,2397.3322710285,2118.86408066475,1593.839605727,1138.5924532625,1041.23162082098,819.1400298235,1158.1321665067298,1170.73403641498,1814.11267371475,2112.908084287,1228.80876815973,2809.6069585605,2712.5960325565,2315.7008986455,1107.08428328,2439.8682228335,1934.85096203925,2148.0705371205,276.21847937599,1763.4860054615,1412.86856417475,1917.125888236,1889.69997038075,1317.03234004625,367.92417706425,2325.58582385625,2407.18115672125,2455.546966591,1428.8646731705,223.91387330176,457.45352282501005,1381.84164603175,542.91848708848,2054.84453722025,1844.95349124325,2499.1098893162502,1883.421482454,2584.46218659,2055.8522456395,1956.62690873425,2109.5554770565,1266.43689568575,1972.13446478125,1136.92757044623,2215.73892641975,1942.82936567925,2017.80834013625,2252.55515816975,2438.287765695,2156.854548262,1993.1702032725,1857.9617377855,1881.98782421425,237.90460681437,2065.51409866125,2114.1511369725,1293.56168472698,2344.122718871,1977.150948207,1879.86475485,2044.77925907675,553.3802744945,930.4387606015,1227.18054001875,1196.45149470573,1857.010108099,2246.477373076,1779.46875498075,2344.86261638925,1709.72079228725,1849.218115759,1707.96541921225,2016.03432593125,1345.11706650425,1874.164918667,1248.03033323825,1921.56542868825,1665.49222587825,2235.937056803,660.667123411,1457.65232557225,341.3964509895,1823.322479334,1925.061417277,1822.39617051575,50.0,114.79161251175,166.89246482137,1364.93786934775,1410.3117778525,1453.256902461,1534.22294184575,1418.2982593155,1521.049721303,2124.062315108,1686.684239176,1576.7814183495,1660.75768954375,1510.009822746,1627.51806926975,1707.66374359175,1714.89059900725,1626.95634988575,1726.6374624195,1629.0300202555,1729.19673422575,450.80108761675,601.25644401625,2284.0482599055,2191.80309412875,1306.92341059,1274.70827575225,1194.90272748823,1111.33780389598,1485.46644495975,1480.482894197,1607.85509466025,617.7661534257601,569.7452044610101,1589.906948668,1243.07179265825,1937.7793282195,2171.7031403635,2161.40966372025,1576.5738804355,1506.979396379,1441.82755962975,1616.262399633,2001.37121307325,1769.75921173475,1767.08327752325,1501.259676324,1618.61553161,1778.74982873375,814.8796803402299,855.04308232448,1220.32503455398,715.8873575599799,1071.89472624348,2132.26239285225,2238.0922821165,1966.37311286925,1919.5483030795,854.845560911,767.4121368155,1178.5795412255,1273.83462812625,1152.68561357075,1098.162638462,1347.7956415425,1437.51431283325,1510.46761783025,1927.28670217075,1993.596153093,1653.3914916815,2237.781285931,2316.7013059555,2332.220978737,1136.40064783823,955.35084751173,1016.42050669825,1347.009296542,2932.2183697645,2792.5034111,2794.0987811425,2400.2329861992503,2495.75044700475,2373.48948904475,2586.5117788335,2262.76148753025,2444.16888686725,594.58210548024,538.6059362275,1332.94409792875,930.96125904798,1161.189541734,845.70845569875,883.1121937292501,1165.01990869898
9,2381.22493662375,1743.92167349825,1125.774501589,723.0853192239799,293.27680345511,1222.17578807748,2058.4887227925,2409.976860193,1397.0069820005,1306.48456732125,184.34187980789,1867.5252588465,1755.336414111,1574.5438613785,718.7241460822501,2278.4130463065,1999.9447006,1474.92022566225,1019.67307319775,900.638118127,865.98348074325,1204.97561742648,1051.81465635023,1695.19329365,2004.94036809725,1301.605096201,2690.6877338385,2593.6768078345,2196.7816739235,999.11649252573,2320.94884276875,1815.9315819745,2029.15115705575,362.64310765299,1644.56662539675,1304.900847985,1798.20650817125,1770.78074565875,1209.0646238565,465.26699596048,2206.6664437915,2299.2134405315,2336.62758652625,1309.94529310575,113.2296411605,553.70230001525,1454.6378995085,589.76197529049,1946.87666568775,1745.9067985005,2380.1905092515,1764.50210238925,2465.542961868,1936.93286557475,1837.7075286695,1990.63609699175,1147.517515621,1853.2150847165,1028.95977347825,2096.819546355,1823.9099856145,1909.8406239465,2133.63593344775,2319.36838563025,2037.93516819725,1874.25082320775,1739.04235772075,1763.0684441495,324.32923509137,1946.5947185965,1995.2319122505,1185.59396853723,2225.20333880625,1858.23156814225,1760.94537478525,1925.859879012,637.07968762599,811.51938053675,1341.2849162045,1269.24774818248,1738.09072803425,2127.55799301125,1660.549374916,2225.9432363245,1590.8014122225,1731.8184538175,1628.7845787105,1881.44350321825,1226.1976864395,1755.24553860225,1129.11103395173,1813.5977124985,1566.4455331355,2117.01767673825,541.74774334625,1358.6056328295,233.42867887636,1683.7864755175,1817.0935457445,1714.428454326,114.45948971225,50.0,58.92471134936,1246.018489283,1291.39239778775,1334.33752239625,1415.303561781,1299.37896002898,1402.13034123825,2005.143090386,1567.76485911125,1457.86203828475,1541.83846482175,1391.09044268125,1508.598689205,1588.744363527,1595.9712189425,1508.03712516375,1618.66974622975,1521.06230406575,1604.05882853575,456.93215527375,648.09993221826,2165.12887984075,2072.883714064,1188.00411130348,1155.7888956875,1075.98334742348,992.41842383123,1377.49872877,1372.51517800725,1499.8873784705,690.56245039848,642.54150143373,1470.98756860325,1289.91532435623,1818.85994815475,2052.78376029875,2042.4902836555,1457.65450037075,1388.06001631425,1322.908179565,1497.34301956825,1902.45889180925,1650.83983167,1668.0365847805,1548.1032825865,1665.4591378725,1733.51650541775,861.7231312599799,927.83933580123,1366.530909249,788.68361103673,1144.69097972023,2013.3430127875,2119.1730573945,1847.4537328045,1784.95763570925,735.92618084625,851.1115872292501,1225.42299214525,1320.678079046,1199.52914526873,1145.00608938175,1228.87634225598,1318.5949327685,1391.5482377655,1808.367322106,1874.67677302825,1534.47211161675,2129.81356974125,2208.733434423,2224.25326254725,1250.50494324575,1028.147175553,1100.119957112,1419.80555001875,2813.298834357,2673.5838756925,2675.179245735,2281.3136061345,2376.8310669400003,2254.57010898,2467.59239876875,2143.8421074655,2325.2495068025,475.66276269775,430.63818275549,1224.976381739,812.04195354775,1053.22175097973,726.78915641223,775.1444029749799,1057.05219250923
11,2342.10264175,1704.7993786245,1086.65220671525,775.94239868173,347.70503812749,1276.60400410873,2016.11852170175,2367.60665910225,1354.63678090975,1303.7112332055,141.97170357198002,1828.40296397275,1716.21411923725,1535.42156650475,745.6084645464799,2239.29075143275,1960.82240572625,1435.7979307885,980.550778324,897.86478401125,892.867873772,1231.86001045523,1049.041396799,1656.07099877625,1962.5701670065,1356.03331223225,2651.565283622,2554.55451296075,2157.65937904975,956.7463659995,2281.826547895,1776.80928710075,1990.028862182,415.5002616752601,1605.444330523,1262.53064689425,1759.0842132975,1731.658450785,1166.69442276575,518.12414998275,2167.54414891775,2256.84323944075,2297.5052916525,1270.822998232,140.11401554812,606.55941675526,1509.0662708825,616.64633103698,1904.50661993975,1761.3658876095,2341.06821437775,1725.3798075155,2426.42066699425,1897.810570701,1798.58523379575,1951.513802118,1108.39530152548,1814.0929451855,986.58965316573,2057.69725148125,1784.78769074075,1867.47042285575,2094.513638574,2280.2460907565,1998.8128733235,1835.12868367675,1699.920062847,1723.94614927575,377.18637047251,1907.47242372275,1956.10961737675,1143.22376744648,2186.08119927525,1819.1092732685,1721.8230799115,1886.73758413825,689.936804366,808.7461271992299,1394.14199566225,1323.67603877825,1698.9684331605,2088.4356981375,1621.42708004225,2186.82094145075,1551.67911734875,1692.69615894375,1589.66228383675,1842.32136368725,1187.07539156575,1716.1232437285,1089.98873907798,1771.22751140775,1568.0965158825,2077.8953818645,547.62416695374,1355.83229871375,195.54988407523,1641.41627442675,1774.7234999965,1672.05825323525,167.31662509339003,59.50860125064,50.0,1206.89627518748,1252.27018369223,1295.2152275225,1376.18126690725,1260.25666515523,1363.0080463645,1966.02079551225,1528.6425642375,1418.739743411,1502.716169948,1351.9681478075,1469.47639433125,1549.62206865325,1556.84892406875,1468.91483029,1576.299545139,1478.692102975,1561.688627445,483.8165483025,674.98428796475,2126.006584967,2033.76141919025,1148.88181642973,1116.66668159198,1036.86112711425,953.29612895748,1335.12852767925,1330.1449769165,1457.51717737975,744.9906664297299,696.9697920295,1431.8652737295,1241.69887343375,1779.73780862375,2013.661465425,2003.36798878175,1418.532205497,1348.9377214405,1283.78588469125,1458.2207246945,1863.3365969355,1611.71753679625,1682.7605919965,1499.88691244225,1692.3433755585,1730.743171302,888.6075242887299,982.267626397,1393.41530227775,843.1119016325,1199.119270316,1974.22071791375,2080.05076252075,1808.33143793075,1745.8353408355,733.1529275087299,903.968666687,1252.307385174,1347.56247207475,1226.41353829748,1171.8904824105,1189.75404738223,1279.47271867298,1352.42594289175,1769.24502723225,1835.5544781545,1495.349816743,2087.4433686505,2166.363388675,2181.8830614565,1303.36217804625,1082.57539158425,1152.97711734798,1474.23392139275,2774.176694826,2634.4617361615,2636.057106204,2242.19131126075,2337.70877206625,2215.44781410625,2428.470103895,2104.71981259175,2286.1273672715,436.540467824,388.268018947,1182.60618064825,772.9196586740001,1010.8516244535,687.6668615384799,732.77427644875,1014.68199141848
13,1278.652894203,694.2801876560001,245.43816474176,1838.73636370275,1358.206401962,2025.194732556,867.4665379775,1222.18347443675,316.27119654401,940.54271908975,1151.850335604,647.74284273198,672.35146447323,368.46640403998,1412.60510287075,1072.33558896798,921.596961957,361.59978846173,227.94387434162,972.77377966623,1264.16415668873,1280.08601184998,770.2237660259799,489.11594815826,844.13771058898,1989.8669950365,1630.22351860375,1553.0158417125,976.99917703075,573.3729237017601,1199.79151917348,764.02550952275,965.041358164,1552.10972745175,597.72736742175,376.07178624126,586.81306658498,564.7032883202301,290.75057615864,1567.27459739225,1086.59543204698,1111.42013555348,1130.55020375225,365.25593542573,1157.22807170173,1656.80390587075,2232.82911440375,1348.07386040775,759.3883730925,959.92134190223,1297.37154023525,686.15436374625,1381.4540658705,717.150368682,756.72587913573,900.2069674312299,279.85149891137,798.19447090548,372.20942488349,890.7420890164799,702.2571932112501,720.7404204127299,927.55847610923,1113.29100285625,818.1526713045,795.90308456475,756.9227729645,658.326418854,1548.33955890925,870.9683550262299,916.88409904298,456.66810988101,1019.12603681048,707.1140650682299,541.1629586707301,847.5120658044799,1752.7306948225,866.08546636548,2158.486889879,2072.26684800375,532.0133079779899,907.7754961185,454.47195485974,1019.8658535505,526.97165902674,800.4952523757299,746.22043420325,888.80915917823,372.64698812798,823.922411725,157.82676756444002,771.7574649967299,799.93485029825,1038.66993809525,1054.17804094873,902.30844415323,1068.23655982373,532.59832877449,662.71073806548,625.27266928723,1365.502540244,1246.01398434325,1207.75345648198,50.0,81.4401143892,128.2601085537,209.22614172474,147.93253421611,215.31153861324,785.36059349325,465.1366633932301,526.53883684298,640.5388227007301,527.28976369648,533.15472922273,590.81970407524,664.64809206525,344.08686935901005,529.5140357555,431.90655630924,446.32714185223,1365.803905179,1362.33805308375,959.05142250223,866.80633129,282.74374479539,497.02537961726006,380.49738934198,539.19526933874,466.12192167825,316.61831302574,544.0966065044801,1755.4920675465,1489.6496698745,713.9648356859799,1074.34323866898,612.78260266301,974.43594709123,1040.031517299,455.88110622725,309.72886206324,189.74672010864,337.56783629074,971.135764932,719.5167855709799,894.15341580648,1108.13898598798,1218.46394763075,992.50153220248,1497.05252862575,1730.8584356225,1871.03118937125,1591.702710858,1915.20414307575,862.225584278,998.4763996175,844.994966448,853.634508832,805.57223869575,1966.7625571435,1364.30655641175,1825.17835916825,1704.02934461275,1531.66693223725,636.38794636024,530.07167894574,625.60976305473,602.289939332,668.59939025425,328.39472884275,942.08022706473,1045.08287827898,1036.45995756923,2170.64774172,1831.16620080975,2265.0044814975,2197.996764914,1756.662419825,1662.82095194925,1594.66432038675,1220.84947167798,1316.367007048,1184.29670123198,1407.12833887675,1099.730978866,1119.17220480673,771.57944220523,956.27404947498,780.76967463798,489.53428618401006,751.88826977975,600.31510423351,624.13447295798,479.55091716573
14,1250.43620718573,561.548506975,275.95445262438,1883.88424850625,1403.35444210825,1950.699184737,890.118928468,1244.8359457054798,350.40796469523,866.0470159280001,1196.99830118573,670.395307787,592.60645638574,391.11883181274,1338.109399709,1065.6720809285,841.85199736548,281.85478037424,273.09189584674,898.2780765044799,1189.66845352698,1205.59030868823,695.72813742875,482.45240905023,866.79010107948,1915.37129187475,1508.31456731525,1411.30364131125,1011.09357389348,654.3394726107299,1165.73246589323,684.280464153,846.7779905325,1597.257767598,517.9823593342601,457.03833515023,609.46553164,558.0397429984899,371.71714370874,1612.4226375385,1020.85429946875,1134.07252604398,1163.76955490423,284.81209622938,1202.37611184798,1701.951946017,2158.333411242,1291.38502211398,782.0407635830001,885.4256387404799,1240.29947137723,606.4093183765,1324.38191623425,739.8028399507299,623.9942357369899,767.47528675023,360.81806024776006,670.8419989714799,424.551114379,884.078580977,636.51606684673,743.39288546775,920.89489350523,1101.1169468815,849.69214595798,716.15811997323,677.17772759475,592.58524899351,1593.4875990555,764.22155207325,837.1390536732299,537.63465878998,1012.46245420648,641.3728952077399,563.81538644349,767.76709499925,1797.87873496875,791.58976320373,2083.99118671725,1997.771144842,454.97980759175,930.42796738723,477.1243826325,1047.67881097423,447.22665093925,725.9996237785,671.7247310415,809.06411380848,298.15132224849003,749.4267893414799,133.64787979308002,805.8941896519799,725.4392279147299,958.9248927255,1053.44311439848,827.812815556,1113.38459996998,555.25075654725,685.36312855598,659.4093939424799,1410.65058039025,1291.1620244895,1252.90149662823,81.50341966667999,50.0,150.91254254017,204.59720117798,260.78179690525,259.02172626549003,808.01298398375,385.39165530574,452.04317096349,566.04315682124,452.79409781699,453.40972113524,511.07469598775,586.63647916049,366.73930334548,563.6507976930101,466.04331824675,468.97956962499,1323.123795302,1287.84243070023,952.38791446275,893.88490275625,208.24808512961,422.52971995148,306.00170482136,464.69960345925,558.052673729,397.584855721,578.23336844199,1780.34830563125,1415.1541220555,639.4692070887501,999.84753550723,552.4558297892501,894.690976286,960.28647192925,376.13609813976007,229.98387261688003,110.00171823486,271.82666643025,896.64014254848,645.02108240923,819.6577126447299,1033.64328282623,1143.96832524723,918.00582904073,1422.55698080675,1656.36273246075,1796.5354862095,1517.20700769625,1840.708439914,796.48437713525,932.73519247475,765.24992107825,779.13880567025,730.24242574473,2011.91059728975,1289.81093402823,1750.68281134925,1629.53379679375,1457.1712290755,561.89224319849,455.57601306625,551.11409717524,595.62639401026,661.93588842848,351.04720011148,964.73269211975,1067.735343334,1059.11242262425,2096.15203855825,1756.670497648,2190.5089336785,2123.50106175225,1714.428454326,1491.21070916925,1576.308865704,1098.94043961125,1194.45790041675,1131.92351444048,1285.2192322455,1033.9898525014798,1112.5086222027298,816.7274823514799,949.7366797485,861.7361800509799,534.682289048,832.85485597098,645.46314437976,691.8733070875,560.51745986099
15,1151.07160239825,589.639447143,293.90376679411,1927.55140621675,1447.021444476,2095.186583367,739.8851716082299,1094.602182632,200.17420162175,1010.53456990075,1240.665378118,520.16150743126,635.55278645398,240.88508738039,1482.59695368175,944.75429716323,867.87897297875,387.35068272599,316.75891685562,1042.76563047723,1334.1559267215,1350.07778188275,840.21561683698,361.53461907125,716.556338006,2059.8588458475,1517.089102549,1425.434394565,849.41781066148,584.14889492651,1072.2101465905,727.2268315035,851.90686754473,1640.92476996575,562.06669310674,372.1427020655101,459.23177478023,437.1219530195101,301.52652874226,1656.08963990625,973.460935214,983.8387629705,1002.9689119475,367.66906698649,1246.04311421573,1745.61894838475,2302.8209652147502,1435.8724953085,631.80700672323,1029.91319271323,1169.79017386598,632.43630020348,1253.87269950123,589.56907687725,652.0851386227299,789.66312164,294.34197005073,685.0599740725,390.47660760198,763.1607972117299,589.12273987424,593.1590851120101,799.9771843044799,985.70963648698,690.57137949975,742.1850955865,720.12409494525,553.685678341,1637.15460142325,757.83385819325,863.1660292865,452.73902570526,891.5446642275,593.97956823525,413.5816233700101,793.7940768262299,1841.5457373365,936.07723639825,2228.47874069,2142.25869881475,404.43197889098,780.19420431375,326.89062577273,892.28456174575,490.17298100749,870.48710318673,816.21228501425,852.0104811589799,442.63883893898,844.3941006910001,246.64182250586,655.6604265785,869.92670110925,984.95187455248,1142.99308346273,972.30029496423,1157.05160233773,405.01699968748,535.12940276476,509.17566815126,1454.317582758,1334.82902685725,1296.56849899598,129.26061528306,151.44304424513,50.0,104.58538878432,110.54804625919002,108.7879569783,657.7792271239799,428.33798537398,596.5306876539801,710.5306735117299,597.28161450748,536.26671053348,593.93168538599,669.4934685587299,216.505540272,413.41704083324,315.80956138698,318.74580655151,1454.618947693,1432.32990389475,831.4701306974799,739.2249649207299,352.73557696526007,567.0172304282601,450.4891966570101,609.1871201497399,407.81891686923,307.19228893962,427.99960536851006,1844.3071100605,1559.6415206855,783.95668649698,1144.3350894799798,485.20131085826006,920.71795811298,1003.23283927975,458.993087538,312.84084337399,192.85870141939003,232.92707713661,1041.127615743,789.50863638198,964.14526661748,1178.13083679898,1288.45579844175,1062.4933830134798,1567.04437943675,1800.8502864335,1941.02304018225,1661.694561669,1985.19599388675,749.09109365873,885.34190899823,808.19628842875,890.6193682439799,874.72989893925,2055.5775996575,1434.29840722275,1895.17020997925,1774.02119542375,1601.65878304825,706.37975988898,600.06352975674,695.60161386573,474.7086475272501,541.0180984495,200.81341839687,814.4989352599799,917.50158647423,908.87866576448,2240.639592531,1901.15805162075,2334.9963323085,2267.988615725,1629.08112802025,1535.2396601445,1467.083028582,1107.714974845,1203.2324356505,1056.71540942723,1293.99376747925,986.59648824673,991.59083222375,860.3944847192299,994.77140046548,791.5455650845,578.34932869801,762.6642410045,699.37309971475,642.4016121805,490.32684489451
16,1107.34254370873,485.44535431851006,370.63467814448,2007.81886925475,1527.288907514,2085.7613173535,695.1858358885,1049.9028531259798,270.41496744164004,1001.1091485445,1320.932841156,475.46217792524,531.35869362949,196.18575787437,1473.1715323255,902.034338764,763.684842872,283.1565899015,397.02636125249,1033.34020912098,1324.730660708,1340.65251586925,830.79027004525,318.81470416799,671.85700849998,2050.43342449125,1421.388647984,1367.68805739375,847.45583172898,660.8797876357501,1022.63880241623,623.03270139675,756.20648754425,1721.19223300375,457.87256299999,448.87363205701007,414.5324390605,394.40203811625,378.25745873376,1736.35710294425,877.76056142723,939.13943346448,960.24895976198,404.36106181875,1326.31065181825,1825.88641142275,2293.3955438585,1478.34864015475,587.10770828576,992.43597756198,1097.20580790023,528.24220737899,1181.28825275725,544.86974737123,547.8910457982399,691.37209681148,371.07290004223,589.35960028573,467.20753759348,720.4408388125,493.42235987376006,548.45979288825,757.25722590525,942.98975886598,686.054478358,637.99096547975,615.9299648385,449.4915855165101,1717.42206446125,662.13348440648,758.97189917975,529.46995569676,848.8247866065,498.27923173074,368.88233114625,689.5999467194799,1921.8132003745,978.5533812445,2219.05331933375,2132.8332774585,311.88612547362,735.49487480773,282.19130869413004,849.56460956023,385.97885090074,833.0099626,833.07536189775,747.81635105223,437.0160092640101,740.19997058425,326.90926690273,596.98867536324,860.5013605312299,880.7577444457299,1223.26054650073,962.8749481725,1237.31906537573,360.31766396775,490.43007325874,476.10265608349,1534.585045796,1415.09648989525,1376.83588125575,209.52806589364,217.443189111,106.5461746845,50.0,187.27897003698,179.02873522560998,613.07992868651,324.14385526723,601.14623144198,701.1052521554799,587.8562304334899,530.6249290430101,524.4255540719801,599.9873310310101,206.1357903385,415.28662811175,317.67914866549,304.32269824226,1534.886410731,1474.806048741,788.75017229825,696.5050872997299,395.21172181151,561.39436968474,492.9653415032601,651.66322771373,478.05966404799,383.92320028999,498.24035876098,1954.1729593125,1588.97877573675,774.53133970525,1134.90966812373,409.36216631225,816.5238280062299,899.038709173,403.51669940798,300.82711975837,229.49246757524,128.73297188470002,971.89189887448,752.03142123073,926.66805146623,1168.70541544273,1279.03045786373,1053.06796165723,1557.6189580805,1791.42486507725,1931.597618826,1652.26914031275,1975.7705725305,653.39071365825,789.64152899775,704.002158322,786.4252381372299,917.2060437855,2135.8450626955,1424.87314120925,1885.74494396575,1764.59592941025,1592.233361692,696.95441309725,590.6381456827501,686.17619250948,431.98873262399,498.29818354624,156.11409510456,769.79959954025,872.8022507545,864.17933004475,2231.21417117475,1891.7326302645,2325.571066295,2258.56319436875,1571.334790849,1477.49332297325,1433.215202227,1012.01460105823,1107.53213642825,988.82977018525,1198.293468257,890.89610824625,948.87095460275,940.66194775723,1071.50233045698,868.2764950760001,658.61675445375,839.395170996,776.10402970625,719.1325421720001,567.0577748860101
17,1230.87249659348,671.45202995073,221.36287815723,1891.4834604935,1410.95349875275,2082.9744684185,819.68605958975,1172.67201178575,159.70225165374,1065.38617570398,1184.65305750048,599.96240162649,717.3653630480001,320.68594429336,1470.38483873325,1024.55511058023,949.69147500825,469.16325932001007,359.36362957548,1050.93836789748,1321.943811773,1375.38746545475,895.0672164265001,441.33551326648,767.63560046823,2114.71052621525,1596.889915966,1505.23536332475,929.218698643,475.86078742174,1152.0110407857298,809.03941431123,931.70775552625,1604.85697958525,643.8792324185,263.85459456074,534.04829800299,516.9228472147399,193.23842123749,1620.021694183,1053.26182940923,1061.90867290248,1082.76980614273,477.14616789976,1209.97516849248,1709.5510026615,2357.6726455825,1400.8209571985,709.57197262325,1084.76479230275,1249.5910618475,714.2488767975,1333.67358748275,669.36997107248,733.89771521675,869.4639350570001,186.05387497338003,764.86086826773,282.18851252463,842.96161062873,668.9235905735001,672.53577553925,879.7779977214799,1065.5105244685,770.37227369498,823.99767839423,801.9366777529799,635.49826114873,1601.0866557,837.63467161025,944.97861209423,344.45095548275003,971.34555842273,673.7804624304799,493.38251756524,875.6065788557299,1805.47779161325,952.94458831423,2216.2664703987502,2130.0464285235003,484.23282959024,859.99501773075,406.69151375425,972.08545594098,571.98552031925,925.33870277625,871.06389081748,933.823057753,497.4904385285,926.2066027205,286.19140314776,623.60840162825,924.77830691248,1066.7644511465,1106.92513773948,1027.15189455375,1101.0392755065,440.24496366551006,579.78885268,477.12364320101005,1418.2497923775,1298.761081134,1260.50055327273,147.92248043333,260.92013273098,112.8069224692,186.39795916463,50.0,98.9307759827,737.5801151055,510.15052468574,651.3822872435001,765.38227310125,652.1332140970001,645.74377416449,710.43226077275,785.9940066632299,243.87885285839,381.36501588299,283.75751158189,346.11914399274,1418.55100196975,1415.81075585975,911.271018679,819.02585290225,407.58722005075,621.8688362314899,505.3408397425,664.038682457,348.40777144623,198.90417522114,395.947543136,1808.23916433725,1559.160268846,838.8082860865001,1199.1866890695,565.00216777123,1002.530534707,1085.04542208748,589.52336882649,422.3179442872601,302.33578990524,314.73965373063004,1095.9792215462298,844.3602359715001,1018.996866207,1232.9824363885,1343.3074788095,1117.344982603,1554.83226448825,1788.63801614225,1995.87472055,1649.48229137775,2040.0476742545,828.8919070757299,965.14272241523,890.00887123648,972.431944838,861.2350443394799,2019.50965393425,1489.1500875905,1950.021890347,1828.8728757915,1656.51030807325,761.2313594785,654.9151728422299,750.45321345525,554.50949822651,620.81894914876,280.61428773726,892.50880211223,971.4287413585,986.94849491823,2228.4274775825,1888.9457813295,2195.4951252680003,2322.84029609275,1708.88194143725,1615.04062890425,1546.883841999,1187.51586904023,1283.03332984573,1136.51622284423,1373.794736239,1066.39737622825,1071.39172641898,824.32653899598,886.483286747,683.2574575797299,550.842906016,654.3761334997299,591.08499220998,534.11350467573,382.03873738974
18,1195.99268678675,661.9085481044799,322.15556127288005,1992.2760504035,1511.74608866275,2202.6685427775,728.87703753675,1112.78124872898,108.23140118731,1118.01652931125,1285.445721975,509.15341685575,707.82188120175,268.94200748614,1590.07891309225,989.67538155173,940.14807394023,459.61982096973,424.24085762499,1150.2475091095,1441.637886132,1457.55974129325,947.69757624748,406.4557407420101,707.7447566332299,2167.340805258,1562.0101869375,1470.35563429625,838.40975736823,572.42859512451,1117.13131175723,799.49593246498,896.82795193323,1705.64956949525,634.33583135048,340.21872303723,439.83462889824,482.04308090398,289.80624758139004,1720.81443943575,1018.38210038073,1002.017903632,1047.889996336,475.15102639699,1310.767832967,1810.34374791425,2410.30292462525,1501.6135471085,607.13271228099,1137.39515212373,1214.711332819,704.70539495125,1298.79378388973,578.5609490194801,724.3543141487299,834.5842060285,286.84656430274003,729.981058461,382.98120185398994,756.2519284054799,634.043861545,570.09655247925,823.7488193087299,1030.63079544,679.56325164198,814.4541965479799,792.3931959067299,625.95481658474,1701.87924561,802.75494258175,935.43513024798,412.69457898525,901.30089107673,638.90068990601,402.5735327945,866.063171574,1906.270536866,1043.55919580875,2335.9607001005,2249.74065822525,449.35310056174,769.1860764559799,358.90501428151003,937.20564613425,562.44207575526,977.96906259723,923.69424442475,924.27957590675,550.12079834948,916.66320165248,354.12376327523003,563.71763857148,977.40866051975,1057.22096930025,1207.717802214,1079.78225437473,1201.83194619473,346.03129456076005,482.2488665517601,417.23284286198,1519.0423822875,1399.55382638675,1361.29321774725,215.29367419699,258.92500365563,110.81178718014,176.85451460064002,99.06029455394,50.0,646.7711303347601,500.60708012175,704.0126470644799,818.01263292223,704.7635739179799,643.7486264480101,700.8887789265,776.4505993815001,149.66517753993,321.47422797138,223.86674852512,251.90543760573,1519.3437472225,1516.6035011125,876.39121508598,784.14612387375,460.21753637576006,674.4991525565,557.97115606751,716.66904227798,315.87610400737,249.29878626073,336.05678007923,1909.03175424725,1667.123480096,891.4386459074799,1251.81704889048,530.12243874273,992.98705286075,1075.50194024123,579.9799242625,420.32280278449,300.34064218876,305.19620916664,1148.6095751535,896.99051501425,1071.62714524975,1285.61279620948,1395.93775785225,1169.97526164575,1674.52633884725,1908.33209050125,2048.50499959275,1769.17636573675,2092.67795329725,794.0121780472299,930.26299338673,880.4653893902299,962.88846299175,962.027708814,2120.302399187,1541.78036663325,2002.65216938975,1881.50315483425,1709.14074245875,813.86171929948,707.5454518849799,803.0835732762299,519.6297691980101,585.9392201202601,245.73454006763004,832.61795827723,911.53797830173,927.05772564775,2348.1215519415,2008.64001103125,2296.28787052075,2375.4705751355,1674.00221240875,1580.160744533,1512.0041129705,1152.63614001173,1248.15360081723,1101.63649381573,1338.91485186775,1031.51764719975,993.50714038775,925.11928424873,987.27603199975,750.30867013323,651.63557670423,730.14649848975,691.8776566845,634.9062064325101,478.60658858848
23,770.7793462645,658.3900348169799,927.61820228975,2597.7387100615,2117.2089036635,2626.7461724545,100.72913550348,539.4287122097301,629.69729683548,1542.09415898825,1885.23821591525,145.22871287413,872.83999904275,432.74136824774,2014.15654276925,452.8942131125101,1008.95667902448,738.5952054122299,974.04168719173,1574.3251387865,1865.71567115175,1881.637526313,1371.775280489,377.572981295,247.509467688,2591.418434935,1144.93921743473,1021.34766804275,242.54259452289003,1071.764312898,659.2281089532299,941.35462107948,679.01015067375,2311.11222915325,858.0638774409799,841.13928482848,228.85832118748,325.08827705013005,848.6227664669799,2326.27709909375,624.49148787974,469.77849738824,505.56872755675,905.84078294548,1916.230492625,2415.80640757225,2834.380709645,2029.103777517,162.65723115392,1445.444404878,787.6881746947299,748.69030936373,878.6485005862299,112.98687772451,715.2718895844799,735.16748685525,892.309261243,630.56433928775,968.98217382423,235.10653591911,563.0707105822501,128.52030144624,289.18161438364,569.52492844151,178.14452429261,814.75920893075,989.34558889348,594.330798193,2307.34206061075,630.8691217632501,824.8179626787501,875.8662311555,361.075581245,494.30532806476,261.80325626473,919.87840511375,2511.733196524,1529.30851860675,2760.0383297775,2673.8181325595,481.73612362998,159.38742160917,354.82020210573995,482.57501176224,791.78525894775,1280.56198203598,1304.4947820365,1121.2319688935,984.1432347605,1113.615513861,903.924549346,328.86922637948,1401.48629019675,1086.50207105423,1813.180461872,1503.85995861625,1801.6245146995,354.80074697973004,260.94074982076,401.32442174175,2124.5050419455,2005.01648604475,1966.75587740525,786.54337319175,808.7257772989799,660.6125981057501,598.60571261251,739.12499875425,647.3159173590101,50.0,679.16580410925,1072.5655708025,1230.606002999,1128.84120359498,1002.04423733498,957.05977310448,1071.4067138875,498.13460763049,507.51525299248,509.72096469973,451.74332217373,2124.8064068805,2038.30395188575,437.67505398774,374.55009215823,1010.0183659425,1107.944882115,1107.77198563425,1266.46982834875,692.30259988398,751.54465161675,580.3391139827601,2495.15796975625,2129.9637861805,1315.516350149,1675.894753132,468.29093521424,905.887460335,1212.19431424075,874.9360387685,835.2530373454799,812.92678585175,647.54279855224,1383.261323424,1223.45076059125,1379.67647878225,1709.690500451,1772.50567155475,1547.7677422465,2098.60396852425,2332.409875521,2472.58262926975,2193.2541507565,2516.75558297425,489.260068948,583.0637885355001,1033.87233260425,1159.8408559785,1567.490368472,2725.765058845,1965.85799631025,2426.7299544095,2305.580939854,2133.21837213575,1237.939423541,1131.6231561265,1227.16120295323,326.37589446375,318.96177646998,549.5520077635,251.93681684123,403.441277396,364.6193408362301,2772.1991816185,2432.71764070825,2866.555921396,2799.5482048125,1234.27294939098,1140.43148151523,1087.786364133,911.65634947723,901.573902853,674.61332947775,993.6651239645,680.9097625989799,397.64000239725,1530.5818631285,1594.77399236825,1211.826928637,1257.09823636223,1191.664682429,1297.3403163425,1220.90717840275,1037.42308261923
27,814.22102708023,176.91783851925,693.1108482122299,2081.5931606855,1659.62493021075,1998.56634437925,752.794694726,1173.2438284485,592.89116236423,913.91425634848,1540.05233388225,542.20103349075,265.61299371251,393.67029919923,1385.976714694,801.76975886125,455.15732707274,118.19025090593,654.35438551473,946.14531071125,1237.53568773375,1253.457542895,743.595297071,296.76137124488,819.8204310685,1963.23860685975,1123.68382429498,1026.67289829098,835.47750761923,983.3559577035,753.94500778975,324.59112432674,462.14732207675,1873.206143214,183.85282354863003,771.3497648425,562.4958243467601,371.75951499723,700.73359151925,1888.3710131545,639.66257153024,1062.4804895652298,832.6867751154799,277.66081816861,1478.32440668575,1977.900321633,2206.20057088425,1400.923794099,719.56082213375,773.5872472489799,813.1865997079799,219.71469157973,898.53897154625,588.5393905657301,239.36352999898,382.84461829448,693.54907010998,286.21126837863,789.68370766123,708.46251470275,294.13994369750003,622.7712595485,702.0918339607299,730.7034022485,674.07615424825,329.46344968049,317.48838776849,212.81592005223,1869.4359746715,379.59084633524,450.44442066275,851.9461692604799,780.91033439125,340.48731065198,516.84567915025,381.0724247065101,2073.8271105847502,901.12861596698,2131.8583463595,2045.63830448425,242.47484644276,790.2145884025,426.59278414225,716.59610575,111.95910523567,608.7047809109899,668.74758723775,449.37476776851,355.96333212073,441.75839351424,483.042009351,745.1689191285,773.30638755698,572.23026592873,1162.9818863835,875.67997519825,1456.4386326665,529.94398720524,638.61027974174,645.72893582501,1686.59895600625,1567.1104001055,1528.849791466,465.41923185548,385.58505702949,429.0223447522501,323.29523646511,509.75514010473,501.50488665223,670.50544579675,50.0,436.81841328601007,594.85888897848,533.9239430247601,366.29711710075,282.84878134923,435.65951908875,451.45426659824,632.26623717449,534.6587577282301,514.31895475698,1432.66264806525,1410.12396846775,701.8136150954799,592.99935548275,430.93954769049,479.76497947523,507.98858235173,642.93735204299,800.535871398,706.39940764,698.08655105925,1866.97798633825,1501.7838027625,687.336366731,1047.714769714,294.67447810025,507.99630599326,617.2615256092399,239.18888125201,213.35251119299,283.73261945963003,209.44156483673,711.4040850167501,587.70360307476,707.8193211532299,1081.510517033,1100.6484331475,875.91050383925,1470.424140449,1704.229892103,1844.40264585175,1565.0741673385,1888.575754899,487.9165467855101,552.1691043550101,405.56058125199,487.98365485351,932.87306227223,2085.16713133475,1337.678168235,1798.5499709915,1677.400956436,1505.03838871775,609.759440123,503.44320999076007,598.98125681749,407.54271745973,500.17013824826006,309.34044305114,893.14058107648,996.14323229073,987.52031158098,2144.01935354325,1804.53765729025,2238.37609332075,2171.36837673725,1246.294999378,1106.58012149173,1108.17549153423,714.3096965909799,809.827231961,687.5661994364799,900.58856378975,576.8382352042399,883.8560555944799,1092.67585796748,1292.79071865873,1190.75266514375,852.89298332173,1161.87134106375,988.51714600773,1041.60871223975,889.5339884497299
29,1077.98656674925,481.86117454373,665.458515192,1762.40839280475,1418.4828065025,1666.35220334225,1147.94672763925,1568.39586136175,792.69370334975,525.84526874649,1427.352566842,937.353066404,305.70734895124,718.43241239775,1066.79194681325,1110.57584770723,568.57982315051,344.82195125201,543.76619247523,626.9605428305,918.350919853,866.63032795425,424.41056647251,691.9134662952299,1170.11390815698,1575.1695819755,1313.36407634775,1216.35307577923,1163.64854290198,1032.72963133525,1032.56372527825,366.30243603651,698.84338093725,1692.4104836265,245.05565496787,876.8381361777299,912.7893387175,766.91154791048,791.5169074539799,1707.57519822425,925.86251852925,1457.63244170025,1141.49285774775,200.83710505939,1365.6246396455,1797.10450670275,1818.13170134275,1156.53904582725,1085.3645706605,441.61536012375,1020.68885944,413.52970160925,1106.04123749198,983.69142347898,537.51438000551,596.26881705974,780.617823993,592.04916116326,761.55905811648,1036.6335499855,602.94603254348,1017.92329246175,1043.64751126898,1016.90339274348,1002.247189531,442.88598925423,289.41327391986,549.50711370875,1697.452598606,685.428757761,563.8669229542301,957.43445981748,1122.4660116995,682.04306252475,867.13923080325,494.49492699799,1817.00142749375,669.85859858575,1812.67357847875,1726.4535366035,637.62692285198,1118.38562368525,768.870805238,1025.4021945959798,346.11972808148,282.18928923838,282.25472581839,431.81447534075,241.49308026276,305.61645480136,450.86186391426,1095.46239621698,385.23743723725,685.6527620065,962.5412719455,487.61103109223,1343.7387102835,872.2220455832501,988.90379411248,988.00700041673,1573.899188966,1454.4104777225,1416.15002442575,523.79975269675,449.27682727149,593.1983122632399,601.10432618174,648.69885929774,701.3075084159799,1065.65747871,437.36945751623,50.0,157.63580161501,106.25634239526,80.27334742137,139.11523001643,146.34208543193,809.025042,937.533263994,839.92582183,826.5693776204799,1191.52044979248,1090.93928136523,1043.36936696825,934.55511356923,319.75431032564,358.46823396448,395.28873453325,521.64060653224,1000.33841859723,817.3846567485,1020.51915059248,1547.79337380025,1182.59903488175,299.26742262498,659.64582560798,654.05628277748,621.4188455670001,592.86118121348,207.40684200126,307.02795495125,356.91352022651006,487.25067319449,452.82982664949,201.21078515137,375.84739674574,693.4414921487501,768.6765522359799,543.93862292773,1151.23937256825,1385.04512422225,1456.33377631025,1245.88939945775,1500.50673001475,796.72259834923,843.55082567948,397.82463036248,335.32848977126,783.916061261,1765.982363454,949.60914335075,1410.48094610725,1289.33201232998,1116.9694446117298,290.57470952451,178.90242292873,238.02913577648,810.44471939225,830.55445975075,622.0929958197399,1288.29261398973,1391.2953397685,1382.67241905875,1824.8345856625,1485.3528894095,1919.19132544,1783.299351853,1453.7971845455,1296.26029897998,1315.67775126625,903.98994864375,999.50740944925,951.33181988373,1090.268741278,806.88053533625,1225.41173290273,979.976010149,1180.09087084025,1281.53598107848,740.19313550325,1186.82645791573,875.81729818925,970.33085957973,980.31722360623
30,1207.0271483475,623.52397595048,781.2316639764799,1767.08918054775,1457.22513300975,1543.0279242585,1304.4071687255,1724.856302448,908.46692669875,402.52095238048,1505.343326536,1093.81343292573,427.29617611425,874.89277891948,1071.4725792135,1252.23864911398,697.6203674665,503.75525629325,621.75710751198,651.0425899315101,880.3488823277299,743.3059743059799,448.49261978723,848.3737520387299,1326.574268465,1451.84530289175,1442.40450260325,1345.39357659925,1305.3112635305,1110.72047180748,1161.6043068765,426.5466473455,827.8839625355,1731.152654791,386.71843773349,992.6112787485,1069.24970523923,923.3719082185,907.29013080298,1746.3175247315,1054.9031001275,1614.0928827865,1283.1556591545,346.97776065425,1443.61555468225,1835.84683321,1694.807422259,1161.2196782275,1241.82493718223,361.81058857348,1149.72944103825,542.57024592524,1235.08181909023,1140.151783787,679.17714413,725.30936137573,896.391047342,733.71192528775,839.549892375,1178.29635139225,744.60883395023,1174.38365898348,1185.3103126757298,1145.94397434173,1143.90999093775,571.9265273565101,365.08226223123,691.1699151155,1736.1947697705,827.0914846032299,692.90750455248,1073.20760238825,1264.12881310625,823.7058639315001,1023.59959732498,623.53550859624,1821.682059894,693.9406891827299,1737.513008347,1651.29296647175,794.08728316,1260.048425092,925.33117175973,1167.0649152245,487.78248599226,253.24107457023,124.243752821,416.02213875074,336.09541692801,307.21153279949,554.83571800151,1251.922756525,262.04504414825,814.69334360475,986.62328176425,368.88765008201005,1421.72962532025,1028.68241210498,1145.3641544205,1144.46736072475,1651.89010400275,1532.40139275925,1494.1409394625,639.57293876349,565.05001333823,708.9714983299799,702.08142599648,764.47204536448,817.08065098675,1222.11784523173,593.82981782425,158.87883565938,50.0,155.23814840586002,232.51590351849,280.77801899576,196.09818184563,924.798265349,1121.70972862798,1024.10228646398,983.0297379285,1215.60253417575,1095.61991376548,1185.03209381048,1076.21791497598,423.72818926773,398.28898712449,473.27961228774,549.8956259265,1116.1116419462298,933.15780553298,1136.29229316325,1552.4740062005,1187.2797480602298,196.22901772339003,536.3214657460001,795.7190841842299,750.45942716525,668.5301881659799,366.3401470425,465.96125999249,473.018052379,643.71099622025,435.4762519260101,202.96980567414,233.22846071274,574.71819191676,685.0431970555001,414.92013728224,1076.60114554023,1352.45452595775,1333.0094972265,1213.29880119325,1377.182450931,938.38539975598,972.59140727773,473.49359381901,319.53617182238,807.9981518579799,1770.663151197,826.284864267,1287.1566670235,1166.007652468,993.64508474975,314.4625036235,227.88422272562,144.30017333399002,952.107520799,972.2172611575,778.5533188455,1444.75297429775,1547.755625512,1539.13270480225,1780.58660140975,1452.762291145,1886.6007271755,1659.97507276925,1582.83776614375,1425.3007998,1444.7183328645,1033.03045567748,1128.5479910475,1080.37240148198,1219.30932287625,935.92104236998,1367.074608874,1057.96692518575,1258.081785877,1347.935139332,818.1839759754799,1264.81729217425,953.808213226,1048.32169383825,1004.384705771
31,1178.18676018898,582.06136176975,625.53317907898,1660.7789715005,1316.85338519825,1585.86508565575,1204.24069087623,1624.6897438205,795.2401624859799,445.35811377773,1354.02783732975,993.64694886275,405.90753617726006,733.80676514348,965.16245094448,1210.77603493325,668.7800538725,409.590364812,481.184110061,525.33108424399,816.72149854875,786.14321026775,322.78108924487,748.20734875398,1209.47799091425,1494.682464289,1413.56418900925,1316.55326300525,1263.848730128,970.1474743565,1132.76391871798,466.5026667585,799.0436489415,1590.7809069795,345.25586704873,879.38451453573,952.15342768848,823.20550493375,794.0633603765,1605.94577692,1026.0627865335,1513.92647950175,1241.69305118748,233.75101508261,1292.29999091148,1695.4750853985,1737.64458365625,1054.90954995848,1124.72865963148,496.53247707151,1120.88905287973,513.72989504898,1206.241424718,1039.98538050225,637.7145734452399,696.46904778173,708.1097313175001,692.2493173207299,698.9769011377299,1136.8337434252298,703.1462197695,1074.21725569873,1143.84777927323,1117.1035799695,1102.44738297073,543.0861764802501,389.61347978701,649.70730714848,1595.823021959,785.62895120073,664.06711018025,959.98091274,1222.66620513923,782.24325596448,906.50331977423,594.69515771998,1715.3720061895,568.2291772815,1711.0441571745,1624.82411529925,693.92080531073,1218.58581712498,848.9652164525,1125.602381822,394.8609578820101,382.38950131924,277.00078546499003,532.0146687804801,203.51358607737,405.81666066851005,411.61692904624,1250.72638744273,304.75030090962,785.85295544623,860.9117760767299,407.12386990976006,1270.414136114,897.93865259573,1028.05101839075,1013.7236012155,1500.5746147965,1381.085903553,1342.82545025625,526.34616833701,451.82328019401007,595.7447279035,588.8546928522601,651.245274938,703.85388677398,1121.95144194698,532.01047452623,108.43307335907,155.18058459642,50.0,168.22361548725002,239.31542966987,246.54228508537,811.5715011362299,1008.4829582015,910.8755160375,841.94364958798,1089.89102848823,989.30977928275,1143.56956040798,1034.75530079525,310.50143748238,247.67770388625,332.70661483676,432.694181334,1002.88487151975,819.9310351065,1023.06552895048,1446.16379715325,1080.96953901298,218.78028008364,579.1586644255101,754.2564700035,721.61903900673,693.0613684395,302.04785901126,332.43274556851003,359.79128816623,538.5610048904899,553.03001387551,301.41097237739,417.92718145851006,612.95437446225,723.2794168832501,497.31692067675,1049.60987669948,1283.415702918,1375.84665862375,1144.2599781535,1420.01961232825,896.9228663534799,943.7510129055,498.0248175885,435.52872049325,682.2865653922299,1664.35294214975,869.12202566425,1329.99382842075,1208.84481386525,1036.48232692523,188.945250938,77.2729519148,157.54198702143,858.98870739625,930.75465319048,702.18736975198,1344.586571013,1447.58922222725,1438.9663015175,1723.20516435825,1383.72346810525,1817.56190413575,1702.8122341665,1553.99745254975,1396.460486206,1415.87786392775,1004.19014208348,1099.70760288898,1051.53200710975,1190.46893471773,907.08072877598,1325.61192012875,906.65136141498,1106.76629667075,1207.36222265925,640.58289654576,1124.24430093698,802.49272401975,907.74870260098,863.81171453373
32,1046.03668276398,415.82869974473,718.31466259325,1825.1813106805,1481.25572437825,1729.125121218,1075.93689994123,1496.3859528855,735.49487480773,588.6181058440101,1480.20871424325,865.34323870598,273.75747739339005,646.42254120376,1129.56479012448,1044.54337290823,536.6299764475,272.81208627173,596.622414441,689.73338614173,981.12376316423,929.40317126548,487.18340978374,619.9035578189801,1098.10407424525,1637.9423445085,1281.41411158425,1184.40318558025,1097.61606810298,1085.5857787365,993.75033256973,334.3525893335,666.8935715165001,1755.1832461595,194.41267572587,907.46333796923,840.77943024125,694.90171399875,844.3731294197501,1770.3481161,879.46793359248,1385.62268856675,1075.46038294875,253.69331459774,1418.48078704675,1859.8774245785,1880.90446387575,1219.31188913848,1013.35474296248,491.37871415073,988.73897545473,381.57981762398,1074.09142807123,911.68158956725,471.48190520651,564.31897035673,833.4740521724799,526.016649082,814.41520551773,970.6010751865,536.9135142485101,945.91346476373,977.61503646998,970.508801593,936.21464016748,410.93609905525,269.36770875824,483.47463890975,1760.225361139,619.39624567974,531.91707003751,988.0597361735,1056.4335369005,616.0105504434899,795.1293223270001,462.54508029498,1879.7743453695,732.6315164615,1875.4464963545,1789.22645447925,565.61701437573,1052.35314888625,696.8609775399799,959.36963901875,228.21005103689,331.95266190649,332.0180984865,409.34985695274,294.34927115998,355.37982125576,503.71805481148,1023.45256230525,448.01028054848,653.7028780212299,1025.31411525673,550.38386818975,1396.5950130275,800.212137107,916.89396020075,915.997166505,1626.75533636725,1507.2667804665,1469.006171827,532.92943873926,453.09527012698,535.99944022525,529.09445498775,645.86870701775,644.10863637799,993.64765101198,365.35958632224,71.9313982504,232.96862821538,169.02918570649,50.0,107.16535224487,196.10546431375,684.71146571973,865.52343629598,767.91591335375,754.55946914423,1254.29328689,1153.71211846275,977.33681760473,868.522557992,372.61051986399,411.32441864799,448.14491921676006,574.49682849801,943.1395838415,842.5129807667299,931.343787463,1610.56613633325,1245.37187819298,362.0402597225,722.4186627055,588.02380797848,589.46896158173,572.81563469299,135.39697702098002,235.01806511613003,351.24281391599,415.2408020005,502.59317446276,250.97415781948,425.61078805498,756.2143354599799,818.43998082748,593.7020080232601,1214.01221587948,1447.818042098,1519.10653884325,1308.6623173335,1563.27949254775,730.6901235502299,791.97446641725,377.77908384199,385.0918810805,846.68890457223,1828.75528132975,1012.38198666198,1473.253863983,1352.1048494275,1179.74228170925,353.34755283574,241.67526002625,300.801972874,730.68491646125,764.52198495175,550.08312462575,1216.282780078,1319.28543129225,1310.6625105825,1887.6073481955,1548.12580728525,1981.96424331575,1846.07226972875,1421.84737512475,1264.310408781,1283.72786728098,872.04006465848,967.55752546398,919.38192968475,1058.31885729273,774.9306513509799,1159.37925810373,1032.83223832848,1232.94709901973,1334.39220304425,793.0492829045,1239.68260531698,928.67352636873,1023.18700698098,1033.173445572
33,940.933406106,344.80801390048003,783.14292039425,1894.897583453,1550.97199715075,1785.2072715085,1034.24173766375,1454.69087138625,792.67164467925,644.70029963048,1559.8416021475,823.6480764285,168.65416966686,640.4038298509801,1199.28098211875,973.52268706398,431.52666250726,271.5406804275,676.25530234525,759.44965891423,1050.84003593673,985.48532155598,556.89964527398,578.2084328237601,1101.26747400625,1694.02465014175,1176.31084113998,1079.29991513598,1026.5953822587298,1183.13652079675,895.510564635,229.24927539326,561.79025757626,1824.899518932,108.0024818972,971.13032793575,843.94283000225,653.20655793498,900.5141546125,1840.0643888725,788.809357886,1343.92745172475,1004.4396971045,333.32620250199,1498.113674951,1929.593697351,1936.986769509,1289.02808113275,1001.0078650715,513.58149922676,883.63569879675,276.47652232487,968.98807684873,904.88278420623,400.46121936226007,459.21565641649,898.30222919525,454.99596323775,894.04809342198,899.58038934225,465.89282840426006,904.21830248625,906.59435062573,879.85023210023,865.19402888775,305.83280375614004,192.75196230901,412.4539530655,1829.9416339115,548.37555983549,426.81376231098,1051.7266515755,985.41285105625,544.9898645992399,798.292722088,357.44176635474,1949.49046279925,802.34771466948,1945.162769127,1858.94272725175,502.27185109124,981.332463042,690.84229725575,888.3489531745,209.06652394226,354.15545319623,354.22088977624,332.73411050351007,373.98215906423,199.34711953849,583.35094271573,1026.61596206625,504.22439139825,548.59960136325,1095.030307251,611.06699733201,1476.22790093175,794.1934630364799,920.05735996175,909.97841165625,1706.3882242715,1586.89966837075,1548.63905973125,591.3452285984899,511.5110537725,594.41523008448,523.0757374212601,709.53570319798,701.2854497454799,951.9524887345,283.34004968925,137.35811088892,280.33220394439,238.74542119673,107.16968941445,50.0,121.1328589095,678.6927108709799,859.5046814472299,761.89723928323,748.54078886,1324.0095596625,1223.42831667073,906.31613176048,797.5019529259799,452.24340776824,490.95730655224,527.77780712101,654.12967912,1000.31635992673,906.17989616873,925.32503261425,1680.28240910575,1315.08807018725,415.28410534549,778.500812996,517.00312213423,484.36564764149,505.2552831695101,174.85882629139002,293.43383633423,409.65859756151,409.22208443401,493.03742053926,273.17694289551,447.81357313101006,776.54730335023,840.6427286212501,615.904799313,1283.72840787375,1517.5343148705,1575.1888444765,1378.378590106,1619.361798181,659.6694377059799,706.4976650362299,310.21873231851,361.7384660415101,916.40517734473,1898.47155410225,1068.464211517,1529.3360142735,1408.186999718,1235.82443199975,423.06378832598,311.39151415762,353.87727161324,673.391558749,693.5012991075,544.06440705926,1174.58762401423,1277.59027522848,1268.96735451873,1957.323620968,1617.84208005775,2051.6803607455,1902.15442001925,1316.74402390225,1159.20713833673,1178.62451605848,766.93671343598,862.454248806,814.2786592404799,953.21558063475,669.827374693,1088.3585722594798,1112.4650454545,1312.57990614575,1390.533228237,872.68217080875,1361.651904157,1008.30641427298,1102.81989488523,1089.31447076475
34,1048.54873037423,465.04551448124,805.5593452475,1902.50922286025,1558.583636558,1664.885301754,1145.928669974,1566.3778036965,868.6821757744799,524.3783298759801,1567.4533968975,935.33493417423,268.81771464501,716.4143547325,1206.89277686875,1093.76015036248,539.14194949323,347.55116802676,683.86702253073,767.061372886,1005.51288559973,865.1634263660001,564.5113965280101,689.89532785175,1168.09585049173,1573.70268038725,1283.92608462998,1186.91515862598,1146.83292012175,1172.83046139075,1003.125808125,268.06820451739003,669.4055445622299,1832.511313682,228.23999490538003,1016.93896623323,910.77120648773,764.8934902452299,931.61773750948,1847.67602827975,896.4246821542299,1455.614384035,1124.67724118123,340.93795996973,1505.725469701,1937.20533675825,1816.6647997545,1296.63987588275,1083.34651299525,393.25957296823,991.25094228675,384.09182173826,1076.60339490325,981.67336581373,520.69872615673,566.83093718875,920.7186540485,575.23350731448,901.65988817198,1019.81793341898,586.13037248099,1015.9052347965,1026.83188848875,987.46547559023,985.43149218625,413.44807210098,206.60378212086,532.69145364626,1837.5534286615,668.61306041625,534.42904308324,1097.53528987298,1105.6503951329798,665.22736518,865.1210985734799,465.057047127,1957.10225754925,809.9595094194799,1859.3703858425,1773.15034396725,635.6087844085,1101.5699263405,766.85274757275,1008.58649725123,329.30406801899,233.83352072399,233.89893866287,346.58591167423003,381.59391031826,193.63576935086,590.96269396976,1093.44433855173,383.90245892601007,656.21484485325,1102.642102001,490.74507107348,1483.839540339,870.20391335348,986.88573644723,985.98894275148,1714.0000190215,1594.511307778,1556.25085448125,663.90058275225,587.5215040895,670.4256804014799,599.08623123423,785.5461535149799,777.29590006248,1063.63942104475,435.35135635501007,140.7911732365,195.91917107424,246.35717245076,197.48038435287,122.29956995394,50.0,754.7032357525001,935.51520632875,837.9076896002299,824.5512391770001,1331.6213544125,1231.04011142073,1026.5536696235,917.73941622448,459.85516523598,498.56906401998,535.38956458875,661.74147387,1076.32688480825,957.485486804,1001.33556370948,1687.89420385575,1322.69986493725,318.08642007373,658.1788432415,637.24062271499,591.98092841375,510.05172669674,250.86932010436,369.44432393349,485.66909137448,485.23253475101006,404.47403328026,152.85500420956,327.49164687248003,656.2253335957299,720.32083964498,495.58286684076006,1201.76522337675,1477.61852922975,1454.866874722,1338.46280446525,1499.0398284265,779.906975569,814.11290852623,315.01515720461,231.55912888011,924.0168913165,1906.08334885225,948.1422417625,1409.014044519,1287.8650299635,1115.50254302348,430.67553958001,319.00327162536,269.46421388825,793.6290220475,813.73884318423,620.07490087223,1286.27455632448,1389.27728210325,1380.65420605075,1902.444134248,1577.926294417,2056.5772302537503,1781.83245026475,1424.35926739225,1266.82238182673,1286.239834113,874.5520314905,970.069492296,921.89390273048,1060.83082412475,777.442618183,1208.5961101225,1120.0768402045,1320.19170089575,1421.6368856985,880.29396555875,1326.927207193,1015.91812824475,1110.43168963523,1120.41805366173
36,1089.92069895348,597.96989473676,430.00108485548,2100.12166719175,1619.591705451,2310.52192670325,579.74885502873,920.79966839948,167.45470615701,1225.86983867248,1393.29133876325,360.0251535695,683.50631666523,115.03966381495,1697.932297018,836.31519029175,873.05064381175,438.25184161849,532.09420426848,1258.10089303525,1549.49127005775,1565.413125219,1055.550879395,335.28659072473,567.69856372976,2275.19418918375,1490.84099342425,1364.28356568475,689.28149408198,680.2741746305,1011.05931771025,778.127990396,825.6588329845,1813.4951862835,612.96785199924,399.4420155795101,290.70640289425,396.27209142301007,397.65180844625,1828.65990088125,947.21290686748,810.0362487379799,906.62293369173,583.00437304048,1418.61344975525,1918.18920935975,2518.156308551,1609.45916389675,458.004486277,1147.53126656123,1108.6393449857298,637.60797103648,1192.72178984275,429.43272301549,654.68844699175,763.4150932934799,394.69210031276,658.81194572598,490.82673786401006,607.12373968375,562.87470531401,420.96832647526,674.620630587,924.55880760673,530.43502563799,754.1757725517299,771.02525383775,539.53655736049,1809.72486239825,731.5858298467299,870.574946405,490.80899150825,752.17262779048,567.73153988873,253.44530679051,798.9657476592299,2014.1159983115,1151.4125797345,2443.8139286835,2357.59388680825,378.18394433075,620.05781316973,205.00268303774,831.13365830098,541.07410261773,988.10517703473,988.170650897,902.91164005148,657.974101497,895.29518501898,461.97710370501005,434.538410462,1085.2620444455,990.12354538548,1315.5632636595,1187.63555752225,1309.67748220475,196.90307477048,333.12064676148003,277.15276659788003,1626.88799907575,1507.39928783225,1469.1388345355,344.59592755076005,366.77833165799,218.66513382363,205.48131269162,241.96521037598,149.69876885619,497.64291054448,452.86139851,811.865950212,925.86593606975,812.6168770655,685.7201807600001,679.5208430712299,755.082582748,50.0,201.08992849187,103.48244904561,102.77721781545002,1627.189208668,1624.448962558,770.319221039,678.07413604048,568.07088301925,782.35253648225,665.824502711,824.52242620373,375.09942140449,308.52207880301,266.91027965889003,2016.8773710355,1774.97686402175,999.29202983323,1359.670352038,458.95328251174,927.902634865,1035.15484234825,558.61194491126,528.17614942798,408.19398883225,312.60798459174003,1126.98718787373,907.12671022998,1081.76334046548,1393.466099357,1503.791141778,1277.8286455715,1782.379722773,2016.185474427,2156.3583835185,1877.0297496625,2200.5313372230003,722.8430590985,859.0938744380001,859.09744732125,941.52052713648,1069.87325103773,2228.1478606325,1649.633750559,2110.5055533155,1989.35653876,1816.99397104175,921.71510322523,815.3988358107299,910.93687642375,448.46061918073,479.86723228699,174.56538383664002,640.6963775314899,743.6990660280001,735.07614531825,2455.97493586725,2116.49323961425,2404.13333196625,2483.32395906125,1567.93029914,1474.08883126425,1405.93219970175,1081.46694649848,1176.98440730398,995.56449976875,1267.74573913273,960.3484536865,844.3788771015,1032.96482025875,1095.12157422348,828.4230826562299,759.48111271425,808.2609110127501,799.72319890823,742.7517113739799,586.4521245985001
37,1113.73023758873,724.4802971189799,570.3940711277601,2240.51454161725,1759.98473521925,2432.005704885,561.9059879250101,794.13248790025,224.94358446812,1423.142156946,1480.48460296725,383.83472948701007,859.47275540525,260.67084489949,1819.41607519975,860.124728927,1075.04694132648,619.592014827,708.39486604198,1399.96952358575,1670.9750482395,1762.68552427075,1252.82327844675,438.28582439848,389.09603308676,2472.46643289275,1489.7000009255,1388.09310432,737.56155475373,619.48203216,1034.8688563455,960.42814451725,929.06312598573,1953.888060709,794.30802520775,366.744970249,329.1927245495,453.86355187251,433.78371810024,1969.0529306495,969.25223408825,683.3691490169799,930.43247232698,780.276691314,1559.00632418075,2058.582239128,2715.42855226,1749.852193665,450.29397431623,1328.871477052,1132.44888362098,814.7805716657299,1216.531328478,453.24226165074,781.36215188648,866.819380081,510.74288387375,762.2162325135,564.22844281574,630.933278319,666.2790355975,413.25781451449,698.43016922225,948.36834624198,554.24456427324,880.84947123275,953.325407959,687.8822411545,1935.8319515055,841.9031796947501,997.24865129973,423.58398769976,775.9821664257299,648.48996058125,277.25484542576,985.96866741575,2154.50902807975,1301.97582478073,2565.29770686525,2479.07766499,526.5295908425,668.3378738414799,284.08179267937,854.9431969362299,722.41423854398,1169.4453875255,1169.51078682325,1085.21179417273,855.24650054875,1077.59533914023,659.2494654745,261.68971935561,1282.53436893273,1152.59233335623,1455.95629342775,1384.907956574,1396.87074640875,181.10553109149,283.23315523612,157.26502953931,1724.66445415175,1616.856430309,1574.03418181575,530.10752583873,564.05069342748,415.93747695199,401.06787629698,382.35023688575,322.08463177323,506.79077168874,628.82784346373,937.58165636748,1123.13826055698,1009.88927611725,867.06031668625,860.86097899748,936.42271867425,202.33001102399,50.0,98.628354717,133.88912708383,1767.58223843625,1764.84199232625,794.12875967425,701.8836746757299,765.34320750648,979.62486096948,863.0968271982299,1021.79474447725,240.02037506937,277.15034325098003,128.42183899758,2157.270245461,1908.1915053125,1196.56434810675,1556.94275108975,562.35761279523,1054.57633975973,1211.12128730198,739.9521243334799,716.24984676025,605.46635060174,493.94812051799,1308.32724302175,1088.4668461562298,1263.10347639173,1590.73849840875,1701.063385487,1475.10104462325,1903.86350095475,2137.66925260875,2353.6306272275,1998.51352784425,2397.803580932,792.20569720748,929.67610847723,1041.3976014425,1123.82068125773,1210.26620002775,2368.54089040075,1846.90614961075,2307.7779523672502,2186.62893781175,2014.2663700935,1118.98742149875,1012.67115408425,1108.20920091098,480.56052698024,503.67677092224,355.90554461773,513.96923473076,592.889217473,608.4090083149899,2577.4587140490003,2237.977017796,2544.5263617345,2680.596358113,1591.73983777525,1497.8983698995,1429.741738337,1184.871233286,1246.33469255748,1019.374038404,1338.42583289075,1027.52215710523,892.65893777325,1173.35777546248,1190.0202240775,759.544647899,899.8740679179799,739.3824824692299,940.11614789825,816.1534908902299,588.35460725775
38,1101.24696876325,681.14393868775,472.2279791525,2142.34848692425,1661.8185251835,2333.839650192,543.32459031924,889.41204439098,126.77748006544002,1324.976102253,1382.3183929315,371.35142959298,766.68031712025,198.21372019336,1721.249865164,847.64146631523,956.22465048048,521.42588556948,610.22873057075,1301.80346889275,1572.8089935465,1664.519314235,1154.65714918923,407.69871886299,484.37555229523,2374.30037819975,1477.2166575355,1375.60991627275,700.60776389175,625.25216404423,1022.3855129555,861.3019970647299,898.4760577325001,1855.722006016,696.1418959502299,338.21941834876003,302.03265406289,441.38028926074,345.70294348323,1870.8868759565,956.76897147648,778.6486247294799,917.9492035015,682.110636621,1460.84026948775,1960.416184435,2617.262497567,1651.68598362925,431.71253321449,1230.70526701625,1119.9656147955,720.7820522697299,1204.04806586623,440.75899282526007,737.862528225,836.23231804148,412.57675461623,731.6291704739799,466.06235084048,618.44997221126,635.6919300620101,394.67637341275,685.9469066104799,935.8850774165,541.7612954477601,837.3497730067501,854.19926050648,622.71060131148,1837.6658968125,829.41991708298,953.74895307373,429.58643155976006,763.49889760025,636.00669796948,264.77156417286,882.13974811425,2056.342818044,1203.8096893095,2467.13165217225,2380.911610297,461.35798828174,631.3840829795,267.01659623699,842.4599281107501,624.24818385098,1071.27925826798,1071.34465756573,986.08572128473,757.08037129123,978.46926625223,561.08333621698,340.34839073751004,1184.3682334615,1073.29762661873,1357.79023873475,1286.74182731648,1298.70469171575,168.62226226601,301.92943191237,193.86361366914,1626.49839945875,1518.690375616,1475.86812712275,431.94142764976,465.88455795625,317.77136012189004,302.90175946688004,284.18414491049003,223.91853358426,508.96918035425,536.03544246099,839.41552089625,1024.97220586398,911.72314685973,768.89426199325,762.69484352625,838.25666398125,104.16389419389,98.10497392370002,50.0,95.95307294505,1669.41618374325,1666.67593763325,781.64549706248,689.40040585025,667.1771528134799,881.45872549825,764.9307725052299,923.62861521973,262.13417360449,248.62479135074,171.83504238038003,2059.104190768,1810.02529527675,1098.39821884923,1458.776541054,531.7705072597399,1011.07664153373,1118.32884901698,641.7859888622501,618.08375478499,507.30021513051,395.78202854273,1210.16118832875,990.300710685,1164.9373409205,1492.572288373,1602.897330794,1376.9348345875,1805.697290919,2039.50319791575,2255.4645725345,1900.34747315125,2299.637526239,779.722428382,917.19283965175,942.27145398998,1024.6945275915,1112.10014533475,2270.37483570775,1748.739939575,2209.6117423315,2088.462727776,1916.1003154005,1020.82129224123,914.50509939125,1010.04314621798,468.0772581547601,491.19350209676,257.73944642876,609.24875393923,688.1686931855,703.6885213097501,2479.29250401325,2139.810963103,2446.36015169875,2582.43014807725,1579.25649438525,1485.4150265095,1417.258394947,1154.28417124648,1233.851423732,1006.89077579223,1325.9426448435,1015.03888827975,855.7051531249799,1075.19163999125,1091.85409481998,767.20048542548,801.7080132249799,747.038313782,841.95009320525,717.987355419,534.50325963548
39,1045.398919997,632.46989151974,532.26403117649,2202.3845762305,1721.85461448975,2339.085885545,487.47654155299,870.5824836352299,209.98541980448,1254.433716736,1465.52633888425,315.50338082673,745.62702489825,125.36589913732,1726.496100517,791.79341754898,935.17135825848,507.658242887,634.35715058949,1286.66477731248,1578.0552288995,1593.97708406075,1084.11483823675,344.35581115523,465.54599153948,2303.7579926827502,1421.36860876925,1319.7618675065,644.7597151255001,708.4601099969799,966.53746418925,846.58241401025,835.13311274248,1915.75809532225,682.37425326775,421.42736430151007,246.18460529664003,385.53224049449,428.91088943598,1930.92280992,900.92092271023,759.81906397373,862.10115473525,657.6856300102501,1520.876358794,2020.45227374125,2546.72011205,1711.7220729355,375.86448444824,1216.93763054748,1064.11756602925,690.8228048474799,1148.20001709998,384.91094405901,689.18844377473,772.88936683775,495.78470056898,668.2862192702501,549.27029679323,562.60192344501,572.34898507199,338.8283246465,630.09881434826,880.0369540857299,485.9132093992501,788.675763121,839.479677452,574.03654792976,1911.987771437,741.060103391,905.07486240975,512.79434023025,707.650848834,580.15864920323,208.92351540661,861.08645589225,2116.37890735025,1253.67548877325,2472.37788752525,2386.15784565,412.68389761776007,575.53603421325,203.67366367439,786.6118793445,610.48050388624,1057.5116155855,1057.57701488325,971.36606366573,760.2370913139799,963.74968319775,564.24005623973,332.38583205801007,1113.82592872273,1060.41862524448,1417.826328041,1216.199516364,1381.9126376685,112.77419485863,246.08136450499,175.00018819389,1709.7063454115,1601.89832156875,1559.0760730755,446.85883658951,469.041277979,320.92808014464003,289.13412299811,344.22815669699,251.96170896349,453.121131588,514.98215023899,825.64788442748,983.68831662398,841.1808359072501,755.12654474625,748.9272070574799,824.48902751248,102.78041166239,133.73764304774,96.34142982005,50.0,1729.4522730495,1726.71187159675,725.79744829623,633.5523198017399,670.333792058,884.615445521,768.08741174975,926.78533524248,345.34208227498,331.83270002123,255.042969692,2119.14028007425,1877.2397730605,1027.85590789675,1388.23431087975,468.42755605601,962.40255086975,1097.27555679498,628.01835239348,604.31611210251,482.81703576674,382.01438586025,1233.39541819623,976.53307421623,1151.16970445173,1422.03005819875,1532.354945277,1306.39260441325,1810.94368161475,2044.74943326875,2184.9221870175,1905.59370850425,2229.095140722,723.8743796157501,861.3447908855001,927.5518709355,1009.97495075073,1172.13616007648,2330.41076967125,1678.19770940075,2139.06951215725,2017.92049760175,1845.5579298835,950.27898128875,843.96271387425,939.50076070098,412.22917210625,435.34545333051005,228.89591413298,590.41919318348,669.3391324297501,684.85888598948,2484.53873936625,2145.057198456,2506.396241005,2511.88776256025,1523.408445619,1429.56697774325,1361.41034618075,1090.94122004275,1178.00330040123,951.04272702598,1270.09459607725,959.19076494898,799.85710435873,1135.2277292975,1175.06204077273,850.4084313782299,861.744021753,830.24625973475,901.98610794698,801.19530137175,617.71120558823
40,2265.2959044965,1637.53736595925,1225.3035335705,798.33854819925,237.78450822749,868.452343069,2186.777911509,2538.30100102825,1525.33112283575,990.11375879223,608.52862223249,1967.054290828,1493.016568638,1674.07289336,255.86271338375,2213.79962752875,1755.8891236155,1339.97708559225,1119.20210517925,625.2136763244899,403.1220853270101,742.1141847279799,774.47347763773,1678.59414409875,2133.2645089325,947.88165740623,2500.67325875225,2403.6623327482503,2217.310218336,1298.68815081973,2219.87290768275,1553.6117365015,1886.1527186845,511.712067291,1432.3648560135,1430.584938784,1897.73554015275,1753.592225714,1334.7487146555,526.8768999492399,2101.176599807,2427.53758136675,2244.7167183475,1175.3972704272298,367.40346816625,616.40620842774,1100.91453527825,102.65418014374,2075.20096186575,1428.93566480725,2207.9980418445,1600.83888401375,2293.350494461,2036.46189755625,1693.19045957425,1783.5780367465,1247.0465476025,1747.725240732,1185.82488242825,2090.29530619775,1687.998438841,2038.16476478175,2083.9245446775,2192.217393243,2055.90894574325,1630.19524622325,1476.72251224775,1627.156897376,516.7541822705,1841.104874612,1751.17617992325,1427.36421754825,2162.7429705435,1722.32002136875,1860.47440676675,1681.80414668475,712.3329600972299,534.17816454199,1001.74442582748,915.52438395223,1624.3076006555,2172.0473798975,1760.0784068975,2128.6259744175,1446.28434312725,1433.200289323,1291.94759277625,1600.0163441525,1081.66663649675,1529.59683475075,1228.64006593323,1989.23739087075,1249.4742440995,1872.961944411,366.09629620726,1041.6343437935,639.42454915498,1803.93213125075,1945.4178419225,1842.75259516125,451.05596778724,456.18938702148,483.16158598624,1345.5475212645,1322.87229538975,1433.86655437775,1514.8325937625,1398.90791123225,1501.65937321975,2104.67196702475,1431.85331233775,1195.54211824723,1217.75535478348,1091.54170054973,1255.33268523025,1326.424518054,1333.6513734695,1607.56615714525,1746.993887065,1649.386444901,1709.8063861425,50.0,185.23849951976,2083.64632581225,1974.83214697775,1144.28584582823,986.13558630748,1018.10069388225,866.80920823773,1620.75382456375,1494.5808701305,1713.11363329,644.0755110899801,328.58797522375,1175.52208522,827.05389165773,1676.50726959525,1808.7280279715,1794.46088378325,1313.1374312755,1260.70669310198,1285.35042230473,1459.7853368725,1585.35338663725,1407.21191327625,1351.0652957445,1085.241849888,1202.59763060948,1362.731846955,398.86173584374,574.1159280750101,903.6694765505,434.96020331051005,790.96761548998,1877.431466014,2013.68305806725,1585.1338873315,1503.5304766435,558.02079118299,863.13752699873,762.56155944675,857.8167271257299,736.6677125702299,682.14473746148,934.4876140375,1019.04619063698,1069.05249451125,1789.3754281765,1882.002892461,1634.00114359825,2258.1377105765,2337.057730601,2352.5774033825,1013.905352233,674.4237367582299,1031.33154658525,1066.0821857885,2641.10636695,2483.569555949,2502.98693367075,2091.29913104825,2186.81659185375,2138.64107685275,2277.5779236825,1994.18971774075,2265.68876631125,595.21431319048,823.36310326048,1529.11527222575,911.57098552925,1357.360716031,826.31818839373,1020.86307944098,1261.3144685045
42,2155.19968194625,1541.56941117875,1221.22276030623,723.8192329395,387.95321997098,683.87424286175,2105.099936301,2534.22014698575,1521.250424136,823.43005598573,799.6643985705,1894.50627506575,1382.92034608775,1672.60505971525,71.28459453537,2170.28408434225,1645.79290106525,1310.44953567225,1115.12133191498,458.53001080025,236.43840116164003,575.43051920374,664.37725508748,1649.06659417875,2129.18365489,763.3035571989799,2390.577036202,2293.566110198,2187.782668416,1294.60737134175,2109.77684047525,1443.51551395125,1776.05649613425,661.88081631675,1322.26863346325,1426.50424008425,1890.95172226025,1724.064675794,1330.66801595575,677.04561169273,2005.2086450265,2423.456882667,2201.20101981825,1134.61024186625,558.5392445042601,766.5749201712299,916.336435071,91.94779004357,2063.52695420325,1271.50697236025,2097.901974637,1490.74281680625,2183.25427191075,1940.8445513625,1597.22250479375,1673.48181419625,1242.96577433823,1651.7572859515,1181.74402838575,2060.76775627775,1662.6542691785,1975.0765011235,2054.3969947575,2096.2494384625,2026.38139582325,1520.099023673,1366.6262896975,1609.21527577925,666.92293129625,1745.1369198315,1641.079957373,1423.28336350575,2133.2154206235,1692.79247144875,1845.301614346,1571.7079241345,778.4122676285,499.78322295398,817.1663256202299,730.94628374498,1594.7800507355,2142.5198299775,1758.61057325275,2085.11027588825,1350.31638834675,1266.5165865165,1125.26388996975,1433.332641346,1047.27165762648,1362.91313194425,1178.22637259023,1985.15653682825,1082.790541293,1762.8658772035,349.82465266898004,874.950640987,805.97861532975,1836.7369471675,1941.33698788,1838.67174111875,601.22467953073,647.3251633594899,674.29736232425,1363.000279227,1288.47731651948,1432.398720733,1475.684045964,1394.8272125325,1497.57851917725,2022.81068737175,1402.32576241775,1085.44589569698,1088.61908205123,981.44547799948,1145.23646268,1216.32829550375,1223.55515091925,1603.48530310275,1742.91318836525,1645.30574620125,1705.7255321,185.70528584238,50.0,2054.11877589225,1945.30459705775,1109.89086074425,951.74068200173,983.70571501198,832.41422315375,1616.673125864,1490.50017143075,1709.03293459025,509.20413937048,144.00986258908,1008.8383824135,660.37018885123,1646.97971967525,1698.63180542125,1627.77718097675,1217.169476495,1233.29195992473,1260.650533591,1425.390277224,1418.66968383075,1240.52813590523,1184.38167371623,918.5581470815,1018.01953040223,1240.14443931273,214.28361699536,389.53782786776,719.09137634325,250.38210310326,606.38947178676,1856.43083498425,1917.71510328675,1522.468932667,1336.846773837,589.14786811748,727.39328436698,577.9834592395,673.2386269184799,552.08961236298,497.56659375826007,824.39139148725,908.95004265125,958.956271961,1759.8478782565,1852.475342541,1632.53346529625,2254.056856534,2332.9768765585,2348.49670468275,829.32725202575,489.84563655098,923.68399180325,881.50408558125,2531.0102997425,2373.47333339875,2392.8907111205,1981.202908498,2076.72052464625,2028.5448543025,2167.4817011322502,1884.0934951905,2236.16121639125,592.8371403694899,819.2822492179799,1525.03441818325,907.49013148675,1353.2798619885,822.23733435123,1016.78222539848,1257.23369524023
45,327.51490478901,564.505611564,1096.93861837023,2733.6449751815,2278.76210146575,2650.6180035325,502.05204109999,892.5869395154799,901.77289691575,1549.65935091325,2072.40603510775,470.57470354651,778.95550122525,666.2666889557299,2038.02837384725,113.5755583962,775.57866052575,762.466955712,1148.49951792198,1598.1969698645,1889.587346887,1890.44437283875,1395.64695622425,469.21436708476006,701.6991274887299,2627.287697281,727.3342541219799,625.727432081,271.66161786523,1387.1837278615,248.65346762239,847.4701232619799,402.83703138076,2472.6654269555,807.68396803925,1113.21481034423,594.36307220274,424.98028911499,1104.56136167725,2487.830296896,206.88652456699,825.2770812832299,159.05266419663,929.71253324525,2077.78369042725,2577.3596053745,2870.2496613055,2052.97545325225,596.83352523825,1351.5599070605,370.08316788601,654.8058861107501,436.08632640123,400.03966263473,502.21060876548,481.850841144,1097.37684026798,406.72813736099,1193.51147781923,221.17409322001,457.02171347598,532.13105778249,153.95265608105998,166.36311265276,317.89794582201,575.09373612174,895.46109107598,525.13609181048,2468.895258413,354.69600247026005,575.5837244375,1204.58182355523,151.66786248664,364.83340314573,517.9222851859801,668.885376257,2673.2862389835,1553.18034968475,2783.9101608555,2697.6899636375,553.53196979673,357.94849440524,594.83764430399,79.4132021872,800.08328340273,1186.67748421848,1235.24213280823,1027.34755185423,1008.01499127398,1019.73109682173,1078.38246085448,723.94063640548,1409.18352345925,799.94984398048,1815.03354553675,1516.02609211075,1988.79217854925,626.87630977774,663.64147104525,742.66130189348,2286.05823974775,2166.569683847,2128.3090752075,961.001203922,952.09276323775,835.070428836,788.58302349925,913.58291026273,878.43738978898,437.71354170748,703.03756062273,1042.3172305225,1185.291280082,1143.7044724795,977.15646467198,906.67994448098,1026.09191640598,770.2101704285,793.761063385,781.79656478,723.81884768948,2084.7143072185,2062.175627621,50.0,117.71337973198,1101.14576606848,1131.81663862848,1160.04024150498,1294.9890484785,1037.12955938625,1023.6201771325,917.61110311298,2519.02980083425,2153.83546191575,1320.24327468875,1683.459945057,455.75648405949,656.6532220937501,1026.0938550835,921.22173465123,859.12478764525,935.4265056185,770.04255560125,1289.3768256065,1154.3777621465,1285.79206174298,1628.0836722225,1678.62117373725,1453.883244429,2122.47579960225,2356.28155125625,2508.45189161575,2217.12582649175,2552.62484532025,213.08694965501,260.28832891189,939.98783478675,1065.956358161,1584.92464064725,2737.218790488,2001.72725865625,2368.6594169190003,2341.45004685725,2169.087479139,1261.81118005448,1155.49491263998,1258.83636639198,358.81817768426004,291.51356382325,635.08924368798,622.23323304073,773.7376935955,717.7775681419799,2796.0710126965,2456.5893164435,2890.427752474,2835.4174671585,791.71077520598,697.86930733023,645.224189948,494.8974573455,483.96897682251006,257.008366165,576.06019793401,350.99562631848,254.67620545925,1692.13506093075,1797.80634524725,1542.1959084895,1410.0899484055,1522.0336622815,1502.407969932,1445.43648239775,1293.3616778295
46,437.32669476401,456.3369191380101,1003.78640627623,2625.4760901305,2185.60988937175,2542.449429167,411.87743883799,844.23324638023,808.62068482175,1441.49077654775,1979.25382301375,382.6900087622601,670.7868522952299,573.11447686173,1929.859644139,231.00937088786,678.67577851123,654.2983067819799,1055.34730582798,1490.02824015625,1781.4187725215,1782.27579847325,1287.47830729423,376.06215499076006,653.34543435348,2519.11896757275,813.296346254,711.6895304267299,253.28652785888,1294.0315157675,358.46523895626007,739.30146811825,305.93413072511,2379.5132148615,699.51531910923,1020.06259825023,499.85821000626,331.82807702098995,1011.40914958325,2394.678084802,292.84863534014005,776.92338814798,289.22400431326,821.543803537,1984.63147833325,2484.2073932805,2762.08108694,1944.80687888675,533.0651710205,1243.391332695,456.045303514,546.6371936847601,540.1277918669899,321.59677476,405.30772053725,384.9479156335101,1004.22462817398,309.8252118505,1100.35926572523,153.80657797267,348.85305833225,444.2464002805,110.90225879774,271.96474749387,251.32598429339,478.19084789351007,787.29243593225,416.96743666675,2375.743046319,257.79310181461,478.68084242298,1111.42961146123,189.72075922826,256.664748002,424.77007309198,571.98249424248,2580.13418223225,1445.0116199765,2675.7412758045,2589.521389272,445.36327737074,288.53674934613,501.68543220999,178.53965411151,691.914628259,1078.50882907475,1127.07340309998,919.17882214598,899.84633613025,911.562441678,985.23024876048,636.05594162123,1301.014793751,703.04695575225,1706.86497117125,1407.8573624025,1895.63996645525,533.72409768374,599.86010531876,649.50904630351,2192.9060276537502,2073.417471753,2035.1568631135,867.8489918280001,893.71503856598,741.918216742,695.43081140525,820.4306981687299,785.28509691675,373.94522477199,594.8689427612601,934.14850081425,1077.12263115198,1035.53582354948,868.9878095282501,798.51121477273,917.92326126225,677.0579583345,700.6088512910001,688.644352686,630.66667287774,1976.54557751025,1954.0070532555,117.72522306324,50.0,992.97711092475,1023.64798348475,1051.87158636125,1186.82039954848,943.97734729225,930.4679650385,824.4588910189799,2410.861071126,2045.66688755025,1212.0745449805,1575.29121534875,375.46447686699,559.75034007923,929.19097306898,813.0530049429799,750.9561387152299,827.2578566884799,661.87390667123,1181.20817667648,1046.20911321648,1177.62340659925,1519.91494251425,1570.45259937175,1345.71451472075,2014.307069894,2248.11297689075,2400.2831619075,2108.95725212625,2444.456115612,116.18404899936,209.98778722799,831.81918585673,957.78770923098,1476.75606628175,2629.0502161225,1893.558528948,2260.49068721075,2233.281317149,2060.9189047735,1153.64245034623,1047.32625749625,1150.66771124825,265.66596559026,198.36133308812,541.93703159398,573.87949640951,725.38400046025,669.42387500673,2687.902438331,2348.420742078,2782.2591781085,2727.248892793,915.33626388198,821.49479600623,753.3380836655,538.58034195601,569.9311124505,342.97050179299,662.022333562,307.83379857373,292.66648043149,1598.98284883675,1704.6539778105,1449.0436963955,1316.9377363115,1428.8814501875,1409.255757838,1352.28427030375,1200.2094657355
50,1243.97550221323,606.67231365225,293.06064091163,1780.043367813,1299.51348685048,1742.83116739325,1089.20013850075,1443.91707496,549.48917472798,711.26831545325,1160.263077573,869.47651781975,618.61747519173,590.20004184549,1130.241537708,1231.19048320273,863.250846428,337.67082853398995,236.60166639189,710.79506687223,981.80059152598,1042.2130763154798,532.35083049148,597.85226299275,1065.87131111223,1760.5925914,1553.4383739925,1456.4274479885,1124.10068345775,725.56505554223,1183.69948292275,679.212562277,891.90179720975,1493.41688690475,507.87277122475,542.48127181175,808.54674167275,672.85042538623,446.64501040099,1508.58175684525,1069.4170839455,1333.15381064125,1262.10749324325,172.69585869523002,1098.53523115473,1598.11106532375,2003.55471076725,1112.59654619923,981.12197361575,754.5255236465,1242.94107484098,627.80824821725,1328.29344667925,889.6303009547299,701.0136744975,812.5990934274799,382.99390267723,715.96580564873,454.39451339201,997.08569675498,686.6606257685,942.4740955005,1033.90208384773,1199.45496599875,962.69933630048,737.5570498139799,602.32341880148,625.81904702124,1489.64671836225,809.3453587505,858.53798351398,614.17781667899,1180.133900782,739.71087704273,762.8966337585,789.16595027548,1694.0378542755,612.80132457124,1876.12332471625,1789.903282841,553.31778942674,1078.83777045473,676.20559266525,1146.01683009148,454.10752076824,595.09943412,544.7808105400001,744.7246388635,110.03726065606,618.52659968298,134.80789245814,1004.97539968473,572.5303073435,980.32382256625,874.65463848373,674.90390119848,1076.64937635725,754.33196658,884.4443385887299,858.49060397523,1306.809699697,1187.32114379625,1149.06061593498,280.59519922014005,206.07229243601,349.9937401455,393.27899081198,405.49432446226007,458.10293629824,1007.0941940165,430.51546198299,321.14301858725,424.42816369923,311.17914197724,371.8796695075,452.02538111176005,459.25223652726,565.82051337823,762.7319704435,665.1245282795,668.0607423754799,1144.33531938725,1109.0539547854798,1101.03718148623,992.2229218735,50.0,234.41564593163,127.21327240258,285.91116482676,757.13388376175,574.18008463076,777.31454119248,1601.5598297165,1236.36564614075,486.56029273123,845.068909597,650.79381162424,916.08990612675,905.77134473623,320.96059027536,250.81061918599,168.55043799211998,342.98533391876003,765.7399528899799,514.1209300329899,685.70721274723,880.7344430332299,991.059404676,765.0969084695,1214.688963463,1448.49487045975,1641.75678573475,1309.33914569525,1685.92973943925,894.8223962525,981.92362298398,710.7347938852299,648.2386532940101,551.45394982998,1819.748974713,1135.03223355348,1595.9041108745,1474.755096319,1302.39252860075,398.51497354348,292.19874341124,392.155315923,708.6336278487299,774.9430787709799,550.12841014423,1163.8139021525,1266.81655336675,1258.193632657,1888.28417655725,1548.802635647,1982.64091633475,1968.72251662025,1676.049474511,1536.33467118925,1537.93004123175,1144.0642462885,1239.581707094,1117.320749134,1330.34303892275,1006.5927476195,1283.07962198523,712.8866016582299,913.00146234948,932.44524833873,473.1036835165101,879.6618759090001,608.72788969848,663.166277573,590.14726259275
52,1323.668116298,685.470389618,429.47470284025,1658.56968691,1213.69236515723,1599.0712388615,1182.56050987975,1559.2065609855,764.0641898675,523.01779457551,1118.74011584075,971.96677407998,658.75252401725,705.4894098105,986.48160917625,1261.73273196573,903.36081050625,387.91019002923,285.12559654001,546.65024247576,838.0406629942299,853.96251815548,344.10027233148,726.5271677575,1181.1607163595,1572.34203324,1633.13091351275,1536.11998750875,1265.24332277298,774.0890043314799,1263.392022443,719.34761731623,971.59441750823,1451.8939251725,547.98269802074,710.2027449664799,923.8360723555,801.5253301509799,614.3664773420101,1467.058795113,1149.10962346575,1448.443141324,1292.64974200625,223.33031272711,1057.01218864425,1556.5881035915,1815.30415260725,954.99122904548,1096.41138507673,694.2401092265001,1322.63368892575,667.91813773098,1407.98614154225,1018.30520571948,741.12356401123,894.0521323334799,512.05126129248,795.65834516898,502.91846218126005,1138.2283298565,735.9315432779799,1052.53707470225,1131.85756833625,1240.15049767998,1103.84189483748,777.666933114,642.45843034474,675.08992103475,1448.12360128725,889.03789827075,898.647866814,725.7261459739799,1210.67607498048,770.25312580573,878.18596444125,829.27591435373,1652.5147372005,455.19600741749,1732.3633961845,1646.14335430925,672.24062431425,1219.98040355625,791.4950041262299,1176.55899807625,494.21744756423,635.2344456632601,471.32617720649,784.8596131245,129.59964772808,658.6616485085,306.23978312001003,1219.55041482425,500.9707374995,1020.43371207998,717.04932132998,538.15365891773,1035.12634006048,869.62129726275,999.733743836,1073.06561911475,1265.28673796475,1145.79810749948,1107.5375734245,495.17020193224,420.64727650698,564.56876149873,560.53738101525,620.06930853323,672.6779141555,1100.2712609505,479.7863359965,361.2780301305101,398.21687080623,247.46896051251,412.01472454673,492.16039886873,499.3872542842301,780.39552851775,977.30699179673,879.6995496327299,882.635757515,986.7300022335,951.44863763173,1131.579349471,1022.7651706365,232.79705525486,50.0,128.17084860955,197.00476213463003,863.25348725475,713.74984131998,991.889556332,1443.95451256275,1078.76025442248,364.7394953465,656.818351437,724.440293254,956.19979564048,945.90631899723,361.0704922165101,308.63975404299003,331.47401361148,510.24373033574,805.8750017155,554.25594157625,615.63477633124,743.98420075248,854.30916239525,693.5373386255,1070.92903493125,1304.734941928,1453.50622757475,1165.5791425989798,1497.67918127925,925.36457045098,1061.61616250423,750.86976814623,688.37367105098,486.94041644048,1662.14365755925,946.78167539348,1407.6535527145,1286.504538159,1114.14197044075,210.26443402461,174.97346924089,285.30012722649,837.30853261348,929.93591611975,680.5071887555,1279.10323283525,1382.1058840495,1373.48296333975,1744.5242480255,1405.04270711525,1838.880987803,1780.47195846025,1755.74201403125,1616.0272107095,1617.622580752,1223.75678580875,1319.27424661425,1197.01328865425,1410.035578443,1086.28528713975,1313.62178997,671.36355914775,871.47850061723,1011.30375263423,405.29510049224,928.18582469825,567.20488447026,698.2056989485,667.753238295
53,1320.9387441805,683.63556183323,318.75631393512,1668.18804396175,1187.65816299923,1616.76990439725,1188.90012828548,1543.61713930925,649.189158299,601.43924515074,1048.40775372175,969.17642682625,695.0503024459799,689.8999881342501,1004.18020014748,1289.42506263723,939.65858893498,414.63407050126006,174.40720763488002,584.733723098,855.73917318723,889.8154695127299,379.95326097099,697.5522527774799,1165.57129468325,1648.7747051515,1630.40154139525,1533.39061539125,1223.80067324248,663.37063406748,1260.66273110373,755.64547030948,968.86504539073,1381.5615630535,584.28051373173,599.48429392425,908.24673145748,772.55040895725,503.64806979575,1396.726432994,1146.38033212648,1432.85371964775,1320.34207267775,249.6591006625,986.67990730348,1486.2557414725,1891.73682451875,986.535202425,1080.82196340048,772.6614790235,1319.90431680825,704.21599072423,1405.25676942475,989.33020996123,777.42141700448,930.3499045485,401.33289102848,792.929047616,392.200054635,1096.785680326,763.62387394948,1042.17408528523,1159.54997978598,1237.42112556248,1062.3993198715,813.96478610725,678.7562460557299,702.78225170625,1377.791394511,886.30860693148,934.94571980725,615.00769493175,1238.3684802165,797.94545647723,862.59662354323,865.57368656875,1582.18253042425,486.73994351475,1750.0619063775,1663.84186450225,653.0177357155001,1178.53775402575,775.90558244998,1204.25140952598,530.51525706151,671.53226137425,565.43965023749,821.15746611775,165.91153127851,694.95942693723,195.52137557375,1104.67538325575,579.39218807473,1056.73156507323,748.5932947095,616.57510327925,964.794052506,854.0319563647299,984.14432215975,958.19058754625,1194.95445662398,1075.465819945,1037.20529208373,380.29517036374,305.77226357961,449.69372993023,492.978974383,505.19427696473,557.802882587,1106.79418380123,507.47870395026007,397.5758458415,472.55870386725,331.60492405376004,448.31253404401,528.45820836601,535.68506378151,665.5204969492501,862.43196022823,764.8245180642299,767.7607259465,1018.27398182673,982.99261101125,1159.27176092073,1050.457501308,127.18585751406,127.96229786082002,50.0,159.84979619769,752.5350424262299,603.03147105598,877.0145247635,1475.4985667205,1110.304227802,443.16094592173,735.2398020122299,750.493757913,992.49764863373,982.20417199048,397.3683079275,327.77386115326004,268.25042156314004,442.68532370349,842.1727801442299,590.5537572872399,694.05626418873,822.405645114,932.73061297048,771.9587892007299,1088.6276259024798,1322.433452121,1529.93889948625,1183.2777273565,1574.11185319075,953.05690112248,1058.88686495125,787.1676211394799,724.67152404423,425.39260605575,1693.687711717,1023.21434730498,1484.086224626,1362.9372100705,1190.57464235225,288.685859745,290.76836601037,363.72157158801,808.3335368552299,874.643062342,649.82835643299,1263.513811159,1366.51646237325,1357.8935416635,1762.2227582185,1422.74121730825,1856.57965333875,1856.904475029,1753.0127972565,1613.297838592,1614.8932086345,1221.02749446948,1316.5450298395,1194.2839973149798,1407.30636166825,1083.55599580048,1341.3141206415,601.03127780698,801.1461384982299,900.5853015920001,334.9627756555,817.46745443425,496.87256584723,600.97181881599,557.03483074874
54,1486.58553413075,848.38773288623,478.17966321551006,1539.40486530025,1094.52754354748,1466.06102862975,1348.323496207,1703.04043266625,808.6125324342299,489.73394511373,964.8285385965,1128.59980096148,821.66994185,849.32336226948,853.4713243799799,1424.65006902025,1066.278228339,549.54354469048,333.83056312898003,434.0248846127601,705.03037198425,770.3505257099799,260.48825503114,856.975620699,1324.99458804025,1529.30976134875,1796.0483313455,1699.0374053415,1383.224041164,822.4878214287501,1426.30944027575,882.2650351489799,1134.51183534098,1297.98234792825,710.90007857123,758.90766805948,1067.67002481448,931.97370231425,663.07144393098,1313.14721786875,1312.0270412985,1592.27701300475,1455.567159839,386.24771191873,903.1006114,1402.67652634725,1772.271880716,835.8263266575,1240.245331322,810.40907133798,1485.5511067585,830.8355555637299,1570.90340403225,1148.75357788275,904.04098184398,1056.969469388,560.75622166774,958.57576300173,551.62338527426,1256.20905446123,898.84896111073,1201.5973786422298,1294.774986169,1403.0678347345,1221.82269400673,940.58435094675,805.37581089523,838.0073388675,1294.212024043,1051.9553161035,1061.56528464675,774.43106906698,1373.59356737775,933.17046286025,1022.01991690023,992.19333218648,1498.60315995625,336.03110502951006,1599.35303061,1513.13298873475,812.44110985073,1337.96104738275,935.3289503715,1339.476415909,657.13486539698,779.61066238023,638.70546756523,947.77703095725,292.51705934712,821.5789917767299,354.94474970898,1264.09875739098,617.1397741755001,1183.35112991273,597.88445622426,541.85501062198,881.21476281623,1013.45532428625,1143.56769629498,1117.61396168148,1111.3751607205,991.88653025523,953.62599618025,539.71853828526,465.19561286,609.1170605694899,652.4023485182299,664.61764488625,717.2262567222299,1266.21755172275,642.70375382925,524.19544796326,550.17201796101,432.52027823223,574.9320988835101,655.07781670148,662.30467211698,824.94387108448,1021.85532814975,924.24788598575,927.18410008173,867.56510605923,832.28381602198,1294.49676730375,1185.68251390473,286.60921922187,196.98604644011,160.42404863476,50.0,911.95841034775,762.4548389775,1036.43789889873,1324.789690953,959.59543281273,480.9085320225,623.53445847925,887.35763652223,1119.11721347323,1108.82373682998,523.98791004926,462.68333534248,427.67377705724,602.10865434275,931.763834259,717.173359409,731.8038502895,714.6360717087299,824.9610333515,809.7063753015,937.9188246995,1171.7245763535,1410.4739556835,1032.568851589,1454.646909388,1088.28198828373,1224.53358033698,913.78718597898,851.2910888837299,367.77555133476005,1542.9788359495,903.749322724,1364.6211254805,1243.472110925,1071.10962398498,235.92608077214,360.02480560174,401.46916390249,967.75690477675,1034.066355699,809.25168707225,1422.93725985875,1525.939911073,1517.31699036325,1611.51403779375,1272.03242231898,1705.87077757125,1737.43953122625,1918.659431864,1778.94462854225,1780.53999858475,1386.6742036415,1482.191664447,1359.930706487,1572.95299627575,1249.2027049725,1476.53920780275,517.4519819035,717.56684259475,1060.00867572723,251.38350460686,934.03230443725,413.29330722601,544.29412170425,716.458161388
55,1357.228985379,940.8753079175,466.709272616,2110.94657138275,1630.416609642,2302.43757930775,746.67527777525,980.22060041573,219.19782275451,1417.3189786195,1244.48665442525,617.01573609648,1007.12441128823,451.89058710073,1689.8479496225,1074.65827376598,1219.11475918873,758.9222702779799,604.71002403425,1270.40147878673,1541.40692266225,1594.850576344,1131.6691375805,681.51738265875,575.1841456022399,2353.809892761,1733.1985188085,1631.59177754575,922.330801108,391.70548060126,1278.36745500673,1098.79838177323,1171.88963113223,1736.8503161755,933.63828065873,179.18207716099,513.9619336215101,697.362187816,272.75800213989004,1839.48480507225,1212.750907314,869.4572553187501,1144.96601095225,774.4535129875001,1429.4381986035,1929.01411355075,2596.77201212825,1620.28406808775,635.0632206705,1436.69752065375,1375.9474760685,983.67216097798,1460.03000170375,667.7758437719799,1000.919319704,1109.6458852275,402.62681535775,1005.04273766,450.69460326848,845.46682315798,909.105540744,598.02706086876,912.96371406123,1191.8669386895,768.77806561625,1100.40656448575,1091.69564521498,885.7673927904799,1699.83415830625,1085.4018529205,1214.401890061,195.80741749989,990.515705051,891.988633807,520.75348136925,1145.0298568225,2024.9409025025,1172.40769920348,2435.729581288,2349.50953941275,724.41474247848,853.10712019575,523.50642830249,1098.44187016198,861.74456855948,1277.27151190548,1222.996693733,1223.58210599323,849.4232476577299,1215.96565096073,569.2590251494801,447.77780701625,1276.711109828,1336.18765454875,1326.3881678505,1379.0847782475,1160.8729532095,424.60420431724,468.00983940126,359.06936691101004,1488.6666609525,1380.85863710975,1338.0363886165,465.53926830526007,558.22747160501,410.11426134323,476.15698876373,347.81886708098,316.26140995076,691.55998076075,799.90952943,1003.31509637273,1117.31508223048,1004.06602322623,943.05111925223,1000.19122823475,1075.75304868975,375.45111739049,240.48768334363,261.88003286549,344.87652005323,1638.014112859,1635.273866749,1037.6274329,945.38234790148,759.5200291799799,862.984278269,752.86778659673,911.56570387575,50.0,174.43864900748,134.0675040568,2027.7022752265,1778.62337973525,1190.74109521573,1551.1194174205,805.1840371635,1271.95373810925,1374.804464114,879.28237357075,719.625289375,599.64309149701,604.49868332973,1447.91202446175,1196.2930451007298,1370.929594558,1584.9151647395,1695.2402071605,1469.277710954,1774.2953753775,2008.1011270315,2234.97408709575,1868.945402267,2279.14704080025,1035.70437043323,1173.17478170298,1179.76783869848,1262.1909123,1080.69815522873,2238.9727648235003,1728.24945413625,2189.12125689275,2067.97224233725,1895.609674619,1113.16416860773,1006.84797575775,1102.38602258448,724.0591629237299,747.17540686573,520.7962006255,700.05730996398,778.9773299884799,794.4970773345,2447.89058847175,2108.40889221875,2414.95823615725,2561.9396626385,1835.238511001,1741.39704312525,1673.24025622,1427.6977384325,1489.833285005,1262.87271162975,1581.9245061165,1271.02074955275,1077.42819034123,1043.78964988523,954.02235631373,531.7680963402601,770.30601690525,511.6058936282301,796.94877739323,672.724206295,369.96825774698
56,1343.6840296355,868.1562597875001,317.56205751425,1987.22042060475,1506.690458864,2178.7115838725,789.720909143,1080.62832555575,152.80909732008,1233.85569876448,1233.6497888425,613.78852774749,914.06959909848,428.33926539824,1566.1217988445,1090.07852718748,1146.39578562325,665.86753265275,455.5628089325,1146.67540257325,1417.680927227,1471.12458090875,982.52192247875,615.12866965174,675.59183346,2230.083741983,1719.65371840775,1618.046977145,943.044824764,424.85131735023,1264.82265460598,1005.743644148,1105.50087462925,1700.5939396965,840.5835430335001,157.50537584211,544.4697770722399,683.81738741525,164.86795732514005,1715.758809637,1199.20603234873,969.86490589425,1160.38626437375,658.56890888675,1305.71220316825,1805.2881181155,2473.04586135025,1496.55791730975,678.10885203825,1253.23431536325,1362.40267566775,910.95311284798,1446.485201303,683.1960971934799,930.60195126723,1043.25713493823,261.62556279986,938.65398737073,315.11114038298,860.88707657948,842.7167904547299,641.0726922365101,928.38396748273,1178.32213828875,784.19839981598,1020.701908231,998.64090758975,819.3786362875001,1688.9972927235,1011.42787149148,1141.682841931,229.18556622463,1005.9359584725,847.573656098,507.20864368624,1072.31088947073,1901.2147517245,1048.68162299,2312.00358585275,2225.7835439775,658.0259859755,873.82122462998,509.96159061948,1084.89706976123,768.6897563697299,1093.80830661498,1039.53341387798,1130.52729380348,665.959961589,1117.23546596425,420.11181004773,528.07455526948,1093.2479045375,1263.46868719698,1202.66217241525,1195.62141761425,1150.03601306223,411.05936663423,511.04801431701,385.07991968875,1477.829640027,1370.02161618425,1327.19952303375,316.39203456238005,397.295296835,309.51118958823,383.10221385624,198.67162712439003,249.87269694375,751.4062412265,706.85479801848,819.851810304,933.85179616175,820.6027371575,870.5885420024799,907.13649682323,957.96107173998,309.06242302461,275.76794811873003,248.33519518248,331.33171965248,1514.28811742375,1511.54787131375,1024.08263249925,931.8374667225,576.0567431112501,713.83706316725,603.72057149498,762.418488774,173.70802855826,50.0,226.93915471688,1903.9761244485,1654.89722895725,1007.27788992523,1367.65621213,738.79536143875,1199.23477075748,1281.74965192425,786.22764215923,619.02218033774,499.04001974201,511.44390842224,1264.44881917125,1012.829759032,1187.4663892675,1401.451959449,1511.77700187,1285.8145056635,1650.5692245995,1884.37513159625,2111.24793631775,1745.21940683175,2155.42089002225,1002.68510074325,1138.93591608275,1086.71310107325,1146.94748850673,956.97207901525,2115.24676938825,1604.523458701,2065.3952614575,1944.246246902,1771.88367918375,874.56065611998,823.38469590273,918.92273651575,710.5143625229799,733.6306064649799,454.40748761849,800.465035104,879.38498056398,894.90480868823,2324.16443769375,1984.6828967835,2291.23208537925,2438.2135118605,1821.6935552575,1727.8522427245,1659.69545581925,1361.30906270775,1456.82652351325,1249.327911229,1547.587855342,1240.19057610948,1098.14228856175,920.06357367175,943.18540995275,566.7996387314801,646.57994690548,546.637467088,686.82202688575,567.0361449615,328.89698923576003
57,1237.395723916,844.3651323749799,535.70689254474,2205.3652929175,1724.83533117675,2396.8563008425,634.9071384890101,868.4524984117501,238.79757286476,1436.996244762,1366.70287367325,505.24759681024,929.90151080748,361.43488902575,1784.26667115725,962.890171762,1119.445837954,684.647073043,673.70768124525,1364.820274886,1635.825644197,1689.2694532215,1266.67721092,573.73285285351,463.416006316,2486.32052070875,1613.36541268825,1511.75851608275,810.5626245395,513.92174334523,1158.53426810825,1024.52318453825,1072.05402712675,1859.0665354235,859.36308342375,301.39829640899,402.19383783124,577.5290071312301,394.97424624273,1933.903526607,1092.917645851,757.68907875025,1033.1979151619798,794.13070456548,1523.857075481,2023.43299042825,2729.282640076,1714.7027896225,523.29508138426,1456.37478679625,1256.11429538373,884.00323974325,1340.19674024075,556.00770448574,901.08372191223,1009.81028743573,479.77041647148,905.20713986823,533.25596919976,733.698721154,809.2699429522299,486.25892779623,801.19553749273,1072.03375800473,657.00996982598,1000.57096669398,1017.42044798,785.931788785,1822.05037755425,965.5685914575,1116.97014054725,318.02366160273,878.74760926073,772.155372344,400.9202571885101,1045.3609418014798,2119.35962403725,1266.82649530275,2530.1484581655,2443.92841629025,624.57917575526,741.3390244054799,433.05073022751,978.6086832635,787.4693713245,1296.94877804798,1242.67388531098,1149.30683419373,869.1004330220001,1141.69045372575,673.1034787259799,336.00971122598,1296.3883759705,1236.51881409225,1420.807044728,1398.76188904725,1283.0891724575,304.77096149537,356.24174361099,247.30125247961,1610.8828802005,1503.07485635775,1460.2526078645,543.96149559424,577.90466318299,429.79148398976,495.83421141026,396.20425013723,335.93863881100003,579.79188497048,699.25659265225,1022.992281737,1136.99226759475,1023.7432085905,932.11537490225,925.91603721348,1001.47785766848,267.38508788112,128.61312805993,171.42435343164,254.42085926051,1732.4329897365,1729.69258828375,917.79425221523,825.5490864384799,779.19721454425,993.47886800725,876.950834236,1035.64875772873,134.46004275863,226.38747668824,50.0,2122.12099676125,1873.04210127,1210.41836135823,1570.796683563,705.34851393625,1174.29782900725,1281.5500364905,805.0071825494799,739.30248095298,619.32032035725,559.00321601625,1467.58929060425,1215.970230465,1390.6068607005,1604.592430882,1714.917473303,1488.9549770965,1868.71409691225,2102.520003909,2367.4847150435,1963.3642791445,2411.657668748,915.87110897023,1053.34152023998,1105.4926414635,1187.91572127873,1175.11687676348,2333.39148635825,1860.760082084,2321.6318848405,2200.482870285,2028.12030256675,1132.8414347502298,1026.52516733573,1122.06320794875,604.22593874299,627.34221996725,420.96064011599,588.28920796,667.2092279845,682.7289815442299,2542.3093100065003,2202.82776909625,2509.376957692,2694.4501352435,1715.405249538,1621.56378166225,1553.40715009975,1327.86221520525,1370.000023542,1143.03945016675,1462.0912446535,1151.18756886798,965.66008833725,1138.2084459845,1076.23857556173,653.984278306,864.72473844,633.82211287623,904.96682463398,794.9404255430001,492.18447699498
59,2619.9545874245,2006.324316657,1634.902908262,225.91641533314,408.40518040773,658.58102562125,2569.85484177925,2947.900220377,1934.93049752725,1288.18496146398,864.9005864330001,2359.261180544,1847.675251566,2083.67211270875,530.57588422998,2635.0389898205,2110.5478065435,1775.2044411505,1528.80147987075,923.2849162785,701.1933314947299,1055.41410321048,1129.13216056573,2113.821499657,2542.863883624,738.0103399584799,2855.332097023,2758.321171019,2652.537729237,1708.287444733,2574.5317459535,1908.2704194295,2240.8114016125,485.69068401673,1787.0235389415,1840.1843134755,2307.33491484425,2188.81958127225,1744.348089347,450.03870268201007,2469.96355050475,2837.1368007155,2665.9559252965,1599.3651473445,709.74719924525,359.10354231601,821.97822264423,600.1800741015,2484.8001812145,1619.29608819775,2562.6568801152503,1955.4977222845,2648.009177389,2405.59945684075,2061.97756561475,2138.2367196745,1656.645922294,2116.51219142975,1595.424101777,2525.522661756,2127.40917465675,2447.76413947325,2519.15190023575,2561.00434394075,2491.1363013015,1984.85392915125,1831.38119517575,2073.9701812575,519.5211100512399,2209.89182530975,2105.83486285125,1836.96359223975,2597.97032610175,2157.547376927,2270.07378145825,2036.46282961275,280.50939409875,991.89219715875,613.14346387126,588.8523627110101,2059.53495621375,2607.274580113,2169.677781589,2549.8651813665,1815.071293825,1747.9231473955,1590.018795448,1954.66710460025,1547.49263023625,1827.6680374225,1670.335346795,2398.83676556225,1547.54544677125,2227.62078268175,858.05688701723,1339.70554646525,913.27377819023,2213.53150594225,2355.01706127125,2252.3519698527502,617.55885163274,690.6343740917299,739.5336309649799,1755.146895956,1780.58629072425,1843.4657737265,1954.46888725125,1808.50728592375,1911.25874791125,2487.56559285,1867.080667896,1550.20087573975,1553.37390675125,1446.20045804225,1609.99136815825,1681.083200982,1688.3100563975,2017.165376494,2156.5932617565,2058.9858195925,2119.40560549125,644.75781373024,506.81139499223,2518.8736813705,2410.059502536,1601.99991572725,1443.8496562065,1475.81468921675,1324.523122794,2030.35319925525,1904.180244822,2122.7130079815,50.0,365.16894348573,1473.59328789175,1125.12509432948,2111.7346251535,2163.3867108995,2047.7532960255,1681.92438197325,1698.0469399675,1725.40543906925,1904.17511851125,1834.010060534,1705.283115948,1650.795714329,1352.1887345125,1365.80872080425,1587.93362971475,562.07275147399,370.13979342524,801.27274283948,436.72494044648,602.21110599323,2321.1857404625,2382.470008765,2043.80339592125,1858.1810817485,1081.25684232225,229.49041083723,925.77265585523,854.86653218225,734.72965642123,845.35575309173,1289.1462969655,1373.7049481295,1423.71117743925,2224.60278373475,2317.23024801925,2067.801520655,2667.737085268,2746.6571052925,2762.176778074,522.3635344084801,464.55237581451,397.68439314149,721.48831497575,2995.765049878,2838.228238877,2857.6457719415,2445.9578139762502,2541.4754301245,2493.2997597807503,2632.2366066105,2348.84840066875,2700.9161218695,984.79109480623,1111.19690802173,1938.71464691725,1321.17036022075,1766.95993537975,1235.917482307,1430.46237335425,1670.913843196
61,2254.98844700575,1641.35817623825,1364.48892880025,580.19969697149,356.55491459498995,618.84244877599,2204.8887013605,2625.337835083,1664.51667340825,923.21897638798,817.168108955,1994.29504012525,1482.70926649,1734.45477562775,165.60983701688002,2270.07284940175,1745.5818214675,1410.2384560745,1284.255175139,558.3188939202399,336.2272656405,675.2194023237299,764.1660947115,1748.855514581,2272.44990416225,698.27171961725,2490.36595660425,2393.35503060025,2287.57158881825,1437.873620614,2209.56560553475,1543.3044343535,1875.8454165365,630.4824736585,1422.0575538655,1569.7704893565,1952.80143817275,1823.85359619625,1473.934265228,645.64726903448,2104.99756542875,2514.57457076425,2300.9899402205,1234.39908770398,662.01472176725,713.38680531323,851.30460370298,235.21403310211,2125.3768254585,1365.8321775595,2197.6907396965003,1590.53158186575,2283.043192313,2040.63347176475,1697.011425196,1773.2707345985,1386.23194283225,1751.54620635375,1325.010277658,2160.55652133725,1762.443034238,2074.865266183,2154.18591515975,2196.03835886475,2126.17016088275,1619.88794407525,1466.41521009975,1709.0041961815,635.524588638,1844.92584023375,1740.86887777525,1566.549612778,2233.00434102575,1792.581391851,1907.1513302585,1671.49684453675,634.7926943782301,626.92617480049,752.1344880385,665.91444616325,1694.56897113775,2242.308595037,1849.613307715,2184.8991962905,1450.105308749,1366.30550691875,1225.052810372,1533.12156174825,1182.52664516025,1462.7020523465,1305.369361719,2128.4227861005,1182.57946169525,1862.654642263,493.09085844526,974.73956138925,865.5413007122299,1898.58681842275,2028.69910965325,1981.937990391,569.8263741547399,642.9018531177601,691.80107270875,1490.14319379125,1415.6201503055,1559.54163529725,1589.5027468325,1538.09346180475,1667.65086873225,2122.59945243125,1502.11468282,1185.23481609923,1188.40792167525,1081.23439840173,1245.02538308225,1316.117215906,1323.3440713215,1775.3684830945,1886.1794376375,1788.57184013075,1877.60871209175,328.9715164735,141.84534777913,2153.9076962945,2045.09336211725,1237.03385608673,1078.88359656598,1110.84862957623,959.557137718,1759.9392197935,1633.766420703,1852.2991838625,365.5845599065,50.0,1108.62730281575,760.15910925348,1746.76848473475,1798.4207258235,1727.566101379,1316.95839689725,1333.08079954875,1360.43945399325,1539.20913343525,1518.458604233,1340.31697552925,1284.17051334025,1018.34706748375,1112.344810166,1334.4697190765,308.60885947687,324.50601514087,689.7879860115,185.35029037637,541.35764041874,1956.2197553865,2017.504023689,1622.25785306925,1436.6355388965,716.29078268173,583.7737049030001,672.3087452169799,767.56390668225,646.4148548444899,591.89184245348,924.18023732498,1008.73888848898,1058.74519236325,1859.63679865875,1952.26426294325,1702.835535579,2345.2346622755,2448.2373134897502,2439.61439278,729.7259111009799,424.81379896925,751.9677307032299,816.4722542132299,2630.799064802,2473.262253801,2492.6796315227502,2080.99182890025,2176.5092897057502,2128.33377470475,2267.2706215345,1983.88241559275,2335.9501367935,736.1033523594799,962.54849849023,1668.3006674555,1032.419722549,1496.54611126075,965.50358362348,1160.04847467073,1400.49986373425
64,1364.6341742715,758.4943010017299,744.3387674725,1687.74103590425,1377.87698836625,1369.7809902645,1390.687328245,1811.1364619675,981.68679985475,229.27401838648,1433.604180473,1180.09359244523,562.2665011655,920.25332794773,992.12451534823,1387.20904872975,855.2274741687299,596.0369648985101,599.9896611722601,581.93689494474,801.00073768423,570.05907759424,379.38691858675,934.65398612275,1395.9245537185,1278.59829433323,1600.01152852725,1503.00060252325,1440.2817439245,1088.95306896373,1319.2113328005,518.13253849125,985.4909884595,1651.80466549025,521.688800067,1065.8311519045,1138.59999049273,1009.652067738,929.230504692,1666.969380088,1212.5101260515,1700.373042306,1418.12598420575,420.19763381025,1371.8762532765,1756.4986885665,1521.560488265,1081.87161436223,1311.17529700025,327.75809697099,1307.33646696225,700.1773091315,1392.68891957875,1226.4319433065,814.14754995948,882.91646186425,826.9153259247299,868.68233111723,817.78248953125,1313.2666764435,879.57915900148,1260.66381850298,1320.2807122915,1303.5509194875,1278.880315989,729.53359677648,465.73286886773,826.14024016675,1656.84678046975,981.25028672725,850.51453047648,1040.590129828,1399.0991381575,958.67618898275,1092.94988257848,781.1425718025,1742.33407059325,624.83498798225,1564.266074353,1478.04603247775,880.3674426795,1395.01875014325,1035.41186003498,1302.03532105398,622.75285453948,296.95968801324,156.05445591598,454.51230669248,378.60697992126006,358.38520015775003,621.1038477522601,1437.1730248115,134.48875009883,876.35222405573,917.51758677748,191.03977451851,1349.9903239145,1084.38521539998,1214.49766197323,1200.17024479798,1580.150802597,1460.66224669625,1422.40163805675,712.79277463723,638.26988649423,782.19137148598,775.3012991524799,837.6919185204799,890.30052414275,1308.39807931575,687.91315436175,302.26060401424,195.81212127836,219.24264224474,362.05117099726,415.74838754298,319.59250531724,998.01806394048,1194.92960178398,1097.32207884175,1028.39028695675,1146.49683918898,1016.2718436865,1320.00249342625,1211.18824002723,484.68705179124,364.83941801701,443.03488217325,480.78993093973,1189.331434324,1006.37767868898,1209.51216631925,1473.125861557,1107.93160341673,50.0,363.074531752,930.68940923548,908.06645308925,658.22024519123,495.87542073498,518.8793891509899,546.237925535,725.007604977,449.11282260975,254.14347924611,249.15280135799,396.870279071,507.195321492,327.05536365225,1016.17141770548,1292.024798123,1159.76248866798,1152.8690733585,1203.935516937,1073.35579937175,1130.19843320173,561.6069531312601,358.02635840525,738.8924506575,1691.3150065535,653.037930273,1113.9097330295,992.760718474,820.3982315339799,245.35680863673,242.33871027037,119.48738150956,1045.4352702005,1107.18766698698,888.63400712075,1531.03313381725,1634.0357850315,1625.41286432175,1607.3398227585,1392.33256331025,1761.47291876425,1486.72813877525,1740.44479206775,1582.907825724,1602.3253587885,1190.63748160148,1286.1550169715,1237.97942740598,1376.91634880025,1093.5281428585,1502.04493392525,986.22762378,1186.34248447125,1326.16773648825,720.15912784223,1243.0498893305,882.06891182025,1013.06976358075,982.61730292725
66,1709.962039578,1133.76168520123,1036.08076591648,1340.417792974,1030.553745436,1008.16893593923,1750.85928071325,2171.30841443575,1341.858752323,164.22992736863003,1308.19644442625,1540.265619478,943.72313198873,1280.4253549805,644.80119163975,1753.6646154355,1200.555258697,956.20896086273,891.73162233398,350.52427291901006,453.67745125801,208.44699841413,393.3156082050101,1294.825938591,1756.0966615295,916.98623379425,1945.33939383375,1848.32846782975,1800.45369639275,1292.87126076775,1664.539198107,863.46040379775,1330.818853766,1304.48126721725,881.8608333134799,1316.808801829,1498.7720175255,1369.824175549,1220.97250313598,1319.64613715775,1557.837991358,2060.54499477425,1774.654838501,780.3696670567299,1201.13973890073,1409.17544563625,1159.9483531615,734.54829065375,1671.3472494685,603.05177746026,1652.66433226875,1045.505174438,1738.0166295425,1586.6040511175,1180.57826182523,1228.24425260623,1118.657318155,1242.73369226973,1109.52448797523,1673.4387842545,1239.75118603425,1620.83584553575,1680.45266475975,1648.878784794,1639.05226845725,1074.86138130475,811.06073417423,1186.31227341323,1309.52338219675,1326.57815203375,1195.84239578298,1332.33204749375,1759.2712459685,1318.848141451,1453.12190961125,1126.47036254448,1395.01067232025,453.95866513148,1202.65402002773,1116.43397815248,1240.53947592598,1755.19085795425,1395.58388706775,1668.49096232425,982.92488157225,607.3164019760101,466.06374892523,774.1325003014799,738.7789758854799,703.71306546425,912.84580891398,1797.34497727975,423.59043753074,1195.97249222925,739.69860496548,215.75049994248,1224.58266864598,1444.55724243275,1574.669689006,1560.34227183075,1243.82520499575,1289.92565154225,1240.93645121675,1072.96480167,998.441913527,1142.36339851875,1135.47332618525,1197.86394555325,1250.47255738923,1668.570031784,1048.08518760823,662.43267454298,536.12647331249,579.41466927751,722.2231669614799,775.92041457575,659.9068759925,1358.19009097325,1555.10162881675,1457.49418665275,1388.562239425,828.30579887998,668.9485261917299,1680.1744458945,1571.36026706,844.85904154175,656.5813791787299,734.77688061723,623.17278327499,1549.503542135,1366.54970572175,1569.6841187875,1125.80261862675,760.6083604864799,362.7989909957601,50.0,1290.86143626825,1253.39424383123,968.576959154,856.04744776775,879.0513789015,906.40995878148,1085.17963822348,759.4695427862299,581.327988647,525.18148917574,286.11921226498004,424.78758332676006,590.66137253073,654.5593571665,930.4126630195,798.150428129,791.256938255,842.3233818335,1439.8113660775,1475.52621773,863.2688661870001,677.64655201425,561.8874648555,1343.99176362325,291.42583245176,752.29767870423,631.1486641487301,458.78609643048,478.20300812398,562.85377753873,453.418768297,1405.6073780115,1467.35969401975,1248.80604036723,1891.20524162825,1994.2078928425,1985.58497213275,1245.727687655,1030.72050898498,1399.86078366075,1125.11600367175,2085.7726573742502,1928.2356910305,1947.653224095,1535.9654214725,1631.482882278,1583.30721193425,1722.24421410675,1438.856008165,1862.2168863935,863.31189612875,1109.09030498898,1617.90980949675,800.5887687112299,1404.41574377625,883.6767900609799,1014.67756104325,1274.35930137123
67,730.8012681810001,175.082463928,754.10540228598,2326.18296138725,1929.94772347825,2243.156145081,589.1242125235101,1009.57338974198,601.06432231676,1160.23620327725,1723.59165712025,378.53055128826,389.53239087151,372.12872121801,1630.566360053,570.24420886998,525.6491081355,355.00502269598,799.6851399344799,1190.73503684848,1482.1254884355,1498.04734359675,988.18509777275,127.84792831456,644.0722053962601,2237.864549645,1044.84753401273,991.14686264425,552.331710932,1044.35051177725,646.09756417076,458.04701290824,379.66529279475,2123.851048968,418.26082040325,832.34431891625,393.58237520273,186.01857488687,761.728145593,2139.0159189085,501.21936667773,898.80997008048,644.1346531817601,522.25055673326,1728.96931243975,2228.545227387,2480.82666901225,1645.51359480075,555.8903399312601,962.13684020273,720.6645323725,265.38273847475,804.7470580077501,411.83250750098,231.9643186955,317.42152824889,754.5436241837299,212.81840553623,850.67826173498,425.31672422923,116.88116512426,459.10082084198,456.58418751375,581.48205137274,390.93032027876006,331.45160075951003,506.03798072224,124.57891412469002,2120.0808804255003,285.59226480214,447.85078082649,912.940642556,535.40269415798,121.73800591269,347.93222379251006,436.57079694251,2324.47201633875,1145.7183358905,2376.44814706125,2290.228105186,104.03358648148,507.0687544330101,297.12172914262,528.04395274773,410.66017304899,797.254411147,845.81898517223,637.9243607222601,600.5530893265101,630.30794918573,729.5680828669799,576.2554264885,1019.76037582325,603.19446288299,1407.57168708525,1126.60294447475,1639.97780056175,398.47046473875,469.696824384,514.2554568544899,1937.24386176025,1817.7553058595,1779.49469722,612.18686321676,552.38534146301,492.23725003401006,403.47786372048,570.74965068251,535.60413020876,506.83500709023,295.57567731639,652.8940828865,795.868132446,754.28140562173,587.73335431824,517.2567533490101,636.66880605224,460.69940958626006,565.35526184198,553.39071974101,465.89104506949,1677.25229342425,1654.7137691695,456.96004240423,374.25004452975,651.64738275323,724.35469939875,749.4010024449799,887.52711546248,785.7014962649799,742.13173845873,689.20522079173,2111.56778704,1746.37360346425,930.82005248823,1294.03672285648,50.0,505.17846928649,728.8867495654799,491.34585605225,451.66289191149,485.92815958551006,320.54419092713005,899.9536779705,764.9546145105,896.3689141069799,1238.6605245865,1289.19802610125,1064.460096793,1715.01394115075,1948.81969280475,2119.02874397975,1809.66396804025,2163.20169768425,276.84948162649,413.10029696599,550.56472443301,676.533210525,1177.46278219575,2329.7569320365,1612.30411102025,1979.236269283,1952.02689922125,1779.664331503,854.34924082475,748.0329734102501,843.57102023698,158.38059553674,209.37107651049,292.25602760373,729.47013615625,832.4727873705,823.84986666075,2388.60899890225,2049.127457992,2482.9658940225,2445.9943195225,1194.7935960995,1100.95212822375,1056.6740074775,635.47340630873,730.99094167875,612.28857543575,821.7521989429799,514.35491349675,638.3484091475,1343.32068294325,1454.97297382025,1251.7472192175,1061.275570418,1222.86582057298,1159.57467928323,1102.6032663135,950.52846174525
73,658.94732382575,333.96034888975,1185.35357252475,2375.98864320675,2032.0630569045,2184.070598062,958.47432418598,1403.18076891375,1085.13381211223,1114.54268017123,2023.48984587475,777.8232886987299,332.68781836401,843.6590995762299,1680.37219721525,759.33998693273,120.16186730264,626.0909713982601,1139.9035460725,1240.5407932325,1531.931170255,1461.12175055075,1037.99077959225,617.06548305874,1043.36494280673,2092.88797669525,894.32475885973,797.31383285573,812.23395718675,1475.5986074515,613.52448235475,398.68207884651,279.80417529601,2305.9907340285,424.70890533074,1263.59249536873,882.7998802372299,639.31907142773,1192.97632204548,2321.15544862625,506.8233128880101,1298.1027385595,723.64004818423,771.94612565975,1961.76191867825,2410.68475710475,2335.8500960625,1770.11929622925,955.18307734173,810.4197899877299,601.6496165165,324.48580194224,687.00199456848,788.62691093298,285.11218114012,174.15969071074,1185.7917944225,275.97958086762,1281.92635740923,712.75401351425,382.8877600830101,858.393589321,669.849744049,597.86414981998,736.82002302975,246.90970797138,449.19340821474,409.35129231975,2311.032849008,306.03051779463004,80.98624015596,1344.188893573,748.66825069323,425.66469198923,784.4675280235,151.79151531564,2430.58167789575,1283.43884898775,2378.5556821505,2292.33564027525,575.4544792695,847.484178674,786.33925281825,647.2229851122501,474.53221544551,740.4098386395,788.9744126647299,524.42586475748,837.65681105898,573.46341396049,990.94274227075,1065.47301230123,931.56725111573,147.67306211393,1576.1215223475,1038.38108135848,1939.876144659,887.6880505514799,958.91441019673,1003.47299917125,2170.03646799875,2050.547912098,2012.2873034585,973.31996477523,893.4858272315,921.26499450025,815.5379421365,1001.99778985273,993.74761096475,906.12777556925,507.10580678574,618.44927627574,761.4233631175,719.836555515,588.26086101498,482.81198402051007,602.22399944148,927.77261298325,1054.572841441,1010.9771413955,964.30775513398,1805.100774759,1704.519450989,659.96847249973,560.75727178473,915.91802248073,954.60558756175,991.42609434423,1117.77792284725,1292.778521146,1198.642057388,1174.40494094023,2161.37362420225,1796.17928528375,908.25077036898,1254.13724820448,505.55567876575,50.0,373.8171042855,628.66849908449,707.62894550625,791.63333373825,717.34229775648,700.83207882275,708.11012278123,839.52434159948,1118.2566146382298,1101.1101118005,937.23826811175,1764.81962297025,1998.62537462425,1974.05201568725,1859.46964985975,2018.2251247345,445.48677485699,424.51158275598,477.4586802305,619.68867529976,1407.71367035875,2379.562613856,1489.7950706885,1791.1481996395,1807.0503262715,1657.15529117125,904.15492264425,792.48267333073,834.96844942748,598.0810828635,580.58207004376,759.32918750475,1128.76291084898,1231.76556206323,1223.14264135348,2421.62927521325,2098.9331398115,2532.771575842,2301.01774657275,1034.75802240023,877.2210560564799,896.63850834275,484.95066843799,580.46816652575,532.29257696023,671.2294983545,387.84129241275,851.6139656827501,1576.11328918175,1776.228149873,1682.99531489175,1336.330414536,1654.11399081175,1471.954577222,1533.85136198775,1381.7765574195
74,1028.379568307,554.15003510301,1267.48204170775,2263.616027998,1997.60477275675,1820.642506211,1297.42148603623,1717.8705389805,1167.26228129523,847.3556356552299,2013.3933438385,1086.82774402275,394.65474348824,975.51154029223,1634.184603386,1128.77223141398,347.50192437501005,692.5614009054799,1129.80704403625,1213.00140060523,1420.72859663925,1175.49808787198,1010.45138696498,843.75991702098,1352.36939813075,1729.45988484425,1263.75700334098,1166.74607733698,1181.666201668,1557.7270766345,982.956726836,303.91822921723,649.23641977726,2271.53244988075,480.69350037424,1345.7208837735,1109.49435148173,914.84149722323,1275.10479122848,2286.6971644785,876.255520087,1607.10727466175,1093.07229266548,821.2714131317299,1951.665416642,2396.803173622,1972.4220042115,1701.5993179745,1264.18753266575,446.99180998351005,971.08186099775,465.89353055349,1056.43423904973,1158.05915541423,609.28463811448,543.5919351919899,1267.9202636055,645.41180670774,1364.05490115675,1082.1862579955,752.32004806023,1167.39805085873,1039.28198853025,967.29639430123,1106.252267511,571.0821649457399,302.98135709198,627.70094365926,2276.57456486025,675.46274363475,450.4184784235,1426.317362756,1118.10049517448,795.0969364704799,1063.84424356748,434.82004686775,2318.209062687,1255.89945636048,2015.12774564225,1928.907703767,744.1128245494799,1216.91642315525,1013.03372406275,1016.6552295935,550.9624018730101,406.2214838750101,526.035911583,242.65172591162,827.53390075523,421.68108250823,1036.90268440673,1292.1674027675,609.47108669674,262.59680295512,1548.582048942,752.7573379014799,1929.77964262275,1114.38244101775,1185.608800663,1230.16739585123,2159.9399659625,2040.45141006175,2002.19080142225,1039.7903507864798,959.95621324275,1003.39346368325,897.6664113195001,1084.1262590357298,1075.87608014775,1215.13223710698,615.86138412123,590.9098401525,668.1542587109799,692.29716288773,572.047191391,503.67762220051,508.95488882125,1033.29547040898,1214.10744098523,1116.499918043,1096.16019584998,1795.35690076525,1635.999628077,1029.40063620275,930.18951626598,905.79511217698,944.5090855255,981.32959230798,1107.681420811,1374.906990329,1280.770526571,1279.92779215225,2049.00085365075,1727.65946237175,658.19297943175,968.51350474748,732.25007544573,373.24967450201007,50.0,649.19145115799,756.9542329782299,858.10380052773,783.8126837677299,337.40410503223995,470.52926889899,468.59661246398,754.82859735175,737.6821007277299,573.81029432124,1489.5005408345,1765.3538466875,1610.624079179,1626.198121923,1654.7970328835,814.9190566205,793.9438272372299,195.68454138464003,342.33056422751,1369.9568382575,2346.24578823525,1126.36705961573,1427.72026313125,1443.6222344205,1293.72728009848,876.61553001698,764.94327448975,741.69933880725,888.6385120605,950.01427724275,891.18162822075,1437.767366173,1540.77001738725,1532.1470966775,2058.201338705,1865.66161187475,2212.33443471075,1937.58965472175,1404.19018610325,1246.65330053773,1266.070752824,854.3829502015,949.900411007,901.72482144148,1040.66174283575,757.273536894,1221.046210164,1566.0167871455,1766.13164783675,1765.12378407475,1326.23391249975,1736.24245999475,1461.85807518575,1556.37171114075,1463.9050266025
79,996.40987501425,358.21218561651006,647.51568813551,1896.66398586325,1552.738399561,1813.63701421425,948.79212126398,1369.24117420825,671.54562085075,722.63389319248,1429.1150856835,738.1983792505,314.20140974301,519.2777625265101,1201.047384529,986.92682149775,576.10265000073,150.41460067561002,545.5288231635101,761.2160613244799,1052.60643834698,1063.41891511798,558.66604768423,492.75877914173,970.959295568,1771.958088361,1305.872672229,1208.861746225,1039.99959747073,1062.01042240373,936.13386193748,374.79654032425,644.336250789,1762.26889501525,192.45556834201,850.00422954273,713.634651564,567.7569353215,779.38805621948,1777.43376495575,821.8514629602299,1258.47783532498,1017.8439123165,199.97881772451,1367.387158487,1866.96307343425,2014.92020772825,1290.794483543,886.20996428523,625.38672814799,995.37552842023,340.66000829401,1080.7279002585,784.53681089,413.86543457426006,566.79392833199,762.6750404324799,468.40017844975,763.3216515225,912.98460455425,479.29704361626005,818.76868608648,919.99856583773,912.89233096075,878.59816953523,450.40877260848,352.89169642901004,425.8581682775,1758.49872647275,561.7797750474899,571.38974359074,930.60055318248,998.81706626825,558.39407981124,667.98454364975,502.0177476345,1951.2568652095,781.59446386225,1946.92917153725,1860.709129662,438.47223569848,994.736678254,569.71619886273,901.7531683865,166.959280845,465.96067590375,466.02611248376,492.87384462351,243.28208814999,359.48685365849,452.65087180149,896.307783628,582.02602440098,693.17554536075,1043.447815057,684.39961204225,1345.50138446775,673.06735842975,789.7491815235,788.85238782775,1575.6617078075,1456.17315190675,1417.91254326725,455.71799633975,375.88382151376,458.788035108,401.9496763105,588.40959859125,580.15934513875,866.50287233473,238.21480764499,205.93939982024,366.98439070901,303.04492955899,135.41807878014,174.83477301998002,250.39653133788,557.56668704248,738.3786576187299,640.7711346765,627.41472774924,1325.77596207275,1225.19471908098,919.72034697248,810.90608735975,321.543336854,360.2308273705,397.05137143524,523.40324343423,879.19033609823,785.053791562,804.19900878575,1682.048811516,1316.8544725975,496.056003575,856.434406558,490.67186114226007,628.94162892125,650.8025481005,50.0,157.80664135775,274.03139015761,288.09600468212,636.60119467373,384.98217181674,559.61880205224,890.2300793124799,952.44795754248,727.71002823423,1285.494810284,1519.30071728075,1653.12228269575,1380.14499251625,1697.29523640025,673.07365291798,734.357995785,455.76595996724,471.6130144875101,813.3389101675,1900.2379565125,1146.39773051448,1607.2696078355,1486.12059328,1313.75802556175,424.83019073623,318.51396060399003,434.8177167265,603.54010050174,706.9055143195,422.9383459485,1089.13800140075,1192.140652615,1183.51773190525,1959.09002337825,1619.608482468,2053.44676315575,1980.08801358125,1428.48392809025,1288.76896942575,1290.36433946825,896.4986253032299,992.01616067325,869.7551281487299,1082.77741793748,759.02712663423,1101.76278747148,981.73860976873,1181.85347045998,1269.40712984398,741.95573512298,1240.52572498575,877.5798978089799,972.09345298575,968.18837237173
80,1026.86854937775,389.56540431274,501.84260179073,1916.9248747175,1489.50706523,1833.89805841125,909.95192882423,1330.40113711125,512.61033984973,749.24588960225,1360.55067940225,699.35826758898,422.07910791599,495.65914013101,1221.30835416148,989.1241446965,655.7113790005,103.16234356125,476.96441688226,781.4769501787299,1072.86732720123,1088.78918236248,578.9269738207399,453.91862398424,947.3406731725,1798.570165549,1336.3313465925,1239.3204205885,992.63473550375,896.5849958722299,966.59253630098,482.6741950012601,674.7949251525,1693.704488734,300.33324787386,684.57880301123,690.0160291685,528.91674288175,613.96266697024,1708.8693586745,852.3101373237299,1219.63771744975,1020.04116095073,120.84407673725,1298.82283298398,1798.398667153,2041.53228491625,1230.80592911825,862.59134188973,725.72925282898,1025.83420278373,420.26870622523,1111.186574622,745.69661845025,452.0110895787601,595.492140592,617.0019478739899,498.85881553099,650.43928218648,865.6197488009799,463.32295600875,779.92849364673,859.24906184525,943.35093075973,831.23338834648,530.01746432599,471.48248929525,402.48137726149,1689.9343201915,592.23841212873,650.99843530825,765.1752012155,938.06756848948,497.6445385365,644.36592125425,581.62643935201,1894.32545610475,731.010670208,1967.1900603915,1880.97001851625,399.63208054099,947.37182250073,546.0975329712601,903.95049158525,246.56799120364,566.30316330248,566.36859988249,607.457881939,185.26865465439,478.07764652473,327.66768749049,872.6891612325,608.63805809301,772.7842805742299,992.86402140275,711.0116146657299,1276.9369781865,649.44873603425,766.130559128,765.23376543225,1507.09730152625,1387.6087456255,1349.348136986,310.04490378126,230.21075381011,313.11492390838004,301.18279873248,422.98417205975,421.22410141999,827.66267989498,213.40850914751,306.28189964639,449.24199321323,335.99297149124,235.76056617887,293.42555967251,368.98734284525,528.94167849998,714.7599544450001,617.152512281,603.79606807148,1262.5447085199798,1245.45568249975,858.97084298,750.1565895809799,251.43791185162,309.64705235738,328.48692787173,463.22163525349,720.2550488835,619.62840231276,740.43570631423,1702.30970037025,1337.1155167945,522.6680434807399,883.0464091814799,451.83171219848,708.55036413473,758.68024627348,158.48697425194,50.0,128.35829759912,264.47736364549,736.94367585875,485.32465300176005,659.96132673323,916.84215650048,1027.16719892148,801.2047027149799,1305.75569913825,1539.561606135,1679.73435988375,1400.4058813705,1723.90731358825,652.75598318175,764.8166701485001,563.6436519265101,619.44238247649,762.75511651325,1920.49884536675,1173.00980770248,1633.8816850235,1512.732670468,1340.37010274975,445.09111687274,338.7748867405,434.31293356723,564.69994534425,657.3273350642299,399.31968627074,1050.297808961,1153.30046017525,1144.6775394655,1979.3509122325,1639.86937132225,2073.70780735275,2006.6999354265,1458.94260245375,1319.22764378925,1320.82301383175,926.95729966673,1022.47476047223,900.2138025122299,1113.23609230098,789.4858009977299,1041.013283479,913.17420348748,1113.28906417873,1103.98170331248,673.3913288417299,1075.10037923248,809.01549152773,903.5290467045,802.76302040475
81,1096.53068830873,459.22749974775,380.96834506401007,1914.95497330475,1434.425011564,1856.851037123,890.0769859255,1228.13955159273,391.73608312301,772.198868314,1295.17460850023,653.69883910973,490.28544915849,374.42243769999,1244.26133287323,1067.38186401323,739.53099013823,179.53377314699,378.10576964524,804.4299288904799,1095.8203059129798,1111.74216107423,601.8799525324899,434.04364380325,850.09370696673,1821.52314426075,1405.993560088,1308.982634084,960.29214504648,775.7107826414799,1100.26186582098,581.95945692575,744.45698330525,1628.3284923965,415.66135210701,563.70454628451,592.76910024499,509.04180619673,493.0884164572301,1643.49320699425,955.38362483198,1117.37613193123,1098.29887405375,182.49108900213,1233.44668130373,1733.02251547275,2064.485263628,1253.66081199023,765.3443694702501,791.5774911264799,1095.49626093648,504.08831114925,1180.84871355298,725.82168176523,521.6732285097399,665.1542795229799,496.12769736098,568.5209482482601,529.56502545976,833.27715213,531.72977017698,726.6964167904799,870.0934646582299,1035.64634680925,798.89071711098,613.83711274598,574.8567576497601,470.88818521601,1624.55816851125,661.900544846,734.8180464459799,644.30091342023,1016.3252815925,575.90225785323,547.11899233074,665.446087772,1828.9493044245,753.8656276445,1990.14303910325,1903.922997228,389.50917023724,915.02915126523,460.42798851975,982.20821090198,344.905643712,632.15143888224,577.8765834275,706.74310658123,208.10571039238,655.57864172748,204.08740355474,775.22533654773,631.59103680476,856.6038854982501,1015.71890427473,733.9645933774799,1211.56082650625,538.5543251522399,668.66673444323,654.3393172679799,1441.72130518875,1322.23259394525,1283.97206608398,189.17065326825,109.33647222855,192.24065475424,229.47039026361,302.10992154674,300.34982605214003,807.78773699625,283.07062943736,358.19502334949,472.19500920724,358.94595020299,351.08871390799,408.7536887605,484.31547193324,408.06742177326,604.9789223345,507.37144288824,482.55935942675,1285.39958517825,1268.4086612115,937.22856229673,828.4143026840001,170.52393092925,332.48408945423995,268.277550621,426.97543061776,599.38079837049,498.75415179975,619.5614930834801,1725.262679082,1360.06849550625,545.62105947475,905.99938789323,486.98519243474,792.36996905875,857.965464702,273.81509091251,127.66285917592,50.0,179.17671472926,802.7919949344799,551.17293479523,725.8095650307299,939.79513521223,1050.12017763323,824.1576814267299,1328.70867785,1562.51458484675,1702.6873385955,1423.35886008225,1746.8602923,731.013777063,867.2645924025,662.9289138510001,685.29065805625,692.51821562098,1943.4518240785,1195.96278641423,1656.83466373525,1535.68564917975,1363.3230814615,468.04409558449,361.72786545225,457.26591227898,544.82496516326,611.13445958148,334.35076250276006,948.03622344248,1051.03894922125,1042.41595394698,2002.30389094425,1662.822350034,2096.6607860645,2029.65291413825,1528.6046606065,1388.889701942,1390.4850719845,996.619432384,1092.1368931895,969.8759352295,1182.89822501825,859.147933715,1119.27100279573,847.79805180723,1047.912987063,983.10749008173,609.36801367526,954.2260852235,743.6394144120001,796.887180886,681.8887326094799
83,1019.292017432,397.39483425549,498.07654672425,2105.77427917875,1625.244317438,2051.89271428475,724.40340245773,1119.92351691025,397.85682359399,967.24062625398,1448.37463517125,513.80974122248,417.065457942,273.45207354689,1439.3030845995,901.70827433175,666.31096163948,168.86339770998,524.46822983226,999.47168061675,1290.86213841748,1306.7839128005,796.92174775473,268.37007897661,741.87767228425,2016.56497676525,1333.3382024855,1279.63761189525,794.618555365,788.32166242923,934.5882761395,508.7395092052301,668.1559674812299,1819.14764292775,343.57936459476,576.31546956823,484.55310905848,343.36821651525,505.69929624498,1834.31251286825,789.7101159287299,1009.16009724875,932.6253651505,344.81453829598,1424.26606174225,1923.84182134675,2259.5270961325,1444.48019242875,657.12834100148,878.1427791567501,1009.1552816235,430.86831993276,1093.23773269423,560.14809208375,459.84051952151,603.3216078170101,498.514768622,501.309074009,594.64936889099,667.6035686622299,405.371877093,594.3799672802301,704.4199557549799,869.9727633414799,633.21716471176,540.61712152949,501.63677264698,361.44106545349,1815.37747438525,574.08295812975,661.59809251175,656.9117932079799,850.6516981247299,410.22870545401,438.90300114423,592.22605927325,2019.7686102985,944.68485895398,2185.18487160775,2098.9648297325,223.83562405173,749.3556423619799,340.63461286124,816.5346212205001,271.68565249551,718.71677040848,718.78216970623,633.523152647,403.14748697349,625.9067348967601,454.35109820024,667.22616034425,826.6328320270001,783.3839377777299,1206.53821014873,929.00642588198,1364.7609339555,437.58398585398,560.6675955220101,553.3689717560101,1632.54045572,1513.05189981925,1474.7914465225,336.96992204599,271.29011257175,233.98802462314,128.26090390858002,314.72081997562,306.47056652312,642.11415352848,209.850656862,486.85303303675,644.89346523325,553.9877454252301,416.33169956923,410.13235566675,485.69413883949,311.74097942173,492.55294999798,394.94546433801,381.58902012849,1476.21889105225,1440.937601015,771.55497261525,662.74071921623,361.34319952099,527.52588467648,459.096856495,617.7947364917601,605.5015326277601,511.36506886976,558.373301165,1920.3045115865,1555.110172668,740.66281741473,1101.04122039773,321.31164624923,719.14994056,784.7455169814799,289.22348236162,265.52124828436,195.62395771214003,50.0,857.59870046925,637.7382228255,812.3748530610001,1134.8368869385,1205.2040458335,980.46604196073,1523.7505103545,1757.5562620085,1897.7291711,1618.400537244,1941.9021248045,565.3401935952301,701.59100893473,589.70896613048,672.1320397320001,883.3375214949799,2138.493656583,1391.0045381405,1851.876340897,1730.7273263415,1558.36475862325,663.0858908067299,556.76966067449,652.30774478348,379.15141897775,445.4608699,193.85675994701,839.8202695382299,942.82292075248,934.20000004273,2197.34572344875,1857.8641825385,2291.70246322625,2224.69474664275,1483.28419000775,1389.44287747475,1345.1647567285,923.9640747815,1019.48161636523,900.77925012223,1110.24294819398,802.84566274775,953.59741311425,1038.61735768123,1198.94419903675,995.71836986948,786.05862924723,966.83696501125,903.5458237215,846.5744169654799,694.49961239723
89,1301.18644748975,724.9860931129799,1112.045309344,2050.37035533475,1789.1181805825,1552.2882162715,1468.25757511475,1888.70670883725,1239.28049750175,638.8689999850101,1873.939360994,1257.66383931498,534.94757718274,1111.85470378975,1420.93877538,1344.88902334725,675.269341911,718.70705837975,990.35298662723,1033.29314026773,1212.24184912225,965.1261753055,830.743201192,1014.5960060995,1523.2055679875,1461.105439562,1536.56395708825,1439.5528757415,1412.67842464875,1479.31642548725,1255.76360601875,454.68484899176,922.04326167775,2063.04570236375,592.52711352275,1323.4248495515,1280.33036599573,1085.67758630175,1238.10370160598,2078.21057230425,1149.06239926975,1777.94328917575,1365.87924641275,647.42388057026,1812.2114337975,2183.55750095875,1704.06755892925,1493.11272580025,1435.02354717975,178.63740819723,1243.8887401805,636.72958234975,1329.241192797,1290.96582659625,771.8027443015001,819.4687350825,1227.204618145,833.958174746,1208.14585226848,1285.66343794598,851.97591429025,1338.23413993725,1292.67739301575,1240.10327348398,1251.27707749148,666.0858699947299,402.28514208598,798.53700166923,2068.08781734325,917.8025599455,778.1858586772299,1404.02117319125,1371.4959742245,931.07295048523,1234.68025808148,717.69484502075,2104.96339002375,1076.1912705875,1746.77330036,1660.55325848475,925.70865464223,1367.4154308675,1144.77711416825,1259.715370236,662.7960212352299,197.73481713624,317.54926348536,316.80441364024,688.0798371325,338.49737002448,897.448620784,1463.0034172815,400.98445724023,590.36420184998,1368.87394394725,544.2707022312601,1790.3255044355,1248.1283545135,1356.444815177,1363.9133839115,2002.38964014225,1900.9972718745,1862.73681857775,970.38654684875,895.86365870575,1039.78506913298,970.24215886948,1095.28561616748,1147.89430256798,1385.9683261855,710.9587173525,447.277137333,435.62328694574,552.8431365472601,503.96632980824,493.45552865774,407.12002983698,1169.6386339065,1350.45060448275,1252.84308775423,1232.5033593475,1586.87015324825,1427.51288056,1292.3991741505,1183.584995316,766.3411293324799,805.0550281164799,841.8755286852501,932.14621354498,1446.92528731375,1263.9714509005,1467.10586396625,1835.7551809875,1519.17271485475,449.70634997524,760.02691257323,903.08616452425,701.017092038,338.21273861051003,637.7817560777601,737.4028690277501,803.50027709625,856.38850588223,50.0,253.39080012639,260.10995815263004,537.195113372,469.32769272774,305.45588632125,1276.25486817125,1552.10817402425,1342.26963389675,1412.95244925975,1386.44258760125,1031.03585476748,1066.75070641998,405.9407422435,227.91849754998,1190.24865869823,2077.89149829575,913.12130617425,1159.36589862723,1175.26786991648,1080.48160743523,696.7130912419799,625.48921708073,525.069679678,1059.47460735273,1079.5843477112298,1027.52479793198,1608.603380687,1711.60603190125,1702.9831111915,1789.84689342275,1570.2961692225,1943.98014477125,1669.2352094395,1676.997065286,1519.46009894225,1538.87763200675,1127.18982938425,1222.70729018975,1174.53170062423,1313.4686220185,1030.08041607675,1474.4416146495,1426.562804301,1626.67766499225,1728.12269445225,1186.77985509073,1633.4131712895,1322.40409234125,1416.9175729535,1426.90409232275
91,1165.10215957825,588.90180520148,860.08232035625,1920.42785373,1610.56396153475,1588.17907125975,1298.50065212048,1718.9498604075,987.317508514,460.314743655,1621.97637200625,1087.90699088523,398.8633265535,868.98633687898,1224.8113331739798,1208.8048162139798,655.69545947548,500.12315017324,738.3899976394799,821.58434799475,1033.6876300745,788.4571958717501,619.03437163676,842.4673099982299,1320.6678264245,1496.996449893,1400.47966917675,1303.46874317275,1276.59413673725,1227.3534364995,1119.67931810725,318.60056108026,785.95905454448,1884.491483316,380.81199569299,1071.46194134198,1063.34326319873,917.465466178,986.14071261823,1899.6563532565,1012.97819213648,1608.186440746,1229.79495850125,395.4608915825101,1560.24844480975,1989.185661735,1739.95856926025,1314.5585067525,1235.91849514173,241.41826719436,1107.804452269,500.64529443825,1193.15683032098,1134.2453417465,635.71845639,683.384447171,975.24162915725,697.8738868345,956.18286328073,1149.57915003448,715.8916263787501,1168.47721694298,1156.59310510425,1104.01898557248,1115.19278957998,530.00158208323,266.20087281561,662.45271375773,1889.5335982955,781.718272034,650.9825530654899,1152.05826498173,1235.41161174848,794.9886625737299,1017.69307450625,581.6105571092501,1975.020888419,864.48240375,1782.66415534825,1696.444113473,788.18076655498,1231.33122373423,919.42472971923,1123.6310823245,481.87604395176,81.99221495012,116.30976478008,231.61738241136,436.11688542701006,158.85319789192,645.48566907851,1246.0163144845,258.90259701737,653.457355698,1157.16507710975,365.71644590125,1538.36251544775,1022.77597006448,1139.45771238,1138.56091868425,1768.52299413025,1649.03428288675,1610.77382959,718.4235578610001,643.90063243574,787.82208014523,751.658207167,843.32270174425,895.9313135802299,1216.21140319123,587.92333850149,195.31412970412,202.62414941426,300.88014755951,252.00334082049,274.87155831413,155.15704084923,907.27521789898,1088.08718847523,990.479665533,977.12322132348,1408.3159342005,1248.95866151225,1156.31496701723,1047.5007074045,514.37809684876,553.09203912873,589.9125396975,716.26444897875,1194.96222376148,1012.00846191275,1215.14295575673,1705.8128347255,1340.618495807,253.97852388674,581.47261274725,767.00187661275,708.534438396,482.90352439623,385.81876709001006,485.43988004,551.5373253907601,637.80455417975,252.63272750639,50.0,175.65034109861,516.31017540874,568.47951522998,343.74154242576003,1234.56949870073,1510.42287911825,1378.16064422775,1371.26715435375,1422.33359793225,894.95156685598,930.66641850848,320.75371101462,135.13143412413,978.53986642525,1924.00182437925,871.43601126825,1258.5176776335,1211.15879946925,1038.796231751,485.19851468876,373.52622809298,305.15032713200003,923.39031944123,943.50005979973,772.646876805,1438.84653225725,1541.8491834715,1533.22626276175,1825.73790375375,1610.7306443055,1979.8709997595,1705.1262197705,1540.9127773745,1383.3759663735,1402.79334409525,991.10554147275,1086.62300227825,1038.44741271273,1177.384334107,893.9961281652501,1338.357326738,1174.59981531325,1374.7146760045,1476.1597054645,934.81686610298,1381.45018230175,1070.4411033535,1164.95466474398,1174.94102877048
92,1294.0433218165,717.8428866615,995.30103846475,1867.1257172935,1554.4462377545,1446.6197281245,1461.11429409875,1881.56342782125,1161.31560548248,404.19713793524,1684.56645146525,1250.52071364173,527.80441422723,1042.98442763375,1168.69376473648,1337.745897674,784.6365409355,674.12120364575,850.95189488225,823.7694798944799,977.56998707248,732.3395528697299,621.2195035364899,1007.45280586173,1516.0622869715,1355.43710675775,1529.42067607225,1432.40975006825,1405.5352989755,1339.91525917775,1248.62040578098,447.54164875399,914.9001360045,1828.3739148785,554.81008644776,1245.45995753223,1273.18724032248,1078.53438606398,1160.138803373,1843.53862947625,1141.9192735965,1770.8001635025,1358.73596539675,569.45898855099,1575.3218178705,1933.06793795475,1598.399226125,1258.44086375048,1427.8804215065,114.68980708711,1236.74553994273,629.58641939424,1322.097911781,1283.82262635848,764.65954406373,812.32553484473,1077.87759691698,826.81497450823,1068.7447605235,1278.5202314945,844.8327140524799,1331.09085892125,1285.5342673425,1232.9600670325,1244.13387104,658.94266354325,395.14197291676,791.39379521775,1833.416029858,910.65935970773,779.92367802148,1326.0563557365,1364.3526932085,923.92974403375,1227.53713240823,710.5516447829799,1921.71859663975,866.66753564973,1641.10496755575,1554.8849256805,918.56544819075,1360.27230519425,1093.422820474,1252.57224456275,655.65281478375,110.82136250725,124.50307579414,317.56526378861,578.401331237,305.43843200986,786.504692847,1455.86029160825,145.98029838089,720.86228369325,1159.3502090094798,317.89198687412,1600.95259490675,1196.77398625473,1349.30168950375,1312.5589348745,1767.71769731425,1664.10781129025,1673.363909049,892.42165482948,817.8987666864799,961.8201709,925.65630413548,1017.3207179345,1069.929404335,1378.8250451695,703.8155171147299,369.31224531373,233.76042885326,419.03699356048,426.00143157526,448.86963664148,329.155131604,1081.27330865375,1262.08527923,1164.47776250148,1151.12131207825,1352.198365763,1192.84109307475,1285.25604847725,1176.44179507823,684.48140310698,615.801651727,693.9971531655,731.7522019319799,1368.96031451625,1186.00655888123,1389.1410465115,1652.51054294625,1284.50085280498,249.31231972111,525.3550070274899,895.94296428648,837.47552606973,468.71074588926007,559.81686405849,659.43797700848,725.53538507698,811.80265114823,259.60331088036,175.42590810712,50.0,381.55201127173,406.7706204962601,182.03269118801,1093.01015556548,1368.863535983,1236.6013010925,1229.7078112185,1280.774254797,1023.89272909423,1059.6074999685,406.70157375074,221.07931550138,980.72499832498,1972.22301014875,729.8766681330001,1096.80875183123,1069.599456334,897.23696939398,496.31907962898,442.13308022724,345.48534557274,1052.33140090125,1072.44122203798,946.64497377348,1601.46025501375,1704.462906228,1695.83998551825,1684.1785606185,1469.17130117025,1838.31165662425,1563.56687663525,1669.85393961275,1512.316973269,1531.73435099075,1120.04662914648,1215.56408995198,1167.38857495098,1306.32549634525,1022.93721583898,1467.29848897625,1237.18989477225,1437.3047554635,1577.1300074805,971.12139883448,1494.01216032275,1133.0311828125,1264.032034573,1233.5795739195
95,1638.56293879475,1062.36258441798,1123.53958544475,1568.68417750575,1288.407797532,1148.17818833675,1784.8866440725,2205.33593313775,1375.886271025,267.51085958523,1605.2513948275,1574.29298283725,872.32410577,1314.45271833975,902.65524373575,1682.26551465225,1129.15623869198,990.2363987865,979.19044186225,608.37828773275,711.5314660717501,466.30099458674,484.53322518648,1328.853457293,1790.12402488875,1056.99549240548,1873.94044839325,1776.92952238925,1750.05491595375,1462.9108330025,1593.14009732375,792.06138379273,1259.41983376098,1562.33531931325,883.8169092214799,1460.03062307475,1532.79938088475,1403.85153890825,1308.43132266425,1577.50018925375,1486.43889057475,2094.57251347625,1703.25573771775,814.39703041598,1458.9937102185,1667.02949773225,1299.95761177273,992.40234274975,1705.3747681705,326.71395757001005,1581.2652314855,974.10607365475,1666.617684102,1628.34231790125,1109.1792356065,1156.8452263875,1206.11614389698,1171.334666051,1196.9833075035,1623.0400038155,1189.35240559525,1654.863208895,1630.05388432075,1577.4798393535,1588.65348801825,1003.46236129973,739.6616333909799,1135.91349297423,1567.37743429275,1255.1790512505,1124.44336956425,1419.79094780025,1708.8724655295,1268.44944179023,1487.1492729705,1055.07133632575,1623.277056852,729.9812945819799,1342.66327242525,1256.44331132823,1274.56683928523,1704.79207751525,1429.611250427,1597.091861541,984.88095748025,455.34106026373,456.27524806626,662.0849366902501,772.80641380925,649.9581421937601,1000.30462844225,1831.37249598175,307.09933805173,1007.32270320175,1022.6638871635,205.96199908351,1521.63769361175,1478.584605792,1608.69705236525,1594.36963519,1501.67925709175,1547.77970363825,1523.901814193,1106.99224580748,1032.46927688625,1176.390761878,1169.50077032273,1231.8913089125,1284.49992074848,1702.59739514325,1082.11255096748,696.4600379022299,570.15391123626,613.44207613273,756.25060488525,777.87641591923,658.16191088175,1392.21760967525,1589.128992176,1491.521550012,1422.589758127,1086.15977019775,926.8024975095,1629.7756654555,1520.961486621,878.88648567923,744.0401987070001,822.2357001455,714.39039404275,1583.53090549425,1400.577069081,1603.7116374895,1354.0690031585,1018.46233180425,396.82643513324,286.08134591624,1240.46265582925,1117.9755996034798,755.1712834582501,890.074811127,913.07882303898,940.43732214073,1119.20707614725,537.19278323075,516.02216995024,358.21358370126006,50.0,156.52977987614,295.35142452249,794.56861577773,1070.42199619525,938.15968674023,931.26627143075,982.33271500925,1368.412420637,1404.1272722895,751.22130878948,565.59899461673,844.0387572572299,1673.781470361,431.43512834525,796.25284187323,771.15791654625,598.7953861102601,569.42061889174,626.27851359348,498.68821190923,1396.85117322225,1416.96091358075,1282.833478291,1925.2326049875,2028.23525620175,2019.612335492,1385.73702083075,1170.7297613825,1539.8701168365,1265.1253368475,2014.37371193375,1856.83674559,1876.25412331175,1464.56632068925,1560.08378149475,1511.90826649375,1650.8451133235,1367.45690738175,1811.8181059545,1157.87491891273,1357.9898541685,1705.3685544605,891.80641676125,1574.45516066825,1053.71620695298,1184.71705871348,1361.8181208995
96,1687.14483042975,1110.94439527475,1233.87138838223,1582.0015561205,1406.10618358175,1083.91934249273,1854.215802712,2274.6649364345,1486.21799318425,377.84269359126006,1715.5832723295,1643.62214147675,920.90584206225,1424.78459584175,952.57005694398,1730.84740628725,1075.0224717365,1067.222712259,1089.52231936425,746.97128649223,785.7449114567501,496.75733880899,594.86505919251,1400.55423369675,1909.16379558475,992.73664034775,1922.5221846855,1825.5112586815,1798.636652246,1573.24255516175,1641.721833616,840.64312008498,1308.00164461775,1680.033705363,947.91155777875,1570.362345234,1666.2886681575,1471.635813899,1418.76320016625,1695.1985753035,1535.02078220975,2163.901516773,1751.83747401,924.72890791798,1576.69209626825,1715.1887017445,1235.698759715,1110.1007287995,1820.98193011975,389.51184834625,1629.84696777775,1022.68789072523,1715.19942039425,1676.9240541935,1157.76105267698,1205.42696267975,1316.44794062075,1219.91648312148,1307.3151850055,1671.62174010775,1237.93422266573,1724.1923675345,1678.63577595575,1626.06157564575,1637.23537965325,1052.0441721565,788.2434442477501,1184.495303831,1685.0758203425,1303.76078754275,1173.0251058565,1530.12282530225,1757.45420182175,1317.031252647,1620.63856024325,1103.653072618,1636.59443546675,840.3131720839799,1278.40450114575,1192.1844592705,1311.666956804,1753.3738138075,1486.52432908725,1645.673753176,1048.754323397,503.92283383824,530.4746753215001,710.66675376073,883.13829131125,698.5399219819799,1110.63650594425,1848.9618002215,417.43117205776,990.11740624,1132.9957646655,316.29383930325,1631.96957111375,1589.87541408975,1742.403198117,1705.66044348775,1619.3776431415,1665.478089688,1692.4502513705,1217.32404253125,1142.80115438825,1286.72263938,1279.8325670465,1342.2231864145,1394.83171747225,1771.92655378275,1096.91702572798,762.41367314875,680.485751456,723.7738728565,819.10290290625,841.9711452547299,722.2565656527299,1502.5493318345,1699.460869678,1601.853427514,1532.92148028625,1203.85823702573,1018.74948598448,1678.3575570905,1569.54322291325,989.218282403,854.372076209,932.5675776475,824.72227154475,1693.86278299625,1510.908946583,1714.04335964875,1367.38638177325,1112.75289557025,507.15827535298,424.67438195798,1289.04447289973,1100.7702218635,737.9659119319799,952.91833538948,1023.41061976275,1050.76919964273,1204.90407898325,469.23697256174,568.52736079698,406.79536348948,156.38532354606,50.0,251.31373707098,807.8859943924799,1083.73937481,873.9008346825,944.5836500455,918.07386916523,1416.99415692925,1452.70900858175,799.8030450817299,614.18076819124,954.370553981,1609.5226990815,444.75254424226006,690.99701863475,706.8990707022299,612.11280822098,679.75245911148,736.61031031725,609.0200459152601,1445.4329095145,1465.542649873,1339.7464016085,1994.561763627,2097.5644148412503,2088.9414941315,1321.4780942085,1101.92745078648,1475.61119021425,1200.86649100348,2062.955448226,1905.41848188225,1924.835859604,1513.1480569815,1608.665517787,1560.490002786,1699.42684961575,1416.038643674,1860.3999975895,1268.20679641473,1468.32157632775,1815.7004319625,1002.13829426325,1684.78703817025,1164.04808445498,1295.04885543725,1472.1499984015
97,1462.33994839625,886.13959401948,1072.7613026675,1803.769176706,1565.59720637775,1334.5511186775,1629.41107602125,2049.86020974375,1260.20695547523,469.52396518551006,1762.026715668,1418.81725944325,696.10104080698,1198.7734773545,1174.33767752948,1506.04252425375,911.03559984823,842.41791100373,928.41223986323,889.09630714475,1007.51253204225,718.5249221122299,686.5462935045,1175.74943244148,1684.35891355125,1243.36849731075,1697.717302652,1600.706376648,1573.83192555525,1417.37567872325,1416.91710692525,615.838312616,1083.19676258425,1839.524728159,723.1067565234799,1344.35122674675,1441.48394146675,1246.83108720825,1259.03007880123,1854.6895980995,1310.21590017625,1939.09679008225,1527.03274731925,698.7177894307299,1640.648725899,1936.95632233,1486.330616678,1269.5917515955,1596.17704808625,150.49094231667,1405.042241087,797.88308325625,1490.3946937035,1452.11932750275,932.956245208,980.62216142448,1155.33786111973,995.1116756525,1146.20502472625,1446.81685807425,1013.12941519675,1499.38764084375,1453.83089392225,1401.25669361225,1412.43049761975,827.2393709012299,563.43864299248,959.69050257573,1844.5668431385,1078.956060852,948.22030460123,1424.94770572925,1532.649475131,1092.22645139173,1395.8338335525,878.84827136273,1858.36205605225,931.9943629,1529.036202766,1442.81616089075,1086.86215554873,1528.568931774,1261.71944705375,1420.8688711425,823.94952214173,279.11802636926,305.66987406623,485.86194629175,657.1270982594799,473.735114513,865.23045986948,1624.156918188,205.15143925514,826.1305343517299,1224.67703625975,383.25153552125,1678.41301445225,1365.070687399,1517.5983160835,1480.855716797,1778.8686659375,1729.434563976,1725.9148079465,991.312924044,916.790035901,1060.71152089275,1053.82144855925,1116.21206792725,1168.82067976323,1547.121827092,872.112218259,537.60887189348,414.92720227051007,497.7627916515101,594.29810165098,617.16630050349,497.45179546601,1276.53821334725,1473.44975119075,1375.84230902675,1306.910361799,1363.34933438625,1240.51710656998,1453.552675057,1344.7384962225,763.20716391575,693.26199670798,771.45741736825,809.21246613473,1467.851664509,1284.89782809575,1488.0322411615,1589.15400235875,1334.52051615575,326.77263984725,590.68183427776,1064.23966543075,936.78342453975,573.97903383,728.1135279205,797.3995012755,824.75808115548,980.09927772798,305.25011310089,343.72259061026006,181.99057466163,294.98172741862,251.59066969826,50.0,1029.65361497798,1305.5069953955,1124.53261708098,1166.351270631,1168.70564535,1192.18935567398,1227.90420732648,574.99823761275,389.37596072226006,1046.05182557525,1860.15440070175,666.5201275455,941.62880103323,957.530846887,833.8804288064799,573.77938111399,520.8588410360101,424.2111063815101,1220.62810825923,1240.73784861773,1114.94160035323,1769.7568815935,1872.75953280775,1864.136612098,1572.1099511715,1352.55922697125,1726.24304717725,1451.49826718825,1838.1505661925,1680.61359984875,1700.03113291325,1288.34325572623,1383.86079109625,1335.6851207525,1474.622122925,1191.23391698325,1635.595115556,1314.650158975,1514.76501966625,1654.59027168325,1048.58173760175,1571.4724245255,1210.49152779348,1341.49229877575,1311.03983812225
98,2223.75430163425,1610.12403086675,1381.38400629025,777.840295623,601.94496036651,573.9146038710101,2173.654555989,2594.1036897115,1681.41175089825,816.78169697123,1013.65610789748,1963.06089475375,1451.4751211185,1703.22063025625,148.40883372874,2238.83870403025,1714.34752075325,1379.004310703,1262.10400113823,527.08466777051,248.51620676849,496.73403739649,732.93194934,1717.62121386675,2178.89193680525,627.03623203201,2459.13165589,2362.120729886,2256.33744344675,1508.5989998905,2178.33146016325,1525.96336782825,1844.61111582225,875.87252564373,1390.823408494,1586.6655668465,1921.56729280125,1792.61945082475,1490.829342718,891.037314806,2073.7632647145,2483.34027005,2269.7557948490003,1203.16494233248,772.5309911135,911.027441247,806.376758798,305.93950558426,2094.14252474425,1060.6159851015,2166.456594325,1559.29743649425,2251.8090469415,2009.39932639325,1665.7772798245,1742.036589227,1403.12702032225,1720.31206098225,1340.683739762,2129.32237596575,1731.2088888665,2043.6311208115,2122.9516144455,2164.8042134932502,2094.93601551125,1588.653643361,1473.56377276925,1677.77005081,880.91464062323,1813.6915395195,1709.63473240375,1613.27997417575,2201.77019565425,1761.3472464795,1875.917184887,1640.26269916525,832.4333303120001,605.53648474651,707.2066493472299,620.98660747198,1663.3346704235,2211.0744496655,1818.3791623435,2153.665050919,1418.8711633775,1189.24312507748,1118.61553095525,1395.987001504,1151.29242522423,1356.26477292975,1283.21818771823,2145.3178635905,1089.66772017825,1741.2247680155,563.81635578225,868.3022819725,1019.97032465673,1867.3525177085,1997.46496428175,1998.833067881,815.216382644,861.31690996873,888.28907165123,1467.99193901225,1393.46905086925,1537.390535861,1558.268601461,1554.98853929475,1645.499769296,2091.36530705975,1470.88038210575,1154.0005899495,1076.46553131948,1050.000172252,1213.79116314623,1284.88291519175,1201.42844029475,1753.2172283155,1903.0745151275,1805.46691762075,1811.35751470075,399.69701381049,214.58828141037,2122.67339558025,2013.85921674575,1214.88267587225,1071.23234475748,1088.69753013998,937.40596371723,1761.96442322525,1650.661498193,1869.1942613525,563.2252020539801,308.59169099614,1015.35081652175,653.72182983673,1715.53433936325,1767.186580452,1489.073348272,1285.72417696123,1301.84665417725,1329.205153279,1507.97498806375,1275.32995743775,1253.84760854025,1092.11561123275,793.50855685173,807.128617708,1029.25345205398,50.0,279.57815159476,508.20042636676,140.42243925768,496.42979551376,1924.98545467225,1986.2698783175,1485.123292825,1299.50105943048,714.99600086048,894.921504927,367.09250926301,462.34767694199,341.19866238649,286.67564999548,892.9460919534799,977.50466233925,948.6691643705,1828.4024979445,1921.029962229,1671.60123486475,2314.000516904,2417.00316811825,2408.3802474085,719.36757575275,379.88596027798,813.72431553025,771.54440930825,2599.5649194305,2442.02795308675,2461.44548615125,2049.75768352875,2145.27514433425,2097.0994739905,2236.036476163,1952.64827022125,2304.71583607925,806.8288062005,1033.27395233125,1739.02620207475,1009.94916385423,1567.27164588,1036.22911824273,1230.77400928998,1471.2253983535
99,2457.30901940425,1843.67874863675,1614.93872406025,585.26103716973,641.2321919585,298.07640976073003,2407.20911841625,2827.6584074815,1914.9663133255,1092.8204012895,1101.84542981448,2196.615457181,1685.02968354575,1936.7751926835,323.10746436262,2472.3932664575,1947.90223852325,1612.55887313025,1495.65863813,760.63934825825,524.5549110867601,772.7727852107299,966.48659254548,1951.17593163675,2412.4464992325,377.50568060199,2692.68637366,2595.675447656,2489.892005874,1683.297767226,2411.8860225905,1802.00215292475,2078.1658335922502,816.9454282297299,1624.37797092125,1820.22012927375,2155.12201057125,2026.174013252,1724.38390514525,809.38334315973,2307.3179824845,2716.89498782,2503.31035727625,1436.71957932425,946.69204262673,718.44818279373,530.5385584740101,480.63816107298,2327.69724251425,1336.654770198,2400.01115675225,1792.8519989215,2485.36360936875,2242.9538888205,1899.33184225175,1975.59115165425,1636.68173809225,1953.8666234095,1574.23830218925,2362.87709373575,1964.76345129375,2277.1858385815,2356.5063322155,2398.3587759205,2328.4905779385,1822.208361131,1749.602402523,1911.32461323725,850.7758915465,2047.2462572895,1943.189294831,1811.97375939,2435.3247580815,1994.90180890675,2109.471902657,1873.8172615925,639.85402836276,839.09109066973,431.36844902324,345.14840714799,1896.8893881935,2444.62901209275,2051.93372477075,2387.21961334625,1652.42572580475,1465.28182939575,1394.654160709,1672.02563125775,1384.847062216,1632.30355802625,1516.77282471,2378.8725813605,1365.70650527475,2017.263553112,738.5149677750001,1144.34099250448,1194.66893664948,2100.9072354785,2231.019526709,2232.387785651,854.50365151825,927.57913669498,976.47839356823,1701.54665678225,1627.0236132965,1770.94509828825,1791.82316388825,1788.543101722,1879.05433172325,2324.92002482975,1704.43509987575,1387.5553077195,1352.50423563775,1283.55481545748,1447.345800138,1518.43763296175,1477.4670700485,1986.7719460855,2136.62907755475,2039.02163539075,2044.91223247075,574.39562580324,389.28691204425,2356.22811335025,2247.413779173,1448.4372382995,1304.78698174925,1322.25216713175,1170.960600709,1995.5189856525,1884.21606062025,2102.74882377975,370.64590010474,323.74533897638,1291.38952705373,929.760534155,1949.08905713325,2000.74114287925,1765.11197802575,1519.278813953,1535.40137194725,1562.759871049,1741.529550491,1551.3685871915,1529.88639363675,1368.15439632925,1069.54726117,1083.16732823998,1305.29215637225,279.43137133714004,50.0,440.76808348299,140.32407001467,241.73099079124,2158.54017244225,2219.82444074475,1761.1620779215,1575.53976374875,959.63496443575,619.08330460301,643.13121979499,494.38641698026,374.24954121924,562.71435431375,1126.50072894525,1211.05930554473,1224.70787490248,2061.9572157145,2154.584679999,1905.15595263475,2547.55507933125,2650.5577305455,2641.9349651785,443.52937542876,104.0477661677,537.88615870223,495.70625248023,2833.1196372005,2675.582515514,2695.0000485785,2283.312245956,2378.8297067615,2330.6541917605,2469.5910385902503,2186.2028326485,2538.27055384925,981.52749897148,1207.97264510223,1913.7248140675,1243.503800846,1741.97025787275,1210.92773023548,1405.4725405045,1645.92401034625
100,2516.82672995375,1940.6264501415,1841.68414772675,878.8649676015,1007.43641409475,216.83572439398,2547.77286986675,2968.222158932,2138.7723414765,961.143497881,1517.62208352425,2337.1792086315,1750.587896929,2077.338944134,652.3748528514799,2560.529461154,1947.95785122775,1753.12262458075,1688.64513070925,966.52107863598,700.1643411187299,641.09583830626,1155.9659864225,2091.7395277445,2553.010250683,125.65305953126,2752.2040842095003,2655.1931582055,2628.3188624555,2000.307581264,2471.40388848275,1670.3250941735,2137.6836994845,1233.61212133248,1678.77434168875,2046.965708283,2295.685606679,2166.73760935975,1951.12932881175,1139.985256359,2364.7028370765,2857.4587392705,2581.51952887675,1577.283175432,1276.49697295398,1043.5304574,368.61517889851007,809.905524707,2468.260838622,1204.97779222498,2459.5290226445,1852.36986481375,2544.881475261,2383.5174849282503,1987.4430267655,2035.1090175465,1863.42716175875,2049.59845721,1800.9838811985,2501.3037949745,2067.61619675425,2417.74943468925,2508.31767547975,2455.7436305125,2466.91743452,1881.72622702325,1617.9254991145,2014.17735869775,1271.91800927675,2133.4428424095,2002.70716072325,2073.58011561225,2587.1362566885,2146.71330751375,2250.03549876475,1933.33512748475,961.05603991275,1069.955501917,411.320883047,325.10082253062,2037.45298430125,2583.05586867425,2192.49747622125,2475.3556527,1779.83847072575,1333.60492598725,1262.97733807873,1540.34872784925,1535.6926396035,1500.62665461775,1709.75931728925,2594.25856643325,1234.02952730173,1863.05278573125,1067.78233762273,1012.66408909598,1523.9363002835,2241.47083158625,2371.5832781595,2357.25586098425,1220.7078736545,1365.2828855955,1392.255047278,1869.8783908235,1795.3555026805,1939.27698767225,1932.38691533875,1994.77753470675,2047.3860657645,2465.4836209375,1844.9986959835,1459.34618291825,1333.04009974825,1376.32822114875,1519.13667533675,1572.83400372925,1456.820465146,2155.10368012675,2352.01521797025,2254.40777580625,2185.4758285785,903.66303293323,718.5542818919799,2508.03961195725,2399.22527778,1641.77263069525,1453.494887554,1530.625048413,1397.70617971825,2222.2645646617502,2110.9616396295,2366.597707941,791.78805511725,689.9495424715,1159.712542867,798.0836307465,2118.7264469882502,1973.70560135475,1610.901210645,1652.96103692125,1675.964968055,1703.32346715675,1882.09314659875,1342.17238933525,1398.20949022825,1236.47741835623,937.8703577615,873.97097504098,1124.24911656223,507.69082758224,431.23648225026005,50.0,506.52824244124,151.09695302555,2246.676211796,2282.3910634485,1629.485174513,1443.86286034025,1177.88430785473,742.43900641823,511.45431638649,214.75836308049,169.14581082948,342.10997752251006,1275.11659727748,1359.767285914,1250.3323574505,2275.11496438125,2295.22470473975,2045.7195487425,2688.118675439,2791.121481996,2782.4984059435,454.39447610975,328.28498229673,608.52765289373,333.78287290473,2892.63734775,2735.100536749,2754.5180698135,2342.83011184825,2438.34757265375,2390.17205765275,2529.1089044825,2245.72069854075,2690.0818971135,1310.7948626055,1537.24000873625,2242.99225847975,1470.24937985525,2071.23754694225,1540.1950938695,1722.1138815395,1967.54097966375
101,2318.3143850715,1704.684114304,1475.9440897275,651.00348705448,502.23767568624,434.75146615048,2268.21463942625,2688.6639284915,1775.9718343355,953.8259222995,962.85087004625,2057.620978191,1546.03520455575,1797.7807136935,184.11294809036,2333.3987874675,1808.90775953325,1473.56439414025,1356.66415914,621.64479470373,385.5603948145,633.7782254425,827.49203277725,1812.181297304,2273.4520202425,514.18073699174,2553.69189467,2456.680968666,2350.897526884,1544.30313289325,2272.8915436005,1663.007518592,1939.1711992595,776.16523474975,1485.38349193125,1681.22565028375,2016.1273762385,1887.179534262,1585.38942615525,791.33003012573,2168.32334815175,2577.90050883,2364.31587828625,1297.72502576973,807.6974828585,784.1906326784799,667.2135775815,341.64363858701006,2188.7026081815,1197.66021664348,2261.01667776225,1653.8575199315,2346.36913037875,2103.9594098305,1760.33736326175,1836.59667266425,1497.68725910225,1814.8721444195,1435.24382319925,2223.882459403,1825.76897230375,2138.19120424875,2217.5118532255,2259.3642969305,2189.4960989485,1683.213882141,1610.607923533,1772.33013424725,781.20734972925,1908.2517782995,1804.194815841,1672.9792804,2296.3302790915,1855.90732991675,1970.47726832425,1734.8227826025,705.5965217434799,700.0966116797299,568.0435054129899,481.82346353774,1757.8949092035,2305.63453310275,1912.93924578075,2248.2251343562502,1513.43124681475,1326.28735040575,1255.659681719,1533.03115226775,1245.852583226,1493.30907903625,1377.77834572,2239.87794702775,1226.71195172023,1878.26891877925,599.52045150274,1005.34651351448,1055.67445765948,1961.91260114575,2092.025047719,2093.39315131825,715.50917252825,788.5846577049799,837.4839145782299,1562.5520224495,1488.0291343065,1631.95061929825,1652.82868489825,1649.548622732,1740.05985273325,2185.925390497,1565.440465543,1248.56075416498,1213.50975664775,1144.56033646748,1308.351321148,1379.442998629,1338.4725910585,1847.7774670955,1997.63459856475,1900.02715640075,1905.91775348075,435.40110953098,250.29241441312,2217.23363436025,2108.419300183,1309.4427593095,1165.79242819473,1183.25761357723,1031.966121719,1856.5245066625,1745.22158163025,1963.75434478975,436.38834998949,184.75082270412,1152.3949672855,790.766055165,1810.0944228005,1861.74666388925,1626.11749903575,1380.284334963,1396.4067376145,1423.765392059,1602.535071501,1412.3741082015,1390.891759304,1229.15984277473,930.55278218,944.17276847175,1166.29767738225,140.43685506488,140.41502008794,505.69696610373,50.0,357.26665779323,2019.5455381095,2080.82996175475,1622.16744358875,1436.54528475875,820.64048544575,755.7583237105,504.13670352273,599.3918649880001,478.2428504325,423.71983804149,987.50617539073,1072.06482655473,1085.71331513425,1922.9627367245,2015.59004566625,1766.16147364475,2408.56060034125,2511.5632515555,2502.94033084575,580.20443181851,240.72281634374,674.56121509198,632.38130886998,2694.1251582105,2536.58819186675,2556.0055695885,2144.317766966,2239.8352277715,2191.6597127705,2330.59655960025,2047.2083536585,2399.27607485925,842.5329392032501,1068.978085334,1774.7303350775,1104.509321856,1602.97577888275,1071.93317046725,1266.4780615145,1506.92953135625
102,2560.8199520965,1984.61967228425,1885.6773698695,817.35133883548,858.7319258305,229.23745070313,2591.7660920095,3012.215225732,2182.76556361925,1005.13672002375,1319.34508290825,2381.17243077425,1794.58111907175,2121.33216627675,540.60717959349,2604.52268329675,1991.9510733705,1797.1158467235,1732.638352852,1010.51430077873,744.1575632614799,685.08902316675,1199.95920856525,2135.73274988725,2597.00347282575,224.53981137861,2796.197461695,2699.186535691,2672.3119292555,1900.79734575525,2515.3971106255,1714.31831631625,2181.67692162725,1049.03572989548,1722.7675638315,2090.95893042575,2339.67882882175,2210.7308315025,1995.1225509545,1041.47356404725,2408.6959038765,2901.4518060705,2625.5127510195,1621.27639757475,1164.1916957205,950.53840368125,467.50191210473,698.13781416675,2512.25406076475,1248.97101436773,2503.52224478725,1896.3630869565,2588.87469740375,2427.510707071,2031.43624890825,2079.10223968925,1907.4203839015,2093.59167935275,1844.97710334125,2545.29701711725,2111.609418897,2461.742656832,2552.3108976225,2499.73685265525,2510.91065666275,1925.719449166,1661.91872125725,2058.1705808405,1082.86611864773,2177.43606455225,2046.700382866,2029.473493262,2631.1293234885,2190.7065296565,2294.0287209075,1977.3283496275,871.94429274625,1113.94872405975,396.17088872824,309.95084685299,2081.446206444,2627.049090817,2236.490698364,2519.34887484275,1823.8316928685,1377.59814813,1306.97047944325,1584.341949992,1579.68586174625,1544.6198767605,1753.752539432,2638.251788576,1278.02274944448,1907.046007874,956.014701647,1056.65731123873,1412.16858974325,2285.464053729,2415.57650030225,2401.249083127,1072.00338539025,1145.07887056698,1193.97812744023,1913.87161296625,1839.34872482325,1983.270209815,1976.3801374815,2038.7707568495,2091.37928790725,2509.47684308025,1888.99191812625,1503.339405061,1377.033321891,1420.3214432915,1563.1298974795,1616.827225872,1500.81368728875,2199.0969022695,2396.008440113,2298.400997949,2229.46905072125,791.8953223929799,606.78660863399,2552.0328341,2443.21849992275,1685.765852838,1497.48810969675,1574.61827055575,1441.699401861,2266.2577868045,2154.95486177225,2410.59093008375,602.73616448823,541.2450542072501,1203.70576500975,842.0768528892501,2162.719669131,2017.6988234975,1654.89443278775,1696.954259064,1719.95819019775,1747.3166892995,1926.0863687415,1386.165611478,1442.202712371,1280.47064049898,981.86357990425,917.96419718373,1168.24233870498,496.93108656801,242.20915441687,150.82279171292998,357.82375417698995,50.0,2290.66943393875,2326.38428559125,1673.478241313,1487.856082483,1221.87752999748,727.2890493817299,555.44753852924,329.37167939750003,209.23480363648,386.10319966526,1319.109738642,1403.76050805675,1294.32557959325,2319.108186524,2339.2179268825003,2089.71277088525,2732.1120529245,2835.114548796,2826.491783429,439.24451907325,263.18685064301,593.3776523612601,432.66959989724,2936.6307252355,2779.093603549,2798.5111366135,2386.8233339910003,2482.3407947965,2434.1652797955,2573.10212662525,2289.7139206835,2734.075274599,1199.02715206525,1425.472298196,2131.2245479395,1514.242601998,1959.46999174475,1428.42738332925,1622.9722743765,1863.42374421825
110,456.63522071398,306.55239487011,1017.38883883723,2536.8406238355,2104.513362077,2459.2462988395,526.38655745201,958.74236499425,861.1960533092299,1302.908111188,1965.92665780575,510.24019473475,519.731481417,632.26045221048,1841.22402250125,314.90162029549003,563.9551141402601,555.30365386048,1042.02029596273,1401.39277386125,1692.78315088375,1643.6931331135,1198.842760221,387.97966552074,767.8545529675,2368.06367747275,803.7495276454799,702.1427056045001,367.79563404548,1307.6339483285,371.93151670374,588.24614073599,191.21346635414,2366.18620499625,560.932728314,1095.6277554675,591.97250262299,383.0836100085,1025.01158214425,2381.350919594,227.053312997,891.432506762,345.81867383198,722.54923139373,1971.304468468,2470.88038341525,2611.02579684,1845.81222596525,654.89062868773,1092.33596803048,446.49848490548,395.58182902024,530.5809670447601,439.81614311099,289.30468933761,270.22727611738003,1017.82706073498,193.82218065086,1113.96169828623,268.31569037298,249.85844269301,562.4657686314899,225.41135877063,307.31599769201,367.69838948398,362.18779805274,636.23710854999,317.97282102751,2362.415881111,143.07244987106,363.96017805201006,1176.22407910725,304.22986541486,157.67014479018,516.884359495,455.97947547026007,2566.80701702425,1346.016967055,2587.1058095095,2500.88576763425,346.3686617315,403.04585553273,557.25343528025,229.72794854311,553.33208095974,927.45346441023,976.01803222175,768.12345126775,800.8517639869799,760.50707701348,971.903158117,754.2753472544799,1162.432283734,588.32626031273,1607.87031824975,1269.2748523855,1882.31295659,625.83838408676,691.97443521775,741.6233762025,2179.5790177885,2060.090306545,2021.82985324825,854.52198196275,794.7204602090001,755.520649303,645.8129389705,834.0331307297299,798.88752947775,488.45430610375,488.72774662601006,795.56599079725,938.54004035675,896.9533135324799,730.4052995112501,659.92870475573,779.34067668073,720.8311405787299,792.72314390773,780.75864530273,722.7809219985,1877.5510799315,1865.37143161775,215.53006858023,116.31890514749,893.98245800325,924.65341134148,952.87701421798,1087.82574662698,1036.09163990898,1002.26342595523,916.573177422,2322.22544948825,1957.0312659125,1073.49196039898,1436.70870533175,276.46986122775,445.02967570826,814.4703521939799,674.4704949259799,651.96156035825,728.2632037669799,562.87929103199,1030.15280579825,895.15374233825,1026.56804193473,1368.85965241425,1419.397153929,1194.65922462075,1925.67144825625,2159.477355253,2249.2278718075,2020.3216304885,2293.400825512,50.0,138.93422464413,680.7638149785,806.73233835275,1377.76141336025,2540.41459448475,1742.503238848,2109.43539711075,2082.226027049,1909.86345933075,1065.006903273,958.6906358585,1012.08512666673,341.84562765798,297.00389855989005,552.38775238249,688.3885839549799,839.89312528798,783.93299362075,2599.2666613505003,2259.78512044025,2693.623401128,2576.19344735025,905.78943905975,811.947971184,760.36687707475,467.52676694473,529.1908047750101,338.12252796873,635.4830375592301,236.78023598987,407.17556176325,1585.6558389715,1718.2564103715,1515.03065576875,1303.61072644625,1486.14933168875,1422.858190399,1365.88670286475,1213.8118982965
111,320.43135616724,376.37532597476,1163.223289017,2598.0144434427502,2254.08901248325,2493.40849970575,622.2585911912399,1054.61439873348,1007.030503489,1335.74865593725,2111.76118876375,592.15460160825,553.8937630614801,778.09498316848,1902.39799745125,326.52669499174,538.89530248849,669.701857751,1187.8547461425,1462.5665934685,1753.956970491,1682.327807095,1260.01666060648,533.81415919648,863.7265867067299,2402.225878339,667.545700381,565.93888455373,463.6676988532601,1453.4684792865,235.72763351587,618.976857537,158.63356188455,2424.71779976875,622.10662869948,1241.46221186098,730.99257588448,528.91810368424,1170.84611310225,2439.8825143665,121.4452221112,987.30454050123,338.26198226226006,829.1723753040001,2029.8360632405,2529.411822845,2645.188153049,1992.14509646525,743.44632337375,1126.49824346125,310.29463899987,465.40474148376006,394.37710871173,531.06133032373,359.12758316000003,272.48339965386,1163.66151091475,273.520679119,1259.796148466,364.1877178985,337.44294071974,653.7109558442299,321.28341115099,212.48606525688,461.70716150148,405.70912620325,670.3993466985,451.6227327037601,2420.9474758835,186.02475131461,338.90036640024,1322.05861006525,400.10191158151,303.5046260385,655.90447003875,449.53298746624,2652.6076334745,1482.9450767845,2687.893739137,2601.67369726175,492.20315540724,498.91792034051,703.08796623825,207.10117096523,614.50597513151,961.615739841,1010.18031386623,802.28573291223,907.47490789725,794.66935244425,1117.73761451048,845.5204909712501,1152.77315231723,563.26644244725,1744.79842797925,1259.58698255998,2028.147487548,764.85845734825,830.9944711969799,880.6434121817299,2238.110612561,2118.6219013175,2080.3614480207502,1000.35643835623,940.55491660248,901.355180261,791.64739536398,979.8675809095,944.72206043575,584.32637712524,552.8641078185101,839.6552147595,982.62934509723,941.04253749473,791.57919989673,704.01792871798,823.4299752075,866.66567153673,931.74325445148,919.77867506825,861.80103254225,2027.126574995,1926.545251225,262.09001898123,212.19095131414,982.45116696298,1061.58144029275,1059.50015812825,1224.75385635648,1175.1116696745,1148.097876135,1055.59321340123,2383.39942443825,2018.20508551975,1129.45667157048,1475.3432239705,422.30435490349,419.96982677423,789.4104597639799,735.64438909775,764.8641304654799,874.09773472498,708.7137847077299,1064.31508744273,929.31602398273,1060.73024280098,1403.0218532805,1453.559510138,1228.82150626523,1986.84542320625,2220.65117486025,2283.39007267375,2081.49545009575,2327.56302637825,139.99450726369002,50.0,711.49457527548,840.8946199972299,1514.68952308975,2601.58856943475,1776.66543971425,2143.597597977,2116.38822791525,1944.02581553975,1126.18080365848,1013.68857453223,1056.17435062898,487.6801151200101,407.82590729298,698.22224605823,784.2606922587299,935.7651528135,879.8050273599799,2660.4406363005,2320.9590953902502,2754.797376078,2610.3556482165,769.58553723075,675.7441501332299,624.1630125280101,331.32290239799,392.98694644198,201.91866342199,499.27917301249,100.57638387055,485.13645836699,1644.187433744,1864.0909413295,1660.86518672675,1449.4451020615,1631.983707304,1568.69256601425,1511.72123382275,1359.6464292545
113,948.07102021848,375.72281186024,1072.45706699848,2201.9222762065,1892.05838401125,1841.21159508125,1118.99425657975,1539.44339030225,972.23730037225,741.8091661315,1818.368288351,908.40052077998,228.08900175238003,804.996072436,1506.305830215,995.62578559048,450.97976906151007,497.5364199825,934.78206932698,1017.97641968225,1315.182052551,1069.95161834825,815.426406042,665.3326875645,1173.94217488798,1750.0289737145,1183.44837447423,1086.43744847023,1063.41510611375,1362.70217648975,902.64809796925,116.0004587237,568.92783440648,2165.9859057925,285.66853809239,1150.69598362875,931.06712202525,736.41426776675,1080.0798103055,2181.150775733,795.94697199848,1428.67997064075,1012.76373836325,626.24639492649,1756.64051649725,2270.6800842115,1992.99109308175,1596.052929229,1085.7603094229798,474.30126427223,890.77331290923,287.46628245588005,976.1256847475,941.70250806125,422.5394257665,466.353227033,1072.895208118,484.694856211,1169.02984566925,936.40011941098,502.71259575525,988.97082140225,943.41415525898,886.9877654344799,902.01375895648,315.39638695424003,107.956376169,449.27372041649,2171.028020772,567.1130769050101,435.17822996699,1231.2923072685,1022.2326556895,581.80963195023,885.4170141110001,365.80623401075,2256.5153108955,1060.8744754375,2035.69667916975,1949.4766372945,565.68555781074,1018.15219311073,837.9185635927299,910.45213247923,355.93742716374,309.41879793424,399.80420030799,102.1093993332,632.5089198322501,226.65612022638,841.87770348375,1113.74017952473,515.25322333774,366.07466628275,1353.55714879725,647.21086837775,1734.75458713525,935.95521777498,1007.18157742023,1051.74016639475,1964.91506581775,1845.42635457425,1807.1659012775,844.7653698635,764.9312385334799,808.36848897398,702.6414366102299,889.10127811275,880.85110543848,1036.7050076505,404.1001232810101,395.88486544323,473.129277788,497.27218196475,377.02221668173,308.65264749124003,313.92993275311,862.7800833309799,1043.591973129,945.984530965,925.64472799375,1582.536245866,1530.45308398875,943.13593639373,834.3216767810001,710.770131254,749.48411081623,786.304611385,912.65644610173,1179.88201561973,1085.7455518617298,1109.41240507425,1987.307257202,1622.1129182835,561.44345799374,862.96703522375,553.82288327151,476.72756268448,195.52085362211,454.16643295275,561.92925205525,663.0787450402299,588.78774012701,404.6635514352601,320.91546009963,408.5332946805101,750.8249486560001,801.36245017075,576.6245208625,1487.60209708675,1763.45540293975,1631.19316804925,1624.29967817525,1675.36612175375,681.77253623248,713.63519837048,50.0,192.71678028299,1174.93193811275,2366.8148771055,1124.46853508975,1491.4006933525,1464.19132329075,1291.82883635073,681.590549094,569.91825628451,546.6743206020101,710.21128881773,730.32110374075,720.66624114275,1259.34014293023,1362.342868709,1353.7197926565,2078.77042757525,1863.763168127,2232.903523581,1958.158743592,1323.88171257925,1166.34467167098,1185.76212395725,774.07432133475,869.59178214025,821.4162671392501,960.353113969,676.96490802725,1125.17837689273,1370.99188700075,1571.106747692,1570.09888393,1131.20893779048,1541.21740450725,1266.833175041,1361.34665565325,1268.88012645775
115,1077.08185057325,500.88149619648,994.18964186673,2016.54198603825,1706.678093843,1655.831304913,1244.15290363373,1664.60211192075,1054.99126024498,556.42891324551,1756.0836127385,1033.55924239848,310.84298026624003,887.75010687325,1320.92554004675,1120.78442643075,567.6751069745101,580.29037985523,872.4973937144799,915.4972735355,1129.80176238275,884.57132818,712.94725989525,790.49133461848,1299.10089650648,1564.64868354625,1312.459204829,1215.4483596032298,1188.57382773225,1361.4608325745,1031.65900910225,230.58023343413,697.93866476125,1980.60561562425,368.42251660625,1205.56925663875,1056.2257690792298,861.57298938525,1120.24810869323,1995.77048556475,924.95780235325,1553.83869225925,1141.77457493173,529.56828765751,1694.35584088475,2085.29979404325,1807.6108029135,1410.67263906075,1210.91903104148,288.92099274511,1019.784143264,412.62498543325,1105.13652131598,1066.86122967975,547.698147385,595.36410088374,1109.34902523225,609.85354054724,1090.2901785775,1061.55884102948,627.87128009149,1114.12946845623,1068.57279609925,1015.99867656748,1027.17239979675,441.98122958226,178.18054516948,574.43240475273,1985.64773060375,693.697963029,562.96220677823,1286.16566105673,1147.39130274348,706.96835356873,1010.57566116498,493.59021082199,2071.13502072725,958.39532929075,1850.31654434425,1764.096502469,701.60405772573,1143.31091472923,920.67251725175,1035.6107733195,438.69138082276,124.03853262083,214.423947422,103.8401039795,570.2242442197501,114.39277932169,779.59302787125,1238.89890114323,329.87297045175,525.68005862501,1251.0780026505,461.83061549176006,1672.46991152275,1024.023757597,1132.34029903873,1139.80871243048,1919.94955340275,1783.14167896175,1744.881225665,852.5309539360001,778.0079912284799,891.12252341123,785.39539026925,971.85531255,963.6050590975,1161.86365470448,486.854120436,329.42150713799,319.30842070975,434.98750635225,386.11069961323,360.90590967974,232.35752847801,945.53403699,1126.34600756625,1028.7384908377298,1008.398762431,1504.43006650875,1345.0727938205,1068.294577234,959.48032383498,648.48549292376,687.19943520373,724.0199357725,850.3717704892299,1262.63596927875,1146.11578342323,1192.16636494698,1801.92696703375,1436.73262811525,357.96445742623,677.5868258337299,678.98156760775,620.51409210874,355.12622732324,521.12017103748,619.5472388327399,685.6446841835,671.541737282,227.59215971449,135.53520099993,223.15304800823,565.44465848775,615.98219728476,391.24426797651006,1302.2218069185,1578.0751127715,1445.812877881,1438.919388007,1489.9858315855,806.9312578509799,842.6461095034799,192.97643258276,50.0,1072.452791966,2181.43458693725,939.0882449215,1306.02040318425,1278.81111390073,1106.44854618248,578.91718722749,507.63358067201005,408.75485693798,835.3700104362299,855.47975079473,803.42020101548,1384.4987837705,1487.50143498475,1478.878514275,1893.390137407,1678.38287795875,2047.52323341275,1772.77845342375,1452.8924683695,1295.35558280398,1314.77303509025,903.08515790323,998.60269327325,950.42710370773,1089.364025102,805.97581916025,1250.337017733,1308.70721138825,1508.8220720795,1610.2671015395,1068.92426217798,1515.55757837675,1204.5484994285,1299.06198004075,1309.04834406725
121,1775.64359510475,1137.44586842475,688.3385635894799,1296.41797187123,842.8633532325,1254.42299808625,1649.8130160925,2001.33610561175,988.36622741925,618.65673341151,767.9646164127299,1430.0893954115,1082.53003150125,1114.318905833,641.8333311187399,1713.70812999425,1355.336289313,839.8856688359799,578.81679852873,213.07030933963003,482.78021953499,535.55477471023,363.98685972275,1121.971089698,1596.299613516,1294.514010349,2085.1063923195,1988.0954663155,1717.2187208015,846.9619971267299,1715.36750124975,1143.12512480023,1423.56981553675,1041.21258822725,999.95813954523,893.6200433675,1360.77064473625,1196.96925209148,797.783819239,1056.37738360323,1601.0851022725,1890.57268595025,1744.625220813,675.3057728927299,646.330851699,1145.90669208173,1486.8851902955,584.16214255623,1538.2359111065,1058.07908265125,1774.6091677325,1119.89361653773,1859.96146500625,1499.496846797,1193.09904281798,1346.027530362,710.0815776214799,1247.63382397573,647.63825356526,1590.20380866325,1187.90702208473,1501.1997140225,1583.833047143,1692.1258957085,1555.81744820875,1229.64241192075,1066.23590054648,1127.0653998415,1037.442264342,1341.0133770775,1350.62334562075,920.23445069675,1662.65162835175,1222.22860461248,1323.50951135025,1281.25139316048,1241.83348103348,115.14552057851,1387.7150000665,1301.49495819125,1077.43665341425,1671.955882363,1200.3244193705,1628.534476883,946.19292637098,1036.7074185699798,895.80222375498,1168.28505796123,581.57510167999,1082.4391559925,619.94025599024,1452.2723401115,878.61774272173,1472.40926545125,255.39509442399,670.7777616375,684.3509151969799,1266.96723583425,1408.45279116325,1305.787544402,854.6054010195,735.1167705542299,731.59701452473,805.1622146139799,730.1911626372299,874.11256685075,917.39781751723,861.94301581575,964.69440323873,1567.70707160825,931.76181480325,785.0555003322501,807.2687368685,681.0551634129799,844.8460735289799,915.93790635273,923.16476176823,1070.601106386,1210.0289916485,1112.42147491998,1172.84141616148,615.90091574425,589.29691637925,1583.55482827775,1474.74064944325,551.6047068620001,486.04412605524,425.41956112973,366.71766720726,1068.91889974625,957.615974714,1176.1487378735,1081.80279752398,716.60853317,738.00528821225,557.37813822624,1176.41577206075,1408.175193669,1369.68390104575,813.045933741,760.61519556748,692.6692833385,867.10420411998,1188.86059044875,978.03344906025,980.20879436673,843.55882272425,953.88386514525,1045.68863422575,715.66863496798,960.08654581,1175.67820468375,820.9308210455,1219.85115838825,1377.3399684795,1513.5917158755,1174.6472756302298,1071.799109674,50.0,1299.99194252048,668.95357172425,1129.82545525898,1008.67644070348,836.31387298523,467.6710368635101,608.5596535002301,658.5658828099799,1232.75245455398,1299.06190547623,1074.24723684948,1721.17281516,1800.09267984175,1815.612507966,1399.87600725025,1060.39439177548,1494.23274702775,1452.05284080575,2207.717492838,2068.00268951625,2069.59805955875,1675.7322646155,1771.249725421,1648.988767461,1862.01105724975,1538.2607659465,1765.59726877675,323.08010539749,568.85850804401,1119.85167399523,316.90371493975,958.50648013523,414.9943103385101,568.76825390626,814.19539552648
126,2838.110799758,2224.48037364775,1845.69323341875,138.79226001176,627.25577483373,542.60402986651,2807.1677667,3158.6907008765,2145.72097802675,1506.34109301925,1032.42648306548,2587.444146019,2065.8314638995,2294.46259320825,748.73201578525,2853.195202154,2328.70386353425,1993.360653484,1739.5918050275,1141.4410540474798,919.34946305,1376.1674414025,1347.288292121,2331.97755664775,2753.6543641235003,687.1626935365,3073.487998671,2976.477072667,2870.693630885,1847.201145493,2792.687958287,2126.42647642025,2458.96745860325,493.53941374274,2005.179751275,2050.974793975,2518.125240001,2406.97579360575,1955.1385698465,399.91254876926007,2688.1196074955,3047.927281215,2884.11213763,1817.52120433525,920.53767974475,303.45774981026,700.8747235144799,818.3362118704799,2695.590661714,1940.049507168,2780.812937106,2173.65377927525,2866.1653897225,2656.8515974045,2280.1336226055,2356.392932008,1867.4364027935,2334.66840376325,1806.2145822765,2743.6788740895,2345.5652316475,2658.55446463,2737.3079572265,2779.1604009315,2709.292513635,2203.009986142,2049.53740750925,2292.126393591,588.20143930625,2428.0478823005,2323.99107518475,2047.75407273925,2816.1263830925,2375.7035892605,2480.86426195775,2254.61904194625,220.98331368188,1210.04833492773,492.03996474151006,467.748826299,2277.6910132045,2825.4307924465,2380.46810674575,2768.0213937,2033.2275061585,2068.67656636575,1808.1750077815,2275.4203682277503,1765.64884256975,2045.824249756,1849.029840346,2609.627090719,1765.70165910475,2445.7768396725,1076.2130185725,1557.86175879875,1081.5132386379798,2424.32198644175,2565.80754177075,2463.1422950095,768.17906397225,854.90847472475,907.00927111098,1965.9373764555,2011.31128496025,2054.256254226,2135.22229361075,2019.29776642325,2122.04922841075,2725.061666873,2085.23672488675,1768.3569327305,1771.53011908475,1664.356515033,1828.14758049175,1899.23925797275,1906.46611338825,2227.9558569935,2367.383742256,2269.776300092,2330.19608599075,863.60837087398,724.9675265475,2737.029893704,2628.2157148695,1820.155972718,1662.00571319725,1693.9707462075,1542.6793351275,2241.14367975475,2114.9707253215,2333.503488481,229.19081059587,583.325075041,1691.74950022525,1343.28122588475,2329.89068214425,2381.542923233,2345.9728510235,1900.08059430675,1916.20299695825,1943.56149606,2122.33133084475,2077.24402971375,1923.43917293875,1971.54913329925,1672.94199814,1609.042689984,1859.3206761625,894.1016058925001,618.72473625375,742.1003592232299,754.9942735014799,727.1596488709799,2539.34179745325,2600.6262210985,2364.5568148915,2178.93450071875,1299.41298009123,50.0,1246.52599404725,954.75409523075,904.21745120798,1077.18166139698,1507.30235395625,1591.86100512025,1641.86738977275,2442.75899606825,2535.38630501,2254.3909987892503,2878.5275657675,2957.447585792,2972.9672585735,401.26003527873,655.09761979525,250.87500564901,600.384815846,3213.9212622115,3056.3844512105,3075.8016735895,2664.113870967,2759.631642458,2711.4558167715,2850.392818944,2567.00461300225,2919.072334203,1195.58157530573,1278.7227984405,2073.06096014175,1531.9606853775,1901.306403947,1446.7079628065,1641.25285385375,1881.70416835275
132,2010.206642665,1434.00636285275,1335.064060438,1141.91780094723,966.02242840848,721.41188634275,2041.152782578,2461.6019163005,1632.15225418775,454.52341059225,1377.733607008,1830.55912134275,1243.96780964025,1570.71885684525,512.4863328392601,2053.90937386525,1500.80001712675,1246.50246272748,1182.02512419873,459.90099134723,345.66126813026005,134.47574480379998,649.34589913375,1585.11944045575,2046.39016339425,630.22922769374,2245.5841522635,2148.5732262595,2121.698619824,1493.68749397525,1964.783801194,1163.7050876629798,1631.06361219575,1239.95002475425,1172.15433517823,1540.34562099425,1789.06551939025,1660.11767741375,1444.50939686575,1255.11482013023,1858.08274978775,2350.838496639,2074.899441588,1070.66308814325,1136.60849643773,1275.10494657123,873.19138434325,670.01704819075,1961.64075133325,698.35770493623,1952.90893535575,1345.749777525,2038.26138797225,1876.8973976395,1480.82293947675,1528.48893025775,1356.80707447,1542.97836992125,1294.36379390975,1994.68370768575,1560.9961094655,1911.1293474005,2001.697588191,1949.12354322375,1960.29734723125,1375.1061397345,1111.30541182575,1507.557271409,1244.99213973375,1626.82275512075,1496.0870734345,1566.9600283235,2080.51616939975,1640.093220225,1743.415411476,1426.715040196,1196.51083563623,563.33541462825,915.89705120948,829.67700933423,1530.8328970125,2076.4357813855,1685.8773889325,1968.73556541125,1273.218383437,826.98476413398,756.35725078998,1033.72872133873,1029.0724777502298,994.00649276448,1203.13931077873,2087.6384791445003,727.40944001298,1378.966407072,753.84768866373,506.04400180723,1333.95941814275,1734.8507442975,1864.96319087075,1850.6357736955,1179.29388796823,1225.39440907925,1252.36665153998,1363.25830353475,1288.73541539175,1432.6569003835,1425.76682805,1488.157447418,1540.76597847575,1958.86353364875,1338.37860869475,952.7260956295,826.4200124595,869.70813386,1012.51666882623,1066.2139164405,950.20037785725,1648.483592838,1845.3951306815,1747.7876885175,1678.85574128975,763.77447563875,578.66580537573,2001.4195246685,1892.60519049125,1135.1525434065,946.87488104348,1024.00488655973,891.0860178649799,1715.644477373,1604.34155234075,1859.97762065225,927.3027011645,672.6692149615,653.09245557825,291.46354345775,1612.1063596995,1489.61937803825,1126.8149873285,1146.34087506798,1169.34488076625,1196.703379868,1375.47305931,913.07159649425,891.5893283749799,729.8573310674799,431.25027047275,444.87029404676,666.9951656750001,367.80235106599,643.65565691899,511.39342202849,504.49993215449,555.56637573299,1740.05612450725,1775.77097615975,1122.86501265973,937.2427730515,671.2642205659799,1247.015168367,50.0,465.54066639001,344.39165183451,172.02910275739,768.4965099887299,853.14727940348,743.71227016175,1768.4948770925,1788.604617451,1539.09946145375,2181.49858815025,2284.5013947072503,2275.8784739975,958.97064427223,743.9634593885,1113.1038148425,838.3590348535,2386.017415804,2228.48044946025,2247.897827182,1836.2100245595,1931.727485365,1883.551970364,2022.48881719375,1739.100611252,2183.46180982475,972.688571061,1218.46705448575,1766.57717084375,963.62921800198,1605.23197698375,1085.48379932798,1215.49379425075,1460.920892375
133,2376.875184281,1800.674749126,1796.0856136055,1070.2900356359798,1060.312445368,429.48239541323,2543.94615656325,2964.3954456285,2093.17380735525,915.54496375975,1472.023549403,2333.3524953280003,1610.6361959135,2031.74041001275,606.7762752342601,2420.5777601385003,1764.75282558775,1707.52393511675,1643.046596588,920.92254451473,654.56572621925,595.49726690275,1110.36745230125,2046.14099362325,2507.41171656175,338.29973055051005,2612.2526938795,2515.24161253275,2488.36716144,1954.70904714275,2331.45234281,1530.37354850075,1997.731998469,1334.23996714925,1637.64191163,2001.36717416175,2250.08707255775,2121.1390752385,1905.5307946905,1294.41234162598,2224.751136061,2853.632025967,2441.56782786125,1531.68464131075,1230.89843883273,1203.47718125998,581.2618499177601,764.30699058575,2422.66230450075,1079.2422021975,2319.57747697175,1712.418319141,2404.9297742455,2366.65440804475,1847.49148109275,1895.157316531,1817.8286276375,1909.6467561945,1755.38534707725,2361.352093959,1927.66449573875,2413.9227213857503,2368.366129807,2315.791929497,2326.9657335045,1741.77452600775,1477.973798099,1874.22565768225,1339.28208212875,1993.491141394,1862.75545970775,2027.981581491,2447.184555673,2006.76160649825,2204.4369646435,1793.38342646925,1124.88307032498,1024.35696779575,623.9675167839899,537.74747490874,2001.39731065525,2443.10416765875,2146.8989421,2335.40410702725,1738.48467724825,1193.65322497175,1217.37872317925,1400.3971821765,1490.0939501395,1388.27035039775,1664.160783168,2548.660032312,1104.10722025448,1679.84776009125,1022.18380350148,967.06555497473,1478.33776616225,2195.872297465,2325.98474403825,2311.657326863,1273.58383036323,1319.68435147425,1346.65651315675,1824.27985670225,1749.75696855925,1893.678453551,1886.7883812175,1949.1790005855,2001.78753164325,2461.656907634,1786.64745414375,1413.747648797,1287.44149106248,1330.7296870275,1473.5381412155,1531.70141832775,1411.9869940685,2109.5051460055,2306.416683849,2208.80908634225,2139.87729445725,858.06441803375,672.9557477707299,2368.08791094175,2259.2735767645,1596.174096574,1407.89635343275,1485.026358949,1352.107645597,2176.6660305405,2065.36310550825,2320.99917381975,855.67493585325,766.9591573565,1114.11400874575,752.48509662525,1978.7749013155,1790.50057571475,1427.69634034775,1607.3625028,1630.36643393375,1657.7249330355,1836.4946124775,1158.96736369525,1258.25778921275,1096.52579190525,795.9581566764799,690.7660239655,941.04409092223,462.09229346099,495.14795063673,214.78313714226,598.78991183175,329.63265521750003,2106.7245107805,2142.439362433,1489.5334734975,1303.91115932475,1132.28577373348,955.08567743748,465.85574498298,50.0,123.54726428081,296.51142476013,1229.517982378,1314.16875179275,1204.73374876473,2135.16326336575,2155.27300372425,2000.12101462125,2684.2919621355,2787.2947686925,2778.67169264,667.041147129,513.4862741210101,821.17432391298,546.4295004280101,2752.6856467345,2595.1488357335,2614.566368798,2202.87841083275,2298.396026981,2250.22035663725,2389.15735880975,2105.76899752525,2550.13035144075,1265.19632848425,1491.641474615,2197.39356901575,1424.650845734,2025.639012821,1494.59655974825,1676.51534741825,1921.9424455425
134,2349.66985313075,1773.46941797575,1674.52727090375,948.7300587285,938.75402810173,379.18431435849,2380.615837701,2801.0649714235,1971.61530931075,793.98654649348,1350.46520670125,2170.02217646575,1583.431020106,1910.18191196825,485.21785796799,2393.3724289882502,1780.800819062,1585.965592415,1521.48825388625,799.36412103475,533.00734623524,473.93884963648,988.80903503498,1924.58249557875,2385.85321851725,288.00165570948,2585.0472073865,2488.0362813825,2461.16183028975,1833.150704441,2304.24701165975,1503.1682173505,1970.52666731875,1212.68154988298,1511.61746486575,1879.80867611725,2128.52857451325,1999.58073253675,1783.97245198875,1172.8523647185,2197.54580491075,2690.301551762,2414.362496711,1410.126298609,1109.34001535275,1081.9172043525,530.96377507673,642.74852982351,2301.103961799,1037.82083462375,2292.3721458215,1685.21298799075,2377.72444309525,2216.36060810525,1820.2861499425,1867.9521407235,1696.27028493575,1882.441580387,1633.82684903275,2334.14676280875,1900.45931993125,2250.5924025235,2341.16079865675,2288.58659834675,2299.76040235425,1714.5691948575,1450.76846694875,1847.020326532,1217.72366486248,1966.2859655865,1835.5501285575,1906.4230834465,2419.97922452275,1979.556275348,2082.878466599,1766.17825066175,1003.3230934175,902.79855052948,573.66947301151,487.4494311362601,1870.29610747825,2415.8988365085,2025.3404440555,2308.198775877,1612.68143856,1166.4478938215,1095.8203059129798,1373.19185102625,1368.53560743775,1333.469622452,1542.60244046625,2427.10168961025,1066.8725697005,1695.8957535655,900.6253800215001,845.5071314947501,1356.77926811775,2074.3137994205,2204.42624599375,2190.0988288185,1152.02540688325,1198.12593420798,1225.098170455,1702.72135865775,1628.19847051475,1772.1199555065,1765.229883173,1827.620502541,1880.2291889415,2298.3265887717503,1677.8418191605,1292.18923153073,1165.8830675825,1209.17126976123,1351.97979851375,1405.6769715635,1289.66343298025,1987.946647961,2184.8581858045,2087.2507436405,2018.3189517555,736.5060007674799,551.39732429075,2340.8825797915,2232.06824561425,1474.6155985295,1286.338010731,1363.46801624725,1230.5491475525,2055.107532496,1943.80460746375,2199.440831118,734.11496515948,645.40074009023,992.55559147948,630.92663586301,1951.56957016525,1806.548569189,1443.744333822,1485.8040047555,1508.80793588925,1536.16659033375,1714.93626977575,1175.0153571695,1231.0524580625,1069.320460755,770.71340637398,706.81401743975,957.09208439648,340.53386998101,373.58797372925,169.16585004423,477.23149456548,208.07270316486,2079.51917963025,2115.23403128275,1462.32814234725,1276.7058281745,1010.7273502535,904.787633665,344.297321503,123.31307576462,50.0,174.95300749386,1107.95956511173,1192.6103345264798,1083.17532528475,2107.9579322155,2128.067672574,1878.5626719195,2520.961798616,2623.964605173,2615.3415291205,616.74306607426,391.92630342724,770.87620557598,496.13146286924,2725.480470927,2567.94350458325,2587.360882305,2175.6730796825,2271.19069583075,2223.015025487,2361.9520276595,2078.56382171775,2522.9250202905,1143.63791121798,1370.0829765705,2075.835226314,1303.0923476895,1904.08067011925,1373.03806170375,1554.95684937375,1800.38410284075
135,2177.39909297775,1601.19865782275,1502.25651075075,1061.28932135823,885.39394881948,552.33462516199,2208.345077548,2628.7942112705,1799.3447045005,621.71578634048,1297.105127419,1997.75141631275,1411.160259953,1737.91115181525,431.857815968,2221.10166883525,1667.99231209675,1413.694832262,1349.21749373325,627.09336088175,479.64726695299,301.66810812461,816.53827488198,1752.3118907685,2213.58245836425,461.15196651298,2412.7764472335,2315.7655212295,2288.89107013675,1660.879944288,2131.97625150675,1330.8974571975,1798.25590716575,1159.32147060073,1339.34670471275,1707.53791596425,1956.25781436025,1827.30997238375,1611.70169183575,1174.48634054123,2025.27504475775,2518.03094695175,2242.09189190075,1237.85546389148,1055.9799360705,1194.476386204,704.1140858802299,589.38849403723,2128.833201646,865.55007447075,2120.1013856685,1512.94222783775,2205.453838285,2044.08984795225,1648.0153897895,1695.6813805705,1523.99952478275,1710.170820234,1461.55608887975,2161.87600265575,1728.18855977825,2078.3216423705,2168.89003850375,2116.31583819375,2127.4896422012503,1542.2984347045,1278.4977875739798,1674.749566379,1164.36358558023,1794.0152054335,1663.2793684045,1734.1523232935,2247.70846436975,1807.285515195,1910.607706446,1593.90749050875,1115.882275269,730.52779037648,746.8198273109799,660.5997854357299,1698.02534732525,2243.6280763555,1853.0696839025,2135.928015724,1440.410678407,994.1771336685,923.5496203245,1200.92109087325,1196.26484728475,1161.198862299,1370.33168031325,2254.83092945725,894.6018095475,1546.15885738475,847.26530073925,673.23637134175,1303.41934417825,1902.04319461025,2032.15548584075,2017.8280686655,1098.66540837923,1144.76585492573,1171.73809117275,1530.45059850475,1455.92771036175,1599.8491953535,1592.95912302,1655.349742388,1707.9584287885,2126.05582861875,1505.5710590075,1119.91847137773,993.61238820773,1036.90050960823,1179.70903836075,1233.40629218873,1117.39275360548,1815.67604315075,2012.5874256515,1914.9799834875,1846.0481916025,683.14599604975,498.03728229076006,2168.6118196385,2059.797640804,1302.34491915473,1114.067250578,1191.19725609425,1058.2783873995,1882.836772343,1771.53384731075,2027.170070965,846.6741470109799,592.04066080798,820.2848313264799,458.65591920598,1779.29881001225,1656.81167300825,1294.00736307673,1313.5332446025,1336.53717573625,1363.89583018075,1542.66550962275,1080.26397224248,1058.7816979095,897.049700602,598.44264622098,612.06266979499,834.18754142323,287.17380933989,563.02714004773,342.31616084773003,423.87141528323,386.48915183449,1907.24841947725,1942.96327112975,1290.05738219425,1104.43514879973,838.4565901005,1077.9379444685,172.02659863226,296.46340520925,175.31437201262,50.0,935.68887952325,1020.339648938,910.90464590998,1935.6871720625,1955.796912421,1706.2919117665,2348.691038463,2451.69368967725,2443.0707689675,789.8934203737299,570.34273345574,944.026590944,669.28173639048,2553.209710774,2395.67274443025,2415.09027749475,2003.40247487225,2098.91993567775,2050.744265334,2189.6812675065003,1906.29306156475,2350.6542601375,1090.27783193573,1316.72289728825,1933.7696211565,1130.8215875365,1772.4244272965,1252.6761688625,1382.6862445635,1628.11334268775
136,1362.27374118525,748.6433958532299,589.25105298574,1503.97242676725,1160.04692124323,1420.945610461,1312.17399554,1732.6231292625,903.17346714975,344.83892710773,1201.440091001,1101.5802597402298,589.9944426090101,841.73999524273,808.35598077575,1377.35814358125,852.86696030425,517.52363219351,444.9019466855,368.524576793,659.91503459373,675.8368897549799,165.97461907614002,856.1406534177501,1317.4112210135,1394.163277619,1597.651095441,1500.640169437,1394.856727655,933.86539175923,1316.85089971425,650.58953590799,983.13048080873,1433.974517589,529.34277348048,869.979051616,1060.08665778773,931.138735033,774.1428274875,1449.13923218675,1212.2827042655,1621.859709601,1408.27507905725,341.68430110525003,1139.71224458273,1538.668696008,1637.12539698625,898.10307978975,1232.66196429525,574.878157667,1304.976033876,697.81680148073,1390.32833114975,1147.9186106015,804.29664481098,880.5559542134799,671.82764872023,858.83142596873,662.69481232675,1267.84174095223,869.72825385298,1182.15048579798,1261.4710539965,1303.3234977015,1233.45538049773,727.173082912,573.7003489365001,816.28933501825,1439.0166325685,952.2109790705,848.154016612,885.5024526235001,1340.2894798625,899.86653068775,1014.43654987348,778.78206415173,1558.56546145625,411.42271332648,1554.237767784,1468.017570566,801.8541099745,1349.5938892165,956.89852732998,1292.18441590548,557.39048486801,544.07974870925,403.17451661199,675.6573881005,289.81182127926,589.90356710026,466.01609598324,1358.6596921065,381.60882322226,969.93986187798,704.105305908,396.95999261598,1117.82638978525,1005.87188269498,1135.98432926823,1121.6569120929798,1347.986713125,1228.49815722425,1190.23762936298,634.2794792144899,559.75655378923,703.6780387809799,696.7879664474799,759.1785858154799,811.78719143775,1229.88467204623,609.39978437449,292.51997357711,314.64109186261,188.51957452074,352.310521919,423.40231746049,430.62917287599,919.5048058,1116.41626907898,1018.80882691498,949.87695425175,933.0845583195,832.50331532773,1261.19283513125,1152.37858173223,395.89189314924,209.75170353025,287.94718632762,235.82825833561,1110.81818239723,873.52622874773,1130.99883361425,1289.35740776275,924.16306884425,245.37759971039003,478.63947775551,854.05370434973,905.70594543848,877.14827487125,424.243535734,440.36605644599,467.72459283,646.4943095542601,696.2328460235,485.4978601680101,496.272862054,569.74105370273,680.06609612373,574.17546784423,892.8034065307501,1126.60923896298,1275.32747195375,987.45351419848,1319.50042565825,1063.50489422325,1124.78924330398,682.11172402025,579.17140253101,468.54216172325,1507.54655275925,768.60283899425,1229.47464175075,1108.32562719525,935.96314025523,50.0,116.02408324912,165.93823159038,966.9219374955,1059.54940178,810.12067441575,1452.51980111225,1555.5224523265,1546.89953161675,1566.398619625,1226.91700415023,1660.7553594025,1602.2930474965,1738.0843589815,1580.54739263775,1599.9647703595,1188.27704851523,1283.79450932073,1235.6189135415,1374.55576037125,1091.16763520773,1443.23527563025,754.0636150862299,954.17847577748,1171.08005928375,487.99511293475,1087.96213756148,649.90494040874,780.9057548869799,827.52955115823
138,1251.55374292923,643.43638752051,591.75533345849,1587.77176256925,1243.84625704523,1504.744946263,1206.96695613873,1627.416009083,797.96642774848,428.69142741249,1281.02070917673,996.37321412525,479.27448163525,736.53294962775,892.1552420132299,1272.15102340175,742.14696204823,412.31659279224,447.40622715825,452.32387531274,743.7142896175,759.63614477875,249.77391759588,750.93361401648,1212.20425617675,1478.0157406415,1486.9311717495,1389.9202457455,1289.64976281825,936.36967223198,1206.13090145823,539.8696122164899,872.4105571172299,1517.77369804825,418.62280629301006,882.1107797982299,954.87969295098,825.93177019625,796.7896256390001,1532.93856798875,1099.42969470923,1516.65274476425,1303.0681142205,236.47726170398,1219.29285654475,1622.46787646725,1720.97786000875,981.90241559175,1127.45492489398,521.18852184748,1194.25603561998,587.09683429326,1279.60840745825,1042.71164576475,699.089599196,769.83594974375,674.3319291929799,753.62438035375,665.1990927995,1162.63477611548,764.521208238,1076.94352096123,1156.26401459523,1190.47056270975,1128.24833488275,616.45312193824,462.980425245,711.0823701815,1522.8159683705,847.0039396692299,737.4340929205,888.0067330962501,1235.08251502575,794.659565851,909.22958503673,668.062059682,1642.36479725825,495.22196835025,1638.03694824325,1551.816906368,696.6470705732299,1244.386769037,851.691481715,1186.9773702905,452.183482749,436.14003149676006,301.65682402725,605.38160802476,184.60480051912,479.1836061265,392.70814348799,1253.45265270523,329.40632083075,859.2199381864799,787.90464171,418.62273172849,1197.40700796098,900.66491785823,1030.77728365325,1016.449866478,1427.56740586525,1308.07869462175,1269.818241325,529.0724335995101,454.5495081742501,598.470993166,591.5809208325,653.9715402005,706.58015203648,1124.67770720948,504.19278225548,181.80000638964003,228.54751762699,77.79960733327,241.59056094524,312.68237512786,319.90923054336,814.2977663987299,1011.209223464,913.6017813,844.6699148504799,1016.88381955698,916.3025703515,1155.98579572998,1047.17153611725,290.68484753426003,174.67053223726,290.45146680037,359.68700968501,1005.61113678225,822.657300369,1025.79179421298,1373.156588222,1007.96240464625,245.20854951613003,562.4919407780101,748.84673951298,794.98594096875,766.42835117975,319.03653361499,335.15901083101005,362.51755342873,541.28727015299,626.3969593335,374.7779364765101,442.58322623448,624.45323628098,734.77827870198,521.97295923901,976.60274233275,1210.40849398675,1359.17993497625,1071.25276922225,1403.35288868075,958.29785482198,1019.582197689,571.3917630464899,508.89566595124,609.2794310255,1591.3457332185,852.45530201675,1313.32710477325,1192.17817099598,1019.81560327773,115.93806064788,50.0,126.85256653708,861.71489809423,954.34236237873,704.91363501448,1347.3128362755,1450.31548748975,1441.69256678,1650.197955427,1310.716259174,1744.5546952045,1686.145510519,1627.36443529,1469.82746894625,1489.244846668,1077.5570440455,1173.07458562923,1124.89898985,1263.83583667975,980.447630738,1338.0283107935,833.6442270482501,1033.7590877395,1173.5843397565,567.57573111048,1090.46649259875,729.4855150885,860.48629228448,830.0339061955
139,1279.96018422248,696.45700561175,664.9505443995,1637.99655912825,1294.07105360423,1460.4340481965,1302.64356248475,1723.09269620725,893.6430340945,319.92701418138,1354.2159574,1092.0499012495,500.22916849326,832.209636752,942.38011313675,1325.17167877525,770.5534033414799,507.99324263423,520.60148159523,502.548709154,752.7476258727501,660.71209824398,299.99871415488,846.6102203625001,1307.880943301,1369.251271487,1515.33761304275,1418.32668703875,1378.24437397,1009.56484589073,1234.53726197325,499.47968322048,900.81699841048,1567.99864995,459.65146739476006,977.78746692248,1050.556299297,921.60838275598,849.842281619,1583.16336454775,1127.83613600248,1612.32927654575,1356.08861425125,332.15390533226,1292.4880302035,1672.69267302625,1612.21339085425,1032.12721215075,1223.13161201823,423.58511859498,1222.662396135,615.5032755865101,1308.0148487515,1138.38825832448,752.11018000498,798.2423910370001,747.52710285173,806.6449611627299,738.3942664582501,1251.22938726723,817.5417890469799,1172.62012730725,1258.243342337,1218.87692943848,1216.8429460345,644.85952594923,438.01525461024,764.1029509904799,1573.0407649295,900.0245142645,765.84045964923,961.20198753323,1337.061768203,896.63881902825,1004.90619138275,696.46850097525,1692.58959381725,545.4468021915101,1654.919132285,1568.69909040975,792.3237576974799,1332.98138018875,947.36816883925,1239.99795109948,560.71552186724,342.30349730675,207.82030847837,505.08456148726,284.71500701063,409.226241406,541.71562467926,1349.12925905125,231.80291757825,887.6262987015,838.129438269,292.90623021813,1270.60218161973,996.34152420425,1126.4539707775,1112.12655360225,1500.762579524,1381.27402362325,1343.01341498375,624.7490834415,550.22615801624,694.1476057257299,687.25760795675,749.64822732475,802.2568391607299,1220.3543135555,599.8694258837601,240.28529038151,144.06830253163,157.2673223983,300.07584493711,353.71101758848,269.03117422464004,909.97437274475,1106.88591058825,1009.27839385973,940.34660197473,1067.10861611598,966.5273669105,1257.96512347175,1149.15087007273,390.79506023948,285.45121358514,363.64669638251,401.40170786673,1101.28774934198,918.33398749325,1121.46848133723,1423.38154012375,1058.18720120525,119.49207286061,453.72755240174,844.523345859,823.3923822620001,741.46314326273,433.90006981999,430.835660673,458.19419705701006,636.96391999498,524.5387181585,304.98450185323003,344.97982298198,498.73675341175,609.06175855049,424.36955598651,948.99988908525,1224.85327571648,1250.41546582175,1085.69755095198,1294.58850030448,1011.31842941725,1045.52436237448,546.42662969399,408.59861941374,659.5042275845,1641.5705297775,743.69091364048,1204.56271639698,1083.41370184148,911.05120868775,165.96860420486,128.73687409458,50.0,957.39158521848,1045.15029703248,800.5903221387299,1442.98952339975,1545.992174614,1537.36925390425,1697.99272534775,1325.1609601255,1758.999396156,1577.3810413645,1655.77087658325,1498.2339102395,1517.65128796125,1105.96348533875,1201.48094614425,1153.30535657873,1292.242277973,1008.85407203125,1440.00756397075,906.839400707,1106.95434217648,1246.77959419348,640.77094205149,1163.6616662575,802.68076952548,933.68154050775,903.22907985425
140,678.859002178,331.84617134451,740.8002957484799,2403.1537405847503,1922.623778844,2359.09667257175,401.81934374325,822.26847746575,587.75925927523,1274.44458454098,1716.267712486,191.225682508,546.29610450173,354.29583954626,1746.5070428865,472.54173422524,682.41285904798,470.94562475125,792.36126986475,1306.67563890375,1598.06601592625,1613.9878710875,1104.1256252635,113.07606310414,456.767336616,2323.76893505225,1054.82869095025,953.22187512298,417.96322097651006,1031.04540523975,599.99762714848,614.81072032475,511.62441669774,2116.5271043337502,575.02452781976,819.03921237875,272.9580276785,66.32958955636,748.4230390555,2131.6919742742502,534.38100489123,711.50513858248,530.75634900951,638.1911650022399,1721.6453678055,2221.22128275275,2566.7310544195,1761.4541222915,368.585471151,1118.9005849015,697.57764821025,422.14644589126,781.6600992809799,252.80710285012,388.72802611201,427.72461141875,741.23851764623,323.12150113351,837.37315519748,290.94823427374,256.002987887,271.79592720688004,327.76462136649,513.49711083125,256.56183653698,488.21531438973,662.80168813875,281.70019569686,2112.75693579125,380.27571523773,517.37516802048,899.6356167967299,419.33214478548,186.86251476536,197.86988455051,593.33451057273,2317.1480717045,1261.65894415948,2492.388674552,2406.16863267675,214.94950922751,372.70030797349,276.91901304139003,420.07199880776005,524.13564100451,954.01808128125,1002.58265530648,794.6880743524799,716.49366031323,787.0716938845001,722.2441382327299,459.4532127635,1133.836790314,759.9581702995,1523.512214576,1236.21030339075,1632.6538559275,306.82389050114,372.959922991,422.60886397575,1929.919917126,1810.43136122525,1772.17075258575,604.86291858251,595.954440616,478.9321434965101,432.4447008775,557.44458764098,522.29902367126,319.53011345513005,411.51626694424,804.9159963552299,952.63188335848,861.1916229340001,734.394656674,674.0204669792299,793.43251346875,447.39434654473,473.70866896324,461.74413307598,403.76649054998,1793.19297625775,1770.65429666025,359.25756775949,267.012439265,710.99646564075,840.29530766773,808.7500853325,967.447928047,717.07712768223,703.56774542848,597.55866519525,2227.5084698735,1862.314130955,1047.86677570173,1408.2450979065,155.48782770108002,598.44462218076,885.65049426425,607.28646432123,567.6034566845,545.27716790851,379.89321789126006,1056.71742888298,921.71836542298,1053.13258424123,1395.42419472075,1445.96185157825,1221.22384770548,1830.9544686415,2064.7602202955,2204.933129387,1925.604495531,2249.1060830915,342.47922723926,478.7300425787601,707.3284380632299,833.2969614374799,1232.99075033248,2445.69745952725,1698.2084964275,2135.99993941725,2037.9312846285,1865.56871691025,970.28984909373,863.9735816792299,959.51162229225,50.0,68.80555415264,278.95093970736,542.16523009373,645.16791859024,636.54499788049,2504.5496817357503,2165.06798548275,2598.90642151325,2531.8987049297502,1156.86860857823,1063.02714070248,994.87042836175,732.94484278825,811.46345714675,584.50284648924,903.55467825825,579.98466532323,519.37831278173,1335.99689365175,1441.6680226255,1238.44211268,1053.95162578375,1209.56071403548,1146.26964731025,1089.298159776,937.22335520775
141,611.36502550474,352.11797768723,806.9729642725,2469.32633454425,1988.7963728035,2425.269421874,410.72207402801007,842.6207886352299,611.8072490317301,1337.271791601,1782.4403064455,211.57799367748,566.56790463074,376.30107214026,1812.679636846,405.04771405601,702.68462189473,537.11829948898,858.53386382425,1372.84823286325,1664.2387652285,1678.0568135265,1170.29830000123,179.24873784187,477.11964778548,2414.899982626,987.33467699473,885.72785495375,350.46920702099,1097.21807997748,532.50356969699,635.08252045376,487.683650721,2182.699853636,595.29633416248,823.2491562465,303.04479285737,135.01465365839,814.59571379323,2197.86456823375,466.886984722,731.85744353825,463.26233505399,704.36387702223,1787.81811710775,2287.394032055,2657.862257336,1827.62687159375,388.93773882451006,1139.17234774825,630.08363425473,442.41825223398,714.16607911175,209.56166342361,408.99983245473,410.12668876323,807.4111861702501,305.52357847799,903.5458237215,223.45419546338,256.7986534525,292.14823837636,260.27058255613,446.0030533797601,189.06781636775,508.48711451874,683.07353176373,312.74847036113005,2178.92952975075,362.6777863685,499.77723915125,914.6161694575,351.83812461625,169.26458589613003,227.95664972938,613.60631070174,2383.320665664,1327.8316126835,2558.56142385425,2472.341381979,281.12216532411,305.20626916313,304.87200884739,352.57798485224,587.69568059451,974.28992490623,1022.85449271775,814.95991176375,782.66632883725,807.3434567312501,788.41680675675,479.80552393298,1196.79588958248,724.143277916,1589.68496387825,1303.6385327985,1698.82660522975,336.91065568001005,403.046706811,452.69564779575,1996.09266642825,1876.60395518475,1838.343501888,671.0356306025,662.1271153537299,545.1048182342399,498.61733211926,623.617256165,588.4716984089899,317.98797005249,477.68893546826007,829.9295966457299,972.90364620523,931.31691316725,764.76890535973,694.2923043905,813.70435709373,480.24455982674,503.79545278324,491.83087340001,433.85323087401,1859.36557021725,1836.8270459625,291.76354759026003,199.51842530948,777.16905960025,906.46797619175,874.922679292,1033.62060278473,747.1639115022299,733.6545292484799,627.64544901525,2293.681063833,1928.48688025725,1107.85556003375,1471.072230402,206.91300739901,580.84669952524,905.922257111,673.45913284525,633.77613142223,611.44984264624,446.06589262899,1076.98919172973,941.99020283425,1073.4044216525,1415.6959575675,1466.233614425,1241.49561055223,1897.127062601,2130.93296959775,2296.06417696075,1991.77724483325,2340.23713066525,297.93397910011,406.77738101274,727.6002009099799,853.56879884875,1299.1634188565,2511.8702088295,1789.339699344,2156.271702264,2129.062487545,1956.69991982675,1036.46251761775,930.14625020325,1046.4487263015,68.85253601395,50.0,345.12358959025,562.5175350495,665.52026704198,656.897265554,2570.72227569525,2231.240734785,2665.0791708155,2623.0297525035,1089.374588409,995.53312053325,927.37641440623,735.3698984585,743.96944319123,517.00882632001,836.06066430273,504.62339235848,451.8842926125,1402.16948761125,1507.840616585,1252.23026060548,1120.12430052148,1232.068088962,1212.44224126975,1155.47083451373,1003.39602994548
144,955.41740877325,428.56373567199,468.34872271724,2130.70213027125,1650.1721685305,2199.05169752925,630.42865050248,952.25028078625,313.66054978348,1114.39960949848,1443.8161021725,340.51189208874,541.7208690505,115.60186786833,1586.462067844,749.10002276,731.2652024107299,302.195086656,519.90965955125,1146.63066386125,1438.02104088375,1453.942896045,944.08073099923,165.88040680511995,574.20447344251,2163.72396000975,1321.434908924,1229.7802817182298,694.52151572498,758.59387570448,876.5559529655001,642.6762581625001,656.2526739197299,1844.075649363,476.91109703675,546.58763934751,316.87987293448003,241.46774075338,475.97150952023,1859.24036396075,777.806741589,841.48694190298,807.3147183225,478.146227242,1449.19391283475,1948.76967243925,2406.686079377,1639.023219363,489.45514215974,1011.47447431648,974.13598024098,486.91664899973,1058.21850587623,466.1733401285,485.28228792698,594.0088907327399,468.78694461499,489.40574316524,564.92158216624,567.50656009076,393.46850896698,450.80722676223,604.32294718351,790.0554428619799,533.1201623540001,584.76956999099,635.57355888651,370.13039208201,1840.30532547775,562.17962728599,701.168706562,627.1840064832301,695.8904706025,398.32537461025,271.22976502023,657.1803000445,2044.696461391,1139.22804123098,2332.34385485225,2246.123812977,208.77776041114,649.2586337905101,172.96137673724002,696.6303681207501,405.01734765524,852.0484593545,852.11385865225,767.4599078179799,556.4487225529899,759.84352735,449.79256520149,499.55296150251,973.7918152715,856.5124693967299,1346.143726739,1076.16540912648,1360.20240095675,279.73378638913005,392.99435939801,395.51875986374,1657.46846215525,1537.97975091175,1499.719297615,332.41135176498,354.59378694076,206.48057667898,144.47370982687,284.99301460974,249.84747549486,548.13940157323,311.07597575011,620.18472819648,778.2251603929799,701.1467286697299,549.6634257975101,543.46405082648,619.02582778551,173.29565569411,354.10760762923,256.50012196926,229.90375304014003,1657.7696717475,1635.48062794925,635.81589357651,543.57077129573,555.88634451573,680.25040718975,653.6399642074799,812.3378814865,510.22710866149,454.72792242948,419.92795879625,2067.463494831,1702.2691559125,887.8218006592299,1248.20020364223,289.547079951,758.496395022,893.3694009472299,422.55519616248,398.85295587151006,338.1566225955,192.81493825986,1029.48926234848,771.06991798523,945.70654822073,1281.995870183,1338.535660215,1113.79781168498,1670.909493599,1904.715245253,2044.8881543445,1765.5595204885,2089.061108049,553.43685653776,689.687634595,723.64571508775,806.0687949029799,1077.88062299375,2258.728323712,1538.163521385,1999.0353241415,1877.886309586,1705.52374186775,810.24487405123,703.9286066367299,799.4667280279799,279.05441661999,345.3639048245,50.0,672.1470334142299,775.1496846284799,766.5267639187299,2344.5047066932502,2005.023165783,2438.8614464707503,2371.85372988725,1433.42693439525,1339.5854665195,1271.42876039248,912.06078122,1007.5782420255,861.061135024,1098.33957385425,790.94229462173,795.93663859875,1063.54528333825,1169.216412312,965.99058314473,781.50009624848,937.1091782865,873.81803699675,816.8465494625,664.77182567248
148,901.59775107198,881.25577330223,1080.56704594773,2750.687628284,2270.15766654325,2849.6120662825,171.52354288437,328.59461767974,735.11653443325,1764.9598974735,1990.65753429125,367.4361274260101,1095.705737528,589.13679528626,2237.0222812545,583.71258063773,1231.82241750973,961.46094389748,1130.43711423025,1797.1910326145,2088.581409637,2104.5032647982503,1594.64101897425,600.43875706251,130.30008197412,2814.284328763,1333.82395926475,1152.16607285023,373.36098068924,1080.155928253,790.046507547,1164.22035956473,873.0154617857299,2464.060992033,1080.92961592623,889.8184210249799,356.76925030773003,547.95403417651,956.85712538025,2479.2258619735,802.71059533348,217.8312353005,636.3870888682601,1128.70652143073,2069.1794108475,2568.755170452,3057.2462927875,2260.025124989,190.79781265111,1668.31014336325,965.9072386525,971.55604784898,1009.46689918,364.92862825148,938.13770263425,958.0332253405,1020.91581519775,853.430077773,1074.401411422,429.11185945851,785.93652984573,295.68204981788,487.33742901351,736.0879734272299,407.9762355790101,1037.624947416,1212.21132737873,817.19653667825,2446.00503817225,824.8744328752299,1047.68378194223,884.25792728873,500.92292921476,717.17111004598,451.40401011176,1142.744143599,2664.681804061,1749.75541513175,2982.9042236055,2896.6840263875,704.6018621152299,291.76677250575,511.2156291442601,653.0502023502501,1014.650997433,1503.42779508575,1527.36052052175,1344.09770737875,1156.20762517698,1336.48125234625,1060.31998259823,267.88614281439004,1624.352028682,1309.36772876125,1966.12922475175,1726.7256971015,1907.04367773275,545.96564697651,317.36797849611,466.55520989026,2234.83738547575,2127.029361633,2084.20711313975,942.93880644398,965.1212043375,817.0080313579799,755.001183147,892.52316820975,832.25756309723,252.1588761955,902.03162337273,1295.43139006598,1453.47174148425,1351.70701664475,1224.91005038475,1179.92558615425,1294.27245237275,640.25493071825,514.6101789172601,608.80132332326,588.58626058026,2277.75516976025,2275.0149236502502,617.21162330423,568.5553970565,1166.41379919473,1280.585979384,1264.16741888648,1422.8653361655,700.6942898035,800.22378781325,588.73077283373,2667.443176785,2352.82952466575,1538.38208863425,1898.76049161725,691.15671098175,1128.75327959848,1435.060052726,1097.80177725375,1058.11877583073,948.6840772745,839.6023236599799,1606.12706190925,1446.3164990765,1602.5422172675,1932.55623893625,1995.37141004,1770.63348073175,2321.46986235225,2555.27561400625,2695.448367755,2416.11988924175,2739.6213214595,683.26538005998,777.0690996474799,1256.7380710895,1382.70659446375,1720.43913135175,2878.7139770675,2188.72389013825,2649.595537552,2528.44667833925,2356.084110621,1460.80516202625,1354.48889461175,1450.027016003,549.2416702312601,562.69831672824,671.94951200075,50.0,151.49403394939,142.8710883848,2995.0650754465,2655.5833791935,3089.421815224,3022.4140986405,1365.09134798475,1271.249880109,1218.60476894048,1090.72149082973,1079.793047589,852.83239964923,1171.8842687005,874.91514827548,528.4584072047301,1683.530781351,1700.1931554015,1220.218543992,1410.0470738065,1200.0563785622298,1450.28907922225,1326.326341436,1058.41874268098
149,1052.89786134598,984.03488629923,1183.39633465298,2853.5167616465,2372.9869552485,2952.3911792795,322.82363451724,236.14818362238003,837.9459039167299,1867.7390104705,2093.4868229965,470.21516585849,1198.48477596048,691.915871001,2339.8013942515,735.0126909117299,1334.6014497285,1064.23997611625,1233.21615266273,1899.96999026875,2191.36036729125,2207.2822224525003,1697.4199766285,703.21783277725,233.12942660276,2917.0631310745,1485.12406953875,1303.466102346,524.66109096324,1182.98529773648,941.34654325648,1266.9993917835,1024.31557205973,2566.890436081,1183.708648145,992.64778429475,459.54831980876,650.73310989125,1059.68649486373,2582.05515067875,954.01070560748,92.33664401537,787.6872426382299,1231.4855536495,2172.00869955275,2671.5846145,3160.0254057845,2362.85441369425,293.57686351101,1771.08925636025,1117.2073489265,1074.33516084598,1160.76693488948,506.8265378035,1040.91674106673,1060.81226377298,1123.74518468123,956.20919077,1177.23078090548,580.41193245025,888.7155620645,398.46110689149,638.63750200525,887.3880837012299,559.2763458530101,1140.40398584848,1314.9903595975,919.97564967525,2548.8343268775,976.17454314923,1150.462814161,987.08721599398,652.2230022065,819.9501422647501,554.18304854424,1245.52318203148,2767.511248109,1852.53452812875,3085.683025917,2999.4631393845,807.38097511223,443.06684549749,613.99466757674,804.35031262425,1117.43003586548,1606.20675274,1630.139478176,1446.87682037575,1258.98665739575,1439.26036534325,1163.099014817,370.71549365674,1727.131141679,1412.14684175825,2068.95866879975,1829.50465475575,2009.87312178075,648.79497917773,420.19732312475,569.3845420914801,2337.66682952375,2229.858805681,2187.03655718775,1045.71783866275,1067.9003173345,919.78706357675,857.78022157948,995.35253769323,935.086926367,403.45894918724,1004.8106555915,1398.21042228475,1556.25085448125,1454.485974299,1327.689008039,1282.70462458673,1397.05156536975,743.03396915073,617.43951111848,711.63065552448,691.41559278148,2380.58461380825,2377.8442123555,768.51173357823,719.8555073305,1269.1928314135,1383.365092381,1366.94645110525,1525.64429381975,803.52365928698,903.05315729673,691.5601361035,2770.272620833,2455.60848232,1641.16120163125,2001.5394492715,793.9357494142299,1231.53231181725,1537.839165723,1200.58089025075,1160.89788882773,1051.46311570698,942.38135587875,1708.90617490625,1549.0956120735,1705.3213302645,2035.3351965905,2098.150523037,1873.412438386,2424.2488200065,2658.0545716605,2798.227480752,2518.89900223875,2842.4004344565,834.5654903339799,928.36920992148,1359.5171840865,1485.48570746075,1823.26857539975,2981.54311043,2291.5028477925,2752.374650549,2631.2256359935,2458.863223618,1563.58427502325,1457.26800760875,1552.80597365725,652.020745946,665.47739244298,774.72855043323,151.25611720720002,50.0,89.21713790180999,3097.8441884435,2758.3624921905,3192.200928221,3125.1932116375,1516.39145825875,1422.549990383,1369.90479843625,1242.02160110373,1231.093157863,1004.13250992323,1323.1843789745,1026.21517777125,679.7585174787299,1786.36007005625,1803.02244410675,1323.04783269725,1512.87636251175,1302.885741832,1553.11852327025,1429.155785484,1161.24810595075
151,1001.84772875623,973.7147652675,1173.07629439948,2843.196721393,2362.666914995,2942.071139026,271.77353920975,209.06066441373,827.625782885,1857.41881487425,2083.166782743,459.89508832273,1188.16473570698,681.5957561829799,2329.481353998,683.9625583219799,1324.281409475,1053.91993586275,1222.89611240923,1889.64995001525,2181.04032703775,2196.962182199,1687.099936375,692.8977179592299,222.80933042587,2906.743090821,1434.073936949,1252.41605053448,473.61099565575,1172.66517670475,890.29648523125,1256.67935153,973.26543946998,2556.5702404847502,1173.3886078915,982.32766947673,449.228242273,640.41303235549,1049.366373832,2571.7351104252502,902.96057301773,112.55739851673,736.6371100484799,1221.16543883148,2161.68865929925,2661.2645742465,3149.705365531,2352.53437344075,283.25676733412,1760.76921610675,1066.15721633675,1064.01503981425,1109.71687686425,481.98428056625,1030.596620035,1050.49222351948,1113.4250636495,945.88907595198,1166.91065987375,529.36183714276,878.39544724648,388.14102935573,587.58740669776,836.338025676,508.22625675923,1130.08394559498,1304.670319344,909.65553485723,2538.514286624,925.12441055948,1140.14269934298,976.76717574048,601.1729068990101,809.63010201125,543.86297100848,1235.20306099975,2757.1912078555,1842.21448787525,3075.3629856635,2989.143099131,797.0608540805,392.01675019,603.67459004098,753.3001800345,1107.10999561198,1595.8867124865,1619.8194379225,1436.5566247795,1248.66661714225,1428.94032508975,1152.7789745635,360.39541612098,1716.8111014255,1401.82680150475,2058.6384732035,1819.18461450225,1999.5529261845,638.4748954282601,409.87724558899,559.0644583420101,2327.3466339275,2219.53861008475,2176.71651693425,1035.39779840925,1057.58020251648,909.46702332325,847.46010054775,985.0324166615,924.76681154898,369.2144912280101,994.49054077348,1387.89038203125,1545.93081422775,1444.1659340455,1317.3689677855,1272.384503555,1386.7313697735,732.71392889723,607.11942736901,701.31053449275,681.09547174975,2370.264418212,2367.524172102,717.46160098848,668.80537474075,1258.87271659548,1373.04489678475,1356.62641085175,1515.32425356625,793.20353825525,892.733036265,681.24002128548,2759.9525805795,2445.2884420665,1630.841006035,1991.219409018,783.6157091607299,1221.21219699923,1527.5191254695,1190.26077543273,1150.577767796,1041.14307545348,932.06124106073,1698.58597931,1538.77557182,1695.00113466825,2025.015156337,2087.83032744075,1863.0923981325,2413.928779753,2647.734531407,2787.9074404985,2508.5788066425,2832.080394203,783.51535774423,877.31907733173,1349.19698849025,1475.1655118645,1812.9483798035,2971.2230701765,2281.182807539,2742.0546102955,2620.90559574,2448.54302802175,1553.264079427,1446.9478120125,1542.48593340375,641.70063112798,655.15727141125,764.4085101797299,140.93603345773002,89.20188324376,50.0,3087.5238375045,2748.042451937,3181.8808879675003,3114.8728606985,1465.341325669,1371.49985779325,1318.85482118925,1190.97146851398,1180.04302527325,953.08237733348,1272.13424638475,975.16512595973,628.70838488898,1776.04002980275,1792.70240385325,1312.72779244375,1502.55632225825,1292.56562701398,1542.798327674,1418.8357452305,1150.92799113273
152,2963.7871234195,2282.55153250925,2053.81150793275,536.7446566792601,919.58349000973,254.49839393389,2846.0820576315,3266.531191354,2353.83925254075,1408.10389134675,1430.37879895475,2635.4882410535,2123.902622761,2375.64813189875,761.9803476544799,2911.26605033,2394.9182446935,2051.4318123455,1934.5314220025,1199.51221290898,963.42781301975,1088.05627526798,1405.3594509825,2390.04871550925,2851.319283105,399.05703896275,3199.164633018,3102.153707014,2928.7647897465,2122.1705510985003,2918.3642819485,2117.285642982,2584.64409295025,891.4918476925,2063.2509101365,2259.093068489,2593.99479444375,2465.04695246725,2163.25668901775,797.86498893273,2746.190766357,3155.7677716925,2942.1832964915,1875.59236319675,1220.92550884725,701.4101091955,304.23458162075,919.51101951,2766.5701817295,1651.93826025525,2906.489571453,2299.3302582795,2991.8420240695,2681.826672693,2338.204781467,2482.06941101225,2075.55452196475,2392.73956262475,2013.1112414045,2801.750032951,2403.636390509,2716.058622454,2795.379116088,2837.231559793,2767.363361811,2328.686620489,2064.88589258025,2350.1975524525,986.15383597375,2486.119041162,2449.667554189,2250.84669860525,2874.197541954,2433.774748122,2548.3446865295,2380.2955209505,618.93569170825,1277.96394910675,95.39984770262,133.86025818717,2335.762172066,2883.501951308,2490.806663986,2826.0925525615003,2091.29866502,1780.565319453,1709.93765076625,1987.309121315,1823.72000143125,1947.5870480835,1955.6456085825,2817.745365233,1680.989995332,2310.013179197,1177.38783242573,1459.62455712625,1479.46570987,2539.780019351,2669.8923105815,2671.2605695235,1166.13146063975,1252.86087139225,1304.961742343,2140.41944065475,2065.89655251175,2209.8180375035,2230.6961031035003,2227.41604093725,2317.9272709385,2763.792964045,2143.30788374825,1826.428091592,1780.000493214,1722.4276738945,1886.2185840105,1957.31041683425,1903.78085861175,2425.644729958,2575.50201677,2477.8944192632503,2483.78501634325,1013.26852773623,828.15977669498,2795.1010525655,2686.286873731,1887.31017751475,1743.65976562175,1761.12495100425,1609.83353992425,2434.39192486775,2323.0889998355,2541.621762995,521.51850713074,729.05840330423,1606.67293633275,1245.04402421225,2387.96184100575,2420.6659948205,2057.8616041107502,1958.1515978255,1974.27415581975,2001.6326549215,2180.40248970625,1789.132782801,1845.169883694,1683.4378863865,1384.83075122725,1320.93144307125,1571.20942924975,718.304254629,442.92738499025,453.98906881451006,579.1969222379801,439.04843924049,2597.41295631475,2658.69737996,2076.44556797875,1890.823253806,1398.507903651,400.31869549599,958.4147471345,666.642848318,616.10624157749,789.0704144842299,1565.37351281775,1649.93216398175,1663.5807333395,2500.829999587,2593.4574638715,2344.02873650725,2986.4280185465,3089.4305144180003,3080.807749051,50.0,372.26301813224,157.76542581932,203.74468016598,3339.5978965585,3182.060774872,3201.4783079365,2789.7905053140003,2885.3079661195,2837.1324511185,2976.069453291,2692.6810920065,2977.1434930645,1420.4003574085,1646.84550353925,2352.59775328275,1682.37674006125,2180.84304174525,1649.8005886725,1844.34547971975,2084.7969495615
153,2557.6546882225,1944.024417455,1715.2843928785,679.56697986798,741.5779415549799,195.60207923923,2507.55494257725,2928.003920957,2015.3121374865,1193.16615088598,1202.19109863273,2296.961281342,1785.375352364,2037.1210168445,423.4531891042601,2572.7390906185,2048.2479073415,1712.9045419485,1596.00430694825,860.9850170765001,624.9006234009801,873.11845402898,1066.83226136373,2051.521600455,2512.7923233935,275.03135008049003,2793.032197821,2696.021271817,2590.23767469225,1783.64343604425,2512.2318467515,1902.347821743,2178.5115024105,911.25137092798,1724.72379508225,1920.565798092,2255.4676793895,2126.51968207025,1824.7295739635,903.68920507975,2407.66365130275,2817.240811981,2603.6560260945,1537.0652481425,1047.03771144498,812.75412549198,428.06422795251007,580.98386717349,2428.0429113325,1437.00043901625,2500.35698091325,1893.1978230825,2585.709278187,2343.2995576387502,1999.67766641275,2075.9368204725,1737.0274069105,2054.21229222775,1674.58412635025,2463.222762554,2065.10927545475,2377.53150739975,2456.85200103375,2498.70444473875,2428.8364020995,1922.55402994925,1849.94807134125,2011.6702820555,945.08183424475,2147.59192610775,2043.53496364925,1912.31942820825,2535.6705822425,2095.247477725,2209.81757147525,1974.16293041075,734.15993377875,939.4368340525,328.89411850174,242.67407662649,1997.23505701175,2544.9748362537503,2152.27954893175,2487.56543750725,1752.771394623,1565.627498214,1494.99998487,1772.37145541875,1485.19273103425,1732.6492268445,1617.11849352825,2479.21825017875,1466.052174093,2117.60922193025,838.86071737148,1244.68673588725,1295.01468003225,2201.25290429675,2331.36535087,2332.73345446925,954.84940111473,1027.92488007775,1076.824136951,1801.8923256005,1727.3694374575,1871.29092244925,1892.16898804925,1888.888925883,1979.4000005415,2425.2656936480003,1804.780768694,1487.90097653775,1452.849904456,1383.90055884025,1547.69146895625,1618.78330178,1577.8128942095,2087.11761490375,2236.974746373,2139.367304209,2145.257901289,674.74133190375,489.63261814476,2456.5737821685,2347.759603334,1548.7830624605,1405.1326505675,1422.59783595,1271.30635030548,2095.8648098135,1984.5617294385,2203.094492598,464.95184280299,424.09106993173,1391.7352704365,1030.10628375148,2049.4347259515,2101.08696704025,1865.457646844,1619.62448277125,1635.7470407655,1663.10553986725,1841.87521930925,1569.878297225,1630.232062455,1468.5000651475,1169.8930107664798,1101.67688293073,1351.95494367375,379.77706501023,104.40023886745,338.29375296149,240.66976368776,262.40842812276003,2258.8858412605,2320.17026490575,1861.50774673975,1675.885432567,1059.98071403223,655.2310592175,743.4769258955,513.08440242676,392.94752666574,569.81592890823,1226.8463977635,1311.4050489275,1325.05361828525,2162.30288453275,2254.93034881725,2005.501621453,2647.9007481495,2750.9035547065,2742.280478654,371.96771156449,50.0,526.10088213476,393.23192195873,2933.4654613615003,2775.928339675,2795.3458727395,2383.65791477425,2479.1755309225,2430.99986057875,2569.93686275125,2286.5486568095,2638.6162226675,1081.87316778973,1308.318388485,2014.07048288575,1343.84946966425,1842.315926691,1311.27347361825,1505.8183646655,1746.2696791645
155,2990.206886283,2376.5767708582503,2022.437709429,387.10244501149,795.94005613925,408.6412206095,2940.1072959805,3360.556429703,2322.465454037,1562.24677394575,1280.7366618515,2729.5134794025003,2217.9277057672502,2469.67337024775,856.00550522525,3005.291288679,2480.80026074475,2145.45689535175,1916.33628103775,1293.53737047975,1057.45297680423,1242.19907708875,1499.3846893315,2484.07395385825,2930.398684791,553.19988427949,3225.5843958815,3128.5734698775,3022.7900280955,2095.82240124275,2944.784044812,2271.42837023825,2611.063700471,741.84963602473,2157.2761484855,2227.71926998525,2688.01987745,2559.0720354735,2131.882890514,648.22273376899,2840.216004706,3249.7930100415,3036.2085348405,1969.61760154575,1097.28208119048,551.7679348099899,458.37742693749,1013.53618329448,2860.5954200785,1806.0809875115,2932.9093343165,2325.75017648575,3018.261786933,2775.851911042,2432.230019816,2508.4893292185,2044.180723461,2486.764645631,1982.95905828675,2895.7749606145,2497.661628858,2810.083860803,2889.404354437,2931.256798142,2861.38860016,2355.1063833525,2219.0287751792503,2444.22263545875,836.5116243059799,2580.144279511,2476.0873170525,2224.49839340675,2968.222780303,2527.79983112825,2642.3699248785,2406.71543915675,469.29348004048,1371.98918745575,249.54267437823,288.00309107649,2429.787410415,2977.527189657,2584.831902335,2920.1177909105,2185.32374802625,1934.70804670925,1864.08053336525,2141.452003914,1917.7450844375,2101.72977533975,2049.6708469315,2786.3714113865,1835.13272258825,2464.15590645325,1271.41307077473,1613.7672843825,1329.823417424,2633.8052577,2763.9175489305,2639.8869263625,1016.48924897198,1103.21865972448,1155.319449897,2234.44467900375,2159.92179086075,2303.8432758525,2324.7213414525,2196.0422424335,2298.79354907825,2857.8178917085,2237.33312209725,1920.453329941,1885.40225785925,1816.4529122435,1980.2438223595,2051.33565518325,2010.36524761275,2404.70033300375,2544.12821826625,2446.5206207595,2506.940562001,1032.2926521795,922.18501504398,2889.1262909145003,2780.3118013945,1981.33541586375,1837.68500397075,1855.15018935325,1703.85877827325,2417.88800042225,2291.71520133175,2510.2478091485,397.87511675623,752.00936256023,1760.81581893175,1399.18690681125,2481.98707935475,2533.6393204435,2212.00448670975,2052.1768361745,2068.29939416875,2095.6578932705,2274.4275727125,1943.27551005725,1999.31261095025,1837.58061364275,1538.97363382625,1475.0741703275,1725.35231184875,812.32941841348,536.95258605699,608.13191413125,673.22216058698,593.19124106126,2691.4383500065,2752.722618309,2230.5882952350003,2044.966136405,1492.53298665725,250.67647761451,1112.55755516898,820.7856563524799,770.2490868942299,943.213216305,1659.39875116675,1743.95740233075,1757.6059716885,2594.855237936,2687.4827022205,2438.05397485625,3080.4532568955,3134.1919064595,3174.8329874,158.76274491545,526.40586344898,50.0,357.88751926901006,3366.017659422,3208.480848421,3227.8980708,2816.2102681775,2911.727728983,2863.552213982,3002.4892161545,2719.10085487,3071.1687314135,1372.32597053775,1527.032902662,2326.24944808425,1708.70516138775,2154.4948918895,1623.452283474,1817.99717452125,2058.448644363
156,2843.650322223,2267.45004241075,2107.42464055475,736.91222205873,1133.71826379575,198.67743694324,2874.596462136,3295.0455958585,2465.5959337457502,1287.96709015025,1594.3314208735,2664.002645558,2077.41148919825,2404.16253640325,815.5934802764799,2887.3528980805,2274.781443497,2079.94621685,1988.14470996725,1293.34467090523,1026.98793338798,967.91947407148,1482.78957869175,2418.56312001375,2879.8336876095,244.34199173324,3079.0278318215,2982.0169058175,2955.142299382,2175.7836837205,2798.227480752,1997.1488417855,2464.50729175375,1091.659369576,2005.597933958,2312.706201111,2622.509354291,2493.5613569717502,2216.8699769825,998.03251081623,2691.5262740030003,3184.282176197,2908.343121146,1904.10676770125,1439.17803368575,901.577631079,103.19292744187,973.124152132,2795.084586234,1531.80145905875,2786.3527702565,2179.193457083,2871.705222873,2710.3410771975,2314.26661903475,2361.93260981575,2129.1678099295,2376.42204947925,2066.7243740265,2828.127231901,2394.4397890235,2744.5730269585,2835.141267749,2782.567067439,2793.7408714465,2208.5498192925,1944.74909138375,2341.000950967,1186.32135785725,2460.26643467875,2329.5307529925,2304.45983122725,2913.9600043005003,2473.536899783,2576.859091034,2260.158719754,819.10321359175,1331.57708172875,121.04883712288,191.85511268987,2364.2765765705,2909.8794609435,2519.3210684905,2802.179400312,2106.662062995,1660.4285182565,1589.80084956975,1867.1723201185,1862.51623187275,1827.450246887,2009.25889654725,2921.0821587025,1560.8531941355,2189.8763780005,1231.00103961225,1339.48775592975,1687.1549277085,2568.2944238555,2698.406715086,2684.0794532535,1346.9897233555,1420.065127754,1468.96438462725,2196.70198309275,2122.17909494975,2266.1005799415,2259.210507608,2281.02917355925,2374.20965803375,2792.3073685495,2171.8222882527502,1786.1697751875,1659.8636920175,1703.151813418,1845.96042294875,1899.6575959985,1783.64405741525,2481.9272723960003,2678.8388102395,2581.2313680755,2512.29942084775,1066.88166035823,881.7729838815001,2834.8632042265,2726.049025392,1968.5962229645,1780.318635166,1814.73808362625,1663.44667254625,2488.00505748975,2376.7021324575,2595.234895617,721.6860662965,816.2313921725,1486.53613513625,1124.90722301575,2445.5500392575,2300.529193624,1937.72480291425,1979.7846291905,2002.78856032425,2030.147059426,2208.91689421075,1668.9959816045,1725.0330824975,1563.30108519,1264.69395003075,1200.79456731023,1451.07262805325,771.917387251,496.54055489451,333.85226761801005,632.81009214224,432.48295247626,2573.49980406525,2609.214500375,1956.30876678225,1770.6864526095,1452.121036273,600.48621737949,838.277945938,546.5060098392399,495.96944038099,668.9336132877299,1601.9401087685,1686.59087818325,1577.15594971975,2601.9385566505,2622.048297009,2372.54314101175,3014.942423051,3117.9449189225,3109.3221535555,203.79980198739003,393.58905494098,357.93296013024,50.0,3219.461095362,3061.9239736755,3081.34150674,2669.6537041175,2765.171164923,2716.995649922,2855.9326520945,2572.54429081,3016.9056447255,1474.0134900305,1700.45863616125,2406.21088590475,1735.98987268325,2234.45632971,1703.4137212945,1897.95861234175,2138.4100821835
161,473.72218378249,1069.622447061,1936.1836474915,3209.963439627,2866.0380086675,3106.1773949245003,1227.50761728573,1618.04247220525,1700.15043614525,1948.517551156,2784.8111488055,1231.43903160273,1166.66265828023,1464.64430274975,2514.3469936355,780.23809174748,1151.6642349895,1362.9490161195,1960.815104617,2074.51558965275,2365.90596667525,2295.09670231375,1871.96573135525,1267.59194981023,1427.1546601785,3014.9949289005,161.20055733233002,228.93554517536,970.40324930123,2226.428837761,553.12574850548,1231.74575275575,797.1976364787299,3139.965375106,1258.68373903325,1911.59242413825,1391.3879240475,1223.35786562675,1943.80647157675,3155.1302450465,708.00301084825,1550.732613973,746.2915811827501,1522.4195336725,2723.083221609,3244.659553525,3257.956892925,2604.0940926495,1367.20338801375,1739.26713868,483.46306898173,1129.47686612798,367.51632778098,1160.90394719498,1066.4842128255,908.38607390423,1936.62186938925,966.7678374875,2032.7565069405,982.03842127623,1065.07316006273,1292.995379625,963.105166128,633.5380282687399,1078.76227387823,1035.33721473675,1283.16824191725,1144.86985379,3114.194634252,890.8064754795,951.66922433673,2002.95943734925,870.29610616875,1076.4650652912298,1316.29989898,1062.30191996725,3264.5564743160003,2117.41380075075,3300.662479013,3214.4425924805,1265.163551164,1083.40407059098,1393.21522081575,731.9216808722299,1308.50712992625,1574.38463505975,1622.9492836495,1415.0547026955,1600.72206626575,1407.438247663,1890.6980475495,1484.80499553025,1765.5421221005,1176.035337666,2410.09631876775,1872.35595234325,2701.197292247,1425.2538862895,1424.5057556055,1541.0389156875,2931.3577709295,2811.869059686,2773.6084510465,1773.31687139525,1713.5153496415,1674.3155387355,1564.607828403,1752.827939384,1717.68241891025,1210.79196067198,1246.11122890475,1452.42410997825,1595.39815953775,1553.811507278,1422.23573199975,1316.78689850125,1436.19887042625,1568.587709658,1592.1386026145,1580.1741040095,1522.1964614835,2639.0754158365003,2538.494402752,794.8885410645,916.09091896148,1675.69824455325,1754.82859866125,1752.74731649675,1918.00093394675,1835.50709861575,1821.997716362,1715.988716907,2995.3484206225003,2630.154081704,1742.22564135375,2088.11211918925,1195.26475066025,1032.73872199298,1402.17942954725,1428.89154746625,1458.11120805575,1528.49141574175,1481.67421774675,1677.084057226,1542.084993766,1673.49921258425,2015.79074849925,2066.32840535675,1841.5904760485,2598.7944193905,2832.6001710445003,2896.1589678925,2693.44444628,2940.331921597,917.77754976275,781.497685329,1324.263389716,1453.6635897805,2207.93668145825,3213.537565619,2389.434334933,2756.3666485385,2729.157123134,2556.7947107585,1738.12987440725,1626.4575443155,1668.94332041225,1157.19576040973,1089.89110305275,1433.466857482,1347.6887657305,1499.1933070635,1443.23310083175,3272.3897878275,2932.9080915745,3366.746527605,3223.124698778,50.0,124.92401115067,192.44906258764,590.674029858,463.35892096223,581.72982305899,353.02575722226004,696.16209050773,859.7743564612299,2337.4345921125,2637.051299804,2340.573447719,2097.65171746675,2320.411201511,2341.6530798315,2284.68159229725,2132.606787729
162,371.45473252173,935.80391393648,1833.916233513,3056.9672972085,2713.041866249,2953.181252506,1125.240122529,1515.77505822675,1597.88302216675,1795.52125339475,2650.99237956,1129.1716176242298,1013.6664350835,1362.37688877125,2361.350851217,677.97059699075,998.66793722825,1229.13040221675,1858.5476906385,1921.51944723425,2212.90982425675,2142.1004045525,1718.969433594,1165.32453583173,1324.8872462,2861.9984757965,131.77664588142,126.66811255573,868.1358353227299,2124.1614237825,450.85833452698,1078.74953577273,694.9302225002299,2986.9692326875,1105.68752205023,1809.32501015975,1289.12059084723,1121.09045164825,1841.53905759825,3002.134102628,605.73555958749,1448.4651999945,644.0241299219899,1388.60091976975,2589.26460770625,3091.6634111065,3104.9607505065,2451.097950231,1264.93597403525,1586.27084091875,381.19561150726,976.48064293125,265.24888894764,1058.6365332164798,913.48799584248,756.98219467323,1834.35445541075,832.94930436298,1930.489092962,879.77100729773,962.80574608423,1190.7279656465,860.8377521495,531.27061429024,976.49485989973,882.3409169755,1130.17202493423,1011.05132066548,2980.376175692,788.539061501,798.67300114,1900.69202337075,768.02869219025,974.1975705345,1214.03241043698,909.30570298423,3111.5603318975,1964.4175029895,3147.6663365945,3061.446450062,1162.8961371855,981.13665661248,1290.94780683725,629.65426689373,1155.510832165,1421.38849264125,1469.95298588825,1262.05840493425,1466.903452363,1254.44203067998,1788.430633571,1382.53758155175,1612.54582433925,1023.03912068298,2257.10017634925,1719.359654582,2567.378833687,1322.986472311,1322.238341627,1438.77134636625,2797.5393123695,2678.050601126,2639.7899924865,1671.04945741675,1611.247935663,1572.048124757,1462.3404144245,1650.5605254055,1615.41500493175,1108.52454669348,1112.29269578023,1299.42789299523,1442.40201711925,1400.81520951675,1269.2394342385,1163.79060074,1283.20265344323,1466.3202956795,1489.871188636,1477.906690031,1419.929047505,2486.079273418,2385.49810499075,692.621127086,813.8235049829799,1541.87978599325,1621.0099847585,1618.928702594,1784.18247538675,1733.23968463725,1719.7303023835,1613.72114758575,2842.352278204,2477.1579392855,1589.2293435925,1935.115821428,1092.99733668175,879.7424987962501,1249.183131786,1295.07301434173,1324.29274949575,1394.672801839,1379.40680376825,1524.08775946475,1389.08869600475,1520.502914823,1862.79460608075,1913.3321075955,1688.59417828725,2445.798276972,2679.604028626,2743.162825474,2540.4483038615,2787.3357791785,815.51013578425,679.2302713505001,1171.2672472975,1300.66729201925,2074.1180675555,3060.5414232005,2236.4381925145,2603.3701954345,2576.1609807155,2403.79841299725,1585.133576646,1473.46124655425,1515.947022651,1054.92834643123,987.62368907425,1331.1994435035,1245.421351752,1396.925893085,1340.96568685325,3119.3933347235,2779.911949156,3213.750074501,3070.128245674,125.81746187044,50.0,111.01661591658,451.7766400867501,324.46153119098,479.46240908049,214.12838609214003,593.89467652923,757.5068617045,2203.61597820975,2534.7838858255,2238.3060337405,1963.833103564,2218.1437875325,2239.385665853,2182.41417831875,2030.3393737505
164,318.90643095501,941.216751282,1807.7779517125,3081.557743848,2737.6323128885,2977.7716991455,1072.69186445825,1463.226800156,1571.74474036625,1820.11170003425,2656.4054530265003,1076.62327877525,1038.256881723,1336.238451628,2385.9412978565,625.42230163774,1023.25846464598,1234.54324577598,1832.409408838,1946.10989387375,2237.50027089625,2166.690851192,1743.5598802335,1139.186173253,1272.33898812925,2886.588922436,249.87856268599,121.38392386205,815.58749647375,2098.023141982,398.309995678,1103.33998241223,668.7918599215,3011.559679327,1130.27804325425,1783.1865730165,1200.41164743148,1094.95209528323,1815.40077579775,3026.7245492675,579.59724050473,1395.91694192375,591.4757910730101,1394.0138378935,2594.67737048725,3116.253857746,3129.551197146,2475.6883968705,1212.38764139998,1610.86128755825,355.0572924245,1001.07108957075,212.7005749535,1006.08827514573,938.0785170465,779.980297347,1808.21617361025,838.36206714398,1904.3508111615,827.22266844875,936.6673835055,1138.17963301123,765.34343741375,478.72227544126,923.94652105075,906.93144439323,1154.76254613825,1016.464158011,2985.788938473,762.4007051359799,823.26352855773,1874.5535862275,715.4803595549799,948.059288734,1187.89412863648,933.89614962373,3136.150778537,1989.007949629,3172.256783234,3086.0368967015,1136.75778082048,928.5883177635,1264.80945047223,577.10596532701,1180.1012788045,1445.97893928075,1494.54343252775,1286.64893235198,1472.31637048675,1279.03247731948,1762.2923517705,1329.98916813825,1637.13627097875,1047.62956732248,2281.69062298875,1743.9501012215,2572.791596468,1296.84811594598,1269.69008355625,1412.63306456575,2802.9520751505,2683.4633639070003,2645.2027552675,1644.9110202735,1585.10949851975,1545.9098429565,1436.202132624,1624.422243605,1589.27672313125,1055.9762078445,1117.70553312575,1324.01841419925,1466.99246375875,1425.40565615625,1293.82996165623,1188.3810473795,1307.79317464725,1440.182013879,1463.7329068355,1451.7684082305,1393.79061036175,2510.6697200575,2410.08855163025,640.07279445073,787.68514240425,1547.29254877425,1626.42290288225,1624.34162071775,1789.59523816775,1707.10140283675,1693.592020583,1587.58286578525,2866.9427248435,2501.748385925,1613.819790232,1959.7062680675,1066.85898031673,904.33302621398,1273.77365920373,1300.48577712273,1329.70551227675,1400.08556462,1353.268366625,1548.67820610425,1413.67914264425,1545.0933614625,1887.38505272025,1937.922554235,1713.18462492675,2470.3887236115,2704.1944752655,2767.7532721135,2565.038750501,2811.926225818,789.3717794192299,653.0919149854799,1195.857693937,1325.25773865875,2079.53098567925,3085.13186984,2261.028639154,2627.960642074,2600.751427355,2428.38885963675,1609.7240232855,1498.05169319375,1540.5374692905,1028.7899838525,961.48533270923,1305.06100636025,1192.87301911673,1344.3774796715,1288.41735421798,3143.983781363,2804.5023957955,3238.340831826,3094.7186923135,194.52792140524,107.73015984274,50.0,483.12240233098,355.8072872215,453.32408999773,245.4741669775,567.75635123276,704.95860363375,2209.0288963335,2508.645604025,2212.16775194,1969.245866345,2192.005505732,2213.24722870975,2156.2757411755,2004.20109195
167,340.242254357,538.1606058455101,1377.66882908125,2659.3240326135,2315.39844631125,2555.537987911,984.20405455398,1374.73906481625,1221.47604355325,1397.87798879975,2253.34927030775,913.15571770023,616.02313320624,992.5404424545,1963.70743127925,565.02492237725,601.02467263325,831.48713762175,1402.30028620675,1523.8760272965,1815.26655966175,1744.4571399575,1321.326168999,748.2596184825001,1183.85117822498,2464.3552112015,451.82289494399,366.18799192573,753.8136686014799,1667.913864008,334.18097287701005,681.1062711777299,282.80545936311,2589.3259680925003,708.04425745523,1455.907671147,994.88806287073,774.6515004292299,1385.2916531665,2604.4908380330003,305.1997261265,1307.429206584,522.01649870498,990.95765517475,2191.62134311125,2694.0201465115,2707.3174859115,2053.45453029325,1070.21562645873,1188.62757632375,258.93663572075,578.83734105399,325.43399544711,857.830627195,515.84468775151,359.3388493,1378.107050979,435.30599627201,1474.24168853025,690.95702098348,530.94373586198,980.4802527155,636.1046757487601,396.24055684476,788.47645837275,484.6976523805,732.52876033923,613.40801257451,2582.73275575425,379.10598433023,401.029736545,1536.5041501295,642.2345006637601,549.23802278349,919.799957025,511.662357611,2713.9170673025,1566.7742383945,2750.0230719995,2663.803185467,706.64865818923,840.10058242375,917.53343173798,445.59939835074,757.86756757,1023.74515348173,1072.30972129325,864.41514033925,1069.260187768,856.79868530675,1196.33887121198,1172.28979405623,1214.90255974425,625.3958125920101,1859.4567564115,1321.716389987,2169.7354137492503,1018.8822232575,1090.10858290275,1134.66717809098,2399.89589243175,2280.40718118825,2242.1467278915,1214.80197842048,1098.88195617273,1115.80064576073,1006.09293542823,1194.31312097375,1159.16752593548,911.09563671425,714.6494311852299,901.784547622,1044.75867795973,1003.17187035723,871.5961696435,766.147336145,885.55930807,1081.11113082275,1185.76702036073,1173.8024409775,1086.30276630598,2088.436008823,1987.85484039575,504.04971158273,538.96023575799,1144.23644683373,1223.3667201635,1221.285437999,1386.53921079175,1406.1131740055,1362.54341619925,1309.61689853225,2444.70885826625,2079.5146746905,1191.5860789975,1537.472556833,636.74985768548,482.09919691899,851.539867191,897.4296689685,926.64941033623,997.02946267948,923.15924399375,1126.44449486975,991.44543140975,1122.859650228,1465.151186143,1515.6888430005,1290.95083912773,2048.15485703425,2281.960764031,2345.51940553625,2142.8050392665,2389.69235924075,466.76379792125,330.48389620523994,773.6239081379799,903.02402742425,1676.4748029605,2662.89784792,1838.7949279195,2205.7269308395003,2178.5177161205,2006.15514840225,1187.490312051,1075.81798195925,1118.303758056,733.413511865,734.59520416425,912.66770534425,1104.38528377698,1255.88974433175,1199.92961887823,2721.7500701285,2382.26852921825,2816.106809906,2672.484981079,589.22906887976,450.05723196523,484.46685033626005,50.0,124.44393370236,277.12653231426,229.51359418924,203.664287186,668.890968596,1805.97271361475,2006.087574306,1875.31057144825,1566.189838969,1846.42924736825,1701.814001655,1726.16661854425,1574.09196931875
168,233.49318339987,633.3768197765,1472.8850802945,2754.540128484,2410.6146975245,2650.7540837815,962.32760109973,1352.86245601925,1316.6922947665,1493.094240013,2348.56536617825,930.85026354625,711.23934713723,1087.75669366775,2058.9236824925,502.52963927801005,696.2409238465,926.70331427048,1497.51638207725,1619.09227850975,1910.48265553225,1839.67339117075,1416.5422648695,843.47586969575,1161.97472477073,2559.57146241475,379.5660287775,249.51577522764003,692.6948403277299,1763.13011522125,289.90731978825,776.32244161275,378.02169193523,2684.542063963,803.2604278902501,1551.12392236025,1042.51102370998,906.4426553235,1480.507749037,2699.7069339035,317.81151932962,1285.55267856523,468.58313492699,1086.173906388,2286.8375943245,2789.236242382,2802.533581782,2148.6707815065,1057.10904795573,1283.843827537,159.89029094576,674.05355498498,218.68492448998,860.3151791385001,611.0609016825,454.55506323099,1473.32330219225,530.522210203,1569.4579397435,679.4303528125,626.15994357926,992.40661778223,614.22818501225,355.82958201298,778.17350582175,579.91386631149,827.7449307742501,708.6242265055,2677.9490069675,474.3221920475101,496.24595047599,1631.720246,592.58769719525,681.0291403955,967.42291786425,606.87857154199,2809.133163173,1661.990334265,2845.23916787,2759.0192813375,801.86490940248,818.2240544049799,1012.74968295123,423.72290761423,853.08374421873,1118.96132391675,1167.52589794198,959.63131698798,1164.47643898125,952.01493652,1291.55512242523,1184.21615290925,1310.1188109575,720.612026523,1954.67300762475,1416.93264120025,2264.9516649625,1076.37690517375,1123.91699376273,1192.16193457175,2495.112143645,2375.6234324015,2337.36297910475,1310.0181488555,1194.09812660775,1211.01689697398,1101.30910586325,1289.52929762248,1254.38377714873,897.9891389894799,809.86560162025,997.00079883525,1139.97492917298,1098.38812157048,966.81242085675,861.3635127937299,980.77555928325,1176.327382036,1243.26170227698,1231.29712289375,1173.31948036775,2183.65226003625,2083.071091609,482.17321463251005,567.21401241025,1239.45261726875,1318.58297137675,1316.50168921225,1481.75530666225,1486.6301175,1473.12073524625,1367.11173579125,2539.9251094795,2174.730770561,1286.80225564623,1632.68880804625,731.9660281205,577.31541084998,946.75604383973,992.64592018175,1021.86558077125,1092.24571389273,1018.375495207,1221.66067151848,1086.66160805848,1218.07590144125,1560.36743735625,1610.90509421375,1386.16700956275,2143.3711082475,2377.1768599015,2440.7356567495,2238.021135137,2484.908610454,522.3416683629899,386.06180392924,868.84015935123,998.24020407298,1771.69105417375,2758.114254476,1934.01102379,2300.94318205275,2273.733811991,2101.3713996155,1282.70648869973,1171.03415860798,1213.5199347047298,808.3187792939799,741.01420271523,1007.8839565575,1082.5087495445,1234.0132908775,1178.05308464575,2816.9664766845,2477.4847804315,2911.323216462,2767.701387635,472.55687703651006,333.38504012198,367.79462121075,123.9006317548,50.0,232.8528792255,139.25180736223,300.72624639023,615.4575675357501,1901.188964828,2101.30382551925,1970.5268226615,1661.40609018225,1941.6454985815,1797.03025286825,1821.3828697575,1669.30806518925
171,129.50842425157,511.35784853874,1321.84579049775,2707.2435427625,2363.3178011175,2603.45734271725,737.7341405489799,1128.26907624673,1126.67999447875,1445.797343606,2309.403614246,706.2568029955,663.94260607298,891.17386108325,2011.62694142825,318.55495244886,648.94410821773,804.68438031498,1385.49717162475,1571.7955374455,1863.185914468,1792.37649476375,1369.24552380525,694.1215081437299,937.38126421998,2512.2747213505,478.78200783549,377.17518579451,507.34371110051006,1612.0908254245,103.81899600663,729.0256259839799,291.24854909175,2559.7002415545,755.963686826,1338.12198247175,817.91756315923,649.88742396025,1329.46845924025,2574.865111495,133.6808248835,1060.95921801448,261.481615994,964.15489786798,2164.81850502625,2664.3944199735,2755.236685375,2101.37404044225,832.5155874049799,1236.54701190823,121.53094645436,600.38730133,205.61340995251,635.72171858775,494.11014300624,405.66594091875,1322.2840123955,408.50323896524,1418.41864994675,454.83689226175,495.27397088924,767.81315723148,389.6347244615,145.19914804195,553.58000798874,532.61708796498,780.4481897100001,586.60525526774,2555.930073012,321.00730494714,448.94917212948,1429.48899568275,395.7645493765,501.14713229898,742.8294573135,559.58179319548,2761.836266766,1614.69359320075,2797.9425821485,2711.7223849305,689.8456989499799,593.63059385423,819.74477914925,199.12942220864,749.48853497775,1071.6645828525,1120.22915687773,912.33457592373,1042.45743046123,904.71812089123,1315.38011455725,959.6226923585,1262.82199532873,673.31521089423,1879.780869765,1369.63574479325,2225.78991303025,851.783444623,899.3235332119799,967.56839945648,2373.0930543467503,2253.604498446,2215.3438898065,1197.998938403,1138.19741664925,1059.97760717723,989.28989541075,1138.49000782573,1103.34448735198,673.3955976605,687.84666766475,949.70398320648,1092.6781073305,1051.091299728,919.51560522798,814.06669095125,933.47874365448,995.11734876973,1018.66824172623,1006.703662343,948.726019817,2136.355518972,2035.774195202,257.57975408176003,342.62051457724,1117.43368331325,1196.56396285673,1194.48268069223,1359.73637270675,1262.03673772748,1248.52735547373,1142.51820067598,2492.62836841525,2127.43402949675,1239.50551458198,1585.392066982,619.94685495026,530.01862628976,899.45930277548,870.62691166173,899.84664681575,970.226699159,906.3562847545,1174.363849676,1039.36486699423,1170.77908581248,1513.070696292,1563.60819780675,1338.8702684985,2096.07436718325,2329.88011883725,2393.43891568525,2190.72439407275,2437.61186938975,337.63700109675,201.35711802187,821.54333750875,950.94346300873,1649.67212021825,2710.817358069,1886.71428272575,2253.6464409885,2226.43707092675,2054.0745032085,1235.40966685725,1123.73741754373,1166.2231936404798,583.72531874323,516.42069866851,859.9964158155,857.91528899375,1009.41975576223,953.459624095,2769.6695802775,2430.1878840245,2864.0263200550003,2720.404491228,580.8218819675,486.98041409175,418.82374524699,279.52957280998,235.41673674973,50.0,327.50795786123,171.29990524776,408.35604860276,1779.1700308725,2022.71344281025,1767.1030060525,1647.0876828865,1746.94091518725,1727.315067495,1670.34357996075,1518.2687753925
172,296.01217180276,724.7589820124799,1564.26716175225,2845.9223652845,2501.99677898225,2742.136320582,1057.14306801798,1447.6779229375,1408.07437622425,1584.47632147075,2439.94760297875,1025.6657304645,802.6215031595,1179.13885590373,2150.305919293,597.3451061962601,787.62308608248,1018.08555107098,1588.89861887775,1710.47451531025,2001.86489233275,1931.0554726285,1507.92450167,934.85803193173,1256.79019168898,2650.9535438725,187.34772473813,128.66650382883,787.5103072459799,1854.51235202175,375.41573652575,867.7046038487299,469.4038479575,2775.9243007635,894.64259012623,1642.50615916075,1137.32649062823,969.29635142925,1571.8899858375,2791.089170704,440.4498234705,1380.36806470525,563.39860184524,1177.55606862398,2378.21967578225,2880.6184791825,2893.9158185825,2240.053018307,1151.92451487398,1375.22590899475,226.69140167176,765.43571100725,185.23302524125,955.13064605675,702.44306391848,545.9372192532601,1564.70538365,621.90437243898,1660.84002120125,774.24581973075,717.5421430975,1087.22208470048,709.0436519305,450.64504893123,872.98897274,671.29606582973,919.12709301023,800.0063887414799,2769.331243768,565.7043542834899,587.6281064982601,1723.1024828005,687.4031641135,735.83639273675,1062.2383847825,698.2607710602299,2900.5153999735,1753.3725710655,2936.6214046705,2850.401518138,893.24706542475,913.03952132323,1104.1318389735,518.53837453248,944.465900241,1210.34348615273,1258.90813474248,1051.0135537884798,1255.85860121723,1043.39709875598,1382.9372784475,1279.0316198275,1401.50089241525,811.9941887589799,2046.05524442525,1508.314722658,2356.333901763,1171.192372092,1218.73246068098,1286.97740149,2586.49422510275,2467.0056692020003,2428.7450605625,1401.400385656,1285.48028884373,1302.39905299625,1192.69134266375,1380.91145364475,1345.765933171,992.80460590773,901.24776385623,1088.38296107123,1231.35708519525,1189.77027759275,1058.19458309273,952.745668816,1072.15772151923,1267.70954427198,1338.07724375975,1326.112589812,1268.134947286,2275.034341494,2174.45317306675,576.98868155076,662.0294793285,1330.83485406925,1409.9650528345,1407.88377067,1573.13754346275,1581.44558441825,1549.14174887025,1461.9272027095,2631.30734628,2266.1130073615,1378.1844116685,1724.070889504,823.348264921,668.69756687225,1038.13828064023,1084.02808241773,1113.24781757175,1183.627869915,1109.75765744298,1313.04282754075,1178.04376408075,1309.457982899,1651.74967415675,1702.2871756715,1477.54924636325,2234.753345048,2468.5590967020003,2532.11789355,2329.4033719375,2576.2908472545,644.97995386274,508.70008942899,960.2223153735,1089.62236009525,1863.0731356315,2849.4964912765,2025.3932605905,2392.32541885325,2365.1160487915,2192.75348107325,1374.088644722,1262.41639540848,1304.902090727,903.13424621223,835.82966963348,1099.26611879348,1177.32421646275,1328.82875779575,1272.868551564,2908.3484027995,2568.8668618892502,3002.705142577,2859.08331375,351.70759942399,208.57372081587,246.94538088049,229.16554565101,147.33012124532002,327.66834614375,50.0,423.36453188998,682.0643444815,1992.57104628575,2192.68606231975,2061.909059462,1752.78817164,2033.02758003925,1888.41248966875,1912.765106558,1760.69030198975
173,297.02194317373,400.02730977925,1255.05400033675,2561.0107129935,2217.08512669125,2457.224668291,718.911955467,1151.26772572698,1098.86121480875,1299.56474995798,2203.5919000835,688.8079286017501,517.7098881507601,869.92561371,1865.394267002,412.91400372648,502.71143379148,693.3538042732299,1279.68545746225,1425.56286301925,1716.95324004175,1646.1438203375,1223.012849379,625.6448270202601,960.37991370023,2366.04204692425,589.33823755075,487.73145900574,560.32102584676,1545.2990352635,251.59907684789,582.79298883999,141.93031404967,2448.3698208555,609.73101239975,1333.2928424025,827.6459028779799,620.74877772173,1262.67674985748,2463.53453545325,153.08880747573,1083.95786749473,369.9055738405,852.82439639075,2053.48808432725,2553.06384393175,2609.0041662915,1955.141366016,840.09965036725,1090.31433748198,258.269749295,480.52409599851006,343.62216462924,627.71465731723,417.531486192,259.4332664925,1255.4922222345,297.17270020575,1351.62685978575,460.841044892,383.94343212975,750.3642828377299,417.93673814449,244.12965683512,558.36048849498,386.38441353873,634.21551528375,475.27471650825,2444.59949697025,209.67677240136,302.71649770323,1413.889321385,490.12358201299,395.33530007599,752.55779703225,413.34911876923,2615.6037476825,1468.4609187745,2651.7097523795,2565.489865847,584.03382944473,595.5712473340101,794.9186029934799,293.48847348626,638.15799621826,925.43190842625,973.99648245148,766.10190149748,931.126928984,758.48544646498,1209.56832583023,942.17381796475,1116.58932090248,527.0825737502399,1761.14359213425,1223.40315114523,2119.978043525,861.5117843417501,927.64779819048,977.29673917523,2261.76263364775,2142.2739224042502,2104.0134691075,1092.18714967598,1032.38562792223,993.18581701623,883.47810668373,1071.69829222925,1036.55269719098,680.97966683648,576.516091623,803.47138334475,946.44543290425,904.85862530175,773.2829308017299,667.8340973032299,787.24606922823,958.49630207825,1028.39658144498,1016.43200206175,958.45435953575,1990.12284454575,1889.54152077575,351.93878671825,308.84427830764,1006.1031072715,1085.2334613795,1083.152179215,1248.40587744323,1271.764996668,1239.92858745475,1152.24654039473,2346.395693989,1981.2013550705,1093.27284015573,1439.15939255575,514.13502894098,383.78599535948,753.2266283492299,759.2964101845,788.516070774,858.89620389548,800.54441524925,1028.13125602798,893.1321925679799,1024.54641138623,1366.83802186575,1417.3755233805,1192.63759407225,1949.841692757,2183.647444411,2247.206241259,2044.4917196465,2291.3791949635,236.64782804348,100.36795118231,675.3106630825,804.71078858248,1538.3415441765,2564.5848389855,1740.4816082995,2107.41376656225,2080.2043965005,1907.84182878225,1089.17707320923,977.50474311748,1019.99051921423,579.5107891575,504.47923428648,790.05287659975,880.91401925223,1032.418479807,976.45835435348,2623.4367505085,2283.95520959825,2717.7938009715,2574.17181680175,691.3781551787299,597.53668730298,553.25860383899,203.78341643412,313.07958653961,170.36717145337,419.37179446899,50.0,516.7800064492601,1667.83945483075,1955.92165264925,1752.69574270375,1428.056580185,1723.81441862375,1660.523277334,1603.55178979975,1451.47714057425
177,392.68247465198,746.6675914159799,1273.48262145475,2915.8067189125,2463.0733228285,2832.780057949,413.53020491976,804.06510333525,975.56171600048,1731.82140532975,2231.10263508025,491.093113398,961.11748107723,778.605824695,2220.190272921,164.89908801224,969.00640729323,944.62893556398,1311.530876555,1780.35886893825,2071.7494013035,2072.60642725525,1577.80901064075,632.245613871,613.17732859076,2809.4497516975,824.90868284475,643.25079643023,156.42589907236,1474.03632541475,339.20444672651,1029.63209690025,605.35528053549,2656.976803661,989.84594789123,1187.00370399348,610.02037866074,588.01157318349,1194.48718563198,2672.141362916,378.13734150575,736.755245103,185.54509018487,1111.874432319,2262.09491179,2761.6706713945,3052.4117157220003,2235.13750766875,553.22601914375,1533.721961477,480.50165207799,836.96786596273,500.55162276,434.93426107126,695.63834931925,675.2785879114799,1238.173680408,600.1558406325,1314.846512211,255.67507798288003,639.18368711425,521.79762077023,203.98767350924,285.24598717126,332.69749311048,768.52143939325,1077.62306471425,707.29806544875,2653.206324433,548.12371195548,769.0114712049799,1261.11089493748,108.26640301574,546.995376784,607.66767542973,862.31312302448,2857.597615689,1735.3422487585,2966.0719045865,2879.852018054,735.693943435,269.42667686614004,700.68458398848,281.15756482998,982.245257041,1368.83945785675,1417.4041064465,1209.50945092798,1190.17696491225,1201.89307046,1241.41366414475,750.763432927,1591.345422533,993.37750996973,1997.19559995325,1698.1879911845,2147.4889338645,700.6651661447299,679.29877750325,786.56908552373,2470.3694611105,2350.88090520975,2312.62029657025,1124.0324879905,1115.12397274173,998.1017129045,951.61423300323,1076.614113553,993.18029924175,396.81459180198,885.199534261,1224.47912959625,1367.45317915575,1325.866526896,1159.31843831025,1088.8418435547298,1208.25389004425,843.99898951323,867.54995703425,855.5853838647299,797.60774133873,2266.87620629225,2244.3376820375,255.2185069995,291.80469477788,1283.30773970675,1313.97861226675,1342.20221514325,1477.15094755225,1077.54725745225,1097.40899621723,965.58374048248,2701.191699908,2335.9973609895,1502.4051737625,1865.62184413075,636.40367326025,850.08096886123,1219.52160185098,1103.38363372498,1041.28676749723,1117.58848547048,952.20453545323,1471.53872468025,1336.539816563,1467.95403538125,1810.24557129625,1860.78322815375,1636.04514350275,2304.637698676,2538.44360567275,2690.6137906895,2399.28788090825,2734.786744394,406.5146591402301,483.6200770060101,1122.14981463873,1248.1183380129798,1767.08669506375,2919.3808449045,2183.88915773,2550.82131599275,2523.6119459310003,2351.2495335555,1443.97315369275,1337.65688627825,1440.99834003025,521.8494244705,454.54481060949,798.12052775648,533.7113968605,685.21586362898,629.25573196175,2978.233067113,2638.75137086,3072.5898068905,3017.579521575,856.17607156475,762.334603689,709.6894925204799,658.4211779315,608.53079703099,415.83316118851,681.91187867923,514.51938418674,50.0,1876.4462822935,1940.63841153325,1597.07151164075,1573.121232474,1576.9094207755,1643.2047355075,1566.77159756775,1383.28757634875
181,1905.5898249355,1268.28671715275,650.1395079612399,1068.15624762198,587.62628588123,1275.69749838425,1611.613923182,1963.13701270125,950.16721528698,932.38349648875,447.27943019199,1391.890302501,1279.7014577655,1098.90883046848,663.10779413448,1802.77793461825,1524.3097442545,999.28519475223,544.0380795699899,517.82317651148,709.04784618475,839.83393970023,703.137831261,1219.5583373045,1558.1005206055,1355.12673194325,2215.052777493,2118.04169614625,1721.14656223525,723.5241624927299,1845.31388642325,1340.296625629,1553.51620071025,781.5296859355,1168.93166905125,855.420950457,1322.57155182575,1295.14571474873,759.5847263285,796.694555876,1731.031487446,1852.37359303975,1860.99263018075,834.3102621957299,386.6479866895101,886.2238643545,1508.1596905935,577.49374432698,1500.036818196,1324.85322613775,1904.555552906,1288.86714604375,1989.90785017975,1461.29790922925,1362.072572324,1515.00114064625,671.8825592755001,1377.580128371,610.6608195367301,1621.18443466675,1348.275029269,1463.00077645475,1658.0008217595,1843.73342928475,1562.30021185175,1398.61586686225,1263.40740137525,1287.43341323948,777.7594428284799,1470.959762251,1519.59680056225,852.20022922125,1749.56838246075,1382.59661179675,1285.31041843975,1450.2249226665,982.15057874173,428.70447620349,1408.9895003645,1322.76945848925,1262.45569712423,1651.922881323,1184.91434400598,1750.308279979,1115.16638131248,1256.18342290748,1153.14954780048,1405.80854687275,750.5626555294799,1279.61058225675,653.475996828,1414.07340254375,1131.5837798462298,1641.38272039275,288.69219151549,984.504561997,363.66569169398,1228.76822370198,1370.25369825275,1267.58853226973,594.92253601001,475.43390554474,437.17337146976007,770.3835329375,815.7574414422501,858.70249148623,939.66853087098,823.74400368348,926.49538489275,1529.50797869775,1092.12982820123,982.22700737473,1066.20343391173,915.45548633575,1032.96365829498,1113.10933261698,1120.33618803248,1032.40209425373,1171.829898738,1074.222456574,1134.64232325098,595.22386366275,592.4835802704899,1689.4937681525,1597.2487577185,712.36915495798,680.1539393420001,600.3483910779801,516.7834674857301,1045.58983623675,919.41696258173,1137.949644963,984.91195146573,735.83305597448,995.35261225775,861.6572659339799,1343.22499180925,1577.14880395325,1566.85532731,982.01946946073,912.42498540423,847.27314865498,1021.70806322275,1426.82393546375,1175.2048753245,1246.24785596023,1157.28562308375,1267.61059094023,1359.41543458525,806.1067730985001,981.361046108,1310.91463186575,842.2053213435,1198.212690027,1537.708056442,1643.53794570625,1371.818776459,1309.32267936375,322.2023007995,1196.18251562725,973.23273671425,1265.06180166275,1143.91278710725,1089.3898119985,753.24130513225,842.9599764230001,915.91320685548,1332.7323657605,1399.04181668275,1058.83715527125,1682.9737222495,1761.89358693125,1777.4134150555,1421.1503522055,1081.66881129525,1372.167986961,1473.32734110375,2337.6638780115,2197.948919347,2199.5442893895,1805.678649789,1901.1961105945,1778.9351526345,1991.95744242325,1668.20715112,1849.614550457,50.0,248.17332803698,953.95120933423,336.40695991999,782.19665313948,251.15413792963,445.69904761801007,686.1504801775
182,2115.591164265,1469.03289078,713.0815568094799,1147.55953894173,719.3221411052299,1523.8027055185,1631.976872223,1983.4650096235,970.49521220923,1133.12975089423,294.75374018501003,1460.003748779,1480.44763139275,1205.40467410198,911.21300126873,1909.27377825175,1725.05591788175,1200.031442944,676.1817506599799,764.1945224347501,955.41919832173,1086.20521105898,903.88400488825,1326.054180938,1578.42851752775,1603.2319390775,2415.79895112025,2389.95395643175,1789.260163856,572.60467923849,2036.72970845725,1541.04279925625,1754.2623743375,787.117364653,1369.6778426785,878.3889974155001,1390.68499810375,1401.641477604,782.552773287,889.74121567823,1937.98049708075,1872.701589962,1967.48847381425,1035.05643582298,512.02267822648,978.176519733,1756.26489772775,825.59895146123,1520.364970461,1525.599399765,2134.30981029725,1489.613319671,2218.39218058975,1529.41135550725,1562.81874595125,1715.7473142735,732.138458573,1578.326457341,602.44796019101,1707.10233489325,1553.64233902325,1483.328773377,1764.496665393,1950.22927291825,1630.41365812975,1599.3620404895,1464.1535750025,1520.21692882025,750.1012067837501,1722.35342006,1720.34312953225,759.0821179677299,1856.06422609425,1558.499130102,1353.42386471775,1650.97109629375,1061.55387006148,675.0757848445,1657.09470749875,1570.8746656235,1368.9514599795,1720.03648294375,1291.41018763948,1856.8041236125,1315.91262950425,1456.92967109925,1353.89579599225,1606.55487584275,951.30890372125,1480.356755884,785.61970520025,1387.085861929,1332.330028038,1842.12889402,535.0635001565,1185.25073562425,211.140001687,1257.274624948,1390.58185051775,1287.91652919198,538.93370943,431.12568558725,388.303437094,956.20554332223,947.9011498145,997.52562742298,1071.11661440873,886.68608981398,989.43747102325,1597.6215803185,1292.876076393,1182.97318100198,1266.94960753898,1116.20174074123,1233.70990648675,1313.85558080875,1321.08243622425,1095.34418038423,1192.15789566025,1094.55045349625,1177.54697796625,843.329070797,840.588824687,1795.989611786,1703.744601352,913.11532858523,880.90019374748,801.09463926975,717.5296411129799,950.9868782005,946.00332743775,1073.375527901,1116.6078066897298,983.93826310873,1196.098785885,1108.02861185725,1449.72083544275,1777.8949775805,1767.60150093725,1182.7657176525,1113.171233596,1048.01939684675,1199.45830897473,1627.570109091,1375.95104895175,1446.994104152,1358.031796711,1468.356839132,1560.1616082125,1054.21206101098,1229.46625324225,1559.019839,1090.31052847775,1446.31789716125,1713.61057474725,1849.86139008675,1572.56495008625,1510.068852991,568.57360944051,1275.585806947,1219.60408885123,1513.167008797,1392.0179942415,1337.49501913275,953.98755953773,1043.70623082848,1116.65945504725,1439.228209394,1505.53766031625,1165.33299890475,1703.30171917175,1782.2215838535,1797.74141197775,1669.2557146825,1329.7740184295,1524.59417682975,1721.432548238,2593.600689887,2499.75922201125,2431.60259044875,2006.42482341625,2101.94228422175,2021.23489051575,2192.7036160505,1951.116124678,1944.357472311,249.10462646436,50.0,798.4645311695,470.99607386274,626.70993769249,346.1120355085,348.63258968774,630.5403419397301
183,1864.52201746075,1352.72699714125,609.5254566592399,1941.9213873055,1541.32738717425,2229.39852511275,1266.37763553348,1499.92295196025,672.05825192575,1482.09177905875,1089.11563204475,1134.62639751225,1398.640255674,947.58837029423,1616.8088954275,1610.9164342345,1630.966522977,1150.43819544198,726.67924830975,1309.474759916,1580.48028456975,1633.9239382515,1281.82647202098,1122.61040589248,1094.88654064273,2308.82775867175,2278.164808592,2138.8848096275,1463.88281258925,274.13935336886,1785.660561653,1490.31438150175,1612.98264815225,1581.479293795,1325.1541250445,447.58168990123,1033.664328662,1198.197777123,508.4045902362301,1684.103064042,1734.53679659975,1389.15953229875,1681.224252199,1122.9997693885,1340.3491314785,1772.538448875,2461.8607173220003,1531.19484562,1154.76557842873,1717.665175865,1883.240663493,1395.5237694235,1967.3230337855,1204.0340042405,1415.17260784275,1550.738827683,555.94408852276,1446.13583545825,531.16836147848,1381.7249836265,1350.1984831995,1117.72938134473,1449.22187452975,1699.15997077125,1305.036306863,1505.27264558475,1483.2116449435,1316.77322833925,1544.46313592575,1518.909719579,1626.25357928475,340.94591973224,1526.77394629775,1355.055429621,1028.046513451,1556.88154604625,1855.91571842525,1211.48106111098,2362.690527093,2276.47048521775,1165.5077594985,1394.659131677,1037.5513957307298,1605.73497680825,1253.2604937234798,1558.2390863385,1437.96263200975,1615.097950379,1038.43451926448,1581.666326466,803.95046038575,967.48016477448,1460.044759265,1748.0393437725,1237.29902616098,1497.227599905,1005.501930829,931.89727368125,987.71223444175,905.91783294948,1333.295638572,1225.48761472925,1182.665366236,780.822876423,861.72615733675,794.08184616375,867.67291392773,683.24230855475,750.33616579998,1211.2624130835,1191.425454594,1284.28275158398,1345.08164835725,1204.12798660425,1335.01947706875,1391.70715339875,1422.39200680625,828.31154656173,760.1900224607299,769.1731022295,852.16955213498,1548.92489039125,1546.18464428125,1544.92046498175,1452.675299205,932.95927749848,1008.61484419625,898.49835252398,1057.196269803,531.38118104598,566.5677865702501,653.7698307464799,1938.61305275875,1689.5341572675,1323.813517112,1615.8923732025,1246.27713496175,1683.805427333,1766.320389278,1270.79829873475,1103.59288040923,983.6107198135,996.01460849373,1728.879679673,1477.26061953375,1574.708835379,1703.05814173975,1813.38318416075,1652.611360391,1759.807799827,1935.0620728365,2264.61565859425,1795.906348072,2151.9137167555,1510.16687426625,1646.41768960575,1571.283838427,1611.378423573,1119.77151713623,2069.947736089,1767.32281604375,2218.76282839125,2097.61381383575,1934.6830365265,1169.33843714898,1171.42088127725,1244.37411170973,1235.78443434848,1254.468513512,961.88922385923,1219.75974228673,1298.679681533,1314.19950965725,2374.85153427675,2035.36983802375,2325.8690136895,2427.02836783225,2342.53154308275,2248.690075207,2180.5334436445,1868.79083623075,1964.30829703625,1770.1657437115,2055.069628865,1747.67226885425,1618.98012104425,954.70042741748,798.6513339332299,50.0,869.54331520225,174.09813769948002,745.46989881348,591.87968222301,387.63084026876
184,1727.81853334775,1028.8999665195,377.47333202773,1404.26475062325,923.73486966073,1538.53867412625,1338.94778453075,1690.47087405,677.5009958575,667.04254521375,718.2536128925,1119.22416384975,1040.31470713225,817.6320431847299,925.94896987648,1521.50130267725,1284.92299362125,759.8984441189799,262.76134820963,506.50245554474,777.5079429162299,830.9515965979799,437.79684270374,938.28163079898,1285.43430738973,1589.91083223675,1975.665871517,1878.654945513,1448.480423584,575.91297650298,1648.95707754,1100.90980043123,1314.129450077,1117.63835049323,929.544918418,582.75481180575,1049.90533860998,1013.86892746498,486.91858767725,1132.8031396555,1535.76114575625,1579.7074543885,1579.715842897,594.92346806651,722.7566139649799,1222.332448134,1832.872951604,913.60232810648,1227.37076032298,1059.51220029823,1665.16880227275,1049.48032084598,1750.5210995465,1188.63169601348,1122.68582169075,1275.61431544848,399.21642062425,1138.19337773775,336.77302200351005,1339.90780272575,1151.42291313423,1190.33456323898,1376.7241898185,1562.456642001,1289.63399863598,1159.229116229,1024.020650742,1048.04666260623,1113.86802660798,1231.57301161775,1280.21013070723,609.3692564172601,1468.29175051975,1156.27970421298,1012.6442797885,1210.83809746873,1318.25923708575,408.50871324375,1671.8306761065,1585.61063423125,981.178984405,1379.25674267175,903.63763128675,1469.03149269525,875.77963067923,1016.79667227423,887.80851574725,1166.4217962395,511.17590489623,1040.2238316235,358.04539099898,1141.40718932798,866.2428285712299,1401.9959697595,570.48180249925,719.163610722,634.63987439449,956.1020042725,1097.58764037973,994.92239361848,931.03116328548,811.5425266065,773.28199874523,489.10678293601006,534.4806914407601,577.425778767,658.39181815175,551.07782153626,653.8292462415,1256.8418400465,852.74307756798,742.84025674148,817.82311476723,650.11453506075,793.5769076617299,873.7225819837299,880.94943739923,759.73595560248,899.16376008675,801.55631792275,861.9761845997299,931.33244744225,928.59220133225,1408.2171362115,1315.97197043475,472.98236082876,414.812988067,335.00743980298,251.44249135589,758.05374896273,646.75078043451,865.28350631175,1321.020454467,1032.53910655923,730.01166098275,800.8430647929799,1061.94828530373,1337.76205332,1327.46857667675,742.63271882748,673.0382347709799,608.5393781645,786.73351271775,1187.4371848305,935.81812469125,980.90690468523,891.9446718087501,1002.26963966523,1094.07448331025,1010.39639563148,1244.20214728548,1471.0750265715,1105.04642252098,1515.247980276,1311.39122342275,1447.64203876225,1132.43202582575,1069.93585416598,316.79913198674,1532.29109940675,964.35047439023,1425.22235171125,1304.07333715575,1131.71069487298,487.90035385725,577.6190624302601,650.57225558048,1051.45565925498,1117.76511017723,777.5604487657299,1410.30758359825,1489.22744828,1504.74727640425,1683.9915279475,1344.50998703725,1708.2765707405,1798.04060211425,2098.27712737825,1958.56216871375,1960.15753875625,1566.29189915575,1661.80935996125,1633.46241494125,1752.57069179,1428.82040048675,1568.337918516,337.10798446848,470.99199766898,869.3443211395,50.0,687.45737873325,166.71842501798,297.71923328251,503.33020124699
189,1844.5798919295,1324.308128428,521.65237529898,1770.1558017755,1369.56180164425,2057.63293958275,1246.43551000223,1479.980826429,652.1161263945,1349.728416038,917.35004651475,1114.68435275923,1370.2215423035,927.64624476298,1445.04315455475,1590.97430870325,1602.54765426375,1122.01940129325,645.21692612101,1148.1311194835,1419.13664413725,1472.580297819,1120.48275081025,1094.19169252198,1074.94441511148,2137.06217314175,2249.7460952215,2118.94268409625,1443.940687058,157.31478892899,1765.71843612175,1461.8955127885,1584.56393478175,1409.71355292225,1296.735411674,427.63960165224,1013.72220313075,1169.77898918798,479.98583336976,1512.337478512,1706.1179278865,1369.21756211025,1661.28212666775,1094.581056018,1168.58347138398,1600.772863345,2290.095131792,1359.42926009,1134.82345289748,1571.851771521,1863.29853796175,1367.105056053,1947.38090825425,1184.09187870925,1386.75389447225,1522.3201143125,468.0710071625,1417.716966745,416.76083080925,1361.78285809525,1321.779769829,1097.787330378,1429.2797489985,1679.21800058275,1285.09418133175,1476.8537768715,1454.79277623025,1288.35444040423,1372.69755039575,1490.49085086575,1597.8347105715,321.00383148325,1506.8318207665,1326.63656090775,1008.10446869798,1528.46283267575,1684.15013289525,1050.13733990025,2190.924941563,2104.70489968775,1137.0889715634798,1374.71700614575,1017.60927019948,1585.792851277,1224.84169957475,1462.593001736,1356.50027253875,1586.6792370085,956.97215979348,1486.02008652075,753.99782432475,947.53803924323,1378.582399794,1719.620630402,1065.53335985275,1401.84948154625,833.73627073448,911.95514815,967.7701089105,885.97570741823,1161.52997847748,1053.72195463473,1010.89970614148,752.4041630525,833.3073694017299,765.6630582287299,839.254119779,654.82352061973,730.39411483325,1191.32028755225,1163.0066666589798,1188.63651163873,1263.61936966448,1122.66562713325,1239.37316255898,1363.28844002825,1326.745766861,808.36942103048,740.247971494,749.2309766982501,832.22750116825,1377.15930486125,1374.41905875125,1524.9783394505,1432.7333290165,918.77865922198,927.15248472525,817.03599305298,934.12838703498,511.43909279699,546.6256983212601,633.82777977975,1766.847311886,1517.7685717375,1242.351157641,1404.859558013,1217.85834702673,1655.3867139625,1737.90152056475,1242.37951079973,1075.1740862605,955.19193187848,967.595814345,1633.23343972775,1381.6143795885,1493.246475908,1574.630542633,1684.955585054,1571.14900092,1588.042214297,1763.2964873065,2092.85007306425,1624.140762542,1980.1481312255,1481.74816089575,1617.99897623525,1542.86496971375,1515.73218362775,958.4277959255,1898.18199521625,1605.97917561125,2046.99724286125,1925.84822830575,1773.339396094,1087.87607767798,1089.95860258448,1162.91175223873,1207.36564019975,1234.52638798075,933.4704297105,1199.81761675548,1278.73755600175,1294.257384126,2203.085793404,1863.60425249375,2154.1034281595003,2255.26278230225,2322.5894175515,2228.74794967575,2160.59131811325,1840.3719675175,1935.88958366575,1750.22361818025,2026.65076015175,1719.25355548375,1599.037995513,782.9348418874799,626.88570490726,174.21780754037,687.5947825024799,50.0,584.12710965925,422.64564292524,267.30353293737
190,1820.2028862285,1164.95202391723,417.6933533375,1319.1001073915,838.57014565075,1526.64128358925,1379.167731276,1730.69082079525,717.7210233809799,829.04880325323,593.5680652905,1159.444110595,1176.36676452998,910.01639606548,914.05157933948,1613.885655558,1420.97497024075,895.950495303,372.10080301898,627.08163561098,896.7915209515,949.566113409,599.8030945295101,1030.6659029015,1325.6543286995,1606.07051714825,2111.71800347925,2094.565833738,1488.700525672,472.36999970826,1741.34143042075,1236.96185161525,1450.1814266965,1032.47355191873,1065.5968950375,667.45886378375,1090.12535991975,1106.25328034573,571.62260237299,1047.638341081,1642.59221904425,1619.92740113375,1672.10019577775,730.9754881819799,637.5918153904801,1137.1676495595,1759.1034757985,828.4376040965,1267.59070706823,1221.518452124,1838.92153226075,1185.53237203,1923.004057896,1228.85171732325,1258.73779831025,1411.6663666325,439.43640465176,1274.24543513548,359.50670024823,1406.54269670925,1258.25406098675,1230.55458454875,1469.1083873565,1654.84099488175,1329.85401994575,1295.28117362673,1160.0726273615,1224.82873156198,1028.703302598,1426.9651420235,1416.26218189125,601.04607265049,1560.67594805775,1263.1108520655,1052.86422653375,1346.89014865275,1233.09443851125,529.15682820873,1659.9332855695,1573.71324369425,1073.56326272123,1419.47684475975,996.0219841675,1561.415845576,1011.83168186325,1152.84864889373,1049.81477378673,1302.47385363723,647.22795608025,1176.27588902123,481.53875755925,1181.62721063775,1028.249080397,1538.047946379,534.54174114151,881.16978798325,509.95432679249,996.32203179598,1137.80758712498,1035.14241492825,845.86636471098,726.377728032,688.1172001707299,598.44625638649,643.82016489124,702.13734938648,775.72841093675,591.29781177748,694.04919298675,1297.06186756998,988.795128752,878.89223336098,962.86865989798,812.1207931002299,929.62895884575,1009.77463316775,1017.00148858325,799.95590234773,939.38378761023,841.7762646680001,902.1962059095,846.16764886775,843.42740275775,1500.60148909225,1408.3563233155,609.0343809442301,576.81920261051,497.01365434649,413.44873075424,794.43571694825,686.9707706757299,916.82436664875,1235.85573667073,986.776915744,892.017838244,884.1799452282299,1154.33263818448,1473.8140299395,1463.52055329625,878.68469544698,809.090285955,743.93844920575,904.07010550275,1323.48916145,1071.8701820889798,1142.913156511,1053.95084907,1164.275891491,1256.0806605715,1057.05063908173,1232.304831313,1561.85841707075,1093.1491065485,1449.156475232,1418.22229671075,1554.47311205025,1268.48400244525,1205.98790535,414.87990350999,1447.12630083225,1082.96491663673,1516.00558686775,1394.85657231225,1250.325211684,649.90661189673,739.6252831874799,812.57850740625,1143.8399313575,1210.14938227975,869.94472086825,1450.5275303435,1529.447550368,1544.9672231495,1672.09429275325,1332.61259650025,1623.111772166,1724.27112630875,2298.2124118505,2204.37094397475,2136.21431241225,1702.34387577525,1797.86133658075,1725.846767822,1888.6226684095,1655.7278466415,1643.797834127,251.94320453511,346.30645006698,745.2596392945001,166.91512622174,584.28307378025,50.0,194.54489104725,434.99628632448
192,1763.44204346325,1204.0215768205,417.34736775099,1513.478315668,1032.94827936273,1721.01949186575,1254.89516548173,1606.383222104,593.41342468973,959.97951465525,639.9191169750101,1082.92204203773,1249.93491613148,853.255472522,1108.42978761598,1557.12465745,1482.26110265625,969.031181355,425.56375648399,758.38221810075,1029.38766818998,1082.83139643625,730.7338494275,973.90498557173,1201.34673000825,1800.44872542475,2129.45938827125,2037.80483563,1412.1783763365,318.8313631245,1684.5805876555,1341.608961181,1464.2772278315,1132.282741443,1176.44878550198,555.31347773599,1013.60321058425,1049.49235680225,459.47721632523,1242.0165493575,1585.831376279,1495.6198024425,1615.3393530125,821.0665906090001,831.97002366698,1331.545857836,1953.481684075,1022.81573780848,1143.28310837698,1352.44924430425,1782.16053415275,1246.81842988098,1866.243059788,1152.32956798775,1266.46726830023,1402.03340736225,352.09211001250003,1297.43034057298,255.7783622705,1330.02054737375,1201.49314365698,1106.2469858575,1412.34754459125,1598.07999677375,1253.33187061025,1356.567225264,1250.16373600223,1168.0678080185,1095.26658357375,1370.20429925825,1477.548158964,478.03205032075,1503.9151052925,1206.35000930025,976.34215797648,1408.1761257255,1427.47264678775,660.3884385175,1854.311493846,1768.09145197075,1016.80233917775,1342.95469542425,939.26106683773,1504.65500281075,1104.55507340273,1242.93975132075,1136.84717746625,1392.56495606425,737.3190647209799,1266.36699144825,534.34465468773,1057.3196119465,1159.17987257725,1599.33392345175,728.91991213575,1012.1005801635,556.305378477,880.1928374285001,1013.49998843373,910.834816237,884.09908622,776.29106237725,733.468813884,623.84992232224,691.3400962049799,645.3764631252601,718.9674936069799,534.536888234,655.122629978,1220.53971823448,1042.72003427325,968.983335788,1043.96619381375,903.01245749623,1019.72006748648,1099.86574180848,1107.09259722398,761.02933933898,815.0761889189799,717.46866597675,800.4651904467501,1040.54585714425,1037.80561103425,1443.84049098425,1351.5953252075,699.12548337125,707.7499575085,597.3828544845101,544.37948565223,669.93681676723,566.61904967775,792.3254664677299,1430.23401951175,1181.15504945598,1022.94863042425,1015.11073740848,1097.571714641,1535.10000701225,1553.6117365015,968.775797874,899.1813945957299,797.1780632922299,847.3091881729799,1413.58034465525,1161.961284516,1273.84387412673,1184.88164125025,1295.20668367125,1387.01145275175,1251.42884735823,1426.6830395895,1722.95475184525,1287.527314825,1643.5346835085,1361.4614539455,1497.712269285,1358.5751856505,1296.07901399073,568.67889454275,1641.50450910875,1216.23019966398,1677.102076985,1555.9530624295,1383.59049471125,780.83740407698,870.5560753677299,943.50922502198,1087.07901402773,1153.38846494998,813.18380353848,1326.21993165225,1405.13995167675,1420.65962445825,1866.47250102975,1526.99080477675,1817.4899804425,1918.64933458525,2241.45156908525,2147.6101012095,2079.45331430425,1720.08541591,1815.6028767155,1669.085769714,1906.36420854425,1598.9668485335,1567.2756847915,446.32139417048,349.45478158123,594.18361404423,297.84589976086,422.42905784948,194.37818963537,50.0,311.98228263587
194,1610.6952261585,1051.27475951575,264.02121519439004,1754.5239715285,1273.99409056598,1962.065303069,1071.30566653548,1336.7545002435,409.82388224751,1136.58752516648,921.8619766885,899.3325430914799,1097.18809882673,700.5086552172501,1349.475518041,1404.37784014525,1329.5142853515,848.98595781648,381.17499441748,1003.57964507598,1274.5850889515,1328.02874263325,975.93127640273,821.1582428315,931.71808892598,2086.98805905025,1976.71272630925,1885.05801832525,1228.58880282573,115.41868148382,1531.83377035075,1188.86206931173,1311.53041052675,1414.22563843875,1023.70196819723,240.79068248436,830.013711638,896.7455394975,206.95237125186,1483.06236056075,1433.08455897425,1225.99116136023,1462.59253570775,821.5476125412299,1073.015754092,1572.59166903925,2194.5273399355,1263.86154901173,959.69360943073,1307.8097963215,1629.41387219075,1094.07161257623,1713.49624248325,968.7400690415,1113.72045099548,1249.28667083573,210.43983463049,1144.68352326823,191.73260318351,1146.4310484275,1048.74632635223,922.65748691125,1259.6007272865,1445.333179469,1069.742371664,1203.82033339473,1181.759407318,1015.32099071375,1377.2094805695,1217.4574073889798,1324.80134165925,176.30798152388002,1291.47993653423,1053.6031919955,792.7526590302299,1255.42930842075,1668.518457991,905.58586549273,2095.35730504925,2009.137263174,864.055521873,1159.365196478,786.51424953298,1351.908185506,951.80825609798,1256.78692949123,1092.45837811748,1313.6457127535,692.9302591585,1280.2140888405,461.29017806451,804.3117130577299,1114.54050537273,1446.587106147,969.965723339,1151.72342057725,838.24827547275,696.60333848225,825.0805727044799,699.11243458025,1166.04198321575,1058.233959373,1015.41171087975,479.37067607976,560.27391971125,492.62964582051006,566.22067630223,381.79010821151,479.8763167310101,1036.9502192882298,889.9732169685,982.83051395848,999.5774690295,858.62373271198,1033.56716487873,1090.25499655148,1120.93969461623,585.78302609199,589.80046301023,533.8791670305,616.87565421824,1281.5916683475,1278.85134767298,1291.0936736795,1198.84858868098,590.2989951772399,663.11059030398,552.994092418,711.69201591073,368.21276661149,328.69178146301005,490.60141631199,1671.27967537225,1422.200779881,978.30926321973,1270.388038532,944.82489733625,1382.3531897075,1464.8681516525,969.34606110925,802.14064278373,682.158482188,694.5623708682299,1427.4274420475,1175.80838190825,1229.2045007085,1357.553962412,1467.879004833,1307.1070257205,1492.47457778325,1667.72885079275,1968.152253385,1528.57312602825,1884.58049471175,1208.71463664075,1344.96545198025,1269.83152623698,1309.9261859475,813.8763215179799,1882.550320312,1461.4276204255,1922.299423182,1801.1504086265,1628.78784090825,823.8341770430001,825.9167019495001,898.86985160375,934.33219672298,1000.64172220975,660.43698623373,1056.59129056998,1135.51122981625,1151.03098337598,2107.51815689025,1768.03661598,2058.53579164575,2159.6951457885,2088.7047517805,1994.86328390475,1926.70665234225,1567.33859860525,1662.85605941075,1516.33895240925,1753.6173912395,1446.22003122875,1383.68618584525,687.3672053737299,631.3976785769801,388.67618512948,503.4841831945,266.17543388687,435.42398219749,312.34551126763,50.0
