,166,85,107,130,60,159,20,146,58,63,12,19,25,35,43,48,76,82,108,122,123,124,137,143,147,158,163,165,175,191,71,118,106,127,28,186,2,142,188,125,112,145,47,78,8,129,157,41,24,93,170,86,169,21,88,105,185,104,193,179,68,22,180,49,176,87,116,84,131,103,72,187,178,70,6,77,128,119,160,154,69,174,4,44,26,90,94,117,51,114,109,150,65,75,120,62,10,1,3,5,7,9,11,13,14,15,16,17,18,23,27,29,30,31,32,33,34,36,37,38,39,40,42,45,46,50,52,53,54,55,56,57,59,61,64,66,67,73,74,79,80,81,83,89,91,92,95,96,97,98,99,100,101,102,110,111,113,115,121,126,132,133,134,135,136,138,139,140,141,144,148,149,151,152,153,155,156,161,162,164,167,168,171,172,173,177,181,182,183,184,189,190,192,194
166,1.7923553719008263,22.87740192382846,50.833214220342654,101.59354675768284,89.26480931482328,97.87311726266555,27.251646270206404,41.25119139554016,43.83708785788944,56.37435489783044,85.80089683749463,27.39257610161126,28.347121224896178,35.39487129608321,76.65770928257433,11.218326198024899,27.80947135653606,33.3923096228321,52.681523326175025,60.89102568939104,71.33652784092074,68.79821496515889,53.63019358885729,28.33111710226865,34.40841816213172,94.60447846946343,15.747601377715263,9.235691606450958,18.035198368282696,61.23766473930099,3.077006965790418,30.680162127702246,14.98711888198448,96.30455732469653,31.64581101595561,51.41666862271643,31.830031052407932,26.7454533568647,51.10647041430773,96.8481629095607,8.3878328379927,38.83832767585104,10.00144198666526,39.10886639875059,82.14918372146957,100.0575407866173,103.31397323437768,79.8748831831795,32.259335794873785,48.873332880354006,3.2394511492669222,26.06885028318458,4.120338996578045,24.864097352697087,22.259120234084484,19.08865141958458,50.848923207793,19.19036034749079,54.29507188860744,18.452285628130323,22.30084143370692,29.59919334540104,16.23409284857565,5.959554597799842,21.919555964173092,23.639484163591405,32.523509621404784,25.57480246081387,96.16939655071762,16.053884868584937,20.640229836316607,54.69191176158182,14.446647075843316,22.047318980035023,30.07715351632048,24.606090849023584,103.5505491375468,62.42879690293151,104.84484496707769,101.75411143125356,28.811616772173146,22.08595094964047,32.83434821746212,9.486323962821643,31.41369822489628,42.962774954095636,44.70367712978193,37.251257750542464,41.91578569728962,36.97822986869562,50.168029648238814,36.47501325440122,49.81521503396077,28.683104892563488,71.93140898638138,53.64418188253869,82.80358750672343,33.9828417008703,34.31345992238798,38.13339719374842,89.61522386756602,85.33190476657839,83.96037261803433,45.960254015436675,44.88372896655814,41.44599999117614,39.5458250543929,44.26044245243952,43.00057720405199,26.652438331676315,29.204012911724845,38.59084290830219,43.71605169663226,42.22528493650132,37.50867687952746,33.72863832022732,38.0092150028741,39.12094466666261,39.96517872965785,39.53628338980006,37.45795260916762,81.12886243378786,77.52331848293501,11.743502428707332,15.730821884859942,44.60346748857587,47.44006179389365,47.36545384853399,53.28931802778503,48.689235352843156,48.204963075771744,44.40484151432348,93.90021911361657,80.8090584106497,48.979386643555586,61.37841637588187,26.305944065060846,23.546335492285046,36.78971645070334,35.75615862875383,36.80360161413037,39.32652291197208,36.57289500297567,46.64424927864553,41.8049233467633,46.51574586329001,58.785909999281074,60.59753324572924,52.54132854841904,79.68490522647775,88.06616512564489,90.3445641448862,83.07783490939678,91.92803676218597,16.18595373962451,11.300714797629546,33.99665447265011,38.63527177827482,63.68267035036315,101.7216688361151,72.17995178569751,85.33340828540561,84.3580310734813,78.17933159019282,48.832565245783314,44.8294381267966,46.35242741145842,24.373733040081298,21.96105597947028,34.27725006592729,31.559793033273813,36.990789708119394,34.98478107874218,103.8313396314127,91.66190836117957,107.21375581971773,102.06532869131183,16.86844682046733,13.50450319858885,11.617328019701059,12.307266303032748,8.448001434022785,4.868134020842376,10.621578907270266,10.687307627295183,14.118547192675365,68.32479586658471,75.95729225261925,66.79439746388587,62.05878648814064,66.07164482646421,65.36811495567798,63.32585192113409,57.87441563174892
85,22.89307326762224,1.7923553719008263,30.650406265022134,79.68264437964865,67.35391250537732,77.21356019299796,26.552832993667046,41.62471826243848,27.057817746102252,35.449735923177926,61.49512284840372,19.003659393601783,7.687565491689769,18.417809161819783,54.746806904540136,22.280847306227244,12.747669241878796,10.525480220653133,29.74541333564241,38.98012331135685,49.42562546288654,48.13865789549129,31.719294106488974,10.290378656908818,28.52255959767988,73.94492696838408,33.9864194074485,30.508858320321643,24.560484111264543,41.05485411105809,20.732352550923974,10.143617177146115,10.27225089746666,73.43772324490344,8.852064656930198,33.45504533804497,19.816188810773298,12.83844836751345,30.92365978606483,73.98133996694409,16.635659116512223,37.65417295329647,23.38913424601671,16.242037887545745,59.28235521026472,77.1907067068242,82.65441616471011,57.9639808051453,25.361494792271305,28.2137787063523,22.855993374933547,3.2371595638307076,25.915630577514257,20.197437973111747,2.2199194873989114,7.429476795653718,30.66611525247247,3.965451832842448,34.11226126036454,20.00736401394858,4.460919422473112,21.891868943399224,20.258794237643578,19.899209556515967,18.774711119872574,5.786250553520203,11.863953888198374,2.849129865696783,73.30257360810101,7.312840041856747,9.958823576104146,36.34419041066824,23.084209490679783,7.2963193769832415,18.179764487814126,9.554468781916022,81.6396467595126,39.71063299220933,81.48451145948462,78.39376678648401,8.798746092676929,22.937938046682984,16.358354558890166,19.227616875798734,8.579603880110621,22.303219220889233,24.044120060114338,16.591699121670167,19.04895718608477,16.31867413548921,23.604360181839283,26.364492201910483,29.15566085995907,15.527445904831172,49.09731820549219,32.98462770853698,58.497813517632515,19.99141424074236,22.54467320736444,24.141971292825186,66.74839535636116,62.46507625537352,61.09354410682947,24.875198444743162,20.110810341388458,21.18359597188605,17.393584293775543,24.077631824196622,23.78188677521635,23.603001446306536,6.337185736981176,17.262986866494884,22.38819587756847,20.897429117437532,14.927164565230218,12.400783837624715,16.681358961066785,21.433036873114986,25.97375282873461,24.415675646772524,22.408247027391816,59.217965624341915,55.6124161049008,20.248822232550857,16.348145777425103,21.73663764090984,24.60596544441622,24.498622664406767,30.45522457397348,34.50127993977149,31.12676000960351,30.274092208333442,71.98931673558238,58.8981560326155,27.225830295084194,40.71886220188018,6.29307472202581,12.013856051733494,19.852438983812892,12.92206495219876,13.936771766464336,16.459694400767226,14.20993329442916,25.984692208977943,21.145367613556893,25.856188793622422,38.12635292961348,39.93797907172754,31.881771478751446,57.774002848443544,66.15526274761069,69.68500707521862,61.166932531362605,71.26847969251837,11.030117715925135,13.49927139855718,13.460108853863378,17.97571604506841,40.84857956947397,79.8107664580809,51.520394716029934,64.67385121573801,63.698474003813715,57.51977452052521,26.921665763415007,23.110535102998536,25.024572928855815,11.899147365931846,12.620024725574794,15.394827302759666,31.583827060156352,35.276176837556484,34.96706739952222,81.92044282196676,69.75101155173363,85.30285901027179,81.4057771902325,38.3816755964945,33.37330113547249,33.430490536789385,19.3115424057601,22.735568644666095,18.352866949199154,25.98909985794876,14.383588382512013,26.774515818936052,45.45797025104575,52.631511835111056,48.489423269293724,36.86244778182309,47.45411134204579,41.724181712819174,43.143043965813554,37.69160500350602
107,50.70753118356349,30.653925612795483,1.7923553719008263,61.60230703501983,44.37669786931319,68.46670576952138,36.17768115776999,48.77876711471004,12.466728396130165,32.348792269427555,36.264481638472525,28.30122224762583,32.299786019914286,18.07997672285382,46.507139498779466,43.311649680815776,40.62800511601002,19.82141348301201,5.328473173850318,31.47119679423275,41.18595805712587,43.101761348201606,25.007588734696462,22.404914115953048,34.25937779331401,70.3082546092195,63.82819983566165,60.54264367135917,40.10410943788132,13.318899256584892,47.88057610450467,35.586035362082,39.983340791603624,51.327576779321205,29.665520800034482,11.259159319193394,25.816345544701065,25.11450006048838,7.823707005431103,51.87118793277361,44.34070251487188,44.80821890990215,45.39847812711614,18.154052979407467,37.17220607176013,55.08055467265372,79.0177438055455,44.01347556359782,32.17796758337989,39.471086358581154,51.37854049897575,32.188069002463514,54.39265026049409,30.789284183029004,32.8924230243106,37.752079871889805,3.3655651947765763,34.00236227560529,5.401192922306517,36.802047978008915,30.56328859753293,30.850327047414183,38.121808961602326,44.77978302538055,34.409924576624825,36.12224586175152,35.331422801574476,29.36508699974858,51.192421573930524,36.61109284544122,40.45906239004698,11.939212021921985,41.404241147897125,30.737393182059243,24.480644365873218,37.97227566135282,58.51925258239105,27.95840324925468,73.24484405372397,70.15409938072335,23.942660382218165,37.62264071096493,21.163027166099077,41.430764333726955,27.088339178294838,33.75612487182423,30.766889994014026,40.0591682577898,14.364322403631768,34.59592099272857,5.990007870472263,29.09642221816656,31.558467709270566,44.82473266972623,33.47816054786644,32.89136766546565,33.26716941203543,22.453767340661237,27.525618139133215,23.845366008332213,44.63824621785656,40.35492422120305,38.98339496832487,8.808884264442998,9.866992655521024,10.628114202439253,13.26613977859182,7.934821278889811,11.618161971477225,33.23442054454326,24.871734782852307,23.935579810887834,28.022149551862967,22.384591664510207,25.75434198747118,28.038284647686112,28.886394448102635,15.414610937603538,20.412695984002635,16.91375018153856,19.07962897016008,44.64904927905957,44.550816486681896,39.25074289015777,35.944020521920976,10.614599906989602,15.376012379527587,11.42865444911074,17.117515962744758,16.74558572146919,11.386314467962075,19.2200812394367,58.61823980710468,49.68948187988734,26.674971735397527,37.145153870046656,26.838005966484893,42.52213256595488,45.480052376375255,23.20112623309391,17.961991034239418,13.66097763271893,17.866818292476324,39.87309388145058,30.85327839918613,35.66884316501003,40.26979721264109,44.224630861410404,38.46142334880797,49.534335442682874,57.91559534185002,66.04833471605403,52.927265125601934,67.63180733335378,36.297689803123475,41.18188741911589,38.488556183679286,35.661010834266094,24.670881373300315,66.19167574617069,47.88372235686534,64.40464338542995,60.061801644649115,53.88310216136061,21.137488061184605,21.212139218789076,23.82730150805256,26.461875673208425,28.8388776845742,16.64352329958094,38.73572086877557,41.56477530560424,42.12111335612789,73.6807754162061,61.51134414597296,72.50024584460161,77.7691048310679,67.84279000493063,64.47884482384744,62.0356267296132,49.15332149751206,52.57734617721336,47.32513170102322,55.83087739049603,44.811574095693906,44.99060688082055,23.347819553336443,25.575960727169658,21.815548768524778,13.54422104290284,18.723092979727014,14.986783430228362,14.96129310614695,9.500257238851148
130,101.45843053240992,79.46156585757643,61.559061378678365,1.7923553719008263,20.37521114357648,24.34650553920974,96.02513670353989,108.62621709189168,72.31418260543886,53.71834990942668,32.40579790733223,88.1486804663181,73.77445577631846,77.64613926535421,26.560253248880556,101.99916272573759,83.19767649710283,71.1765868492339,57.755632075810205,40.637736112603335,32.676395211780175,45.37418527225178,48.0167614987214,81.97107799491462,94.10683601200626,29.52851682334515,109.89603340748012,106.41847232035325,99.95157055223945,61.61311009622283,99.830153054059,75.94661726894599,87.86724958480355,13.08825523636211,71.60026731756831,68.9178059663937,85.6638037633933,84.68066393944996,65.48235454360552,9.732003171316634,96.0816912857964,104.65568002426028,103.1074565705765,64.87325679234527,28.394908176326453,6.381389858732065,30.020053212415572,29.05536212134104,92.02542580207214,65.58772337045248,99.40447903113144,77.63957946839693,102.46411757017336,90.63674240172125,81.45656828365131,84.19024394095169,62.33848553870976,83.41148244292191,60.143865929674135,96.36821742555873,83.80210777141045,90.69778526610642,97.6879728405639,99.34524038933895,94.2573772267288,78.69191456992195,73.19036098629607,81.88647443364806,16.481615259781048,86.75887221114093,83.0287310982174,68.80235242622787,100.67036392341612,84.88247514618075,84.32809991164311,80.54194436952324,3.3179076573372077,43.097108681347834,22.533931400632184,21.663164351091794,81.3690133706128,97.47009625673482,80.72919371798301,98.94593920035851,72.60569820027229,70.19863138095033,64.53821711175794,77.60980422702971,63.01377709848549,73.05725502138102,61.67866351708966,88.9438804368588,63.01567041849014,87.394404050819,38.29949993970449,55.56521118231431,34.16541610812329,82.30122288643113,87.37307635782547,83.69282422702446,22.933290948417458,26.042291012902893,27.90995363582278,65.86946052432071,67.49598389737321,69.03544239315312,71.93784070580894,67.7822761564291,71.46561885370829,93.08187609031316,74.47008382037941,63.11085986601796,63.224603849591375,59.3827457192171,65.25417607151586,67.80261264071433,68.06167450323278,75.26206514691224,80.26015152977251,76.76120706376963,78.92708718885233,28.631536869712164,25.708365049965344,97.83498357033663,93.93429887370026,63.78981555686151,59.29847627324548,59.77419519876648,55.02096520980152,75.7348104463083,71.21187499296761,79.04564243267285,7.936203625236733,20.630892873027793,60.36469943386343,47.87312533342756,83.24022051132494,85.09179837845943,80.9466749320464,67.83276654608248,68.41071361467802,68.62573351273538,74.8787179632651,73.28459820523334,68.6701095924914,66.71689385263676,56.01269736541305,56.50093447731771,64.46346995169205,27.689323496476348,20.80908346486767,31.497873004867664,23.195968383914185,29.12816873977392,90.74843714481904,92.94530089491897,80.80508243863991,74.15105939959611,46.300572717684034,4.962634299888526,40.726914380488175,38.18513494716957,33.87857545449665,37.84420102729247,53.75280833351128,56.78399138660096,58.57657006123766,86.02803955216999,88.40504156353578,76.20968851500369,98.58317908746783,101.4122335242965,101.96856890189778,19.279733293220815,24.193503008481127,13.888865201758474,26.417780918530738,114.93015969348772,109.28290956691586,109.97897196086024,95.22115506933052,98.64517974903183,96.9182268869092,101.89871653090275,91.74006349725383,104.36066735600652,38.25443602792797,41.234808608911706,69.70953113786707,50.31265702224099,63.55262710898502,47.256587948266684,54.23045955915467,62.849949232200885
60,90.45848075469533,68.46161051127359,44.328111936840955,20.308349104471134,1.7923553719008263,33.514573546426426,78.79418726170248,91.39527321864253,55.08323316360148,42.71839745878973,16.72575887438051,70.91773102448067,62.77450599860387,60.41519539210506,16.397620011094812,85.64686968652822,72.19772671938821,56.84397621921883,40.5246826339728,29.637783661966377,21.67644253839969,33.82833008272622,37.01681172100682,64.74012855307723,76.87588657016886,36.361881815535206,98.89607806117726,95.41851697405042,82.72061554181383,46.95874086859419,88.8302032763444,64.9466674912314,76.8672942385007,10.033617957798384,60.60031753985372,51.686856524556305,68.43285432155591,67.4497200662008,48.251405101768135,10.577232675147263,85.08174150808179,87.42472501383463,87.7336925642403,50.22943447086018,11.163958734489054,13.786600751488557,41.847667830162365,11.774700555743934,74.79447636023474,58.44889346986533,88.40452368482863,66.63962412209409,91.4641622238705,73.40579295988385,70.45661850593672,73.19029416323708,45.107536096872366,72.4115326652073,42.912916487836746,79.13726798372133,68.60470652350729,73.46683582426904,80.45702896731474,87.11500013542711,77.02643335347967,67.69196479220737,62.19041120858148,66.42371324991689,10.214364086157472,75.7589224334263,72.02878132050282,51.57140298439047,83.7394555850213,69.8350359798223,67.09715046980571,69.54199459180865,17.225297324764693,27.24358585008779,36.25759596773092,35.20196715762839,66.27787749226471,80.23915238348567,63.49824427614561,83.76597877085113,61.605748422557696,58.60176792306423,53.53826733404334,64.58164096292337,46.86946526178674,62.057305243666434,44.44771697091816,71.7129309950214,52.01572064077554,76.39444870451618,21.218337057510176,44.565261404599724,18.459797653678176,65.07027344459372,70.14212691598806,66.46187478518706,7.859272242116077,10.47881767856209,12.231714593336651,48.63851108248332,50.265034455535826,51.80449295131574,54.70689126397154,50.55132671459171,54.2346694118709,75.85092664847576,59.42264465402094,52.110904519715135,52.224654071876785,48.38279037291426,54.25422629380126,56.802662862999746,57.06172472551819,58.031121273663096,63.029202087935126,59.53025762193223,61.69613774701492,8.472557571739552,13.865947565448089,81.58596000020432,78.27923763196752,46.55886344210175,43.44495344198543,42.54324308400672,39.5476822899457,58.503861004470906,53.98092555113022,61.81469299083543,14.652003914084014,12.736360998349852,49.36474965614883,36.87317288279061,69.17322040360908,74.09184860074484,71.55191526580253,56.832816768367906,53.730288962632464,51.394784070897984,57.64776852142771,64.05601634951515,57.67015424618856,55.65746598383494,46.12846436067322,50.33532674500253,56.07567809850886,21.52372133274941,22.963463118755065,36.057764505494376,17.97513290250698,30.736967296429963,75.39533260088652,81.94535111720438,67.77691917453359,61.12289613548977,28.098277721814597,22.50474353395346,34.56130932109535,37.97593155091002,33.63308981012919,31.67859596789964,42.75285588287433,45.784038935964006,47.576620283523056,68.7970901103326,71.17409212169837,58.978739073166295,81.35222964563042,84.18128408245909,84.73761946006039,33.00339941952426,26.559206354289753,28.534011510785643,40.599031751350644,103.93020434718485,98.28296535778951,98.9790277517339,84.22120529161595,87.64522997131724,85.91827710919462,90.89876118459989,80.74011371953924,87.32582131794474,21.023485249629392,25.55476935321645,55.21888397334631,33.08170758040359,49.061979944464255,30.025641402095175,36.99951301298317,45.61899979036348
159,97.77327247536157,77.11815357052842,68.47924066166982,24.345205162481843,33.574677992319884,1.7923553719008263,96.8798481766973,111.95173344546873,79.23436188843033,42.00652294714065,50.08632732144997,89.3306690080438,70.30582113615469,80.0161471298793,22.170826035270046,99.33988340744344,77.3809630929384,68.39392988969564,64.20339460611228,37.85507915306506,29.39213363287381,30.533741668283916,45.23410743484902,80.53237196632328,97.06758756092299,5.536492910991666,106.21087535043179,102.73330312612842,101.76993735905714,70.92971462639245,96.14499499701063,67.42863739109022,84.18208595916695,37.06186716852922,67.73151847453977,75.83798524938514,87.84324340086224,83.22083625563027,72.40253382659697,33.70561220781785,92.32006537491321,107.98118524066085,100.09232218882036,62.090599832806994,44.52453007722441,30.24798666662229,8.37872619151387,27.817846513262502,94.02956628146359,50.74727976648461,95.7193098369066,73.95441584276034,98.77894837594852,90.99176774553416,78.79639242264906,80.50508031531507,69.25866482170122,81.02448481564923,67.02024826608748,97.21681458881879,81.67036866088216,92.21887855784125,97.46824748543615,95.58361447845579,95.98416303120398,75.00675094428536,65.55025790871343,79.75474089170802,40.45522563274344,84.03006349997015,79.3435674725808,75.54237674218874,100.29366006555,84.50577128831463,86.20681907790308,76.85678074388666,27.29151736206901,40.66734719198898,7.585218403570236,4.494478630927276,78.58635641107452,100.14738438942614,84.14424740201522,96.28664874488787,69.82304124073401,55.35818777698247,52.826395718060155,62.76936062306183,60.231120138947205,61.345433627683235,64.96027712091188,95.86405971985025,51.78870043504166,74.33736208805354,37.06198410888244,43.853387115694176,53.413781543737684,85.89980610197279,90.56395538471901,90.61300351001591,41.219842916620834,43.83938768483627,45.592284599610835,71.58388453093986,68.9124489844982,74.07161791963634,74.8200361802975,74.70245543942056,77.9470212256224,93.93001106074855,71.68742686084114,59.865648123579255,55.337940390109225,56.88969432874285,62.00896989766539,63.933858229097545,59.775108447239305,81.8083861206328,87.18033081276398,83.68138634676109,83.8925472131619,31.178779088103003,24.543168474732617,97.458268575294,93.55759501583415,62.510644013014826,57.36119783295937,57.98727420979073,52.56390917376859,82.12194218775565,78.13205427595906,85.96582171566428,23.658434069402645,22.193691995081483,49.124648836618135,36.16129837114153,80.4575579831984,78.30394545802818,65.29845748527164,65.05010958654422,65.6280510865515,66.60877971178306,73.01715561740019,55.66530655608949,57.67407453231583,51.87645024866889,41.17224819285691,38.8816401552515,47.853390256673215,20.605164436112858,10.733701763432624,7.804267954828081,15.618570282937268,8.23064495633616,88.08915225793662,89.36942638225662,65.96463883467206,59.31061579562823,44.9884963858742,19.454730411071672,25.88646788085442,15.427289276585253,13.6156981052054,19.815963394320974,50.97015137397301,54.00133442706267,52.373107066006,84.50356055877981,89.82947530044501,78.8826888347433,101.9108337789325,105.60318645199851,105.29408525547484,9.12928212183204,7.0431880609499515,14.65450977879605,7.1300885534974405,111.24499049926285,105.59775150986752,106.2938139038119,91.53599144369394,94.96002169198348,93.2330632612726,98.21354733667789,88.05489987161722,103.9839634981404,45.77328042346699,53.89068100996745,79.18985773114457,55.16437306297716,73.03295370226252,53.99661226422756,60.97048387511555,69.58997354816177
20,28.19600087699571,26.56051497252826,36.18774649240176,96.05673287326452,78.8311292761461,97.12038891469967,1.7923553719008263,16.00304521707658,23.82149903909714,58.23875165511407,68.82900925817567,8.141564918348028,34.24792320728588,18.447843231168825,75.16082264395777,16.80073835594814,39.12731513161942,29.435638339940628,37.85189392058665,59.394139050774484,69.83964120230418,70.41039365488206,52.13331251882898,16.494035884498604,6.338852081328797,95.85399171229614,43.69006042235196,37.17815042834413,9.260242175579474,40.41284867616881,24.19721168825494,36.7039740017681,25.682833072843835,85.78200818615412,33.7182417659665,31.55228100772596,10.19710769940451,14.612610384349637,31.669343869895748,86.32561933960653,24.65118238099783,13.590181497387455,18.688967334476164,35.43090563064227,71.62664015151543,89.5349916480749,104.56348647721038,75.69663777386162,5.644893945511946,54.77413753566607,30.501310210321925,29.797518615887995,32.06279804121475,7.654500773872114,28.59956493165248,28.23725587440995,34.06657656237002,25.30219489600806,35.98388047660708,9.770173616328005,23.143592915766764,6.600280593853047,11.708608318278124,22.262956991388023,8.347896482275818,32.16589488405613,38.42431138105095,24.264176634871127,85.64685298076344,23.95711643731248,31.540233255677556,33.39047198870995,13.832969049376526,20.417703481299633,12.320206365662166,35.93411400342606,92.97368398922399,57.780423430694604,101.89852719890227,98.80778252590164,20.227981679657333,5.30624960637928,15.654594816781014,19.286291753716917,31.34234523073991,48.86357671374181,49.72149569373065,43.152059510188636,38.23782492918131,42.87903162834178,35.33839756972807,11.084769845692266,53.198366275914644,39.58310964838562,67.93259462762173,56.868166166572344,65.83169992740446,15.653897406788712,9.564368395361505,16.379519203619783,79.09268029761185,73.71755037300227,72.18249663052731,31.130621936925934,31.925796737447776,26.616367912665396,24.393601762953615,29.43081037392878,26.139719032906825,3.6120306879323234,27.305266206455713,41.40750990919926,47.07280226169778,43.424828564053676,38.879524091716895,37.26696116940455,41.365965567939625,20.7920017090422,20.18615334039698,19.520693011803047,17.44236223117061,79.1034777902266,76.02643741290669,18.001582137484867,14.76882175837084,39.14155401177204,42.6757558829015,42.645738519317206,48.33459981020769,26.81024655406379,28.340572565115394,22.796678332110258,92.40333247500001,79.31217177203314,50.11659259858311,63.03511036006728,19.746012125198636,34.44634024810718,46.41279647666546,34.323062841451545,32.900542025977586,32.10020781707131,26.171671592279388,52.5450539339576,46.81630751836211,52.41654762293619,64.24659014515953,66.4983379010413,58.4421332037311,78.1880185878612,86.56928405561658,91.59407181913066,81.58095383936849,93.1775444364304,18.880842843309637,22.24343485744832,40.02046656945949,44.53607376066452,59.1253154530556,100.64610715300363,73.42945945994197,89.9503804885066,85.60753874772576,79.4288448330255,47.335684175755006,43.52455351533853,46.94931324868868,14.658767075884144,15.038104875992023,22.658986523400415,6.3116452956055245,11.742642193194628,9.736633341073885,102.33445856138442,90.16502729115126,105.7168747496894,103.31484193414452,44.81090586510403,41.4469633569432,39.55978550513306,34.975542790837146,34.58378703893408,26.447906980957647,37.884990936216155,25.750931338540447,14.820036064496591,57.802252296630556,58.416701461198066,45.43368831061436,47.99865244973577,44.71093300027033,49.441217509983645,45.0146631820561,38.437289087336936
146,42.201454274461625,41.64742696531778,48.793958223453224,108.66294749998188,91.43733833427524,112.20729823456685,16.030405027604935,1.7923553719008263,36.410559518341785,73.32566097498123,81.41806706449796,23.228476242906943,49.33483520007539,31.17580546197805,90.24773196382492,30.80619041695287,54.214227124408936,44.522547659807785,50.57985459219117,74.48105393922987,84.92655609075959,85.49730854333745,67.22022183869612,31.58094520436576,14.729638498528747,110.94090103216327,57.69551359707435,51.183600930144166,23.26569401384068,48.779223738946456,38.202662190054966,51.790888890223506,41.17685898392706,98.38822281287149,48.80515108583366,41.956174667859386,22.84609955281984,29.699522599882677,44.35931830538817,98.93182839773564,38.656635778463745,5.787792161491046,32.69441783627619,50.51781495050943,84.23284920964453,102.14119513761575,119.65039579707752,91.07411602855987,16.89650292727033,69.8610468555332,44.506763385044316,44.884430608677505,46.068248543014775,23.56585072117531,43.68647692444199,44.00927684805812,46.65563704161468,40.64995359522156,48.572940955851735,25.264200418385357,38.23050513129981,20.656299445541947,27.351418665863143,36.26840749318805,24.50654943840741,47.25280687684564,53.51122626950635,39.351085954738274,97.74096352634106,39.45114524406161,47.36932958595527,41.756844155821724,27.83841955117655,35.76546373971785,26.23848061842461,51.02102599621557,105.57989861594132,72.7806242629371,116.98543651876943,113.89469184576879,35.3148925587292,20.340776330306046,28.382554151924356,33.291743591978125,46.42925722352942,63.95049160219722,64.80841058218606,58.23896883005579,51.50364997116529,57.96594094820894,48.06636091425496,19.661700803443388,68.2852755957818,56.99399955523424,80.53880368575082,71.9550754864395,78.42075773372675,29.630045997222673,21.435481483356284,26.783411527292017,90.17121399269587,86.30660817932457,84.7715544368496,43.85858260853046,44.6537574090523,39.34432858426992,37.121562434558136,42.05313203078451,39.89278440949892,19.523381303466117,42.392178421988746,56.49441922906642,62.15971158156493,58.51174055684319,53.9664360845064,52.35387316219406,56.452877560729135,33.008241195634966,28.506043164933445,31.882523238165057,31.15787171215049,91.70969241694397,91.61146252023218,32.00703419848959,30.26284922865878,51.869511787710664,55.96225709305389,55.37369629525584,61.06256048181221,35.176618943919095,38.74446355232645,31.163053394887918,105.67888584065497,94.39908666048854,65.20350191845026,78.12202524852268,34.83292278152696,50.275436578384884,61.49970579653261,49.4099721613187,47.987454018767096,44.06453394925261,40.154268607905664,67.63196325382474,61.903216838229255,67.50345694280333,79.33350503361493,81.58524722090844,73.52904252359824,93.27493347631659,101.65619337548372,106.68098670758604,96.66786315923565,108.2644593248858,34.374870313597576,37.73746232773627,55.107378562248996,59.62298575345402,71.73152451118472,113.25232177972097,88.51637434839736,105.03729537696198,100.69445363618115,94.51574858430439,62.422593495622166,58.611462835205685,62.03622813714408,29.74567773221247,30.22805958494512,34.1444002560717,11.79471673483308,8.5234990170411,7.515389643389371,117.42136788125157,105.25194217960666,120.80378406955656,118.40175125401169,58.81635903982642,55.45241385874323,53.56523600693308,48.980990396971286,48.58924021365646,40.45335748275768,51.89044411093853,41.24495724962369,28.825488125501323,70.40846135475965,71.0057648361086,53.80006337339202,60.604867076453125,53.07730516738209,62.047426568112755,57.603720988378385,48.00000561668027
58,43.800145843445804,26.29058322574783,12.448133543505683,72.31712282003431,55.091513654327684,79.18152712312411,23.80024373775083,36.400071193746626,1.7923553719008263,43.3697106775654,45.07224528021629,17.6355018095366,28.665421729207125,10.297493307999229,57.22196085238221,34.70912192757592,36.26466540188474,19.76809580973286,17.39506264258388,42.1860152521696,51.90077941072862,53.81657980613845,37.2642715412803,16.993354487018724,21.880685881734117,80.98495340766979,58.41664020672732,53.63526100416385,29.43838922253562,18.04377265772493,40.97319343730935,31.95167129411837,34.571781162669296,62.04239256433569,26.031159404993215,8.712016667160448,15.150625106611827,19.702941768015236,7.912578332731666,62.58600928637634,38.92914288593755,32.42952566186108,37.22945115895951,20.32484459932575,47.88702452969698,65.79537602625646,89.69444260399582,54.728291348612316,19.799274335338822,44.06437802878164,44.47115515885806,27.82472639267234,47.48526759329876,20.12356240847859,28.44298736726803,32.34052024295548,10.309811025205942,28.590802646670973,12.227114939443002,26.493271373756095,25.151728968598608,18.47163379937312,28.912839673696975,37.87240035818523,23.744201465613223,32.00931999259404,31.697058733610852,24.315123648760924,61.39513327780526,31.199535889429264,36.095720002999336,11.987259137795249,31.69285444948288,25.325833553124923,13.814922591322803,33.60893594722753,69.23407393599378,38.67322170719152,83.95965983873845,80.86892073432608,18.531099194079133,26.956920495619222,13.52240754627046,34.52337899360928,23.453977783253567,38.349416764768236,36.403821526560534,36.424803967082646,23.012294069110258,36.15177898090168,15.986367295270925,16.717728970125496,38.32932797128832,40.46139005993505,44.19297900580328,41.999125189023665,42.074933053779205,10.368247790290603,15.146924891092155,11.466673428521737,53.825389312748314,49.960783499377015,48.425729756902044,11.357002087650102,12.573766462990625,7.2643367472341245,9.631777492576433,5.707306905349897,3.8999837227475838,22.568700329197554,21.237370492145146,28.528871703831847,32.615441444806976,28.555790259427358,26.368582441351116,28.416890067067488,31.12556009020762,6.02176419279494,8.03400340419216,4.535057601728088,7.510242263155556,55.363867736996404,55.265637840284626,32.34335732729656,29.036637854725647,19.789522178110175,27.47089829533298,23.293706685655344,28.98256686282818,7.839404187474352,5.452799925275583,8.556745716322732,69.33305559211917,60.40429766490183,35.24755162103443,48.166072055440964,21.42644633755057,38.158789956163716,41.845688308411624,24.082657363719548,18.35941137685287,14.058397975332383,14.232455338230345,44.46638555165106,35.446570069386624,41.706788116051754,49.37755184053321,53.332385489302524,45.232283610825725,60.249156796285604,68.63041669545277,76.72503351450433,63.64208647920468,78.30850613180408,30.886130174189155,35.770327790181554,34.854192115715655,37.80882089048089,35.38569983123717,76.90649709977343,58.56042115531566,75.08134218388027,70.73850044309943,64.55980095981093,32.466643198206334,28.655512537789857,32.08027783972826,21.050314707812916,21.931493680917697,11.231964338877209,26.357027620734506,29.186082057563176,29.742420108086826,84.39559676980883,72.22615993098745,83.21506719820434,88.44580362951822,60.9354073377353,57.57146215665212,55.12824406241787,43.74176186857774,47.16578654827903,40.41774903382789,50.4193177615617,39.400014466759586,34.99818177499155,34.062639570478005,34.659940156161056,24.08974617656048,24.259039723583218,23.366990866216458,25.70160188816521,21.25789764489202,14.68052355017286
63,56.33055795125232,35.31403766906121,32.35358125532167,53.890898184909176,42.78317127730171,41.980737710625576,57.97632636529326,73.0482116340647,43.314840481882435,1.7923553719008263,49.486818679154446,50.427152765228,28.863109507711343,41.11262821414111,28.955058036878285,57.85164010581064,38.06979834735698,29.49041097395747,27.179084892400006,15.692420900295065,22.10382478145847,13.313021723059872,9.312310480399084,41.62885015491921,58.164071318107176,38.712104486011704,64.76815525773428,61.290594170607406,59.75414271248195,44.38431569803778,54.7022804729014,25.985922866980964,42.73937143505769,52.60268325374615,26.82524276221826,42.41686954228467,48.93972715804643,44.3173173398921,38.98141522383061,53.14629440719856,50.87735085080398,69.07766342925679,58.95992281347303,23.187078021402943,43.51412087662585,56.35566114707866,47.42159078667183,32.17223193748345,55.126050038647776,17.280559994547442,54.276600881385605,32.511701318651085,57.3362394204275,52.088245934130086,37.309042990802,39.06236868687172,35.31371201802041,39.263957150072585,34.9863262506095,55.20101994224362,39.65457690997286,53.31536231502544,55.45245283886098,54.140899954346544,53.96836838462879,33.564039315841995,24.10754628027007,37.73894914079874,52.78342849113112,42.58735454444914,37.90085584413745,42.973335670338045,58.27787098756306,42.48997664173946,47.303302835087266,35.41406911544329,55.84790056477311,18.1109144627039,48.95246808796007,45.86172898354771,39.68283459967048,58.13159531143921,45.24072848627704,54.798411011843314,30.448096781014804,17.433434447746336,12.36993385872544,23.413310383271366,21.69617494223167,20.259442866802814,27.935964511533705,59.642704124443625,10.847389170149413,38.5350512226358,28.602739026954396,3.3969290429994676,46.48950667546087,46.996284290568724,51.660439141903204,51.14684267911274,50.428333305936775,46.69683902606878,46.57066595352369,33.67577014339164,31.00433749261586,36.16350642775401,35.91651726455933,38.15304050016842,40.03890683807418,55.02649481793274,32.78390504943709,18.959377979845996,14.431667573453595,15.983424185009582,21.10269552180506,23.0275867489031,18.868836967044864,43.90027173308458,50.958980785945585,47.46003075135444,44.98902540175785,35.533167185246306,29.820669910161314,55.442479497307076,51.5418059378472,25.498838452843827,18.74962730273334,21.552708507507646,17.552025998762222,50.75830000262932,44.19993706819213,51.481720870640856,46.19756786792054,33.106407164953644,8.218379361115456,5.893225138474627,41.48673421421732,39.96392579730184,30.383581790484634,25.899907779965062,26.724534843735697,27.705257900379003,34.113636701662045,22.88768421065842,16.501825002997734,14.489135404182935,9.590629857543632,13.545462838082361,16.836398258633345,29.30486004491364,39.19340313695817,34.45218459284624,34.20507292071007,36.03565721014598,46.600908956303826,47.926711858147364,26.608588594881596,19.954566892298942,22.199543244869965,54.01901469475315,16.28757357011873,32.80849593514453,28.465654194363687,22.286954711075182,12.35527867091534,15.389763896836644,11.466834917580957,45.60004164304164,47.81368065386984,39.97916702333926,63.00731753611668,66.6996702091827,66.39055787548253,50.49653180622188,42.78914637249285,56.02176302708236,46.1729547078601,69.80228154374186,64.15503698575827,64.85109937970263,50.09328248817293,53.51730716787422,51.790348737163356,56.7708383811569,46.612190916096225,61.96817442015346,33.44966318613058,40.62320209727352,53.210466818179654,23.911877226377875,48.38286276456149,29.715874647904002,34.411873582511966,40.89517751594132
12,85.63324891967123,61.536603262270276,36.2562345592758,32.3059170355764,16.95484502635476,50.25318449974202,68.91198122308528,81.51180867908107,45.19977151970589,49.49544442235208,1.7923553719008263,62.74723662194867,61.945788695392615,53.00569312250039,31.228985479755686,78.23736741692355,70.71428822139293,51.89367946071118,33.11518326003402,34.53320465620281,36.507806670599386,46.07635640750527,41.27765043123337,57.33063185206079,66.99242203060739,53.10049833743905,95.47542794595486,91.997866858828,74.55012670787008,30.9365481721953,82.80629384061243,64.11795018802015,71.76125520384595,19.38510768865602,57.9750121784665,41.89803303795192,60.26235991902392,60.04021779659612,38.46257871949785,23.063875902060442,78.7485415438257,77.54126047427317,80.32419586322388,45.97980265585644,9.523758908697088,26.23402574782544,58.58628167914385,26.60606312873892,64.91101182067327,63.56434898724909,86.3042582350835,62.27435210784641,89.31836799660184,65.23529855735185,64.89855488876033,70.38060170775007,36.65537425919702,65.45445591647821,32.00634369354673,71.60500618616818,64.97113029940913,63.58337128470757,73.04752669771005,79.70549786582241,68.85593895094767,66.20852629421205,61.36169390537022,63.39633911118952,18.058186837035617,68.80184568469721,70.54534839109576,37.621223616627326,76.32995888400488,65.14523221101307,58.92666163586196,68.05856166240159,29.2228625829476,31.338555695064723,54.46658440667562,51.94058367953223,58.86837522266002,72.06865798095367,56.08874200654094,76.35648206983471,56.047684805381294,61.10273784602851,57.409265886724455,66.46636306731574,42.977695874936984,61.94253107126697,37.03821737423585,60.13334129788359,56.636201054473375,74.91101577510912,22.60503113539499,51.36383385741023,6.16957880396729,55.479983939163866,60.2586623764266,56.57841024562559,10.488441535517484,6.623835722146177,5.088783093388853,41.22901438146688,42.85553508159704,44.39499357737694,47.29738899436687,42.4794549056148,46.1627947072281,67.680437814532,55.22189101100074,51.28219278509212,54.29250476942467,48.88862422368567,53.10095496167546,55.97394555978849,56.23300742230691,49.959241000432044,53.145737548373646,49.64679308237076,52.621978412028824,21.844499858831153,28.697310361186602,74.17645773059962,70.86973536236283,41.60856668359412,40.45374438826922,37.59294632549908,34.59738553143804,44.50045707022413,44.32180829494314,48.88773324956583,31.19638696414623,29.47497484733133,51.752705080600336,46.85866220058375,61.76372370259264,72.60841567133778,72.23942430819649,51.274753151191504,48.779992204124824,46.44448731239034,51.898067508251366,67.21970395998898,58.19988847772453,60.74657651021284,57.55753511744145,61.51236876621077,64.80330418676176,36.35508524220558,39.702076967736545,54.450981222402014,34.71374675148846,47.47558381833381,70.7055288320773,75.58972644806971,65.24792811550053,63.00762380847038,27.52076233018012,36.89528841964962,49.3926761262174,52.80729546036619,48.464453719585364,46.509960100099335,43.073717937779804,46.289872786735415,48.90503485325537,61.38759340931617,63.76459542068194,51.569242372149866,71.46876510606896,74.29781954289763,74.85415492049893,51.21238496280307,43.29782020327124,45.821518207801915,57.337642704666244,99.87068123933497,94.86230410539059,94.91949350670748,80.80054960780525,84.22457428750656,82.25084943713097,87.47810550078924,79.21941579757008,80.10991658740365,16.068721146884897,10.558244457448875,39.03296921383954,25.75986892268004,32.8760651849575,21.28313738250222,22.907796614952503,33.01337276107815
19,27.465162649436543,19.00712305549264,28.306501269285846,88.17549321873685,70.94988405303022,89.56699989332995,8.103926162142669,23.175812767375287,17.62689834069194,50.6853570651561,62.63441145543636,1.7923553719008263,26.694531290250257,10.566598008052916,67.60743362258805,17.344864715185334,31.573923214583807,21.88224508644383,29.970648697470743,51.840750029404745,62.28625218093446,62.85700463351232,44.579917928871,8.940643299232395,10.073652766155503,88.30060269092638,42.33165054064483,38.689340097249925,12.074131787401495,35.49577411515449,24.638207570377737,29.150582307476014,24.766936624929112,77.90076296303822,26.164850071674408,25.206479328262454,5.259209959492017,7.059218690057547,25.474743171490548,78.44437411649062,23.675106422620047,19.20526589902856,19.865193723825385,27.877513936350184,63.745394928399506,81.65374085637075,97.01008631866415,70.58666174731484,6.9125872925163385,47.22074294570808,29.525234029200625,22.244126698852376,31.357132505463277,2.759305196087997,21.046173014616862,21.75937129106449,27.040774970394523,18.00965102185762,29.789279778201887,9.12901349313491,15.590201221474675,3.4429627801054377,11.548581793075792,21.598078691637866,6.379945589683812,24.612502967020507,30.870919686758864,16.710783381374327,77.76560775764754,20.05846561184817,24.9730830889835,28.481722467127845,14.328597014348762,13.125161166353903,4.438960474315666,28.380722086390445,85.09243876610805,50.22702884073662,94.34513817753253,91.25439350453192,12.67458998536524,9.592663728715685,7.773348257203926,18.481175463965965,23.78895331370429,41.31018501944972,42.16810667236092,35.59866781589655,30.684433234889205,35.3256399340497,27.45715234661217,10.005180068585027,45.64497458162255,34.35369854107501,60.051343835917564,49.31477157661436,59.63709655607691,7.772651515442215,7.843629409494136,11.688958106808702,71.21143507449594,66.92811040492006,65.55658382496426,23.249375154605318,24.04455151433187,18.735121130344787,16.512355203376526,21.549565150812867,18.258473809790914,5.204443339550487,19.751874512163617,33.85411821490719,39.519410567405686,35.871436647018044,31.326132174681277,29.713569252368927,33.81257365090401,12.910756485926289,13.754987875999173,13.326093872602556,11.247762423739527,71.2222325671107,68.47304282294871,16.87164051719988,14.692901185389132,31.26030589299023,35.1223641886094,34.76449040053541,40.45335191416943,22.119685457252714,21.994772222113063,18.106118571760362,84.84993788504204,71.75878275066341,42.56319800862513,55.48172133869755,12.192620208163016,27.879190081413125,38.859404782373375,26.769671147159457,25.347150108941968,23.455328054532178,18.618279675243773,44.991659343999615,39.26291582407003,44.8631559286441,56.693201123789805,58.94494331108331,50.888738613773114,70.63462956649145,79.0158894656586,84.04067722917267,74.02755924941053,85.62415541506067,18.276953058523347,22.122535237975,32.46707465242387,36.9826818436289,51.244064661351445,92.76486192988772,65.87607043857223,82.39699146713684,78.05414972635603,71.8754502430675,39.78228958579703,35.97116182104644,39.395924227318964,7.105375827079115,7.587757011581177,12.263598993189056,13.134920005888455,16.827268669570927,16.51816190445902,94.78106954001467,82.61163270119332,98.1634857283197,95.76145291277479,44.105240329352554,40.74129804393526,38.85412286504747,32.70063238076203,33.6077081848904,25.471828126913977,36.90891475509483,25.630031719067127,17.633925899062138,49.921007073514645,52.222103658458764,40.58421084235426,40.11740722661986,39.86145553201024,41.559969613945384,38.820062706394424,32.24268838893174
25,28.324056132368955,7.6689407914322745,32.90163614219674,73.89277157084427,61.5640341279847,70.35491937874585,34.313070121210544,49.38495806290434,29.309050296199228,28.856159909576633,61.88198381123595,26.763896521145277,1.7923553719008263,22.386646473574075,48.9569285271475,29.890669960116718,10.063298533165376,12.292395499485643,30.207970791465215,33.1902449339642,43.6357499811598,41.280019976905066,25.929415729096334,18.05061645268291,36.28279672522338,67.08628615413197,36.761656334516786,33.28409524738993,32.32072101606452,43.3060839882327,26.695778654018024,4.422164275695602,14.73287095263551,71.38354343150675,5.213024088555086,35.706275215219584,27.57642861123915,20.59868683151813,33.17488966323945,71.92716015354742,22.870850368381788,45.41440985809644,30.64310584582774,17.41267764642007,59.66921617309694,75.13652689342752,75.79577535045797,52.17410242775266,33.121731919814806,21.35513922856137,26.270099062502247,4.505199945254777,29.329734928621775,27.957676437116426,9.347181648244707,11.05586887268013,32.91734512964708,11.57527337301427,36.36349381046152,27.767601141492072,12.22115788647779,29.65210607094272,28.019031142443545,26.13440103112906,26.53494958387725,5.557537051471573,5.005315078638027,10.305527444381308,71.56428866889173,14.580852725565782,9.894354693484676,38.595420287842856,30.844446618223273,15.056557840987917,25.940001615357623,7.407569301251693,75.84976838211998,34.72801904317056,77.32665265174623,74.23591354733387,14.390622845931642,30.698176510687656,23.566819655530637,26.8374379704835,7.2164802998225035,15.444579743098297,17.1854805823234,9.733060534853351,19.372352948643524,9.460033989467679,25.37127612890238,34.124729329453984,22.297020045706958,14.260024082189798,45.219843384677525,26.125986894284868,58.884674480464746,27.751652704747034,30.30491167136912,31.90220819762515,67.13525631919339,62.85193721820575,61.4804050696617,24.739550307920688,21.87772606570803,23.434827408265374,19.644815507411337,26.328864374293595,26.033116652390966,31.36323857385003,9.494228685212814,10.890064825797726,15.31609860209577,14.524507076740374,9.807897460561804,6.02786046046638,9.609261685594085,24.45803322466005,30.939619359986366,27.44067199831759,26.71155179160499,53.428087246949275,49.822543296096406,28.009060696555533,24.108384241429782,22.1777923391695,23.56557229176287,24.885483627239005,29.4148311985766,36.75251271261199,33.377989886778124,33.29908855987851,66.19943835818974,53.10827765522286,20.153734356072675,33.86022406055041,14.053312517799897,11.957423978418467,14.13098608236238,11.244109429848205,15.107094115808474,18.226610347830327,15.563491376566738,19.126054290391718,14.286728358509485,18.997549315831485,31.267712115361363,33.07933825747542,25.023133560165217,51.984124471050905,60.3653899388063,62.826366260966495,55.37705972255821,64.40983887826624,18.639938810609898,19.92021293492989,8.162447792512241,11.117076790021002,38.8166491617978,74.02088808068825,44.6617567974437,57.8152104014859,56.8398331895616,50.66113927486134,21.13178738602237,17.128658707830944,17.95247565338311,19.659385829936525,20.380263189579466,19.363664391770428,39.34406396495633,43.03641396509998,42.72730719998808,76.13056444457412,63.961133174340986,79.51298063287913,74.54713637598037,41.79578262052439,36.14853806254078,36.84459756081927,22.086779332828385,25.510805348990857,23.78384981394587,28.764336562273527,18.60568909721286,34.53475272373603,45.84482831821208,53.018367229355036,50.74065871505658,37.24930584898943,49.7053412192204,42.11104267565139,45.39427673865406,39.942834880680635
35,35.359995227879935,18.366402628027686,18.109054554228745,77.69961441830904,60.474005252602396,79.98391057250602,18.439985953149538,31.155563643693057,10.264414557339187,41.1022733129204,53.07673717138071,10.563527711235965,22.422758768368627,1.7923553719008263,58.0243443017641,27.964116620798123,29.217374627856486,14.332531333318416,19.95736499652229,42.257660708580815,52.70316286011051,53.27391531268838,34.99683150371294,8.803582300199391,17.603714971350314,78.71751337010245,50.2268673516774,45.19511061134151,22.366414233260873,28.647507580810206,32.533043044487016,26.041717448313257,26.382008307619373,67.42488416261041,20.595593592117588,18.58048856246393,8.379372147750749,10.326242592667466,18.51631459227813,67.96850088465106,30.73937003088763,27.18501811180752,30.05094217143259,19.710579198170457,53.2695161279717,71.17786762453117,87.42700256642846,60.074347673974046,14.565696364813274,39.75814708281539,36.0310045432922,20.458185781408446,39.045117200476426,13.051587641947371,20.399598664441065,24.150750060827917,18.12476354167908,20.40102979162105,21.57091222249352,19.42129660722487,16.96195745000987,13.180280389303357,21.892107056232753,29.432249742619376,16.672228035543185,23.965928616844707,25.78710488780574,16.271735168677484,67.28972895721974,23.00976303437934,28.138502530402768,21.85573170132932,25.174537906066377,17.136060698075003,6.742947824791582,26.5616453959428,74.61655996568024,42.158136226472905,84.76204885670862,81.67130975229622,10.487710713995689,19.88494706554918,3.635325874525992,26.0832312737093,18.018411970377947,34.04318292313611,34.045527298788926,30.514850121277533,20.881163271162297,30.24182513509657,17.443869982124895,15.9399502165499,36.06188793372097,33.70712419089921,49.575470604078,39.731685151456304,50.0794278406095,6.435929948503628,11.100082795146335,10.341618133053453,60.73555627406813,56.452231604492255,55.08070502453644,13.236093012861573,14.031269372588126,8.721839656831625,6.499072838889253,11.536282786325595,9.627915787997535,15.496725339922804,14.154805607225569,25.731538618591657,31.39683386675605,26.28835022186,23.203554137570457,22.981325590653043,25.68999695025437,4.124556645317812,9.327945071510413,7.107196087205938,4.496465280470977,60.74635933527112,59.94736158754459,23.903206934474234,20.596487239159792,21.247025087707673,25.339769056589724,24.75120825879166,30.440069549682153,16.202574639086496,15.32127182057906,12.965611312305683,74.71554719039386,62.175693429839455,32.98011158346708,45.89863491353949,13.236674818961829,30.193534337801527,35.02834124894795,18.647091550843932,17.797435019355376,13.442045912788437,9.828561155092542,39.90784454504649,31.140336227754496,37.40055427441963,47.11011180296586,51.06494545173518,42.964843573258364,61.05154024566751,69.43280014483466,74.45759347693698,64.44446992858657,76.04106609423673,22.696358655600413,27.580557830797524,28.944238269910542,31.898867044675782,39.95901162954388,82.28898869804814,56.2929811177483,72.81390214631291,68.47106040553207,62.292360922243574,30.19920316063898,26.3880725002225,29.812837802160907,12.701386032019272,13.491343065351831,4.109179991214174,21.114672218667405,24.80701932314517,24.497912558033264,85.19798021919073,73.02854894895759,88.58039640749573,86.17836359195086,52.49525404924708,49.1313088681639,46.688090773929645,35.551989013527816,38.97601658889499,31.977598641005557,42.22954490651178,31.210241611709662,27.926208344921516,39.44512827308682,43.23313258650535,33.95822007655573,29.33462414910437,33.235464766211706,32.643958185229934,30.60169515068606,25.284261368924025
43,76.68710585994063,54.690235616518876,46.49056470722819,26.708734085951008,16.440111012356788,22.1350171171633,74.89117489517804,89.96306016394948,57.24568860691106,28.94701699544678,31.19876475132854,67.34199572652454,49.00312553526092,58.02747384836002,1.7923553719008263,77.22783248468005,58.42634625604528,46.405256608176366,42.21472132459303,15.866404535084609,7.90506341151792,20.05695095584445,23.24543259412505,58.543698684804,75.07891427940373,24.982326945476785,85.12470316642258,81.64714207929572,77.85511167657319,48.9410413448732,75.05882281300144,51.17528702788846,63.09591934374599,26.259621875083578,46.82893707651077,53.84931196786589,65.85457568793122,61.232162974111006,50.41386054507772,26.80323570145834,71.31036104473884,85.99251195914158,78.33612076093071,40.10192655128775,22.55512678396893,30.01260533700434,30.468112960103955,5.829172786256179,72.04089856853255,43.19994936912975,74.63314322148565,52.86824365875114,77.69278176052757,69.00309446401488,56.685238042593774,59.41891369989415,47.26999154018195,58.64015220186437,45.031577880234096,73.30199447492312,59.03077196176464,70.23021084491023,73.07362110224474,74.57391014828141,72.06933734872004,53.92058432886441,48.41903074523853,57.11514419259052,26.440367112468547,61.98754197008337,58.257400857159865,53.55370346066947,75.89903368235858,60.111144905123226,64.21815136497206,55.77061412846571,28.665736465814955,18.678675246930894,26.91315139198234,23.822412287569968,56.597683129555264,76.23256427553045,62.15557412049594,74.17460339071275,47.834367959214745,44.83038745972127,39.76688687070039,50.81026049958042,38.24244685742794,48.28592478032347,42.971603839392614,73.87538643833099,38.24434017743259,62.62306824117322,15.073312163824355,30.79388094125677,31.425111157884302,63.91113282045352,68.57528210319975,68.62433022849663,24.085277495862456,25.737845156155373,26.704721806745866,49.59521124942058,46.92377570297893,52.08294463811707,52.83136289877823,52.71378215790129,55.958347944103124,71.94134334781754,49.698753579321874,38.33952695203807,38.45327650419972,34.611412805237194,40.48284583045831,43.03127972673443,43.29034158925287,59.81971283911353,65.1916575312447,61.69271306524182,61.903873931642636,9.190107811275505,2.554495638700412,73.06364776069083,69.1629686326427,40.521973627161444,35.37252455144011,35.99860092827146,30.57523589224933,60.13326890623637,56.14338099443981,63.97714843414501,19.015403546218856,5.924245738917853,35.59336919280589,23.10179241944766,58.46889027026738,60.32046813740188,58.558900930723695,43.06143630502494,43.639380700698126,44.620106430263796,51.02848233588094,50.89682420391062,43.898776678511496,41.88608841615789,32.35708389733027,34.11315780307263,42.07569327744695,5.301550831614803,11.58390735772253,23.397448148272417,6.5955771414744415,19.357412426371546,65.9771069037615,68.17397065386145,54.00553871119065,47.35152124073507,22.999824440816116,26.836853268717356,18.339138819960745,21.75375971331424,17.410917972533397,15.456427025969735,28.98147809245375,32.012658472621055,33.80523982018011,62.51488727726054,65.83531394117804,56.894015553224044,79.92216606600147,83.61451317047923,83.30540640536734,27.349085427386832,15.179651484231332,30.731504511357727,29.21947688129223,90.15882945243015,84.51158489444657,85.20764171980268,70.449824828273,73.87384950797426,72.14689664585165,77.12738072125696,66.96873325619627,79.58934268353723,23.78460714194773,31.90201062411408,57.201184449625316,33.1756997814579,51.04428042074326,32.00794187837418,38.981813489262166,47.60130026664248
48,10.994375620877376,22.156747307715477,43.379786926630146,102.10612416882375,85.74473762500381,99.32459206411178,16.778588071098458,30.77813586935458,34.73112074682524,57.87321838527538,78.3474695437821,17.364324035449588,29.79860159493066,27.765696684310928,77.17028669371524,1.7923553719008263,31.33792087600434,31.958623565175444,45.22809892812839,61.40360310053194,71.84911082064988,70.08937567950561,54.14277656858644,20.877689808556124,23.935359963023764,96.05596440808617,26.513610753707212,20.0016994232382,7.562142173866517,52.599999194210156,8.16742121004916,32.25465261215641,17.32725951206446,92.69561653501181,31.275547119027664,42.310704407318106,21.801778986246255,19.29202606315217,43.653040447672836,93.23923325705246,9.620056505286474,28.36527214966545,2.7151278035607023,37.95389375154298,78.54024850037308,96.44859442834431,104.76544803582391,78.21962589476232,21.786278709483494,50.32481325038848,13.731956195001445,25.348197003532775,14.886346813365286,14.835846845740114,21.53846695443268,20.808626840631252,43.39549591408047,18.115695207087402,46.841644594894916,8.424033561968644,21.009296486771028,19.57094127923936,6.205840114183382,6.233165844951653,11.891303898011413,24.151114914729988,33.974989991439266,23.45100126146273,92.56046132962113,16.250493677430036,24.168680914989594,45.585947546183505,3.7243502266316364,17.704612221833344,21.54318354867955,27.513275251907622,99.88729790666989,60.303411551595296,103.90798568007149,100.81725214424736,24.46890867751028,11.612893418763113,25.205173382946306,4.642809784345598,31.003084560259843,44.41425532413012,46.155154604150525,38.70273522491105,40.76081305008199,38.42971023873008,42.71460235452629,26.44675985177836,52.837566306087574,32.21155441203177,69.69009676487818,56.66756334349155,75.3501602130109,24.8768745898061,24.285209192687475,28.130539449206744,86.00628864646953,81.7229695454819,80.35143739693783,38.50682672172415,38.187482218488285,33.99257269746361,32.32613101092015,36.80701515872699,35.36269599318068,16.18634643646783,28.68720604643709,39.6864682148747,44.81167700320475,43.32091024307381,37.35064591361002,34.82426362679982,39.1048403094466,30.01498022852077,30.859211618593648,30.430316278735845,28.351985498103414,79.35736643426176,78.03590146266416,4.065602892500118,8.277395259378007,44.099279267003794,45.1987440038022,46.21047852840401,51.04800023769357,38.56126524044605,39.09899596470754,34.547697018492514,94.41279652475748,81.32164139037886,49.64931565284755,62.669582658816836,20.395263629861013,27.074787907419214,40.31816597017162,35.34554474137387,35.423530146878285,38.15872313310473,32.23018690831281,48.095729648680006,43.25640371679778,47.9672233376586,60.23739036931555,62.049013615763705,53.99280891845351,80.19748263761865,88.57874810537405,91.79604451492068,83.59041788912594,93.37951713222043,11.174219415196603,11.61510815768149,35.571144957104266,40.08675214830929,61.44135812885994,102.234246247256,73.631432155732,86.78488308685182,85.80951144351579,79.63081196022726,49.34514822551247,45.534017565096,47.448052718030915,16.92030574636878,14.507628685757755,26.82382277221477,21.08673594788352,26.517734181933804,24.51172555255659,104.34392817973011,92.17449134090874,107.72634436803511,103.51681462993454,27.634456196459276,24.270511015376087,22.383335836488303,19.94441535592108,17.82199115707214,11.416779546041584,21.11563692089566,14.785950735824667,5.933249255142313,64.71586064548823,68.50386495890675,57.688435921409926,54.605359194428125,56.9656777154,57.914687661965445,55.872430196009816,50.42098833803639
76,27.931598738346516,12.747109710131538,40.67690845801245,83.35773442914288,71.02899698628329,77.3283677769269,39.15806487593022,54.229952817624024,37.08431971634904,38.138542569290465,70.72167216941105,31.608891275864956,10.111308228125608,29.256104159128046,58.4218913854461,31.530385318731025,1.7923553719008263,20.628963245827762,39.04765647671795,42.655210687928694,53.10071551238076,50.562402636618906,35.39437858739494,22.895609870941406,41.127791479943056,74.05972898372478,36.36919894049434,32.89163785336749,33.42648115325013,51.081356081304875,26.303321259995585,12.477010905703645,14.340413558613069,80.84850628980536,13.409997128210922,43.481547308291766,32.421420693036474,25.443678913315452,40.95016175631163,81.39212301184602,22.47839297435935,50.25940461281613,30.250645778882934,25.85744729456669,68.50890453127205,84.60148975172613,82.7692181800508,61.63906528605126,37.9667237788686,28.08695967757033,25.877641668479804,9.817288773271923,28.937277534599332,32.80266851891374,10.996044860890887,10.55336436945101,40.69261744546279,12.905859023933086,44.13876612627722,29.860412924494188,17.06614996827511,34.4971008256624,28.32241896742376,25.741943637106615,31.379941442931045,8.379548337882946,14.287697292864806,15.449656959120173,81.02925152719034,15.280551407636723,7.213365454299561,46.37069238091503,31.14783444320349,19.69924155249556,30.7849963700773,3.3099534858823834,85.31473124041857,44.19298190146917,84.30009548133906,81.20935637692668,21.403977083965984,35.54316836974145,28.963586218409812,27.511315108843988,15.19601890155623,24.726962625555664,26.46786190557606,17.834903154016786,28.21298507115506,18.74241598095093,33.707842538783325,38.969721188507776,31.57940270542079,4.3294060737972595,54.68480624297614,35.40836955399871,67.7243572700516,32.59664456380083,35.149903530422904,36.747202952344836,75.97494467736848,71.69162000779261,70.32009342783681,33.076116717801625,30.214294034793678,31.210099501337552,27.420087823227043,34.1041366901093,33.80838896820667,36.20823332856971,16.363687707227967,20.355029020557513,25.480236695169914,23.98946993503898,19.27286165532159,15.492824655226165,19.773401115129417,31.32749380587991,38.5789818153319,34.31013257953745,33.581009477158965,62.89305010524788,59.28750615439501,27.968201068906975,24.41176939348763,31.018426020885748,32.40526064993797,33.72516908974822,38.2545195567517,44.52778213276181,41.15326220259384,40.168549141098374,75.66440121648836,62.57324608210971,30.743574315015593,43.14260404734189,18.898305936058396,4.454054021392725,12.43601629547593,20.721358598515806,23.551865100416272,26.563176757711265,23.900057786447675,24.15855722155297,23.569111018223317,28.279930639084142,39.12201940419466,38.507366874784296,32.63303528800782,61.44908732934951,69.83035279710491,69.79980909055931,64.84202258085682,71.38328170785906,20.279655505685383,19.527755540907442,16.151267003421694,20.39945811327366,48.64787187932983,83.48585093898686,52.440598355583475,63.24323634587242,63.813281587742665,58.43997816007874,30.596752917243336,26.593622902590727,28.116615082918443,24.504377688990314,25.22525660783797,26.233123636529108,44.18905871967601,47.881405824153774,47.57229905904187,85.84415919960085,73.42609603263959,88.97794905976599,81.52058477416143,41.403325226501934,35.75608066851834,36.45214016679682,21.694321938805942,25.118347954968414,23.391392419923427,28.371879168251084,18.213231703190417,34.83814054871625,54.68451667638719,61.858055587530146,58.51592813520641,46.08899153424218,57.48061620795847,50.95072813816061,53.169548831726246,47.71810697375281
82,33.39126829682955,10.545793094124186,20.032681711794275,71.32940004796205,56.203065123292234,68.35312884359546,29.155145654174277,44.227030922945715,19.76230848733747,29.471488911087484,51.882976634096664,21.605970717647835,11.659130075224873,14.303946433375291,46.39356257285354,31.9932408053969,20.59386020196746,1.7923553719008263,19.93006644046467,30.626878979670245,41.07238113119995,41.64313358377782,23.366046879136494,12.807669443800233,30.495424212542773,67.08673164119189,44.48461443665582,41.00705334952896,32.11908533123531,33.75934351583213,31.230547357387756,14.945378080931405,20.77044570393045,63.82557703059638,9.02486619180625,26.159534742819005,21.271080052482034,15.49613662877312,23.62814919083887,64.36919375263705,27.13385392297601,40.256485613803704,33.10152618598166,6.663644223076863,49.67020899595768,67.57856049251714,75.7962208375179,46.929372134169135,27.457402933083372,26.54223597022926,33.35418706767968,12.153922751959762,36.41382560672157,23.267068118676995,12.784291173869889,17.927671824861036,23.370604879990033,14.463646416562707,25.35944287887333,27.565965233919343,13.14478910347033,24.494181603906455,27.337591861240963,30.855611637662452,26.33331367630452,16.088099833991304,14.690766856885073,10.963793602444639,63.690427393793954,17.81103484832053,20.42491636228676,29.04867981544228,30.163007337020694,14.375118559785337,19.634655729522862,17.938130970053777,71.01725840225447,29.013160686668005,73.13126155920978,70.04052245479741,10.861654556782089,30.49654060311493,16.1120182569818,28.94000881576369,6.447683901836016,20.827271810549973,20.829617522663973,19.418512313100393,9.4705628533853,19.14548576771472,13.789014845866248,27.81938054795333,24.431106204810412,24.79058641922247,38.39984589995089,28.100900526879855,48.88566730332547,19.81685993702906,23.999565785534354,23.967415429907184,57.13624914205411,52.85293004106648,51.481397892522416,13.157289024884552,10.295465005415425,13.888085599403619,10.098073698549584,16.782122565431845,16.48637484352921,26.205314106813766,4.231078169932301,12.307962376563868,18.08095969005153,14.657566933744729,9.779977227312076,9.765414700810435,12.474086060411757,15.676493401441842,22.158079536768156,18.659133734304085,18.18034362099202,48.06711824225682,47.259171773214206,27.327621415352944,23.426944960227196,12.124492763063971,13.90849447533608,14.886476450099721,19.716325981243386,27.205769567289053,23.831249637121076,24.51754740019912,63.636072403895795,50.5449117009289,21.34932985455651,34.26785028896304,12.73286102926361,22.48798631545114,24.839395095224663,5.431181329231913,3.696767895316853,6.644349064794193,6.016749567704982,25.805787501381023,17.924426674373066,24.18464338457702,35.479330074055284,38.26643366268213,30.210228965371932,49.42075851675695,57.802018415924096,62.82681174802643,52.81368819967601,64.41028436532616,19.93541651731075,23.997466427764493,17.847898902528694,20.802529236498636,30.15110726393265,71.45752212639428,44.662199388837735,61.18312041740235,56.840278676621516,50.66157919333301,18.568419872523705,14.75729077131194,18.18205317758445,16.77885937271795,20.099284700174273,10.850456794044003,34.18613972066359,37.87848682514135,37.56938006002946,73.56719849028018,61.39776165145878,76.94961467858519,74.54758186304028,48.879870402958296,43.87149616467981,43.92868556599671,29.809738771428588,33.23376345112988,28.85106175566294,36.487294664412545,24.881783188975803,33.85331344253345,35.84582403673869,43.01936294788164,41.19391556973365,27.25030156751604,40.15860096956336,32.112035498512114,34.942170241461085,30.39609440828006
108,52.5700847381367,29.773005690416042,5.337626596470439,57.78016727563515,40.55456100559441,64.1327626327624,37.8302405765523,50.545819380813484,17.38779296199662,27.13766840592655,33.15729292437271,29.953781443664617,30.201934441803328,19.94253027742704,42.17319368909812,45.174203235389,38.97043396780364,19.74679306401467,1.7923553719008263,27.137253657473764,36.85201492036689,38.073551575836774,19.796464871195454,24.267467670526266,36.99396937200956,65.28004773252056,63.71182747843474,62.40519722593238,41.75666885666364,17.48520561269698,49.743129659077894,32.374093261508506,41.328015639022915,47.50543701993652,26.231157924877223,15.275510498810231,27.769625211948807,26.9770536150616,11.840059076022058,48.04905374197716,45.68537736229116,46.575271176005586,47.26103168168936,14.235946843062443,33.35006898529781,51.258420481857286,73.98953692884658,40.19133869987904,33.955950988216046,33.27549177854528,53.24109405354896,30.530495181334764,56.255203815067304,32.4418433790678,32.011502879187624,37.1548821937176,8.29775758191271,33.690858344623976,7.764524940495203,38.664601532582125,31.90796611787459,32.57053345350142,39.984362516175544,46.64233657995378,36.06248109974125,34.46467204062278,29.61783965178094,30.333174929654984,47.37028181454584,37.955770365782875,38.801491464584124,15.957382793435052,43.26679470247036,32.08206802947854,26.13320088898965,36.31470473588996,54.69711282300635,23.62446011249569,68.91089534837673,65.82015624396435,25.805213936791375,39.27520012974724,23.025580720672295,43.29331788830018,24.303827878869654,29.358880919516867,25.555766130513014,34.72250881372644,11.233839616655931,30.198676817677686,3.9577948012565893,34.01748656128949,26.347343845769554,43.16715884859748,29.656023461404107,27.68024669763053,30.159980697935616,25.826185240136986,30.490337195805576,28.766430351455142,40.816109131394235,36.53278735748425,35.161257881862554,8.165848863471181,9.792372236523686,11.331828504868293,14.234227708498224,12.855886512986856,15.20722980616258,34.88697996332557,23.45829054348063,19.53833429937577,22.22625442623908,17.173469137470377,21.357098035163823,24.230088633276843,24.48915049579528,19.06859336471181,25.33376054986909,21.8348160838662,22.73361117452482,40.82690951967487,40.7286796229631,41.113296444731,37.8065740764942,9.864710870800124,10.164889852487757,6.217532144814443,11.906392099243753,21.666651623796824,16.307379702059123,24.141147141764336,54.79610004771999,45.97743600585062,21.4638492083577,31.93403000654564,28.70055952105811,40.86455874482614,40.495570054607214,19.530896224679857,17.03613527761318,13.586357213721593,18.834904663178023,35.47584970639969,26.45603422413525,30.45771930150902,35.05867334914008,39.013506997909396,33.25030215822931,45.2003923059239,53.58165220509103,61.020127839355084,48.593321988842945,62.60360045665483,37.64236754620866,42.52656516220107,33.50407386191124,31.263766881958738,20.74422478107077,62.369541555374255,42.855515480166396,59.37643650873102,55.03359476795018,48.85489528466168,15.9263641976836,16.00101669174925,18.616177644551556,28.32442655485928,30.701431239147418,18.506076854154163,40.50492528286547,44.19727528300912,43.88816562223133,69.34683227944711,57.177395440625716,68.67810608521691,72.74089795436896,69.70534355950386,66.34139837842066,63.89818028418641,49.036949140285145,52.460973819986435,49.18768525559643,55.71450503326911,46.1562489431132,46.85316043539378,19.525681130412938,24.293679015414156,25.98866818098771,9.415177674661074,23.009131110984846,13.386350229583448,15.248390137576582,13.673376205827019
122,60.90909575825893,38.91222551483718,31.44572050299373,40.78437664262927,29.67664951227828,37.80810543826266,59.11316479349636,74.1850500622678,42.200844402676594,15.495947296772655,34.652305621671715,51.56399119343109,33.22511832924513,42.24946931526659,15.848536271854856,61.44982795158663,42.64833615436359,30.62724940216057,27.169874447436214,1.7923553719008263,10.527356834893038,11.701127031337403,7.467425388109249,42.76568858312231,59.30090974631028,38.90762029235529,69.34669306474089,65.86913197761403,62.07710157489151,37.13191176719061,59.280818279908004,35.39727692620677,47.3179092420643,39.49616171146626,31.05092987049497,38.804467763631436,50.07656558624953,45.454155768095205,35.369013667920896,40.03977553784101,55.53235094305715,70.2145018574599,62.558110659249024,24.323916449606045,29.18468701483505,43.24914227772113,47.61710948868131,19.065711508921204,56.26288846685088,32.348622538857725,58.855138688392216,37.0902391256577,61.914771658845865,53.22508436233319,40.90723083657798,43.64090649387833,32.225144663025134,42.86214499584855,29.986730780333755,57.52398437324143,43.252767428671206,54.45220074322853,57.29561100056304,58.79590004659972,56.2913328156266,38.14257422718272,32.641023539222736,41.337136986574734,39.67690694885122,46.20953186840168,42.479393651144065,39.75851728256219,60.12102914926513,44.33313769910741,48.44014126329037,39.992606922449895,42.74137902249321,3.781478373477788,42.586238153877005,39.49549904946463,40.81967302787358,60.454559742437006,46.377569587402505,58.396598857619296,32.056360753198945,31.582512873329605,26.531466320555765,36.299187753362446,22.464439651412142,33.22186070511948,27.9267569622358,58.83053666550829,25.91545238269029,46.84506370807978,14.273303828702403,18.464993146514466,31.65499361797815,48.13312271877182,52.7972775701063,53.579480455673945,37.32181443657924,32.3674053870215,32.24122941881051,34.81260857159474,32.14117859374132,37.3003448559571,37.05335836568479,37.66893795366684,41.17574816194316,56.16333324613585,33.92074347764019,22.561519523278744,23.357799799939777,18.83340537647787,24.704838624442516,27.2532722979751,27.512334160493545,45.03711016128767,50.14681332701026,46.647866188085004,46.12586382996095,22.426645642966406,16.714148367881414,57.28563765900915,53.38496409954928,25.477126527261106,19.594515786219596,20.95375405111465,15.530391688014877,45.088424702001916,41.098536790205344,48.932304229910564,33.09104610289711,19.999886736391396,20.87490284150928,12.483431487954704,42.69088016858569,44.54246093138609,43.518753942048995,27.283429099009147,27.861373271938795,28.8420963285821,35.25047512986514,37.0367612997805,29.479218111577048,29.557197725749695,21.738721629376137,26.709580511364855,31.904463475865988,18.875733552219444,27.2569950105913,34.64770039918983,22.268664794343216,36.23117301648957,50.19909680207981,52.395966120768,36.527257749353026,32.84044582159474,7.650414098327961,40.912493152473246,16.483089376462317,33.004011964231644,28.661170223450803,22.4824707401623,13.20346932723324,16.234651043861728,18.027231054959607,46.73687717557885,50.05730383949636,41.11600834720825,64.14415596431978,67.8365086373858,67.52739630368563,43.02217218928148,30.852738246125988,46.40459127325238,46.36847051420369,74.38081935074848,68.73357479276488,69.42963718670924,54.67182029517954,58.09584497488085,56.36888654416996,61.349376188163504,51.19072872310285,63.811332581855524,18.7044800848766,27.5149264496952,46.914214436955454,18.130854240762268,41.13045593804842,22.498987172908738,27.159469428921255,35.95732387924776
123,71.36437078216557,49.367500538743826,41.167835198041374,32.81838017928644,21.710651712474274,29.35876954775189,69.568439817403,84.64032508617444,51.92295909772425,22.055714851909762,36.46930545144603,62.01926621733774,43.68039602607412,52.70474433917322,7.882539140281439,71.90510297549326,53.103611178270214,41.08252709898956,36.891989142483865,10.54367368943663,1.7923553719008263,13.165649035050963,17.922701748477067,53.22096360702895,69.75618477021692,29.382472132261853,79.80197365723576,76.3244125701089,72.53238216738639,46.854023566572366,69.73609330381464,44.302440745013214,57.77318426597095,31.53016257520106,41.50620756732396,48.52658245867909,60.531840610156166,55.909433464924206,45.09112836296855,32.07377640157583,65.98762596696378,80.66978244995477,73.01339125174391,34.77919436917857,27.825667484086416,35.283146037121824,38.09195865566549,11.099713040886602,66.71816349075752,37.24364259474024,69.31041371229887,47.545514149564326,72.37005225134075,63.680364954828065,51.36250853340698,54.09618419070733,41.947259358072785,53.31742269267755,39.70884547538141,67.97925939714806,53.70804245257785,64.90747576713518,67.75089159305793,69.2511806390946,66.74660783953324,48.59785481967761,42.09912032821036,51.79241468340371,31.710907812586036,56.66481246089656,52.93467134797306,49.48063197760983,70.57630417317176,54.78841539593642,58.89541628719701,50.4478846192789,34.77537988622802,13.355944401282908,34.13690493628859,31.046165831876213,51.27494805178023,70.90983476634364,56.83284461130914,68.85187388152593,42.511638450027945,37.93908420246662,32.87558361344572,43.91895991524812,32.91971734824114,41.39462419599117,37.64887165728345,68.55265136055594,31.353039593100284,57.300338731986415,15.999891836922956,23.902577684002097,36.69565185800179,58.58839774267847,63.25255259401293,63.301595150721596,29.355818195979936,31.008385856272863,31.97526250686336,44.27247906731142,41.601046193792115,46.76021512893027,47.508633389591424,47.391052648714485,50.635618434916324,66.61860827004249,44.3760213972127,33.016794547185384,31.561973024201528,29.288683296050394,35.16011364834915,37.70855021754763,36.041532070748644,54.496977761338485,59.86892802205791,56.36998355605501,56.58114442245583,14.460647843162402,8.748151236307994,67.74091825150403,63.840239123455916,35.19924122230876,30.049792369330945,30.675868746162298,25.252506383062524,54.81053939704956,50.820651485252995,58.65441892495822,25.12504696663192,12.03388915933092,28.702065935551218,16.210490275910644,53.14615519249233,54.99773862821509,50.88922864953903,37.738704122915784,38.31664829584543,39.297374248154625,45.70575015377179,43.393332628917506,37.007473198513296,34.99478493615969,25.465780640075597,28.156853701605474,36.11938650305744,8.919116028036008,18.80766045654171,25.122549566174023,13.819330240293624,26.706024856396127,60.654371825986445,62.851241144674646,47.11423812685834,40.460217983480405,17.27975254925134,32.94649668913043,12.382833604775938,23.478860908472317,19.136019167691476,17.181528221127817,23.658745910344578,26.68992896343425,26.98084315073678,57.19215776807374,60.512578863402986,51.57128604403724,74.59943655681468,78.29178366129244,77.98267689618052,34.572839194436604,22.4034036920764,37.955255382741605,36.84332235411025,84.83609437465512,79.18885538525976,79.88491221061588,65.12709531908618,68.55111999878747,66.82416713666484,71.80465121207014,61.64600374700947,74.26661317435043,25.464132337953906,34.27457714356779,56.636329132003105,27.8529702722711,50.85257063309607,32.12832629206271,36.8815841239689,45.67943857429541
124,68.72417501580063,48.069056110967466,43.07542459870635,45.64563434795829,33.8362541838045,30.57171387155362,70.14015006715968,85.21203533593112,53.830551394055114,13.314150587269701,46.03313569843915,62.590976467094414,41.25672657225964,53.27645458892991,20.008140943381076,70.29078594788248,50.463415411905274,41.6542346758239,38.1409733694329,11.703360035225238,13.156907687961263,1.7923553719008263,18.49441199823376,53.79267385678564,70.3278950199736,27.303077751273868,77.16177232228256,73.68421123515571,71.96803915988308,48.76161586290323,67.09589753744969,38.379539931529266,55.13298849960599,43.65576616024893,39.03914210528529,50.4341691864217,61.103550859912865,56.4811437146809,46.99871776363352,44.199380209367234,63.27096791535227,81.24148713112322,71.0432247292594,35.35090461893526,39.95126839621193,47.40874962216971,36.01256694759987,23.22531618044742,67.2898737405142,26.944435720765036,66.67021794593391,44.905318383199386,69.7298564849758,64.25207520458477,49.74730053167637,51.45598842434238,43.854851654403646,51.97539292467653,41.61643509878991,67.41492195823301,51.86847603029635,65.47918601689187,67.66634928626212,66.53451701889483,66.1822704006182,45.95765638039029,36.501163344818366,49.952848261122234,43.83651139763391,54.98097160899744,50.29447001301986,51.38822427394069,70.4917674349642,54.70387865772885,59.467126536953685,47.80768885291394,47.60263672782224,15.41118358290806,37.54344157596576,34.452702471553394,51.84665830153691,70.34549732742859,57.40455486106583,67.23755685391515,43.08334602686227,29.197519937826552,24.13401934880566,35.17739565060806,33.49142492507547,32.65305993135111,38.8978558842325,71.80652782631005,22.61147399199905,50.2991364899725,22.24049887497994,15.16101475582322,43.03582369474559,59.160107992435144,63.82426284376962,63.310666380979164,41.481419108105456,43.13398676839839,44.10086341898888,45.839593845258065,43.168163867404644,48.3273328025428,48.08034363934811,49.298644945045346,52.202730539940596,67.19031851979918,44.9477316469694,31.173277322913023,26.64556669377709,28.19732352807661,33.316593528410905,35.24148453276541,31.082734750907182,56.064095434951014,63.12280448781202,59.62386002180912,57.15284910362428,26.586250091749093,20.8737528166641,67.65637594470822,63.75570238524834,37.294088435687634,30.62150261908763,31.924852973111342,27.160096006471026,56.71813169338043,52.728243781583856,60.56200565270083,37.95230113530377,24.159492744378795,20.43227803595189,7.468926011270581,53.71786544224902,52.357542861850135,42.14766728056485,38.113806900288566,38.88835854560212,39.86908449791132,46.277460403528465,34.64130765988001,28.26590893387324,26.253220671519628,16.724216375435546,17.857643931964382,25.820179406338717,17.89583197371462,27.78437640222033,23.043157858108394,22.796046185972237,24.626630475408135,59.04005479837567,60.320328922695666,38.37267386221828,31.718650823174457,19.280118862271173,49.413068296385134,4.878546835380885,21.399469423150215,17.05662612316467,10.877928199080868,24.23045616010127,27.26163921319094,23.680733369673867,57.763868017830426,60.02758266985923,52.14299072520568,75.17114680657136,78.86349391104912,78.55438714593721,39.08750796714992,31.38011963775501,44.61273361942216,34.763927973122264,82.19589860829016,76.54865405030657,77.24471644425094,62.486899552721226,65.91092423242253,64.18396580171165,69.16445544570519,59.00580798064452,74.1820708675546,30.085311498105217,38.89575652646263,58.54392142833397,29.760559895679602,52.76016292942693,34.12869126862136,38.78917642029977,47.58702797496038
137,53.65276307703034,31.655890160686237,25.03215177746266,48.15678365024168,35.8280462073821,45.18051244587508,51.85683211226777,66.9287173810392,37.195343555934585,9.340269025535967,41.272190541827015,44.307655839280145,25.96878275235065,34.99313396111563,23.22094483867198,54.19348970176978,35.39200347313499,23.370913825266086,19.857652518875103,7.454261245488691,17.89976473347957,18.470517186057442,1.7923553719008263,35.50935322897137,52.04457149649344,45.67701066981886,62.09036038351229,58.61279929638543,54.82076889366291,36.16969023363273,52.02448003009117,28.14094424497818,40.061573887913354,45.64755840657007,23.794597189266376,35.095437168759766,42.82023023209859,38.19782019120072,31.659985745971586,46.19117223294484,48.27601826182856,62.958169176231294,55.301777978020425,17.067582431916275,34.39524288233466,49.40053897282494,54.38649697047899,26.438117402815962,49.00655578562228,25.092289857629137,51.59880043857538,29.833903771506744,54.65843897761728,45.96875168110459,33.65089815534939,36.38457381264975,27.992282540161398,35.60580941895408,29.0245094695194,50.267651692012834,35.99643207452026,47.195868061999946,50.03927831933446,51.53956736537113,49.034994565809754,30.886241545954128,25.384687962328258,34.08080140968024,45.82830364395504,38.953199187173084,35.22305807424959,36.63569486832516,52.86469089944829,37.07680212221294,41.18380590913941,32.73627424122131,50.11378603010563,8.992033795490341,49.958645161489414,46.86790605707705,33.56334034664499,53.198227061208414,39.121234233251556,51.14026060780245,24.800025176304466,24.326177296435123,19.27513230286599,29.042852399211498,15.208105410978847,25.965525128224996,20.61453503367469,53.52320987141813,18.65911836500052,39.58872835392883,19.483859696202018,11.208657792363514,38.27488121105581,40.87678736462088,45.54094221595535,45.02734575316488,41.86128035550874,37.5779612545211,37.45178528631013,27.55627321744378,24.88484323959037,30.044012174728515,29.797023011533835,32.03354624714292,33.919412585048676,48.90700056490726,26.664410796411595,15.305184169127795,16.10146444578882,11.577070690557509,17.448503047548037,19.996938280285335,20.25600014280377,37.78077480713674,44.83948385999774,41.34053649832895,38.869531148732364,27.692102222012583,24.08655537549383,50.029304977780555,46.12862874539832,19.010767807873357,12.338180432068649,13.641532122553539,9.337400534357158,40.58186379377909,35.22259320850256,45.36222661761536,40.46345333325306,27.372295303208524,13.618568601075982,14.13663107164212,35.434544814434744,37.2861282501575,36.26241836515452,20.02709352211467,20.605037917787847,21.585762310892328,27.994139552970665,29.780425722886026,22.22288387114375,22.30086370805992,17.402359052394736,21.357191141959348,24.648128121715036,26.24813944611421,34.62940201820372,41.41709077665338,29.641071801955633,43.00056339395313,42.94276412085121,45.13963076661706,29.270922172458548,25.584110244700263,13.080662577656408,48.28490016008566,23.252479753925876,39.77340211895168,35.43056037817084,29.251860894882334,5.947134641312876,8.978317026171954,10.770897037269837,39.48054449435026,42.80096848534541,33.859672770313765,56.887823283091194,60.580170387568955,60.27106362245705,50.39458209255979,38.225145253738404,53.7769982808648,53.13786356458962,67.12448666951988,61.477242111536285,62.17329893689241,47.41548204536271,50.839506725064,49.112553862941375,54.09303793834667,43.934393368951895,56.55499990062694,23.915037288837397,32.40857663286847,45.951995799063454,15.697251761972812,40.168237300156434,21.50125051996012,26.197250791029262,34.99510234568988
143,28.292281767820356,10.296646214354794,22.494166111946313,82.08472731248779,64.85911814678116,80.55763108262057,16.42291253892162,31.494799144154236,17.00808629860313,41.67599115011261,57.461850065559446,8.873738270625767,17.984055117343004,8.796220626534257,58.598064811878665,20.896403160738544,22.86344570521537,12.872877612195635,24.342476554239852,42.831381218695384,53.27688337022508,53.84763582280296,35.57055201382751,1.7923553719008263,18.774876841058866,79.29123388021702,41.47520723654197,38.12739715128193,18.939921332504106,32.89861239877756,25.465329584427437,20.44010747102994,17.630348192483943,71.8099914882009,17.155483933887396,25.298803625764435,9.550534017459302,2.763903068033404,22.76741941024548,72.35360821024156,21.987711252213376,27.524250939346334,22.98323004783419,18.86814779856317,57.65462902215044,75.56297495012167,88.00072307654304,59.133879941782524,15.736858234521824,38.07891145339818,28.96329108323262,13.533649189483942,31.97740374041684,10.534834780680809,12.33569684170961,15.399089945692483,22.50987376293547,11.649370344716205,25.9560224437499,14.386801457931668,8.210298003105025,11.7619484886538,15.706562441525083,22.36453494609861,13.154149900316845,15.902026794113253,21.729085298783062,8.67448995095066,71.67484185139847,14.258102919243907,20.074600484927785,28.187951594053594,18.988994627819892,8.384401919400746,7.914109694500132,19.670245913483193,79.001672859859,41.21766292569313,85.33576936682317,82.2450302624108,3.665223624834695,17.317376827127255,6.092699542832642,19.015516254445018,14.779587398660802,32.16835063147392,33.15874075731743,26.45683053225486,21.67506576064101,26.183805546073895,21.828980203381285,16.09883607213531,36.63560844383553,25.64322370462893,50.60435081189837,40.30540566157087,54.4645351662,9.725759447428363,12.279018414050446,13.876314940306482,65.12066359965863,60.837344498670994,59.46581235012694,17.621203011374433,17.301859844599743,13.106948987113894,11.440508637031613,15.92139300758198,14.661527759194454,13.473080991561108,10.742507706146013,24.84475207712017,30.510044429618674,26.862070731974566,22.316766259637788,20.704203337325445,24.803207735860518,11.976410191425082,15.708096476215907,15.279201136358115,12.142590674873116,60.27162048128194,59.46367401223933,16.835494810875833,13.528773779100206,21.478005896147753,26.11299805082239,24.982190403692922,30.671051917326935,23.606871615139568,22.064943561843005,20.147759260881536,75.84057464292093,62.749413939954024,33.55383209358164,46.472355423654065,4.485015149313451,22.129632292326548,30.14892705026142,17.760303672911263,16.337782634693774,15.537449984992206,9.608912869226172,35.84982495602381,30.25354968628301,35.721318645002405,47.68383231308042,49.803108923107516,41.746904225797316,61.62526075578208,70.00652065494923,75.03131398705155,65.01819043870114,76.61478660435128,13.944700099669689,18.828897715662094,23.75659981597779,27.8408474556531,40.189991101522786,83.66202436541943,56.86670162786286,73.38762265642748,69.04478091564664,62.866081432358136,30.772923670753542,26.961793010337068,30.386555416609582,4.046626925695879,6.423629605292248,5.938201957530943,21.453906382667405,25.14625504634987,24.837145385572086,85.77170072930528,73.60226945907216,89.15411691761031,86.75208410206542,45.42754348485339,42.063598303770206,39.620377313870065,26.80032889839238,30.224356473759563,24.909885180945974,33.47788768704223,22.45858283303541,22.57536036074332,43.83023849434321,47.61824548068409,40.33318445267908,33.719734147617224,39.297872525431146,37.029068183742794,34.986805149198915,29.53536618689138
147,35.365583417559534,28.529587156050077,34.24128255442722,94.11027739954412,76.88466266524922,97.02710392435301,6.340361168744266,14.705448551175236,21.857882512854594,58.14546666476738,66.86539139547195,10.110636433639254,36.216995390807696,17.59650921815615,75.06753765361108,23.97032223297314,41.09638731514124,30.495936522661676,37.00055990757397,59.300854060427795,69.74635621195748,70.31710866453537,52.040027528482284,18.76217199559708,1.7923553719008263,95.76070672194942,50.85964274017226,44.34773296890796,16.429824493399767,34.226548069920455,31.36679400607523,38.67304640803346,34.28939805256418,83.83554157525722,35.88025461788206,27.40349899883337,9.266804645459118,16.58168123141028,29.806642636362167,84.37915829729788,31.820764921561654,10.734901014597922,25.858549875039984,36.803275963089575,69.68017354061853,87.58852503717799,104.47020148686369,76.52144035953387,3.749874407729602,56.743207046265525,37.67089542380811,31.766590799409812,39.23238035903505,11.42304843994874,30.568637115174305,31.281834055160743,32.10296137258866,27.532113785953875,34.02026261390337,18.428332457149153,25.112665322032104,6.953285208362149,20.51555070462694,29.432539309208316,15.043688833544557,34.134967067577946,40.393383787316296,26.233246145470584,83.18828228872681,29.580928375944428,34.49554718954094,27.204168486795716,21.002551589940346,22.64762393045016,12.659187270268598,37.903186186947885,91.02722294691532,60.46637071811307,101.80524220855558,98.71449753555495,22.38999453157288,13.504908146326319,14.803260803768342,26.455872735076035,33.504357859911934,50.83265179292951,50.20893092892748,45.12112902078809,37.924357959470456,44.84810403460713,34.487063333971875,5.109024466186788,53.10508128556795,43.87616264163245,65.98612801672482,56.77488117622565,63.868082064700744,15.07737032819667,6.882804923356156,12.230735858266014,75.61853832366987,71.75393251029857,70.21887876782358,30.27928770116973,31.0744627244351,25.765033676909194,23.542267749940933,27.5004563617585,25.340108740472914,8.879620036277856,29.467279058371254,41.8949451443961,47.56023749689461,43.33154357370698,39.366959326913715,39.42897379857658,41.85340080313645,20.26718454093006,13.953367495907438,17.32984623267787,16.605196043124483,77.15701674791794,77.05878685120616,25.1711633415875,23.426981267422576,38.29021977601583,42.382962408436704,41.79440428356101,47.48326290152913,20.623944611354265,24.191787883300442,16.610376166657204,91.12620460304069,82.19744667582339,50.02330760823641,62.941825369720576,21.71508297225927,37.40165418197057,48.38186598726493,34.81049807664837,33.96084020869864,30.485239264635414,26.57497370054494,54.51412344455705,47.303742753558936,54.38561713353564,64.15330515481283,68.46740741164075,60.41120271433056,78.09473359751448,86.47599906526989,91.50078682878396,81.48766884902182,93.0842594460837,27.538999456695485,30.901594143756533,41.9895387529813,46.50514594418634,57.1788488421587,98.69964054210672,73.33617446959528,89.8570954981599,85.51425375737907,79.3355598426788,47.24239918540832,43.431268524991836,46.85602825834199,16.627839259405963,17.110221112138618,20.565105571454502,4.6624049781631225,8.356904230627347,8.047796797284853,102.2411735710377,90.07174230080457,105.00821620912589,103.22155694379785,51.98048818292433,48.61654300184114,46.72937071861924,42.14512510865744,41.75336935675436,33.61748929877794,45.05457325403644,34.40908928838748,21.989618605060407,55.85578568573365,56.453089167082595,39.24738770436602,46.05218873450475,38.52462949835609,47.49475089908675,43.051045319352376,33.44732994765427
158,94.48153517810275,73.82641627326959,70.27962092844331,29.228689999178382,36.02347870764549,5.49685547709199,95.59085364317944,110.66275004912737,80.92937332835687,38.71478564988182,52.53513070969794,88.04168561170242,67.01408383889586,78.7271637335379,24.61962808705682,96.04814611018463,74.08922579567957,67.10494649335426,64.79361484320856,38.9075563649622,29.359437778341768,27.242001475359196,45.6986083279707,79.24338300139365,95.77860416458162,1.7923553719008263,102.91912691599646,99.44156582886956,98.4782000617983,73.37851244605216,92.85325213116356,64.13689452524312,80.89034866190812,41.945349332303394,64.43977560869268,77.6383710847469,86.55426000452087,81.9318528592889,74.20291966195873,38.58909704451438,89.02832807765438,106.69220184431948,96.80058489156153,60.80161086787737,46.97333056980648,35.13147150331883,10.004373959750106,30.266647005844575,92.74058288512221,47.455536900637526,92.42757253964777,70.66267297691326,95.48721107868967,89.70277878060453,75.50465512539024,77.21334301805625,71.0590450884747,77.7327475183904,68.82063410144923,93.92507729155996,78.37863136362333,90.92989516149987,94.17651018817733,92.29187718119697,92.69242573394514,71.71501364702652,62.2585206114546,76.4630035944492,43.318504612950264,80.7383262027113,76.05183017532198,78.59242060367767,97.00192276829117,81.2140339910558,84.9178356815617,73.56504344662781,32.175002198765554,42.61538124910619,12.330920329453177,9.377846527270586,77.29736744614492,96.85564709216732,82.85526400567383,92.99491144762902,68.0626323004116,52.06645047972363,49.53465285221307,59.477617757214745,59.31071046162847,58.0536963304244,65.55049735800814,97.25724253950631,48.49696313778282,71.0456247907947,39.51078482420803,40.56164981843534,55.86258493198564,84.61081713704314,89.27497198837763,88.76137552558717,43.668643631946445,46.288188177418334,48.041085092192894,71.29030298986606,68.61887301201266,73.77804194715081,73.53105278395611,75.76757601956521,77.6534396845486,92.64102766440718,70.39843789591151,56.57391082632043,52.04620309285039,53.597957031484015,58.71722703181831,60.642120931838704,56.48337114998047,81.51480457955901,88.57351363242,85.07456916641712,82.60355824823228,33.627582476350966,26.991969190058217,94.16653127803517,90.2658577185753,63.11337129931826,56.364158812746595,59.129051975770665,54.364295009130345,83.92232802311739,79.93244011132082,89.09625371711527,26.10723456198471,24.642492710407083,45.8329115393593,32.8695610738827,80.21078599494544,75.01220816076935,62.00672018801281,63.51444329936186,64.33906769021013,65.31979074685343,71.72816665247058,52.373569258830656,54.382337235056994,48.58471295141005,37.88051089559809,35.58990285799267,44.561650286492025,22.459819059626682,13.182502256014693,4.512529098364537,18.067370998262867,8.048153186932785,84.79741496067778,86.07768908499779,62.672901537413225,56.0188784983694,46.484316751212845,24.33821391130703,22.594729247134403,12.13555064286524,10.323960139715979,16.524224537857435,49.96981018092859,53.00429540684989,49.08136976874715,85.81686198000442,86.53773800318618,77.59369986981369,100.62185038259112,104.31420305565712,104.00509072195698,14.012649349944763,9.491988553532021,19.53787767513936,8.755735653503088,107.95325320200403,102.30601421260869,103.00207660655306,88.24425414643508,91.66827882613637,89.94132596401377,94.92181003941906,84.7631625743584,100.69222620088156,48.222080916049066,56.33948439821542,81.63865555080429,56.964758898338914,75.48175152192223,56.44541565247551,63.4192872633635,72.0387769364097
163,15.798256152093753,33.93775841040667,64.03169832463189,109.97533010414541,97.64659822987407,106.2549006091281,42.81928357209627,56.8188284746865,57.28637271265801,64.756138244293,95.42230361405971,42.21541739812415,36.72890457135873,50.22595967179282,85.03948706044864,26.785964836375932,36.19125180733272,44.45266455020561,64.91466481456459,69.27280903585358,79.71831118738328,77.17999831162146,62.01197693531984,41.46920162548723,49.97605256835568,102.98626181592599,1.7923553719008263,6.326648631552949,33.60283834309491,74.43614884359022,18.644645604141452,39.0619454741648,24.784015485088688,107.4661019648079,40.02759436241816,66.8363400705771,46.21813533724634,40.19474110729915,64.30495451859696,108.00971868684854,21.72075870014615,54.40596475499737,25.569080625016298,50.1692213261241,93.20954154450897,111.21908542672868,111.69575658084025,88.25666652964205,46.7414322807665,57.255116226816554,13.671651279931023,35.395901484909274,11.991083421461113,39.68693864920997,33.13779729691308,27.52751413206023,64.04740731208223,30.25071817053017,67.49355599289667,33.20274084599488,33.67905561045852,44.422034641913925,30.865431731667748,21.527191899689697,36.742397260685976,32.021264614388066,40.90529296786733,36.63516028385326,107.22975994234525,28.236108745230663,29.02201184631798,69.72548514320036,30.014284154989642,34.33485154277461,43.52644126675493,32.98787129982025,111.93233248400935,70.81058024939406,113.22662831354023,110.13589477771612,39.97756616558945,37.65358825153032,47.53717797295563,24.036368585271777,41.81361591301994,51.344560973480554,53.0854575805786,45.63303820133913,52.97614062466312,45.36001321515817,57.53154651608352,51.297851655248216,58.196998380423324,37.06488823902603,81.30240748656692,62.02596522900124,92.42499985187676,47.432126555638874,49.13630389182322,51.58268494418287,100.67558725919363,96.39226258961779,95.0207304410737,58.19338993523799,54.03799801209388,54.64448409546537,50.71178001639744,57.45892655672874,56.19906130834122,41.03744113560357,40.26437073476423,46.97262335909887,52.09783504309481,50.607068282963866,45.89045733032412,42.110421666689874,46.390998349336655,53.400962653588564,53.4144664800923,52.98556824456862,50.907237463936184,89.51064578025043,85.90510182939754,26.13164457994582,29.1801096352944,55.66382531161527,58.50041404834478,58.42580610298512,64.34967585082441,62.138517534689356,61.65425082620621,57.85412926475793,102.28200246007913,89.19084175711225,57.36116999001813,69.76019972234442,37.47189635414304,31.9281188387476,45.17149690150001,46.81651355612732,47.863959437169754,50.386880735011474,47.73884439639197,55.02603262510808,50.18670669322586,54.897526314086676,67.16769334574363,68.97931659219178,60.923111894881586,88.0666885729403,96.44794847210744,98.72634749134876,91.45961825585934,100.3098201086485,29.24057069357932,24.35533175158435,42.37843781911265,47.01705512473737,74.74302817340252,110.10345218257764,80.56173513216007,93.7151860632799,92.73981441994385,86.56111493665534,57.21434859224587,53.21121857759326,54.73421075792096,37.8230181175934,35.41034372990474,47.362753083233244,47.12743011242014,52.55842968293162,50.55241815788851,112.21312297787526,100.04369727623038,115.59553916618026,110.44711203777439,5.78217211948666,4.705072837787888,8.601637447350605,16.333404387868903,13.553897912818364,17.19423150738489,6.724664813109042,21.296297292995714,29.637109862788257,79.3851536896241,86.55869260076706,81.87072089749174,70.78963122040145,80.83540340165555,75.65136515139753,76.52433602542332,71.07289973603815
165,9.275175570058494,30.497373218429914,62.13313827844085,106.53494491216865,94.20620190072083,102.81451541715134,36.296202990061005,50.29575078831712,53.67202482378353,61.315753052316246,91.9819239906712,38.60106950924966,33.28851937938197,45.229811157643184,81.59910186847188,20.262882917879494,32.75086661535596,41.012279358228845,63.01609919978531,65.83242384387682,76.27792599540652,73.73961311964469,58.57159174334308,38.166054290906246,43.452974881986314,99.54587662394923,6.321830911743475,1.7923553719008263,27.079755088137297,72.53758322881092,12.121563685645016,35.62156028218804,21.303780139141143,104.02571677283113,36.587209170441405,61.251608484276396,42.60378477544948,36.58039032275878,62.40638890381767,104.56933349487178,18.106409474810484,47.882887068627994,19.04599870651986,46.72883613414734,89.7691563525322,107.77870023475191,108.2553713888635,84.81627576907707,41.30389251472839,53.814731034839795,10.057302054595358,31.955516292932515,5.468002839425852,36.07259076033549,29.69741210493632,24.087128940083474,62.148847265891185,26.81033297855342,65.59499037811739,29.588392957120405,30.238667745559404,40.80768675303944,27.251083842793257,15.004111317654438,33.12804937181149,28.58087942241131,37.46490777589058,33.1947750918765,103.7893747503685,24.659384911488562,25.581626654341214,64.52685162314178,23.491203795697913,31.314708327260284,39.91209337788045,29.54748610784349,108.49194729203259,67.3701950574173,109.78624312156347,106.69550958573939,38.079003223732514,31.130507669495067,42.669285183356195,20.422019137192585,38.373230721043186,47.904170212915545,49.64507238860183,42.192653009362374,49.53575543268636,41.91962802318142,54.091161324106764,47.68350376637373,54.756613188446565,33.62450304704929,77.86201672600191,58.585580037024485,88.98460909131177,43.81777866676438,45.52195333002638,47.968337055308396,97.2351909300404,92.95187739764103,91.58034524909695,56.29482988904695,50.59760725152887,52.74591848068608,48.813214401618154,55.56036094194946,54.30049569356193,35.69699505153092,36.82398554278748,43.532241062787996,48.65744985111806,47.16668309098712,42.450072138347366,38.67003647471312,42.95061026169401,48.95588163255669,49.800113022629574,49.37122035569414,47.2928895750617,86.07026058827364,82.46471663742079,22.517295131866632,25.565759073497546,52.22344011963851,55.060028856368035,54.98542091100837,60.90929065884765,58.52416964581488,58.03989736874346,54.23978137588344,98.84161726810238,85.7504565651355,53.92078479804138,66.31981453036767,35.573333412286104,28.48773364677084,41.73111170952324,43.37612836415057,44.423571572270646,46.946495543034715,45.84028435020093,51.58564743313133,46.746321501249085,51.45714112210992,63.72730815376686,65.53893140021503,57.48272670290483,84.6262978123753,93.00756328013068,95.285962299372,88.0192330638826,96.86943491667174,25.626219909038944,20.74098096704398,38.93804995421354,43.57666993276062,71.30264298142578,106.66306699060088,77.12134994018331,90.27480087130314,89.2994292279671,83.1207297446786,53.77396340026911,49.770833385616505,51.29382556594422,34.20867022871891,31.79599294536436,44.11218992748727,40.60434975312842,46.03534642797399,44.02933779859677,108.7727377858985,96.60330094707712,112.1551539742035,107.00672684579763,8.156510340977663,4.792566050868597,4.401087837403852,13.146394193347216,8.582516251764833,13.579882282049226,4.627392145432449,17.681948067660052,23.11402794429182,75.94476849764735,87.25721631071747,76.62933732544585,67.34924602842469,75.90658468802418,76.66803901377615,74.62577597923227,69.17433412125885
175,18.96875414599608,24.562009904444764,40.13892157869151,100.00791352814251,82.78230436243587,99.77819812569612,9.312113575118602,23.311659814170014,29.459315977175237,59.87692451478341,74.46682619625378,12.092519265799584,32.249418139202376,22.399016980997395,77.81863185495422,7.5734916249485025,33.34318353729972,32.093444655271185,41.803066333954035,62.05194826177093,72.49745041330061,72.09308180901363,54.791116161237156,18.917548081380936,16.46888546704391,98.50677805669201,34.46281502781352,27.950905033805682,1.7923553719008263,47.32819442456015,14.969964734511777,34.7054689336846,19.98147297425677,89.73317770385563,33.279250575613325,37.03889963766811,16.355717720982515,17.33188433597699,37.307160807973844,90.27679442589628,16.380855664799533,20.898797653685595,9.461721271707118,38.088714841638705,75.57780966921692,93.48616116577638,107.21627282160625,78.35444141626982,14.31980287704246,52.775632467582575,20.534499051233468,27.799013547804496,22.83555108747159,10.64818272625794,23.543729392984527,22.81388927918311,38.873195279800186,20.12095764563926,41.62169741468518,4.707485372960869,21.519993051544965,13.193185703942103,5.1607016333677915,13.035710037644861,6.983290989282883,26.156377353281847,36.42580631296746,23.150726277313687,89.5980280670532,18.25575633872542,26.173943576284973,39.69542807336728,4.835053488234093,18.21530878660728,16.27137877902955,29.518537913203005,96.92485350692547,60.43823264169103,104.5563364098987,101.46559173689809,23.09684461741668,4.146418477296196,19.605767230148402,11.01596370105744,33.00678779410198,46.86507164565832,48.605973821344605,41.15355176918278,40.89563146725537,40.88052656025829,39.28956976035194,21.40094777195855,54.84126686700736,34.21681707332715,69.82491228638567,58.67126390441135,71.46951686548256,19.605069820156103,18.83914659096255,22.684476847481825,83.04384981531334,78.76053071432572,77.38899856578166,35.0817941275498,36.22733915485192,30.567540103289257,30.365987947283784,33.38198256455264,30.090891223530683,8.712906304819104,29.963072744529782,41.69017144871683,46.81538313271278,45.324613699659494,39.35434914745217,36.82796708338549,41.10854354328874,24.743175458870766,25.587406848943647,25.158511509085855,23.080180728453414,79.49218752435749,78.68424105531489,9.731254084825384,9.06746099155319,40.351262985801114,45.333562420975575,43.85544749334628,49.54430878423678,33.11520263872112,33.82719119505754,29.10163708968995,95.06113611740821,81.96998098302959,51.65301621376733,64.67328321973662,19.765252934059994,29.080050568714597,42.323428631466996,36.98086937952563,35.55834834130813,34.41070685190204,28.482170627110126,50.5465488658741,45.70722026106951,50.41804255485269,62.688204017921386,64.49983283295781,56.44362256705935,80.84582779885763,89.22708769802477,94.24686373211478,84.23875748177667,95.83033634941452,13.179481408261395,16.54207475886126,38.02196150137598,42.53756869258102,61.57617921895567,102.88258583990671,76.08224580433784,89.23570230404593,88.26032509212163,82.08163117742136,49.993487818163196,46.18236005341261,49.451758847538954,14.960162682732411,12.54748695858257,24.863682604244296,13.620261451903668,19.05125834949277,17.04524949737203,104.99226777238084,92.82283093355943,108.37468396068584,105.96762827854039,35.58366047056558,32.219715289482394,30.332540110594604,26.705214738177663,24.624534013304164,18.177578928298175,27.918181336332392,20.04957123995339,5.592788665266362,61.75342738292029,64.05452396786441,51.73864439527169,51.949827536025516,51.01589175785003,53.39238702768515,50.6524801201342,44.075106025415025
191,61.077450886789954,41.023848211687834,13.27513438507508,61.530600324137886,47.00158001799349,71.66694002467318,40.382227009387734,48.75415395464961,18.02968969804329,44.38589160851224,30.959978118624587,35.65848269520106,42.66970839606312,28.449897985285,49.70737375393128,53.6815749526305,50.99792749215885,33.77237958092296,17.46276420205364,37.1592116597094,46.873975818268406,48.78977621367825,36.168097617393514,32.774836714845414,34.234767306175925,74.51424829378198,74.19811953888811,70.91256894317388,46.67896942637785,1.7923553719008263,58.25049580773114,45.95595506530847,50.35326316775245,48.60978830429514,40.03544317618332,11.029917246748173,32.040128318453206,35.48442265938074,10.757332624525944,52.28855919062193,54.71062221809835,44.78360574984171,55.768397830342614,32.788794269919684,39.797088220440415,55.45870636346456,80.00003720407501,46.63835771227812,36.38125760697572,50.679944397378094,61.748460202202224,42.55799137861234,64.76257553230882,38.146541957681876,43.262345400459424,48.12200224803864,11.354397324810765,44.37228197883176,9.273275345004414,44.516252259420554,40.93321097368177,35.053617071010024,46.93582055936143,55.149705401529395,41.7671823512777,46.492165564977995,45.701345400466835,39.73500959864094,47.282871684801805,46.98101522159007,50.82898209327345,7.070996922434704,49.71583243948146,41.10731578095161,31.83790214052609,48.34220093316754,58.44754587150909,33.646418114731325,76.44507274028753,73.35433363587515,34.31258008544464,44.19750069946144,31.532949542247906,51.80068403695344,37.458261554443666,46.763327969761434,42.96021607642348,50.42909063393864,28.638288894335794,47.60312676358814,21.36224474716705,29.667617262138457,43.751793791680015,55.19465504587506,36.10304269654673,46.25428104357038,27.96266878785339,28.39122733949388,30.39287865993805,27.459939313659014,39.71312504682249,35.8485163377853,34.31346549097622,20.522741088517538,23.422888355059584,20.99803680133161,23.63606215474065,17.02475998828172,20.540866843267924,38.40650593149664,35.24165448607877,36.94278580449094,39.630704372149545,34.57791774691967,38.76154798107429,42.421176733923474,41.89360044170573,24.33731447293306,22.236866596236908,22.558037819161953,25.53322181235884,47.27392853207397,47.17569863536219,49.62066526630662,46.3139428980698,27.269162375915293,27.569339798398218,23.621982090724902,29.487832717598195,14.034731475274278,15.295224637672755,18.42201055028187,61.243121955784964,52.31436402856764,38.86830049072934,46.3621864737365,37.20792856537726,52.89205494210372,55.84997207960173,38.08694135765318,32.09311053997624,27.792097361199282,28.236740668625153,52.88029965231016,43.86048417004572,47.86217192034184,52.447982303601606,56.40281595237092,50.654752104139774,54.833476412047055,61.115829597001834,71.73634690860831,56.12749938075373,68.88933377467673,46.667612402015834,51.55181269093061,48.85847588690576,48.66821950079155,30.358896238776964,66.11996903528875,53.57174011800787,70.09266114657248,65.74981940579165,59.57111992250316,33.330815702798766,33.405465301198525,36.02062759046201,36.83179537643488,39.20880028346656,27.013444339268595,38.711110381637496,41.540162145543796,42.09650019606747,76.8810096713579,64.71157283253652,75.12512799328191,78.75139822959741,78.2127097081571,74.84876452707393,72.40554643283966,59.52324120073853,62.947271449028065,57.695056972837946,66.20079709372249,55.181496471842735,52.238764874499665,25.972700365555554,20.547672994569346,9.812973117378974,20.650317445301372,5.6160346255399105,16.941265912537887,11.4355018079652,4.157463883459787
71,3.0085249129916827,20.710809019449897,47.98917471253603,99.9373817893811,87.60864434652152,96.21695229436381,24.478656379868337,38.478201505202094,40.993045454416915,54.71818992952869,82.95685732968799,24.548533920882264,26.69095915226031,32.55082911535422,75.00154431427256,8.44533563945624,26.153306388234302,31.22571671845354,49.8374838183684,59.23486072108928,69.68036287261897,67.14204999685714,51.97402862055553,25.487074921539644,31.63542559887129,92.94831906974993,18.52775804112975,12.015848269865447,15.262208477944627,58.39361966290609,1.7923553719008263,29.023999832322858,12.820527314067098,94.13796442031799,29.98964872057622,48.57262911490979,28.985988648935407,23.901410953392173,48.26242533791283,94.68158114235862,5.543790211776643,36.06533778551297,7.228452096327192,36.94227349437203,79.98259638567927,97.89094788223873,101.65780826607593,78.21871821487774,29.48634590453572,47.21717348064049,6.240713286720773,23.90225737880602,6.900495659992534,22.020056508429263,20.092528666167098,16.901715125871366,48.004878131398115,17.023768779573402,51.45102681221256,15.608243447401321,20.13424852932836,26.755150941928513,13.39004910864194,3.1155119715837856,19.075513783444094,21.762342244267074,30.86734732602539,23.408212229357666,94.00280364633906,13.887293523411088,18.984066427219556,51.84786668518693,11.673656294531131,19.2032765765625,27.23311133559148,22.94992588072183,101.89438416924504,60.77263193462975,103.18867999877592,100.09794646295181,25.967574368700618,19.31295972284122,29.990305813989593,6.642281782092645,29.24710532051772,41.30661265871623,43.04751216148017,35.595092782240705,39.74919279291105,35.322064900393855,47.32398457184394,33.63097085092869,48.15905006565902,27.026942597184096,69.7648160820028,51.98802248282519,79.95954243032855,31.13879929739778,31.469417518915446,35.28935501301943,87.44863096318744,83.16531186219981,81.79377971365577,43.11621183470768,42.03968678582914,38.601957810447146,36.7017828736639,41.416400271710515,40.156535023323,23.879448441338248,27.037422680268648,36.93467794000044,42.059886728330504,40.56911996819956,35.59466667386789,32.07247624759146,36.35305003457235,36.27690226319008,37.121133653262966,36.69224098632753,34.61391020569509,79.47270303407437,75.86715351463324,8.899460916208925,12.886779704130944,42.43687458419731,45.273466216592716,45.198858271233064,51.122725123406454,45.84519027644827,45.36091799937686,41.560799333594474,92.24405414531482,79.15289344234793,47.32322167525382,59.72225697616835,23.461901884331848,21.89017186044447,35.13355148240157,33.58956572437526,34.63700870975181,39.65738904703859,33.728852822246665,44.988087206009666,40.14876127412744,44.859580894988255,57.12974503097932,58.94136827742748,50.88516358011728,78.02874025817599,86.41000015734315,88.68839917658445,81.42166994109503,90.27187179388417,13.34191155889551,8.45667172592643,32.34048950434835,36.97910970563895,61.51608301457283,100.06550386781333,70.52378681739577,83.67724331710386,82.70186610517956,76.52316662189105,47.17640027748156,43.173273158494844,44.69626533882254,21.529689300147595,19.117013575997753,31.433207885198303,28.78680314293575,34.21779981778133,32.21179118840411,102.17517466311094,90.00574339287782,105.55760198859247,100.40917486018657,19.648603483881818,16.284659862003338,14.397484683115547,11.912066490669451,10.33074824879147,3.6949282565029247,13.401736238915344,9.031143327224015,12.49347588469466,66.15820853079441,73.11325274481264,63.950357956079245,59.21474141174576,63.22759975006932,62.524075447871326,60.48181241332746,55.03037055535403
118,30.740909856910232,10.223881471705543,35.538952948436986,76.02368653031169,63.69494908745212,67.49242000089387,36.868010801483805,51.9398987431776,31.946367102439464,25.993660531724668,64.01289877070339,29.31883720141855,4.506436840076637,25.328470391032575,51.08784348661493,32.44561064038999,12.524130963005224,14.92971230572588,32.33888575093265,35.32115989343164,44.302914075014385,38.4175205990531,28.060330688563774,20.60555713295618,38.837737405496654,64.22378677628002,39.17850716339218,35.700946076265325,34.87566169633779,45.943400794472936,29.11262948289341,1.7923553719008263,17.149721781510898,73.5144583909742,7.334861580946112,38.34359202145983,30.13136929151242,23.1536275117914,35.812206469479676,74.05807511301487,25.287702756461886,47.969350538369696,33.05995667470313,19.543592605887504,61.80013113256439,77.26744185289496,72.93327597260603,54.3050173872201,35.67667260008807,18.492639850709406,28.686949891377633,7.060140848271576,31.74658843041953,30.512617117389695,11.902122328517976,13.472720369786105,35.55466193588731,14.13021472151813,39.000810616701756,30.32254182176535,14.77609856675106,32.207049424138354,30.573971822716814,28.55125186000445,29.08989026415052,8.061353636748727,2.25345553052596,12.860468124654577,73.69520362835917,17.084668197125282,12.355186900580996,41.23273976700544,33.39938729849654,17.61149852126119,28.494942295630892,9.868401508348013,77.9806833415874,36.858934002638,74.46415327389428,71.37341416948189,17.033497103244347,33.25311719096092,26.673532143963403,29.392378650756765,9.85379799703686,12.582081701707512,14.32298120447144,6.8705618252319764,21.503267908110956,6.597535279846307,29.008533189833116,36.679670009727246,19.43452200431617,16.720856957516705,47.350758344144964,23.26348885289409,61.01558943993217,30.306593385020303,32.85985235164239,34.45714887789842,69.26617127866083,64.98285217767318,63.61132002912913,27.376867114160923,24.515041535487086,26.072144214505606,22.282132313651577,28.96618118053383,28.6704334586312,33.91818192704566,11.58029133925718,13.020979785265158,15.281318536353904,16.65542203620781,11.938812420029238,8.158775419933813,9.574482288082809,27.399859815040912,33.88144595036722,30.38249881144197,29.653375709063482,55.55900220641671,51.953458255563845,30.5640013768288,26.663324921703047,24.308705962175754,25.696487251230298,27.016398586706437,31.545746158044032,39.389829518852224,36.015309588684254,36.2409153730029,68.33035331765718,55.239192614690296,18.598693613910978,30.997724682698454,16.608253198073168,14.418255517284194,10.885540459217207,13.375025057546228,17.238009075275908,20.863927154070566,18.200808182806973,16.263554912539753,11.424229648888113,16.135049937979524,28.4052127375094,30.216838879623456,22.16063418231326,54.81654233518195,64.70508542722646,59.96386688311455,59.71675521097838,61.54733950041429,21.194879490883167,22.337063763805276,4.15502395083262,8.254578080399629,40.947564121265245,76.15180304015567,41.79925741959174,54.95271102363393,53.97733381170963,47.79863989700938,23.262702345489807,19.259573667298373,17.917696924102426,22.214326510209794,22.935203869852742,22.305489868433632,41.8990046452296,45.59135464537326,45.28224788026134,76.00821699215606,68.30082866276115,81.5334426444283,71.68463699812841,44.21263344939976,38.56538889141617,39.261448389694664,24.503631498164957,27.927656177866243,26.20070064282126,31.181187391148917,21.022539926088246,37.089693404009296,47.97574327767953,55.14928218882247,53.37797552129682,39.38022080845687,52.342658025460636,44.24195763511883,48.031590649228406,42.58015168692087
106,15.023867332300593,10.262286465653961,40.23105387127067,87.97736284883861,75.64862540597905,84.2569333538213,25.66245760844086,41.16116113365322,34.63199430740538,42.75817098898621,71.74683812886937,24.77099345284024,14.730935979590758,26.42531521843159,63.04151980514184,17.302372154718647,14.193284552025933,20.777193496427014,41.11401746553747,47.27483621195855,57.72033836348825,55.18203105631464,40.01400700709068,17.668554276460103,34.289893656918345,80.98829456061918,24.796324960784787,21.258229087264596,19.9774315156492,50.6355014945631,12.863146615602329,17.063976659653306,1.7923553719008263,83.68943852536908,18.02962554790666,43.03569272154998,27.700861611328207,19.80601633650361,40.504307169569834,84.23305524740974,8.76645229021646,38.7482974139641,16.538707099431818,26.493753168011395,69.53407049073036,87.44242198728985,89.6977837569452,66.258693705747,31.128828851509766,35.257148971509764,13.032690526352736,12.206242534224698,16.092327728933448,22.561810426328872,9.94813812348497,4.462832343908397,40.246762858721006,6.5752455575468725,43.692911539535444,16.411363286893263,9.878408261431405,27.659203002637682,14.873366434156946,12.030003621194322,19.976596227411854,8.93355738205735,18.90732415335583,12.95968923007467,83.55428331997841,4.128636193069005,7.024043922780593,45.92483779417324,17.698781909936677,11.725595408103365,25.00916754083681,10.989904044513455,89.9343596601143,48.81261299408726,91.22866105823346,88.13792195382109,16.176921489484684,21.241049992516533,23.73653062392851,13.021312564098917,18.79858232123472,29.3465910452514,31.0874903252718,23.635070946032336,29.30066957088453,23.362043064185485,33.85607278938258,34.38617454774298,36.199031125116534,15.066919424514538,59.31629575564218,40.02799797369445,68.74952322950992,27.36958896931953,31.285640296600675,31.520147357863536,77.0001106368268,72.71679153583918,71.34525938729512,34.392745481876766,30.362524285392922,30.84383674643825,26.911132667370325,33.65828210336752,32.3984139593141,24.30269455978923,16.588899680985648,24.97465610379207,30.099865114865658,28.60909835473472,23.892490075017328,20.112453074921902,24.393028198363975,29.600318200227328,33.3519262208506,32.92303355391516,29.78642309243017,67.51267852494362,63.90713457409075,14.519151431306046,10.962718196682,31.988351584914312,34.8249429945662,34.750335049206534,40.674202124123454,41.25070403269662,39.688851570645255,37.791591678438586,80.2840296361841,67.1928689332172,35.36320273471134,47.762232467037634,13.671250341577096,9.930150246979625,23.173528309732028,23.141043838809914,24.188485710468804,26.71140968123288,23.93819994303074,33.02806269687893,28.188739437919057,32.89955905877988,45.16972341751447,46.981349336884996,38.92514196665243,66.06871574904525,74.44998121680065,76.7283746674537,69.46165100055255,78.31184728475347,6.830604308879749,5.630065017748478,20.380467890883505,25.019085196508215,51.06755711962394,88.10547935868259,58.56376787685328,71.71721880797313,70.74184716463705,64.56314768134855,35.216378664016716,31.213251322286467,32.736240829691816,18.327753952657496,17.442404106954235,23.562108629872007,31.469762771386883,36.90075966897598,34.89475081685524,90.21515572256845,78.04572445233535,93.59757747946172,88.4491447824676,28.558374084374876,25.194428903291687,23.607186351747394,10.121447959096388,13.545473975258858,10.483661013877512,16.799005188541532,5.160069041742709,21.38908801544943,55.70968263584551,62.88322154698846,58.07007354846462,47.11416016662285,57.03476162121669,51.975894097618934,52.72369424498446,47.27225238701102
127,96.26951976743405,73.42404122357573,51.265253139638766,13.089167148373761,10.081402013562768,37.062410217255255,85.7313284645003,98.33241442144035,62.02037436639928,52.58356629028745,19.374847676179062,77.85487222727849,72.63967772576748,67.35233102631462,26.26279040179724,92.58400532073776,82.06289287796358,63.781117422016635,47.46182383677061,39.502955389129994,31.541614265563304,43.69350180988983,46.881983448170416,71.67726975587503,83.81302777296665,42.24441860572476,108.76125535692913,105.28369426980228,89.65775674461163,48.58216253799202,94.10879615506988,74.81183364980677,83.6486931651514,1.7923553719008263,70.46548926701733,59.54364450808275,75.36999552435373,74.38685570041035,56.10819308529457,3.8471266830883897,90.01210272065813,94.36186621663245,94.67083376703812,57.86724329008425,16.923057965424945,7.017276083366328,42.735955217538724,21.639870946446365,81.73161756303256,68.3140596284407,96.23243296969592,74.16179006915186,99.29207150873782,80.34293416268167,76.78599285006578,82.26803966905553,52.04467729967018,77.34189387778365,49.85005769063456,86.07440361793088,76.29139084179255,80.40397702706683,87.3941646015243,94.05214133822489,83.96357455627748,77.55713651937097,72.0555829357451,74.11039756820213,3.296675966805077,80.68928364600265,81.89395304766643,55.266840655346414,90.67659678781911,77.52172029810754,74.03429167260352,79.40716631897227,10.006114032206144,37.1087575772514,35.249834742216514,34.3790690291373,73.2150186950625,87.17629358628346,70.43538547894342,90.70311997364894,67.93512276668675,68.4669340816396,63.403439061206946,74.446812690087,54.865133836242435,71.92247697083005,51.38485527805007,78.65007219781921,61.88089236793916,86.25962043167979,30.329583190234402,54.43043313176332,21.134467213431307,72.00741464739153,77.07926811878588,73.39901598798485,9.913713110929855,13.011340559006198,14.879004741130787,55.57565228528112,57.20217565833363,58.741634154113534,61.644032466769346,57.488467917389514,61.171810614668686,82.78806785127357,67.1093289723062,61.97607624687875,62.0898257990404,58.24796210007787,64.11939802096488,66.6678290215751,66.92689088409354,64.96825690787264,69.96634329073294,66.46739882473003,68.63327894981272,18.337728630672572,23.73111795615052,88.52310120300211,85.21637883476532,53.496001749233685,52.34118234957466,49.480386959726886,46.4848234927435,62.14606854035495,60.91806675392802,66.53334761536254,17.405160052283968,22.60153272551346,59.22992138331245,46.738341714288325,76.11036160640688,83.95702032790844,81.4170814243779,63.16219111249695,60.66743016543026,58.33192527369579,64.58490972422551,73.92118807667875,67.53532597335216,65.52263771099855,55.99363608783682,60.200498472166146,65.94084982567247,31.38889305991302,29.256903362913537,44.21377500999081,27.84030462967059,37.57598997428097,83.08201691917178,86.87571232978073,77.6420909016972,70.9880678626534,37.29031850144308,17.6785387551905,44.42648104825895,47.841100382407745,43.49825864162692,41.54376769506325,52.61802471437205,55.64920776746173,57.441792010686676,75.73423131313041,78.1112333244962,65.9158802759641,88.28937084842823,91.1184252852569,91.67476066285819,31.99563797126632,32.64132134732229,26.604768543342797,39.133682700910356,111.75812476922866,108.14813151636488,106.8069370366012,94.08637701877954,97.51040169848085,91.72931055334507,100.76393848035175,87.76003198665794,94.26296808933077,27.960627788888377,28.203858155015006,56.67858357963625,40.01884611027903,50.521679550754214,36.96277970922709,40.55341098074922,50.65898979979723
28,31.623252664959043,8.810321628441823,29.629539255692023,71.73216489883335,59.40342745597376,67.80008450164931,33.52452728654969,48.59641255532112,26.03695073677214,26.91620854693102,58.32958089804298,25.975353686484425,5.18975652215913,20.57858979652761,46.79632185513658,31.34792495616537,13.362493061063695,9.020297276519738,26.655567878272237,31.02964115761917,41.47514330914887,39.132365841161246,23.76880905708541,17.17705241263683,35.92720605833145,64.53145127703543,40.060849971440994,36.583288884314136,33.25042756283668,40.03398710172797,29.52714138204766,7.351993454065823,18.032066148764418,69.22293675949584,1.7923553719008263,32.43417832871486,26.70286189827071,19.865518261148534,29.902792776734714,69.76655348153649,25.430447947635905,44.62586724617912,32.45621033675013,13.46535869612097,56.11681325990398,72.9759202214166,73.24094047336143,50.01349575574173,32.3331864122316,22.21598038091974,29.569292699426448,7.8043944731530965,32.62893123846834,28.887382983888585,10.805328286643785,14.355063177834916,29.645248243142355,12.760241777683781,33.09139692395679,28.697307465520716,13.150862874045249,28.86356323628187,28.948737689215708,28.693999724100827,27.46465323498353,8.856731802113423,7.097381561788898,11.235233100179354,70.13703165774027,16.10763020944161,13.193548998639466,35.32332340133813,31.77415294225191,15.986262828555377,25.066437575311546,10.706763606406483,73.68916171010903,32.567412371159634,73.53402641008105,70.44328730566869,14.454944272334279,31.627882834716296,22.386661620134113,28.294692966532153,3.9443827450871876,16.501016221240448,16.50336193335444,11.82512679526069,15.820896695452873,11.552100472618552,22.470762671997086,33.2511652894079,21.880553572077325,17.559219055575177,43.059239608332504,25.710553505147185,55.33227156727176,26.09150330018138,29.431347631323035,30.242061688725386,63.58285340600041,59.299534305012784,57.92800215646872,21.839037073758917,18.977212831546254,20.16272896255594,16.37271728444543,23.05676615132769,22.761018429425054,30.57469573918918,6.606873802339825,8.729458822017396,13.85466716486039,12.36390040472945,7.361351355246448,3.8672544566860454,8.147830248358703,21.95113676459416,28.432721563459296,24.933777097456407,24.454987206887868,51.267480574938354,47.661936624085484,28.93876434766181,25.038087892536055,18.62633608597885,20.013172051492248,21.33308071404603,25.862431181049516,33.480412930441375,30.105893000273397,30.792190986094973,64.03883168617882,50.947670983211935,18.692302918837296,31.712569924806587,14.983019064572062,15.256617615342666,17.246011136589672,7.296790479549106,11.159775833739962,15.326096890925026,12.29139315360083,21.218119882568466,13.598170862320012,19.858388908985148,31.64254225465347,33.94017785062908,25.883973153318877,49.823517799039976,58.204783266795374,60.27153138386997,53.21645305054729,61.8550040011697,20.097193806658556,22.294060229680863,10.254514275663112,13.209143718658932,36.255786176550004,71.86028140867734,42.106919024681275,58.62784005324589,54.28499831246506,48.106298829176545,18.971182050472628,14.968052035820019,16.49104421614773,20.58909081750398,21.309968177146928,17.125100379939855,38.555521353039005,42.24786845751676,41.93876169240487,73.96995777256319,61.80052650233006,77.35237396086822,71.99230149888385,45.09497625744858,39.44773169946498,40.14379119774346,25.385974306213765,28.80999898591506,27.083046123792432,32.06353019919773,21.90488273413706,35.46445927050819,42.292428300684996,49.46596988475031,47.468556259963606,33.696902935796466,46.433244332715674,38.55863976245843,42.12217985214934,36.67073799417591
186,51.46980966037632,33.4651772729922,11.168843054613989,69.38428103542142,52.15867186971477,76.24867976992294,31.61183149046041,42.04002090112407,8.72343294130142,42.34693364246589,41.8032750446416,25.305165849210645,35.11103768011101,18.600392033326912,54.28911349918104,42.378783071584095,43.439259449129096,26.213711537893207,15.262868467023896,39.25317079463433,48.96793205752745,50.883732452937295,35.005732780657155,25.216165776149765,27.52063425265039,78.09022860962108,66.63945149585837,61.304922148172,37.108050366543786,10.96076985902545,48.64285458131751,38.39728702227872,42.79459245180034,59.45308812597804,32.4767724602312,1.7923553719008263,22.820287587081175,27.925754616350986,3.4905390161563723,59.653161933175184,47.151954175068596,38.069472696316176,44.89911497589003,25.761764915607046,44.954180072161705,62.862528673055294,86.79971780594707,51.7954495639994,27.610862088048403,47.07879963124191,52.140818975788584,34.99932066266023,55.15492873730692,27.793224888947933,35.70367468450732,40.56333153208652,8.145960539168232,36.81361393580201,9.869051028481373,34.162932517764254,33.374540257729656,26.2832215520827,36.58250081770514,45.54206150219339,31.41386528254375,38.93349752194824,38.14267446177121,32.1763386599453,58.12616593789647,39.42234717856031,43.270314050243705,3.946718879229394,39.36251559349104,33.54864484225597,21.484585294535677,40.78353021721543,66.30122658279262,35.74037724965625,81.0268124855373,77.93607338112494,26.753912042414882,34.62658431254974,21.825304935136966,42.193042810539794,29.89959083849156,41.36383836722852,39.41824045609846,42.870419917986524,26.02671277590465,42.20363426538933,14.844955496910714,22.046029740483625,41.343749573748596,47.635987002845305,41.260134548268006,45.01354679148393,38.80596304094804,18.037910270759944,21.62221562603125,17.1066224676686,50.556421972839516,46.69181348654584,45.15676241699323,13.495714407127272,16.395861673669316,13.439367421840682,16.07739277524972,9.466089049586076,12.202881779844681,30.238361473205714,27.682986443049025,31.54329330629212,35.62986015160136,31.570208966221745,33.36205548287547,34.86250601797136,36.49410794350693,14.324661581661447,13.188104255793156,12.204719413966838,15.179904743624896,52.43102038379524,52.33279048708347,40.01302136697062,36.706298998733814,19.46954708794099,25.3741550890271,21.426797158610256,27.115658672244273,6.4131432853888555,5.646025482644136,10.800423028627037,66.40021380750626,57.47145588028893,38.26197322349471,47.143295020341455,29.64925762668161,45.33338422615161,48.29130403657197,30.52827331462343,24.53444249694649,20.233427758964822,20.678071289134223,47.48080715411133,38.4609916718469,44.72120971851203,52.391973442993496,56.346807091762805,48.246705213286,57.31630944308445,65.6975693422516,73.83030871645562,60.70923912600351,75.41378133375535,39.1089414633202,43.993139079312606,41.299807843876,43.26872432967038,32.452855373701894,73.97364974657225,55.66569635726691,72.18661738583154,67.8437756450507,61.6650761617622,31.135630770684116,31.669934140250128,35.094696546522655,29.273127333405142,29.60115616138704,19.454774959777662,31.99697732811196,34.82603176494062,35.38236981546428,81.46274941660766,69.29331814637453,80.28221984500318,85.55107883146947,68.60506848174346,65.24112330066028,62.79790520642604,51.96457315770878,55.388597837410074,48.08741017783605,58.642129050692745,47.622828428812994,42.667845814665604,31.1297948901992,31.390970143329888,16.049207254455805,21.326195043304416,15.326450607650603,23.825775714872343,19.80137502956986,8.615025669962304
2,32.71958785516152,19.818030677022524,25.837202580615806,85.70619185714445,68.48058826002605,87.82371993046138,10.194030274794605,22.84070626372895,15.157599874765424,48.94208267087576,60.16511009384395,5.260058835084689,27.50544024824132,8.393123887803338,65.86415365971945,21.78236555114918,32.38482949965251,21.29254963310416,27.79717301801645,50.09747006653616,60.542972218065856,61.113724670643734,42.8366379660024,9.558785328783092,9.288856923155617,86.55732272805778,46.197013682018,42.55470323862309,16.321866273017044,32.032156773003045,29.892632776102715,29.961491265467075,27.683844005639365,75.43146160144582,26.676867728324535,22.73718197605359,1.7923553719008263,9.065276100267823,23.00544470556403,75.97507832348647,27.540466668327323,18.87015939538223,24.30269455978923,27.599889073532054,61.276093566807106,79.18444506336658,95.26680635579555,68.1173659543107,6.250838539362105,46.71816671906232,33.390597170573784,23.055034320382262,36.40470982775802,7.196806477538903,21.857080636146755,24.676280008235924,24.57147917739037,20.926559739029052,27.319981312275367,13.566514997329346,17.73168246577275,4.86542234110866,15.98608329727023,26.035580864062894,10.81744687113472,25.423411925011568,31.25047176614256,18.19587441361839,75.2963119646434,22.975372769814904,29.595985838569632,25.009777189878307,18.766099186773786,16.042069883525343,3.4558010489416664,29.19163104438151,82.6231429731039,49.99794268876237,92.60185264607571,89.51111354166335,13.186607642015364,13.84039888256183,5.599874582441409,23.442821005325,24.300971193097936,41.68973709883342,41.00554693503585,35.978217222357884,28.720971292656465,35.70518934051104,25.283679340080244,8.27355159702504,43.90169729167632,35.164607499066065,57.5820480429134,47.57149161374576,57.16780076307275,5.303353272259228,4.225471492539711,7.9988266322234365,68.74213371290354,64.45881461191591,63.08728246337185,21.075901034355738,21.871077171338765,16.5616470100952,14.33888086038342,19.09666038594778,15.789176457582048,9.452177379678979,20.263892168813737,32.691558477582106,38.3568508300806,34.12815668414946,30.163572437356198,30.22558713176258,32.650013913578924,10.44145801999977,11.285690078303242,10.856795406676039,8.7784646260436,68.75293677410653,67.78716537691169,21.262799561755816,17.956078529980196,29.086833109201837,33.17957841454508,32.59101761674701,38.279878907637496,18.429553314436856,19.52547375618655,14.415986428944507,82.72212462922928,70.01550278779482,40.819920941422424,53.738441375828955,14.00640005746824,31.65101764596839,39.670313740364435,25.60711140983438,24.757453319141113,21.281853711539075,17.371587033730947,45.37120875046095,38.100356086744945,44.360574133410076,54.94992116092121,58.442361515849306,50.38615681853909,68.89134960362286,77.27260950279,82.29740283489232,72.28427928654192,83.88087545219207,21.193861775694785,26.121779714491012,33.27798361041493,37.36223125009023,48.774768868347294,90.29556613688354,64.13279047570364,80.65371150426826,76.31086976348743,70.13217028019892,38.03901251859432,34.22788185817785,37.65264426445036,10.022283876019962,10.850935024402826,11.361720018358158,12.79981350224212,16.492162165924594,16.18305384160798,93.03778957714607,80.86835273832469,96.42020576545109,94.01817294990622,49.854846676528666,46.49090439111137,44.04768340121123,35.61754243439465,37.47307132626356,29.337191268287143,40.774275223545644,29.629274859121956,21.881660384677687,47.45170571192224,49.7528078654546,37.0529964074486,37.64810876069334,36.330241097104576,39.09067092527534,36.35076401772438,29.773389923005222
142,26.70427364676359,12.807409056613713,25.19426451856658,84.78482438264689,67.55921521694025,83.38326083767615,14.554013466666941,29.62590029464308,20.339069446635975,44.50162090516816,60.16194713571854,7.004839866601676,20.49481729137133,10.322757324654201,61.423694566934216,19.308393480477072,25.3742078792437,15.698507367251189,27.042576520064827,45.65701097375093,56.10251312528063,56.673265577858494,38.39618176888307,2.756906025526812,16.523740070679775,82.11686363527257,40.181696577954185,36.53938880748164,17.351911652242638,35.598712364602534,23.87731856770478,22.950869645058262,19.817969422551784,74.51009412694825,19.981113688942948,27.998903591589418,9.032553739255714,1.7923553719008263,25.467518039609274,75.05370528040064,21.797616355158393,25.655352089835183,21.395219031111544,21.693777553618723,60.354726092309534,78.26307758886901,90.82635283159857,61.95950969683807,13.362673928810022,40.904538312787835,27.375280066509966,16.04441269997345,30.389395396616557,8.665936599400247,14.846459015737938,16.810405425148346,25.209973506016915,13.060685155941474,28.656122186831354,12.7987917776702,10.654681268744483,9.893050084629708,14.118552761263611,20.776525265837144,11.566139551824785,18.412790527346285,24.554715053838613,11.185253015953107,74.37493892155757,15.109499745932029,20.02411722306736,30.888051337135046,17.400983611097242,8.176195300437762,6.340861005225493,22.18100808751152,81.70176993001806,44.04329268074869,88.16139912187873,85.07065444887809,6.490852934403189,15.729367146865783,7.620380474465984,17.42750679692707,17.605217153716353,34.99398038652947,35.98437051237299,29.282460287310407,24.500696852157752,29.00943530112945,24.52907994646273,16.437150082613048,39.46123819889109,28.15398587865726,53.42997499836568,43.13103541662642,57.16463780494735,10.24654696234002,12.617332424528183,14.397103346192258,67.82076623840598,63.53744156883009,62.16591498887428,20.32130297719941,20.001959810424722,15.807048952938873,14.140608602856592,18.62149275066343,17.361626165814727,11.604182587537018,13.568136792970972,27.67038183217572,33.335674184674225,29.687700487030117,25.142396014693343,23.529833092380997,27.62883749091607,14.19791895391025,16.22888332289698,15.799989319500359,13.721657202406742,63.0972502363375,62.28930376729488,15.247485130614358,11.94076276237756,24.303635651203308,28.938627805877942,27.807820158748477,33.49667877671661,24.9529386096211,24.468666332549688,20.66854766676731,78.66620439797647,65.57504369500958,36.37946184863719,49.29798228304373,6.667945846127425,22.930224215496988,32.65969211995563,20.585933427966815,19.163412389749325,18.363079740047763,12.434543515255843,38.67545471107937,33.079176768416204,38.54694840005796,50.50946206813598,52.62873867816307,44.57253398085287,64.45089051083764,72.83215041000477,77.8569437421071,67.84382019375668,79.44041635940684,13.754603643409993,18.638801259402403,26.267362212749646,30.666477210708653,43.01562085657834,86.48765412047499,59.69233138291841,76.21325241148304,71.87041067070219,65.69171118741369,33.5985534258091,29.78742276539262,33.21218517166513,2.3751429938647446,4.835619702287248,8.638301032381802,19.58500753315625,23.277355974095197,22.96824787252211,88.59733048436084,76.42789921412772,91.97974667266584,89.57771385712097,43.839532468130734,40.47558728704756,38.03236629714742,27.751666514845894,33.09933505787746,23.321875500684506,34.42922530349575,22.268487935980424,20.987350680481846,46.53033823742467,50.318342550843184,43.03328441850405,36.41983411344221,41.997969595590234,39.72916814956777,37.68690511502389,32.23546325705047
188,50.97883280305315,30.92523012795104,7.729039668737485,65.94447497662254,48.7188658109159,72.80887927971236,31.643279981224687,44.34628224029734,7.931072950767665,38.90713025658938,38.36347188150863,25.478540948676347,32.57109031232631,18.351281238009378,50.84930744038218,43.5829568688937,40.89931230408795,23.673764392852043,11.82306508114739,35.81336740875783,45.528128894394484,47.44393196272668,31.56592961752418,22.67621863110861,29.826895591823657,74.6504225508222,64.09950145515131,60.813950859437085,37.28142836167537,10.790659956965417,48.151877723994346,35.85733987723755,40.25464508401565,56.01328206717919,29.93682509244651,3.486188166785689,22.993662909290393,25.385807248566298,1.7923553719008263,56.21336144296457,44.612007030027435,40.37573693115532,45.66978264227171,22.690176186182875,41.5143766862852,59.42272818284468,83.35991174714823,48.35564350520055,27.642310578812683,44.00721090181774,51.649842118465415,32.45937329487554,54.663957448572006,27.966600211157157,33.16372731672263,38.02338416430183,4.706156930548197,34.27366679076085,6.429247642604867,34.336307839973486,30.834592889944965,26.314672938512864,38.39311614968024,45.051087317792586,31.58724060475297,36.39355037690708,35.60272731673004,29.636391514904137,54.686359879097594,36.88240003351915,40.73036690520254,6.375333907639549,39.535893588622635,31.008697697214807,21.65796039400137,38.24358284943073,62.86142609258201,32.30057386377975,77.58701199532666,74.4962728909143,24.21396467463019,34.79995963475896,21.434331458511103,41.70206884888252,27.35964347070687,38.29224674213845,36.34665172667428,40.33047255020183,22.955124046480478,39.1320428630428,11.40515166554715,24.53882787156431,38.27215817140207,45.09603696213824,37.820331162391504,39.44970854829337,35.36615965507154,18.21128559296917,22.98996247102719,19.41288380684186,47.11661591404065,43.252010100669345,41.71695925386025,10.424124341241916,13.324271607783965,10.8994193858254,13.537445407465029,6.926141904544916,10.442249427761713,30.411739468337295,25.143039075264333,28.471701681202067,32.55827142217719,28.49862023679757,30.29046675345129,32.32255865018667,33.42251921408275,14.238697725657438,15.494367154171128,12.378096072637245,15.353280065834122,48.99121989358463,48.89298999687285,39.52204718256981,36.215324814333,16.029743702064486,21.934351703150593,17.986993995477278,23.67585528636777,9.770145773386762,5.909965651212202,14.157425739368472,62.96040774870738,54.031649821490056,33.23331239548172,43.703491857208476,27.10931048164045,42.79343685836692,45.75135689153082,27.988325946838742,21.994493792700624,17.69348061392366,18.138123921349532,44.409215751764805,35.38940294242272,41.649620989087865,46.828135199802915,50.78296884857224,45.175116483861835,53.876508952873834,62.25776885204098,70.39050265765675,57.2694386357929,71.97397527495647,36.56899431827903,41.453191934271445,38.75986069883484,40.19713560024621,29.01305198782539,70.53384925636165,52.225895867056295,68.74681689562092,64.40397515484008,58.22527567155158,27.69582760755114,28.59834541082596,30.38563949521439,26.73318018836398,29.110182199729756,16.914827591992974,34.30323866728523,37.13229310411389,37.68863137738107,78.02294335780881,65.85351208757567,76.84241935479257,82.11127834125887,68.1140916244203,64.75015201192535,62.306928349102876,49.42462311700174,52.84865336529127,47.59643888910113,56.10218457857394,45.08287838810594,42.8412209141313,27.689991727066225,27.951166757453382,18.225232010866943,17.886391880171445,17.18991741069665,20.38597232899584,16.36157164369336,7.427411517643942
125,96.92730368575499,74.08183071048494,51.92304262654798,9.688728335572733,10.739190164010807,33.66197118171069,86.3891179514095,98.9901983397613,62.6781638533085,53.241355777196674,23.197541398722752,78.51266171418771,73.29746721267671,68.01012051322384,26.92057988870646,93.24179480764698,82.72068236487281,64.43890134033761,48.11961332367982,40.16074487603921,32.19940107955016,44.35128840113316,47.539772935079654,72.33505924278424,84.47081725987587,38.8439824658461,109.41903927525011,105.94147818812324,90.31554623152084,52.40485358761336,94.76658007339086,75.46962313671597,84.30648265206062,3.879998727752631,71.12327875392654,59.281787214263325,76.02778501126295,75.04464518731957,55.846335791475155,1.7923553719008263,90.66989220756736,95.01965013495342,95.32861768535909,58.52502720840522,18.758887864991372,3.2378235622935145,39.335516181994166,22.297658874150873,82.3894014813535,68.97184911534991,96.89022802519338,74.81957955606109,99.9498665642353,81.00071808100265,77.443782336975,82.9258235873765,52.702466786579386,77.99968336469287,50.50784160895553,86.73219310484012,76.94918032870176,81.06176651397607,88.0519540884335,94.70992525654586,84.62135847459845,78.21492043769194,72.71336685406607,74.76818148652312,7.273357860197452,81.34707313291187,82.5517369659874,59.166333674097494,91.33438627472835,78.17950978501675,74.69208115951272,80.06495580588148,6.605675219405116,37.76654706416062,31.849395706671952,30.97862999359274,73.87280261338347,87.83407750460444,71.09316939726438,91.36090946055813,68.59290668500773,69.1247235685488,64.06122297952791,75.1046021769962,55.52292332315166,72.58026645773927,52.04264476495929,79.30785611614019,62.53868185484837,86.91740991858899,30.98737000422126,55.088217050084296,24.957159599513815,72.66520413430075,77.73705203710685,74.05680547489409,13.297270859825904,16.834032945088712,18.701698463674482,56.233441772190346,57.85996514524285,59.3994180724345,62.30181638509031,58.14625740429874,61.829600101577924,83.44585733818278,67.76711289062717,62.63386573378796,62.74761528594961,58.90575158698709,64.77718193928584,67.32561850848433,67.58468037100278,65.62604639478187,70.62413277764216,67.12518831163925,69.29106286813371,18.995516781120614,24.38890744305974,89.18088512132309,85.87416832167455,54.15379123614291,52.99897183648389,50.13817087804786,47.142610083986824,66.09879169417792,61.57585624083724,69.40962368054245,16.018407392850772,23.259320653217976,59.88770530163343,47.39613120119755,76.76815109331608,84.61480981481768,82.07487091128712,63.81997503081792,61.32521965233949,58.98971476060501,65.24269921113473,74.57897199499973,68.19311546026138,66.18042719790779,56.65142000615781,60.858287959075355,66.59863374399345,32.04667965115635,28.891286564251118,40.81333597444626,28.49809122091392,37.21037317561856,83.73980640608099,87.53350181668995,78.29988038860643,71.6458573495626,37.94810798835229,14.278099719645944,45.08426786224582,46.2673393830142,41.96077989034127,42.20155718197247,53.27581420128128,56.30699725437094,58.09957592900765,76.39202080003963,78.7690228114054,66.57366976287332,88.94716033533746,91.77620920357788,92.3325501497674,28.595199158465295,32.27570454865987,23.204329507798246,35.73324656103169,112.41590868754966,108.80592657186236,107.46472095492217,94.74416093710052,98.16818561680181,92.3871000402543,101.42172239867273,88.41782147356716,94.92075200765177,28.618414602875237,32.026552100302226,60.501274629257594,40.67663559718825,54.34437060037555,37.620569196136316,44.594440807024306,53.2139304800705
112,8.345432938834476,16.607195166305864,44.55895508977953,96.2465326351423,83.91779519228272,92.38858128472852,24.655350580673947,38.65489837893006,38.597937289731384,50.88982448848166,78.56129219536592,23.52697907953164,22.862588142625032,30.75321643694045,71.31069516003377,9.628991193760177,22.324936715060204,27.122101528848326,45.44191868404633,55.54401156685049,65.98951371838018,63.3136845558101,48.28317946631674,21.996455494968963,31.812122472599253,89.11994806011465,21.66271173623892,18.02040129284401,16.39652166274859,54.96340271307194,5.518478973493318,25.19562882268758,8.716912792692472,90.03434923071276,25.415952912423844,47.363593940058834,27.52969701865382,21.82094740346038,44.8322083880787,90.57796038416517,1.7923553719008263,36.24203465924094,8.366652155728929,32.83866097768917,75.87898119607405,93.78733269263353,97.82943725644066,74.52786906063895,28.052993962173993,43.38880247100522,8.856294556564114,19.79864352566198,11.87040788197893,20.998503226283347,15.988914813023065,12.798099936266148,44.574664077229855,12.920153589968185,48.020809862378414,14.514303863863558,16.030634676184324,25.73359899624377,12.176996308741122,3.8579489002349625,18.053960278554648,17.658728391123034,27.038976316390105,19.30459703975245,89.89919402532209,9.783678333805868,15.155695417584278,50.2527390126821,12.396731241840648,13.740526252316606,24.838002948162426,19.121556207547727,98.20353501500624,56.27452124770297,99.36030898914066,96.26957545331652,20.504822707993544,19.48965659656919,28.064431842437372,5.347931603140447,25.143490130912497,37.47824164908097,39.21914115184489,31.76672177260543,35.645577603305846,31.493696563680942,42.928425006110125,32.6094162323216,44.33068195168963,23.198571587548813,65.66120646098584,48.159651473189896,75.56398286459472,28.743691132712247,30.447865573230708,32.89424662559037,83.34502134217048,79.06169667259462,77.6901700926388,38.72064670038562,36.57693779804441,35.17173796494711,31.239033885879188,37.98618332187638,36.72631517782297,22.349002817011055,22.933807490663433,33.10630960328753,38.23151571869522,36.74075185423017,31.491051484262677,28.244105237956177,32.52468169785942,33.92821941873619,34.72602816149979,34.297132821642,32.21880204100955,75.78185387983557,72.17630436039444,7.443206929583901,10.491671984932477,38.333259394592105,41.16985369990986,41.095245754550206,47.01910993380124,43.45008211176274,42.96580983469133,39.16569094616542,88.55320499107603,75.46204428810915,43.49485356128444,55.89388596653309,17.999151560085952,18.0618024100139,31.305180472766303,29.48595320769241,30.53339352014659,34.194637386331515,28.266101161539595,41.15971619637439,36.32039026449215,41.031209885352965,53.30137402134403,55.113002836380446,47.05679257048199,74.33789110393721,82.71915100310433,84.86002816694918,77.73082078685624,86.4435007842489,8.141720170588405,4.353057427295331,28.512121390378958,33.15073869600367,57.41246782496762,96.37465471357454,66.6954158077605,79.84887230746855,78.87349509554429,72.69480118084402,43.48555401890866,39.34490214885956,40.86789432918727,19.134582471923242,16.72190541131222,27.89000984838087,28.963500016663723,34.394496691509296,32.38848806213208,98.48432550887216,86.31489423863903,101.86675283435366,96.58080385055129,25.32054628995429,21.956601108871105,20.250556736418645,10.951207256540794,11.963564794795893,4.802889545251592,15.773832324033783,5.460708657050295,13.631675721352867,62.054593341189175,69.68303022639023,62.397974766973476,54.81917627742371,61.36265727113729,59.09385849803718,57.051595463493314,51.60015360551988
145,39.818738891552414,37.669968142492905,44.816502296294246,104.68549424574525,87.45988508003859,108.22984498033023,13.647689644695715,5.8045651947839945,32.43310069551691,69.34820215215635,77.44061381026134,19.251017420082075,45.35737637725052,27.19834663915318,86.2702787095883,28.42347503404365,50.23676830158406,40.545088836982906,46.60239576936629,70.503595116405,80.94909726793472,81.51984972051258,63.242763015871255,27.60348927720677,10.752179675703877,106.96344777792666,55.312798214165134,48.80088554723494,20.88297863093146,44.801764916121584,35.81994680714574,47.81343006739864,38.79414649668373,94.41075842145838,44.82769515867467,37.978715845034515,18.868642066456147,25.722063777057805,40.38185948256331,94.95437514349902,36.273920395554526,1.7923553719008263,30.311705349032856,46.54035902335045,80.25539038681966,98.16374188337913,115.6729314056644,87.09666277432325,12.91904544090664,65.88358803270833,42.1240480021351,40.90697178585263,43.68553583302791,20.56342942639156,39.70901810161712,40.422215041603565,42.6781782187898,36.672497668062576,44.59548213302686,22.88148503547614,34.25304630847493,16.678841959178257,24.968703282953925,33.885692110278825,22.123835391959375,43.27534805402077,49.53376744668148,35.373630027579296,93.76349913492795,37.06842986115238,43.635928175983764,37.779385332996846,25.45570416826733,31.78800491689298,22.26102313206092,47.0435671733907,101.6024342245282,68.80316544011222,113.00798326453278,109.9172385915322,31.33743640882668,17.958062283858006,24.405098224765368,30.909028209068907,42.45179840070455,59.97303277937234,60.830951759361184,54.26151000723091,47.526196716928666,53.98848769397231,44.088902091430086,15.684241980618514,64.30782234154518,53.01654630099762,76.56134486292595,67.97761666361461,74.44329891090187,25.65258717439781,17.458022660531412,22.805952704467153,86.193755169871,82.3291493564997,80.79409561402471,39.88112378570558,40.67630148189332,35.36686976144505,33.144103611733264,38.07567320795964,35.915325586674044,16.858001708116976,38.414719599163874,52.51696040624155,58.182258327328306,54.53428173401831,49.98897726168153,48.37641433936919,52.47541873790426,29.0307823728101,24.528584342108573,27.905064415340185,27.18041288932562,87.7322335941191,87.63400369740731,29.62431881558038,27.88013384574956,47.89205853347404,51.984798270229035,51.39624304101922,57.08510165898734,31.19916279401658,34.76700740242394,27.185594572063046,101.70142144924183,90.42162783766366,61.226043095625386,74.1445664256978,30.855463958702096,46.542035168413385,57.522252542296,45.43251623415972,44.009995195942224,40.087075126427735,36.17680978508079,63.654504430999864,57.92575801540439,63.52599811997845,75.35604621079005,77.60778839808356,69.55158370077336,89.2974746534917,97.6787401212471,102.70352231617295,92.69040433641078,104.28699493347267,31.992154930688358,35.35474694482705,51.129919739424125,55.64552693062916,67.75406568835984,109.27485738830785,84.53891552557249,101.05983098554887,96.71698924476803,90.53829533006777,58.445134672797295,54.634004012380814,58.05876931431922,25.768221805053486,26.250603435042613,30.166944328912713,7.8172585802388,3.269579884616193,4.087933599609066,113.44391462701492,101.27447778819356,116.82633081531995,114.42429799977504,56.4336436569172,53.06969847583402,51.182520624023866,46.598277909727955,46.20652483074724,38.070642099848456,49.50772872802931,38.862241866714456,26.442772742592098,66.4310025319348,67.02830601328372,49.82260455056715,56.62740825362825,49.09984634455723,58.06996774528789,53.62626216555351,44.022549689521284
47,9.74556691582994,23.292871397417997,45.47640495107218,103.242249817731,87.84135564944584,100.13102387715067,18.701645673457882,32.70119213525282,37.233067845655455,59.009344034182625,80.44408756822415,19.866271357023326,30.60502516645894,30.03806202681273,78.30641234262247,2.704540580838237,30.067372402432934,33.094746541160305,47.32471405690454,62.539728749439185,72.98523090096887,71.05611601105576,55.278896648905416,22.97430649653699,25.858416228922007,96.86238508394857,25.264801825916244,18.752890495447236,9.485199107995351,55.88084990144225,6.918612505001722,32.93806584652149,16.45934914829579,94.79222899086561,32.41167009501253,44.81265150614832,24.303727644281178,21.388642528389514,45.74965847211488,95.33584571290626,8.314244835256721,30.28832841556369,1.7923553719008263,39.090016727527846,80.63686652481513,98.54521245278637,105.5718687116863,79.3557459750813,23.70933653458645,51.13123949483913,12.483147489954007,26.484319979517643,13.63753810831785,17.337793944570326,22.67458970767402,20.540536960100056,45.49211393852252,19.251817960328744,48.93826261933697,10.925980883542385,22.14541924001237,22.072888378069578,8.707787213013592,4.984357362647746,14.393251219585153,25.40116541495695,34.78141334022402,24.587124237447604,94.65707935406317,17.386617989876086,22.898132441418188,48.08789464501371,5.932861681400183,18.84073497507469,24.72034424705,26.863991894920456,101.98391593111194,61.43953163191429,105.04411132897872,101.9533777931546,25.60503143075163,13.535950352891945,27.47753605252575,4.837799693214954,32.139210209167075,45.22067867291488,46.96158084860116,39.50915879643934,41.89693602606687,39.23613358751486,44.81121770604598,28.948706950608575,52.07312164844589,30.941008611382728,70.82621684519717,55.90208849702381,77.44677823745293,27.378821688636307,26.787156514261213,30.632486548036958,88.10290667091158,83.81958200133569,82.44805542137988,40.60344207324384,41.67714652080251,36.0891880489833,34.4227461396963,38.90363318316904,37.643765261859144,18.102437734927793,29.823329022421955,40.822593863781925,45.947799979189625,44.45703589198105,38.48677156251726,35.96038927570706,40.24096306268794,32.51692755009451,33.361158940167385,32.93226337756606,30.853932596933625,80.49349208316897,79.17202154298315,5.807022946893559,10.374011947358873,45.23540491591103,46.334866979787066,47.346598608722985,52.1841258866008,41.063212562019785,41.60094328628128,37.04964411732273,95.54892217366472,82.45776147069783,50.78543573316653,63.636322990367,23.099361619305213,25.804239433847812,39.04761749660021,36.48167039028109,36.55965290011963,39.294848782011954,33.36631255722004,48.90215032454241,44.062827288326076,48.77364958210924,61.04381104517794,62.85543429162611,54.799229594315904,81.33360828652587,89.71486818569304,92.60246519078308,84.72653796944493,94.18594337667106,12.310343059412064,12.095494451129241,36.254558414212866,40.893175719837586,62.577478209178935,103.37037189616322,74.4378528315944,87.59130933130248,86.61593211937819,80.43723820467793,50.48126830583145,46.67014054108087,48.58417836693815,19.016921097888464,16.60424515099509,28.92044079665682,23.009793772986477,28.44079044783205,26.434781818454837,105.48004269146085,93.31061142122772,108.86247001694235,104.32323530579696,26.385647268668308,23.021702087585126,21.134527131440862,18.36160963275003,16.573182229281173,9.665529596927538,19.86682821584822,13.203145012653614,6.716465623771263,66.81247866993026,70.60048298334877,60.19038034731777,56.70197165028192,59.46762770989611,60.01130568640748,57.96904265186362,52.51760079389018
78,39.10223421014607,16.256759675671304,18.12599976827035,64.96858545457933,50.22563669367439,61.992314250212736,35.13446473087441,50.2063526725682,20.278917556370633,23.11067142203887,45.94876044929081,27.585291130809146,17.422059158414875,19.66393536653593,40.03274530654845,37.97255965935352,25.797100503712635,6.648550453256274,14.274748765981249,24.26606171336516,34.71156386489487,35.282316317472734,17.00523094929259,18.786989856961547,36.782273921136834,60.72591147922091,50.19558302289471,46.71802193576785,38.09840418519191,31.80267257834076,36.941513270704284,19.594219314581224,26.48141317645168,57.89136084579052,13.057822901581508,25.703347751953025,27.557932656741976,21.47545681919091,22.64482983561036,58.434977567831176,32.84481983629254,46.2358044677603,39.08084793560417,1.7923553719008263,43.735995706817704,61.64434430771129,69.43540067554693,40.95194927313954,33.74425553734332,23.317789493370945,39.065155653918566,17.357162830961414,42.1247915200381,29.246386972633598,18.4952584236476,23.63864041109992,22.254129219808704,20.174613889083943,22.081991683395458,33.54528431061948,19.124109293888118,30.47350068060659,33.31691361086345,36.10837183550099,32.31263275300466,21.29133857653177,17.861784288699255,16.94311468383654,57.75621120898809,23.522000761637063,25.628155104827222,28.592492824576297,36.14232908664319,20.354438750203123,25.921508333782803,23.141371049055422,65.08304221744861,23.0357362664337,66.77044696582708,63.6797078614147,16.840975638173994,36.47585967981506,22.39886952478056,34.91933056538619,11.130494192035123,17.602826670152844,16.144780934572832,22.96645612356712,3.4931377649204,18.442622791057182,10.890102469454291,34.10623315221328,18.07028893850533,29.993825161762942,32.422420143255394,21.740084597035953,42.95145111851961,26.103712541289,30.286415494128413,30.254268034167122,51.20203295724825,46.91871385626061,45.54718460338245,13.04794422602784,10.1557079186958,13.127583502242203,14.46782285774943,17.066077576627873,17.002983912562375,32.184633183513895,9.94204541971001,7.78228094098586,12.35640085281927,8.296749667439649,9.60104378579979,12.474034383912809,12.733096246431248,20.8643474711116,27.923056523972598,24.424109385047345,23.540332554152663,42.08969270830487,40.898357179831486,33.30694026930956,29.406264036927332,6.190276578258109,7.9310687186405975,8.95226093352445,13.780326511736678,27.72237863632221,23.572112487289516,28.445799504333756,57.27525224192482,44.184094434623816,14.988512365507901,27.907033022657956,18.712181442424928,27.691225057991605,29.488236328874482,7.164024198517235,4.295962246491613,6.5045919780745685,12.303600835503747,23.719794343318,14.699980197514751,20.96019824417988,29.118512807750214,33.07334645651953,24.97324457804272,43.05994125045186,51.44120382254137,56.465991586055445,46.452873606293295,58.04946420335519,25.91473693047206,29.708432341081018,22.496740136178513,19.507714191799415,24.173681507237163,65.09670196442332,38.301382122532644,54.82230582401964,50.479464083238796,44.300764599950284,12.207602606218625,8.396473282263326,11.821235911279372,22.758181122340446,26.078606449796773,17.137308061842766,40.16545857462019,43.857808574763844,43.548698913986044,67.2063783283092,55.03694705807606,70.58880008520245,68.18676170106932,54.59083631627482,49.5824647509187,49.639654152235586,35.52070468474512,38.9447322601123,34.56202766897947,42.19826057772909,30.59274910229233,39.832635192155934,29.91160785193283,37.085146763075784,40.21059487804396,21.316085382710185,39.175282950796024,26.177819313706255,29.565856880476833,29.412776389512732
8,82.18526817332287,59.33979519805282,37.181004441193494,28.41373267753032,11.188124180054274,44.486465880876835,71.64708243897738,84.24816839591742,47.936128340876365,43.65893758262849,9.512474053238792,63.77062620175558,59.74898063117516,53.268085000791714,22.589426614660212,78.49975929521486,68.51748015717547,49.696865827905484,33.37757513832534,29.110516315024693,27.868247805503906,40.0201351270869,34.52975770007671,57.593023730352115,69.72878174744375,47.333774149985615,93.27861431314915,89.8010532260223,75.57351071908872,39.811630477280836,80.02455012954698,61.92113655521443,69.56444713962847,16.89413338159863,55.77820411424905,44.53975170183119,61.28574949883081,60.30260967488745,41.10430027904303,18.68261647094998,75.92785669513523,80.27762019110952,80.58658774151522,43.78299169597309,1.7923553719008263,21.891983210830098,52.81956306027866,17.966505600104618,67.64736596892139,59.410956187286374,82.148186944173,60.07754404362895,85.20782548321492,66.2586825685705,62.70174682454288,68.18378807494437,37.96043127414726,63.257647852260746,35.765808992189285,71.99015759240797,62.20714481626963,66.31973100154391,73.3099185760014,79.96788974411375,69.87932296216633,64.0117182299946,59.16488584115277,60.026145974090994,15.520691207285179,66.60503762047976,68.34853475829006,44.424295488743006,76.5923507622962,63.43747427258464,59.95004564708061,65.8617480295959,25.330678224901526,25.915867353886597,47.03525883972324,46.17385949207879,59.13076710095134,73.09204199217231,56.35113388483225,76.61887394812604,53.850871172575594,58.905924213222804,55.212457822507005,64.26955500309828,40.78088513779717,59.745723007049506,37.300609252527174,64.56582060370806,52.97778335819656,72.71420771089166,16.245334491789137,45.527324122020744,11.246513055279992,57.92316862186861,62.99501652467471,59.3147643938737,7.997467228460099,4.051553344347975,5.018429772194935,41.49140625975821,43.11792695988836,44.65738545566826,47.55978087265818,43.40422189186661,47.08756458914579,68.70382182575064,53.02507737819505,49.08537915228641,52.09569113661896,46.69181615946821,50.904141328869756,53.777131926982776,54.03619378950122,50.88401088234974,55.88209726521002,52.383152799207124,54.549027355701575,13.204942330196854,20.0577528325523,74.43884960889096,71.13212724065414,39.41175572371077,38.256936324051765,35.39613826128162,32.4005745715547,51.356756181745794,46.833820728405115,54.667588168110335,25.42966544961516,23.70825333280026,49.55589701638288,43.06497792715129,62.02611558088397,70.4116020385321,70.04261624397903,49.07793951838579,46.583181466984996,44.247676575250516,50.50066369870261,65.02289589577151,56.00308041350708,56.619534269844216,52.32026673211155,56.52713468502911,58.96679445137226,27.715526377110102,33.935355453205474,45.81142525297243,28.947025236957387,41.70885963088037,68.99777089364886,72.79146630425782,63.05112005128306,60.81081017566467,23.20607113945899,33.00310428434706,40.753114588199566,44.16773659527071,39.82489485448988,37.87040390792622,40.87690697789647,44.093061826852065,46.70822411611556,61.64998528760749,64.02698729897327,51.83163425044119,74.2051248229053,77.03417369114575,77.59051463733527,43.7810593958507,37.53109868874016,39.31167438277798,51.57092408580105,97.67387317511752,92.66549604117313,92.72268544249002,78.6037415435878,82.02776622328909,77.64506452782217,85.28129743657178,73.67578596113503,80.17871649521965,13.876379090443109,18.341484754818268,48.0717791506212,25.934600084756127,41.914872448816794,22.878533683704184,29.852405294592177,38.47189229471602
129,100.03954310939665,77.19406456553833,55.03527648160137,6.338155339567085,13.85142624649949,30.20237725594089,89.50135180646289,102.10243776340295,65.79040327695013,56.35358963225005,26.333762059030327,81.62489556924109,76.40970106773008,71.12235993686548,30.03281641668221,96.35402866270036,85.83292178851444,67.55114076397923,51.23184717873322,43.27297873109259,35.31163760752591,47.4635278247748,50.65200679013303,75.44729309783762,87.58305111492925,35.38438564441041,112.53127869889173,109.05371761176488,93.42778008657422,55.54107692084329,97.87881949703251,78.58186256035762,87.418716507114,7.016219388060205,74.23551260897993,62.394021069316715,79.14001886631632,78.15688461096121,58.958569646528545,3.3388121376238296,93.78213163120898,98.13188955859503,98.44085710900072,61.637266632046845,21.871123279249467,1.7923553719008263,35.875922256224364,25.409894288408964,85.50164090499514,70.46948194479185,100.00245631165853,77.93181341111446,103.0620948507004,84.11295750464427,80.55601619202838,86.03806301101814,55.814700641632776,81.11192278833451,53.620081032597156,89.84443252848175,80.06141418375513,84.17400036902944,91.16419351207517,97.82216468018751,87.73359789824008,81.32715986133357,75.82560627770769,77.88042091016476,10.409578520505026,84.45930698796528,85.66397638962903,62.27856752915088,94.4466201297817,81.29174364007015,77.80431501456611,83.17718966093486,3.7887914890533922,40.87878359213636,28.38980178090215,27.51903317215705,76.9850420370251,90.94631692824609,74.20540882090603,94.47314888419979,71.70514610864936,72.23696299219046,67.17346240316954,78.21683603204957,58.635157178205034,75.69250031279265,55.15487862001268,82.42009553978184,65.65091570990174,90.02964377364238,34.09960653219701,58.200456473725936,28.093380259821387,75.7774435579424,80.84929146074849,77.16903932994747,16.409507610545177,19.970253605396284,21.837917787520873,59.34567562724372,60.97219900029623,62.51165749607613,65.41405580873194,61.25849682794037,64.9418339566313,86.5580967618244,70.8793523142688,65.74609958884135,65.859849141003,62.01798544204047,67.88942136292748,70.43785793212597,70.6969197946444,68.7382858184235,73.73636663269554,70.23742216669262,72.40330229177533,22.107753309096353,27.501141298113122,92.29312454496473,88.98640217672792,57.26603065978453,56.111205691537265,53.250410301689485,50.254849507628464,69.2110255492313,64.68809566447888,72.52185753559584,12.817963090550215,25.512651447367155,62.99994472527506,50.50836505625092,79.88038494836945,87.72704366987107,85.82843907497403,66.93221445445955,64.43745350739286,62.1019486156584,68.35493306618812,78.16635677957271,71.30534931531477,69.29266105296117,59.76365942979943,61.382693051657085,69.3452285260314,32.57108474373807,25.69084070274585,37.35374204867645,28.077726958253542,34.009927314113284,86.85204026113438,90.6457412403316,81.41211424365981,74.75809120461598,41.06034184340568,10.818504234671433,45.60867295482754,43.06689352150894,38.76033402883601,42.72595960163182,56.38805362492291,59.41923667801258,61.21181535264928,79.504254655093,81.88125666645878,69.68590361792673,92.05939419039083,94.88844305863125,95.44478957340903,25.135602337029603,29.075261582820488,19.744734022823735,32.273649739595996,115.52814811119127,111.91815485832748,110.5769603785638,97.85640036074216,101.28042504044342,95.49933946389594,104.53396182231437,91.53005532862052,98.0329914312934,31.730651130850983,35.162772537866275,63.63749796248754,43.788872125164,57.480593933605476,40.73280594685558,47.70667466207768,56.326164335123885
157,103.19341329878756,82.53829439395439,76.80185218939883,30.02574430960602,41.897289520048915,8.378781877396356,104.30274290104077,119.37462816981218,89.64125701762993,47.426663770566634,58.40893884917901,96.75356373238725,75.72596752816894,87.43904185422272,30.49343889946026,104.76002423086942,82.80110391636438,75.81682461403908,72.52600613384132,47.61943715856937,38.07131857194895,35.9538824917099,54.41048644865553,87.95526669066672,104.49048228526642,10.015724079062679,111.63101617385776,108.1534550867309,107.19007818248312,79.2523261541215,101.56513582043661,72.84877821451619,89.60222678259294,42.74240364273102,73.15165929796576,84.1605967771142,95.26613812520567,90.64373097997372,80.725145354326,39.386151354942015,97.7402061983392,115.40407996500429,105.51246301224634,69.51349455715044,52.84713870928756,35.92852581374646,1.7923553719008263,36.14045804099153,101.45246100580704,56.16742058991059,101.1394506603326,79.3745566661863,104.19908919937448,98.41466246987758,84.2165388146633,85.9252267073293,77.58127634943024,86.44463120766345,75.3428597938165,102.63695541224479,87.0905150528964,99.64177885077294,102.88838830886215,101.00375530188177,101.40430385462997,80.42689176771134,70.97039873213942,85.174881715134,46.135764779867614,89.45020989198439,84.76370829600678,83.86498826991777,105.713800888976,89.92591211174062,93.62971937083475,82.27692713590088,32.97205650919318,48.98996139264037,7.948825610105372,10.487025777641065,86.00925113541798,105.56753635002862,91.56714212635868,101.70678956831384,76.77451042109641,60.77832860040845,58.24653654148613,68.18950144648781,68.02258858231328,66.76557445110923,73.2828886486409,105.96912066019111,57.20884125846764,79.75750291147953,45.384595636611465,49.27353061204251,61.73639307146672,93.32269525772796,97.98685010906246,97.47325921486022,49.54245444434987,52.162001885487655,53.91489880026222,80.0021811105509,77.33075113269746,82.48992006783564,82.24293090464093,83.02506696714958,86.36532337382167,101.35290578509199,79.11032158518458,65.2857945155935,60.758081213535206,62.30983515216883,67.42911072109138,69.35399905252353,65.1952492706653,90.22668270024383,97.2853973216931,93.7864417185137,91.31544193750534,39.501393288754386,32.86578000246165,102.87840939871998,98.97773583926013,71.82524942000306,65.07604250201965,66.30988573751976,60.88652070149763,90.44455371548466,86.4546658036881,94.28843881198156,29.479930890872915,30.51630352281051,54.54479522863236,41.5814420902334,88.92266968421849,83.72408628145416,70.71860387728587,72.22632142004667,73.05094581089493,74.03167443612651,80.44005034174364,61.08544737951547,63.09421535574181,57.296591072094856,46.592391911948795,44.30178365159985,53.273531080099204,28.927777523046593,19.056313291161658,13.22441011471524,23.941181810666297,16.760033535052898,93.50929308136261,94.78956720568259,71.38477965809804,64.73075661905422,53.31110791360323,25.135268221734666,31.3066087042804,20.847431436472416,19.035840265092563,25.23610421774696,58.681693870201656,61.71617909612296,57.793247889431974,94.52874566927748,95.24962169245924,86.30558355908676,109.33372850327592,113.02608117634196,112.71696884264179,10.915207669972403,15.365799588678982,16.44043554967994,3.6955421376714908,116.66514245986534,111.01789233329347,111.71395472723786,96.95613783570815,100.38016251540945,98.65320965328682,103.63368816010387,93.47504626363144,109.4041043215664,54.09588905553014,62.21329253769649,87.51246925887361,63.4869845907062,81.35556522999156,62.31922379195659,69.29309540284457,77.91258507589077
41,79.8845836639092,57.88771342048745,43.23521523851046,29.21520020551702,11.823055280432074,27.783287854589418,77.70129613196023,90.30237652031204,53.99034203385922,32.14449479941534,26.581709019403824,69.82483432615018,52.200603339229495,59.322298693774556,5.823719133668672,78.23293482067737,61.623824060013845,46.90892427811893,39.431785935642296,19.063883675514358,11.102541215486491,23.254428759813017,26.442911957298325,59.04736635474656,75.78298987183837,30.630596123698197,88.32218097039114,84.8446198832643,78.35877934651575,45.865844170263685,78.25630061697001,54.372764831857026,66.29339714771457,21.642566143158867,50.02641488047934,50.59396539481405,67.33995762322542,61.735830644053564,47.15851397202587,22.186181305994808,74.50783884870741,86.33182831550414,79.34122309692799,41.00921396176956,17.938071052044215,25.39554960507963,36.11638213832536,1.7923553719008263,73.70157966190423,47.874990810490964,77.8306265940425,56.06572146271971,80.89025956449612,69.50676213395744,59.88271584656235,62.61639150386271,44.01464229420776,61.83763000583293,41.82001978950625,73.80566214486566,59.38448311875078,72.37393912593853,73.57728877218727,77.77138795224998,72.57301058725085,57.11806213283298,51.6165085492071,60.31262199655909,21.823311380543828,65.18501977405194,61.45487866112843,50.47850628605997,76.40270692088939,60.614812575065784,66.0042537714752,58.96809193243428,28.83424461915106,18.023365118253643,32.56142057020375,29.470681465791376,57.10135079949782,76.73623751406126,62.40534757781511,75.17970572671004,51.03184576318332,48.02786526368985,42.96436467466896,54.00773830354899,37.64924185703025,51.483402584292044,42.343589593850616,70.6200342966909,41.44181798140116,65.82055161373003,11.998114989214848,33.991358745225334,28.3499139832748,63.97738231485147,69.04923021765757,65.36897808685656,19.46822020473303,21.120789424230658,22.08766473835997,47.54561438415282,46.29576435310282,50.71159625298523,53.613994565641036,49.458435584849454,53.14177271354039,74.7580355187335,50.20242124926443,41.53700475600664,41.65075430816829,37.80889060920576,43.680323634426884,46.22876020362536,46.4878220661438,56.9382245753326,61.93631095819288,58.43736092360173,60.603241048684424,3.6871099586013747,3.2920460197913552,73.56731543063339,69.66664187117354,39.89395938161945,34.224732710151294,35.37058668272947,29.94722454237322,57.4109643061404,52.888034421387964,60.721801861093184,21.521868329323684,8.430709631048565,38.79084699677445,26.299270223416222,58.97255794020994,63.517945941370456,60.978012606428145,46.25891410899352,44.06731000186648,44.95071641027086,51.20370353372294,53.482113690140764,47.09625715540243,45.08356622012645,35.55456170129884,39.76142698129404,45.50177543913448,10.949820009836209,17.23217742691806,29.04571732649383,12.243847210669971,25.005681604592958,66.17511476471826,71.37144845783001,57.20301651515922,50.54899904470365,18.878054317058087,29.343316715361006,23.987409557386858,27.40202889153565,23.059187150754813,21.10469620419115,32.17895589642231,35.210138949511986,37.00271762414867,63.0185549472031,66.3389816111206,57.885842374835796,80.25933294729992,83.0883873841286,83.64472833031812,32.99735460560824,20.827921998913926,36.37977368957914,34.867746059513635,93.35630725639874,87.70906269841512,88.40511952377125,73.64730263224156,77.07132731194287,75.34437444982021,80.32485852522552,70.16621106016484,80.09301035347978,20.709409967338228,28.826813449504577,54.12598727501581,31.98881088207309,47.96908324613375,28.932744703764676,35.906616314652666,44.52610309203298
24,33.210985252269246,25.36309854568701,32.16292393085354,92.03191320738219,74.80630404167556,93.99125439431069,5.6468776993897585,16.868076620720537,19.77952255281974,55.10961156613683,64.78703277189827,6.944147823276184,33.05050678044463,14.560652783064418,72.03168255498053,21.815721394760494,37.92989870477818,27.46007852836524,33.96470191327753,56.26499896179723,66.71050111332694,67.2812535659048,49.00416686126348,15.726315560505348,3.7606438346595734,92.72485162331888,46.74617114936637,42.19313190795178,14.2752249916483,36.37087508555729,29.21219316786258,35.50655779767038,31.122909442201113,81.75718295168356,32.52082556186878,27.510307194370924,6.230948210367384,13.415194180251916,27.627367383618342,82.30079967372421,28.0896241356757,12.897529752373813,23.70394881408381,33.76741796879313,67.60181491704483,85.51016641360432,101.43434081964489,74.44308173596019,1.7923553719008263,53.57671843590246,33.9397519649998,28.600102189046744,37.077779520822396,8.256559829585672,27.402148504811233,28.115345444797676,30.024600076092618,24.365628071256694,31.941903990329678,14.626268794863176,21.946176711669047,3.917428996013947,16.06973596640739,26.11923219673887,11.87720022318149,30.968478457214875,37.226895176953235,23.066758871568695,81.10992366515313,26.414439765581356,31.32905857917787,29.34849550243255,18.84795052898417,19.48113665654827,9.623330835176866,34.73669757658482,88.94885875475339,56.16547158402345,98.76938154133677,95.67864800551266,19.03056547555961,10.321231531473984,11.767404368676608,23.00232896906697,30.144928803898658,47.66616318256645,47.17307583029693,41.95464041042503,34.88850018791754,41.68161542424407,31.451208235341326,6.97414179878983,50.0692261869374,40.70967403126938,63.90776939315114,53.73902050900685,61.789723441127066,11.346229765054243,4.968254787379973,12.337544276547087,73.54017970009617,69.67557388672486,68.14052014424989,27.243429929616816,28.038607625804545,22.72917724181746,20.506409755644505,25.42209506526245,21.740807177047138,5.828396747797804,26.107850002357985,38.85908737284319,44.52437972534169,40.29568847507642,36.33110133261728,36.0695447425633,38.81754570450589,16.393089853182513,16.14417819058076,15.47871808473035,13.400387304097912,75.07865812434426,73.95469427217279,21.392795358762065,19.12994807003892,35.25436200446292,39.34710730980615,38.758546512008095,44.447407802898574,22.76827140424757,24.29859607883799,18.754703182294037,89.04784597946703,76.18303168305589,46.98744694101761,59.90597027109003,18.54859569835738,34.235165571607496,45.21538027256774,31.774640305095463,30.924982214402196,27.44938416600486,23.539115928992025,51.34763483419398,44.267884982006024,51.21912852317257,61.117450056182285,65.30091880127769,57.24471410396748,75.05887849888393,83.44013839805109,88.46493173015341,78.45180818180299,90.04840434745316,23.53422670850943,26.604562505577587,38.823050142618236,43.33865733382327,55.10049021858502,96.6212874871213,70.3003193709647,86.82124039952936,82.47839865874849,76.29969917546,44.2065414138554,40.39541075343893,43.82017315971144,13.461350649042894,13.943732501775546,17.52924891361924,6.8271845274642935,10.519532968403238,10.210425535060741,99.2053129038189,87.03588720217402,102.58774022930041,100.18569627657902,49.825890017634045,46.461944836550856,44.574769880406585,38.383655118245244,38.02222879361193,29.886348735635515,41.32343269089401,30.112057427465004,19.835017544104236,53.77742706215996,54.37473054350891,41.39171472000285,43.973830110931075,40.668956513992924,45.41639227551306,40.97268669577869,34.39531260105954
93,48.78421319401753,28.129094289184376,39.46529213113634,65.7967347617892,57.258964121296586,50.72281695830689,54.77322428719324,69.84510955596467,44.02630848658934,17.25971120014331,63.20443442295361,47.22405068712797,21.316763191271846,39.784475368056505,43.233438858859046,50.350824126099404,28.11726393482121,26.56179842074788,33.3217667468942,32.30016468391521,37.253242840881455,26.89387293946441,25.039335256303822,38.510769282204414,56.742950891206064,47.454183733693014,57.22181050049949,53.74424941337262,52.78087250912484,50.84969167297136,47.155930147078365,18.439576773284998,35.19302400490055,67.07847342481867,22.28483864754057,47.04264278774138,48.03658010429948,41.05884122024435,43.984123534937524,67.62209014685934,43.33100342064682,65.87456691974502,51.10325733888807,22.809960751545226,59.24114765722236,70.57110868033548,56.16367293001903,46.64802478147833,53.58188608579749,1.7923553719008263,46.73025612415083,24.965353888493937,49.78988909460447,48.417827930176756,29.807336036970923,31.516023929636937,43.5934231418794,32.03542842997108,41.12900810510369,48.227755307474766,32.68131227520401,50.11226023692541,48.479188204092125,46.594555197111745,46.99510374985995,26.017691662941324,16.561198627369397,30.765681610364002,67.25921866220365,35.041007114292,30.354508191236775,49.93178786036464,51.30460078420597,35.51671200697061,46.40015578134032,27.867724358208505,67.75373714165315,33.83793857037804,57.69454466271903,54.60380555830666,35.324417517557286,51.158330676670346,41.5925485281242,47.29759503213208,25.899760101004702,5.751405669411117,8.727362359913421,13.780298668795435,24.267359194427172,13.345586827139833,31.772624476149332,54.58488349543668,8.002006964344186,25.073662929936344,44.32976313462855,14.165921845831686,60.20712509218241,45.29738887171028,50.765065837351806,49.44794436458841,64.90412904559754,62.42386313374293,62.80285568137936,34.38723814809854,31.71580527457924,36.87497420971739,35.57860419243552,38.864508282131794,40.75037484278108,51.82339273983272,27.626253665968548,15.635277384145347,12.959974564536548,17.838865315927688,17.667420957379676,18.487181297764238,14.195761237335542,41.15702099966188,47.63860980791057,44.13966266898531,43.660872555673244,50.00895735631883,45.605779961860435,48.46921486253822,44.568538630156,27.072797248491973,24.892310716432235,27.695390362001838,29.04879965146139,51.46977068025858,44.9114048501555,52.19319154827012,58.10340711772294,48.97553318048729,11.754726029694886,21.60287035045434,34.51346690652611,29.040246299910976,16.03476100007681,22.46431714247067,26.03544432227903,28.404848106350855,31.497277165925027,6.401605838767585,8.685013914510618,4.111133229228382,11.711072529950059,13.96510474347508,5.391027575829792,38.04693661967259,47.935482384639485,43.1942611676052,42.947149495469034,44.77773378490494,39.100092976592585,40.38036710091258,16.975578216866843,10.321556514284193,37.92656868900529,69.5641742788043,25.029651481338867,38.70097555102437,37.20773076912265,31.02903128583414,20.60920322179807,18.666793216068776,15.202251488268,40.11953999591921,40.840416019100985,36.33098728792994,59.80422102660491,63.49656813108267,63.18746136597077,59.238608380980835,51.531225620174176,64.76383960184131,54.915033955541425,62.25593678650707,56.60869222852347,57.30474905387959,42.54693505801579,45.970959737717074,44.244003979928564,49.224488055333865,39.065843485939084,54.99490978538461,47.16727892992975,54.340817841072706,61.54988991383232,37.629492970177054,56.37361427559334,43.43349328736906,48.129491999233494,47.03785937043551
170,3.229609671882758,22.786770254410637,51.44466748443223,99.51180800104206,87.18307055818246,95.79137850602474,30.505954412921568,44.505502211177685,44.448541121979005,54.292616141189654,86.56461757866394,29.377582911779264,26.26537979533301,36.00632456017277,74.57596495734528,14.023527475717353,25.72772970422936,33.301677953414284,53.44524406734435,58.809281364161976,69.25478908427993,66.71647620851807,51.54845483221648,28.942570366358215,37.662726304846885,92.52273971282264,13.627177638508881,9.984867863344565,20.84040120517986,61.84911800339056,6.284636306136854,28.598420475395557,13.021128800686702,97.00257986170453,29.564072259314802,52.02812188680599,33.38030085090145,27.35690662095427,51.717923678397284,97.5461965837452,8.882924213801262,42.092638491488565,12.806643487101244,39.018234729332775,82.05855494771764,100.75556332362531,101.2322344777369,77.79313885795045,33.903597794421614,46.791594123713196,1.7923553719008263,24.932376708883552,4.155954796044316,26.84910705853097,22.674273634605008,17.0069113264826,51.46037647188257,19.099730014534142,54.906525152697014,20.364907696111178,21.90335827741803,31.584200155569036,18.02759858178404,8.764756098235825,23.90456277434109,21.557742511284708,30.441770864763974,25.484173687061936,96.07877334555391,15.65640327150075,18.558488406753437,55.30336502567138,17.25184835353577,21.743850299153436,30.688606780410044,22.52434919671689,101.468810380906,60.347058146290706,102.76310621043689,99.67236153743627,28.508148091291552,25.340259092355634,33.44580148155168,11.198534767157483,31.35009113699422,40.88103619745483,42.62193547747523,35.16951609823577,41.825154027871804,34.89648821638892,50.93175038940814,38.46002006456922,47.73347627731996,26.601363240256795,70.8388798148753,51.562443125897886,83.56730824789274,34.594294964959865,36.29846940547833,38.744850457838,89.52459509381407,85.24127599282644,83.8697438442824,46.72397475660599,44.58026050842007,42.057453255265706,39.242356596254844,44.87189571652908,43.612030468141555,28.199606649258683,29.113384137972915,36.5091012559955,41.6343102670691,40.14354350693815,35.42693522722077,31.64689689066416,35.92747335056741,39.732397930752185,40.576629320825056,40.14773665388962,38.06940587325719,79.04712367714706,75.44157972629418,13.293810093600936,16.342275148949508,44.51283604190158,47.34942745155345,47.27481950619381,53.198689254033084,49.300688616932725,48.816416339861306,45.01629477841304,91.81847478838753,78.72731408542064,46.89764788691478,59.296677619241066,26.002475606922783,21.46459539918306,34.70797479839665,35.665526959336006,36.71297016745608,39.23589146529778,36.26942654483761,44.562507849082365,39.72318459012249,44.43400421098332,56.70416567405201,58.51579448908843,50.45958979177823,77.60316090124867,85.98442636900407,88.26281981965715,80.996096152756,89.8462924369569,15.88248528148645,10.997245448517365,31.914913043086933,36.55353302163401,63.59204157661121,99.63991894229778,70.09821302905672,83.25166396017654,82.27629231684048,76.09759283355197,46.750826489142504,42.7476964744899,44.27068865481762,24.985186304170867,22.572509243559843,34.88870333001687,34.814103848911344,40.24510052375692,38.239091894379705,101.74960087477189,89.58016960453877,105.13201706307692,99.98358993467102,17.285012192224258,13.92106701114107,12.333827132519136,9.265515628651244,5.8083092907790705,4.356396798296473,8.204440516497701,9.39929672920561,17.232366758918523,68.23416709283278,76.56874551670882,67.40585072797545,59.63864462361012,66.68309809055377,65.97956821976753,63.937305185223664,58.48586889583848
86,26.067884244495147,3.233928668928657,32.21131785840295,77.77979095191768,65.45105350905808,74.05936145690038,29.878059780655168,44.9499450494266,28.618729116739537,32.56059909206527,62.25608156980155,22.328884844128723,4.533365864618052,20.520819925571647,52.84395347680915,25.455656946638975,9.790977193795555,12.16337264621826,30.582065877108448,37.077267210703496,47.522772035155555,44.9844591593937,29.8164377830921,13.615604775666348,31.847786384668005,70.79072823228648,35.416945179902115,31.939384092775256,27.88571089825266,42.61576548169538,23.90716330505336,6.989417104587337,12.199124319237807,74.19868196630127,7.8320558784210155,35.01595670868225,23.141415597761416,16.163675154501572,32.48457115670212,74.74229311975367,19.81046853418043,40.97939974028459,26.56394232722374,17.391856694957184,60.043313931662546,77.95165985963379,79.5002174286125,56.0611273774143,28.686718906337063,25.059579970254706,24.9253881306311,1.7923553719008263,27.985023774007104,23.522663423638683,4.912169971228148,8.214406953002172,32.22702684585329,7.140261695997712,35.67317552666773,23.332589464475518,7.786145541230642,25.217095730387346,23.584021024631696,23.07401897418417,22.099936570399514,4.803037446955484,8.709754483870189,5.870515767364751,74.0635267609106,10.487649459524953,9.622033354114857,37.90510178130553,26.409436277667893,10.62154549574077,21.504991274802247,7.1352479618818725,79.73679333178161,38.615041097166326,81.03108916131248,77.94035005690012,12.12397221143446,26.26316349720992,19.683581345878284,22.40242785267165,7.913308486022871,19.149020484791635,20.889919764812035,13.437500385572571,19.747394471545554,13.164474062930429,25.242251939173812,29.689716315976245,26.001459228195582,13.987703411050568,48.43101991573856,29.830426076773506,59.258766670442085,23.316641027730476,25.869898657891376,27.4671980798133,67.50935407775899,63.22602940818311,61.8545028282273,24.610526118192126,21.748703435184176,22.744507565266865,18.954497223617544,25.638546090499794,25.342798368597165,26.928228233294654,7.898097107618462,14.777087102537013,19.90229455440589,18.411529130736128,13.694919514557562,9.914882514462137,14.195457637904209,22.8619016470657,29.298976720056842,25.844541979927943,24.845726580063737,57.315106628022676,53.709562677169814,23.574047683077794,19.67337122795204,22.552833862071537,23.939670050328466,25.259578490138715,29.788928957142197,36.06219153315231,32.687671602984324,31.70295854148887,70.08645773926315,56.9953026048845,25.165630837790395,37.564663465782566,9.61830084078334,11.685101970818053,16.698238911254116,12.255769558111005,15.086273164345586,18.097587494562944,15.43446852329935,22.83049347288034,17.991167540998116,22.70198849832012,34.97215152059352,36.783777439964055,28.727572742653848,55.87114942071255,64.25240931987969,66.53080833912102,59.264079103631616,68.11428095642076,14.20492713359334,16.67408081622538,10.305908781304597,14.821515972509633,40.182284175386215,77.90790746176165,48.366195979932336,61.51964691105216,60.54427526771612,54.36557578442761,25.01880944001813,21.015680761826708,22.538671605693235,15.224374152919967,15.945251512562916,17.497838066511523,34.90905384714448,38.60140095162224,38.29229418651033,80.01758939423576,67.84815255541437,83.40000558254079,78.25157845413489,40.451071465909706,34.80382690792611,35.49988373328223,20.74206817821371,24.16609441711971,21.52767636686736,27.41962563040238,17.260976606137003,30.099742605924177,46.21892607677768,53.39246498792063,50.050337535596896,37.62340093463267,49.015025608348964,42.485137538551115,44.70395823211673,39.25251637414331
169,4.071219593351557,25.847766192524098,54.45962923995265,102.57280527561667,90.24406783275711,98.85237578059937,31.092245899636417,45.091793697892534,47.4635055504218,57.353613415764286,87.33231986043128,31.233178626707165,29.32637706990765,39.02128921135909,77.63696223191991,15.058927163916092,28.788724305881644,36.36267522798892,56.46020582286477,61.87027863873662,72.31578079026633,69.77747348309272,54.60944653820286,31.957532121878643,38.24901779156173,95.58373698739729,10.481419545735537,5.4661545136142555,21.87579933417389,64.86407975891098,6.917607931681609,31.659417749970196,16.08212473880016,100.06357713627918,32.62506663822356,55.04308921091467,35.67063335476031,30.371868376474694,54.73288543391772,100.60719385831985,11.897888864987582,42.678929978203406,13.842043175299981,42.07923200390741,85.11955222229227,103.81656059819994,104.29323175231151,80.85413613252507,36.0999354243038,49.85259139828783,4.377382579971529,27.993373983458195,1.7923553719008263,28.704699877792983,25.735269572718465,20.06790704185253,54.47533822740299,22.1607259526476,57.92148690821744,22.29288659402151,24.91832159214316,33.439795647753414,20.07469381446684,9.800155786434562,25.760155593603102,24.61873711293699,33.50276524367273,28.545168065970685,99.13977062012857,18.671366363482363,21.619485681328076,58.318326781191814,18.287248041734507,24.758814950339747,33.703571431596366,25.58534647129153,104.52980765548062,63.40804985227709,105.82410348501152,102.73335881201089,31.523109846811987,25.92655057907048,36.460763237072115,13.326924928712831,34.41108841156886,43.94203057636359,45.6829300791275,38.23051069988805,44.886151302446436,37.95748549096356,53.94671214492856,40.315612883831236,50.7944735518946,29.662360514831434,73.89987708944994,54.623440400472525,84.33500496107182,37.609256720480296,38.15406222474034,41.75981510902431,92.58559236838872,88.30226769881286,86.93074111885701,49.738936512126415,47.59522493686286,45.07241501078613,42.25732102469762,47.886857472049506,46.626992223661986,30.493037961106324,32.17437851688166,39.57009853057015,44.69530754164373,43.20454078151279,38.48792982887305,34.7078941652388,38.98847062514204,42.747362359194966,43.59159374926785,43.162698409410055,41.08436762877762,82.10812095172169,78.50257700086883,15.584103617342052,19.35723980013583,47.573830420810324,50.4104247261281,50.33581678076844,56.25968096001947,52.31565037245315,51.83137809538174,48.03125653393347,94.87946649437393,81.78831135999528,49.958645161489414,62.35767489381571,29.017440035365574,24.525591337296518,37.76896940004891,38.72652423391064,39.77396744203071,42.29688873987242,39.284390973280395,47.62350222799112,42.78417919177478,47.49500148555795,59.76516294862665,61.576791763663074,53.52058149776462,80.66415817582333,89.04541807499047,91.3238170942318,84.05708785874239,92.90728971153153,18.897449709929234,14.012209431473092,34.97591031766157,39.61452762328629,66.65303885118584,102.70091621687241,73.1592047350431,86.3126612347512,85.33728402282688,79.15859010812663,49.81181819512891,45.80869107614218,47.33168592939225,28.000148059691295,25.587473672002634,37.903667981203185,35.400395335626186,40.83139223321529,38.82538338109455,104.81059814934655,92.6411668791134,108.19301433765156,103.04458720924566,13.098910841348271,9.734965660265086,7.847790481377295,11.700060535315963,7.857498089899954,7.37136100399573,6.667632668724302,12.460292667319067,17.910072190328407,71.29516436740741,79.58370727222925,70.42081805208412,62.699641898184765,69.6980598460742,68.99453554387621,66.95227250933233,61.50083065135891
21,24.917099175650755,20.22684991978161,30.797094016676418,90.66608329320508,73.44047969608667,91.21098635913123,7.614198005048451,23.340310200710945,20.11749131082604,52.32934353095736,65.12500152990458,2.750694153963324,27.91426105020512,13.057190978187013,69.2514200883893,14.796802577860717,32.79365007887278,23.52623021578391,32.46124166760484,53.48473649520602,63.93023864673572,64.50099109931358,46.22390439467227,10.58462909680307,11.431542541720185,89.94458358813942,39.78358706685904,36.141279296386486,10.648846724720748,37.986367085288585,22.090145433053124,30.370311844687343,22.65496043409641,80.39135303750645,28.944090590950182,27.697074971318912,7.18814955024706,8.703204264884693,27.965336141624643,80.9349697595471,21.12704294883425,20.563155006362656,17.317131809244298,29.521500402151446,66.23598500286772,84.1443364994272,98.65407835305368,69.78722964970493,8.270476399850432,48.440475378585305,26.977170555414823,23.46385356314135,28.809071927343368,1.7923553719008263,22.265901215367016,22.157440485580707,29.53137061345099,18.40772155283502,32.279872748335976,6.580952024040883,16.809928085763644,4.957311843240163,9.000519655751177,19.05001655431325,3.8318834523591976,25.832232726975363,32.090649223970196,18.621174004672056,80.25620340070401,20.426323655909037,25.3711536199609,30.972315214518417,11.780535099767672,13.523230360870127,6.929554112680352,29.6004518463453,87.58303440916453,51.87101530653789,95.98911907474556,92.8983799703332,14.318576451166507,8.277192785509275,10.263941895568612,15.933113326641347,25.432939779505553,42.529914556661055,43.81209313816219,36.81839468018552,32.328419700690475,36.54536679833867,29.947745094002734,11.833130415779166,47.288963720346175,33.41402711700308,62.541939478974015,50.958758042415624,62.127692199133364,10.263245153806903,9.671579088457687,13.516908454002838,73.70202514896415,69.41870604797651,68.04717389943247,25.739969461200594,26.53514448446596,21.225715436940057,19.002947950767094,24.040157898203432,20.74906789364266,4.011700517454829,21.395860977964883,35.49810468070845,41.16339703320695,37.51542311281932,32.97011864048254,32.49280999438823,35.45656011670527,15.401349456060384,16.245582182594447,15.816686842736654,13.738356062104216,73.71282821016716,70.11702928874996,14.323578379875258,11.71628049642402,33.7509015360467,36.76635065441067,37.25508604359186,42.94394466156,23.94763580444685,24.485366528708344,19.93406758249332,86.49392435084332,73.40276921646466,44.2071844744264,57.1257078044988,14.7068282245998,28.277260612390528,40.07913164666235,28.413657612960723,26.991136574743233,26.190802365836962,20.26226614104504,46.21138620828859,40.90690228987129,46.08288279293306,58.33718758959107,60.164670175372294,52.10846547806209,72.27861603229272,80.65987593145988,85.68466369497395,75.67154571521178,87.26813631227367,15.852984237404602,19.14591588547107,33.68680441237873,38.20241160358377,53.734660304407896,95.25545757294417,67.5200569043735,84.04097793293812,79.69813619215728,73.51943670886877,41.42627605159829,37.61514539118182,41.03991069312022,9.034987212320512,7.5076862811492795,16.749579735704877,13.034556003416139,18.185159113366197,17.07389854745178,96.42505043722768,84.25561916699456,99.8074666255327,97.40543380998781,41.55717975123265,38.193234570149464,36.30605939126167,30.92500738442108,31.059647384026967,22.923765989589363,34.36085128130904,22.653412366563195,15.582040344024044,52.411597147982846,54.71269930151521,43.074803812488355,42.608000196753956,42.3520482794008,44.05056236133595,41.31065545378499,34.73328135906584
88,22.260460704647777,2.2115287386253684,32.982556193708376,81.62507376406505,69.29633632120547,78.87728173555357,28.622482345219346,43.69437050965667,29.38997034771085,37.39216241192844,64.86479810679509,21.073308745154083,9.351287702475963,20.482754392762885,56.689230720368286,21.648234965996316,10.97792177906286,12.857630817569962,32.07756304158512,40.922550022850885,51.36804927871469,49.8023794380469,33.66171792231713,12.360028676691707,30.592208949232177,75.6086485109397,33.134756847729136,29.65719286493639,23.544330800515418,43.3870038170008,20.099739987949512,11.80733938793231,9.916935318834238,76.80739850329482,10.794489140988937,35.78719504398769,21.885839498786776,14.908099278270459,33.255809492007536,77.35101522533547,16.00304521707658,39.72382230484877,22.756520346581066,18.574188929949635,62.65203603724434,80.56038196521557,84.31813770726569,59.90640462097345,27.431144143823605,29.877500248907907,22.64319823925341,4.900881774616902,25.702835441834118,22.26708888386876,1.7923553719008263,5.932217729855074,32.998265181158715,3.3328394926115177,36.444413861973146,22.077013365500882,6.530569442256001,23.961518294951524,18.44026727822787,19.266596993541505,20.844360471424874,4.016503313447798,13.527676767215159,4.914075987614004,76.6722488664924,6.680226810651697,8.189076781518802,38.676340116610945,21.26568253126407,9.163661249219983,20.249415175827608,7.7847222100742055,83.58207057534077,41.653056808037476,83.4269352753128,80.33619617090042,10.868396112459818,25.007588734696462,18.428005246903645,18.595004312824273,10.522028586912894,23.966942099906017,25.707841602669944,18.25542222343048,22.35611524066617,17.98239567804481,25.936510110525518,28.43414155346278,30.819382402514677,13.757698442015236,51.03974202132035,34.64834925109259,61.86748877602389,22.06106492875584,24.61432389537792,26.211620644377483,70.11807061475253,65.8347515137649,64.46321936522085,27.207348150685874,22.44296160653588,23.515747237033473,19.72573555892297,26.40978442580522,26.114036703902585,25.672650797858836,8.669336111154475,19.205412241527746,24.330621029857802,22.83985426972686,16.869589940263076,14.343207653452867,18.623784336099643,23.497983440519263,28.04340218028691,26.480622436920328,24.807659710793803,61.16038944017007,57.554845489317195,18.086052052633445,14.529617481548215,24.068788906057257,26.54838926024437,27.868297922798142,32.39764838980163,36.83342986845773,33.45890993828975,32.33903899848126,73.93174055141054,60.84057984844365,29.16825700657823,42.38258374443578,8.362725632782817,10.244108588917562,21.864308663693905,14.864488768026913,16.26892303161176,18.791845665914646,16.54208455957658,27.648416647199433,22.809090715317204,27.51991033617803,39.79007447216909,41.60170061428314,33.54549591697294,59.716426664271694,68.09769213202709,71.34872861777423,63.109361915779004,72.93220123507396,10.397505152950673,12.866658835582719,15.12383039641898,19.639439146828728,42.79100338530212,81.75319027390904,53.18411625858553,66.33757275829362,65.36219554636932,59.18349606308081,28.86408957924316,25.052961591749046,26.966996744683964,13.968798053945326,14.689675413588272,17.45977253370277,33.65347641170865,37.34582618910878,37.03671942399687,83.86286663779491,71.69343536756179,87.24528282609992,83.0694987327881,38.16888023807084,32.52163568008724,33.21769540110925,18.459878509579553,21.88390452574202,17.720253049763514,25.137434402563514,14.978788273964025,24.95598752305917,48.82764818235948,56.00118709350242,50.82157587090232,40.23212304021447,49.78626394365439,45.0938596441329,45.47519656742216,40.02375470944873
105,19.111240286444755,7.389781893923313,37.961461462973325,84.32176285821578,71.99303098394444,80.60133336319848,28.178738253423916,44.03630410249623,32.36240189910803,39.10257389402927,68.87433199793401,21.766113514972805,11.075340221094997,24.155722810134243,59.385925383107256,20.95647553156369,10.509751186285103,17.90468870195284,37.12462248517271,43.619241789923976,54.06474394145367,51.52643106569181,36.3584125850561,15.39896320462394,31.285013719050905,77.33270013858461,27.548101202816657,24.07053744276744,22.8525729252875,48.36591198193164,16.97963771770034,13.408380901157543,4.480566961020177,80.81693239443372,14.374029789410898,40.76610053599616,24.69598167346077,16.801136621379705,38.234714984016016,81.36054911647437,12.88294294682741,40.41662707466749,20.655196865068646,23.62124703707604,66.66156435979502,84.5699158563545,86.04218933491062,62.60309928371241,28.12394891364233,31.60155187655282,17.057281880116864,8.227984507614334,20.116919082697574,22.153390785462527,5.969880987848725,1.7923553719008263,37.97717045042366,3.776467312284308,41.423319131238095,19.28650469653156,7.608816744108179,24.654323064770246,17.74850940299995,16.146494723292328,20.233074264982776,4.955299800934046,15.25172839486007,10.087183767369906,80.68178275763128,4.706642734187035,3.3405107797832945,43.655245608619424,20.57392465603616,9.142245795275635,22.004288939430552,7.306371347003218,86.27876523807973,45.15701589913032,87.57306663619886,84.4823275317865,13.907330640392047,24.116191402154833,21.46693977483588,17.90324643759636,16.03144501714631,25.690993727550932,27.431893230314856,19.97947385107539,26.42816633561506,19.70644730568973,30.983569331369573,31.381294609875543,32.54343403015959,11.38338605877371,55.6488402406373,36.3724008787375,65.8770226671628,25.099999456688067,27.65325842331015,29.250555172309713,74.12760450589147,69.84428540490383,68.47275325635977,32.1231559692453,27.490020827379933,28.57424456088443,24.641540481816506,31.388689695070166,30.128824446682643,26.365455567677557,13.71639488651147,21.31906168175749,26.44426779716519,24.953503932700134,20.236894316521568,16.45685731642614,20.737432439868208,27.330725791929986,31.082336708219145,30.65344114561782,27.51683090687635,63.85708410290904,60.25153458346793,17.394292840944345,13.8378596063203,29.115848126901312,32.05780569047779,31.877831813937064,37.90706482003505,38.9811118471428,37.419259162347906,35.52199949288477,76.6284352141495,63.537274511182616,31.70760563975439,44.10663537208069,11.401659492484459,6.246617549469388,19.489996280452374,20.373906534721513,21.31598091599463,23.83890355029752,21.589142443959457,29.37246827484435,24.533142342962115,29.24396196382294,41.51412609981399,43.32575224192806,35.26954754461785,62.413121327010664,70.79438122617782,73.07278024541914,65.80605100992972,74.65625286271889,9.705746609492166,9.746555897102958,16.724871909644214,21.363490774473636,48.300419815535534,84.449884936648,54.908167886230444,68.06162438593853,67.08624717401423,60.90755325931397,31.560784241982127,27.55765422732952,29.080646407657238,15.322874014790052,14.695585244925136,21.29251755803584,34.34628118152738,38.0386309589275,37.729521520893236,86.55956130053389,74.39013003030075,89.94197748883889,84.79355036043302,32.582965438139006,26.93498025791829,27.631780378433884,12.87322286466707,16.297248880829546,14.57103396802167,19.550780094112213,9.392871246596888,24.26422964783125,52.83717650491015,60.01072098464135,55.80048403583315,44.24165693135339,54.76516653999698,49.103393535271834,50.45409916376474,45.00266020145722
185,50.76462035029189,30.711017675189776,3.3374943869005937,62.36892901066687,45.14331984496023,69.23332774516842,34.094469620909095,46.69429707690489,10.382261031247364,35.31151242566207,36.56743221790343,27.078332425211443,32.35687785956506,18.13706878524812,47.27376147442651,43.36874441613243,40.68509985132668,23.459551940090783,8.291193552828357,32.23781876987978,41.9525829284388,43.86838332384864,27.970308890930973,22.462006178347345,32.17491310135357,71.07487658486653,63.88528900239005,60.599738406675826,38.88121961546695,11.370086933573994,47.93766527123309,35.643127424476305,40.04043263125439,52.09419875496823,29.722612639685252,8.182637488811228,24.59345282662079,25.17159212288268,4.747184952305404,52.637809908420635,44.39779457726617,42.72375154501934,45.45557018951044,22.228254885881643,37.93883072032952,55.847176648300746,79.78436578119252,44.78009753924486,30.093500218497084,43.54528826505532,51.435629665704155,32.24516084211428,54.44974499581075,29.566391464948737,32.94951486396136,37.80917171154057,1.7923553719008263,34.0594543379996,3.571743956642817,35.93609909376505,30.6203804371837,28.765859682531385,38.17890102399662,44.83687486503132,33.18703185854454,36.17933792414582,35.38851486396878,29.422179062142874,51.95904354957756,36.66818758075789,40.51615445244127,10.75275190383234,41.461333210291436,30.794485244453544,23.257751870536474,38.029367723747114,59.28587455803807,28.725025224901707,74.01146602937101,70.92072692495861,23.99975222186893,36.39975088855054,21.220119005749847,41.48785639612126,27.14543101794561,37.83032677829839,33.72961015024854,40.11626009744057,17.538385630474615,38.67012289920274,9.164071097315105,27.01195485328376,34.52118764276155,44.88182450937699,34.244782523513464,35.85408782170016,33.57012021420988,20.66247367344887,25.441150774250417,21.76089997991059,45.40486819350359,41.12154909251596,39.750019616894264,9.962203040940679,12.862350307482728,10.68520693306414,13.32323295470377,6.711929451783654,10.39526992162754,32.01153072212887,24.92882662250307,28.00978171736201,32.096348785414776,25.34731159800119,29.828543893945355,32.11248655416028,32.96059635457681,14.19171844226679,18.328229955581016,14.82928415311694,17.80446814631382,45.415671254706595,45.31744135799482,39.30783472980855,36.00111236157174,13.788664024806563,18.338732313018568,14.391374605345252,20.08023589623574,14.466595095412295,9.42176108243253,17.255527853907157,59.384861782751706,50.45610385553438,29.637691668888507,40.10787380353763,26.895098028879186,42.57922440560566,45.53714443876955,27.2753268031069,22.03619294071359,17.735179539193105,17.923911468588273,43.947295787924745,34.92748030566031,38.631563098501005,43.2325173688756,47.18734812197903,41.42414328229894,50.300957418329915,58.6822228860853,66.81495669170104,53.69389266983721,68.39842930900079,36.354781865517765,41.238979481510185,38.54564824607358,39.735212740740266,25.437503348947345,66.95829772181771,48.65034433251237,65.17126536107699,60.828423620296164,54.64972970559589,24.100206880957934,24.174859375023587,26.790021441543548,26.518967735602715,28.895969746968497,16.70061513923171,36.651253503892775,39.48030794072143,40.03664599124509,74.44739739185313,62.27796612161999,73.26686782024863,78.53572680671492,67.89987917165904,64.5359395591641,62.09271589634161,49.21041066424047,52.63444091253001,47.38222643633988,55.88797212581268,44.86866593534468,44.4410123906664,24.11444286544465,26.15512731659171,19.866734886309168,14.310844355011055,16.774280656716115,15.753405405875395,12.60252688483536,7.551444247609663
104,19.1754182660141,3.957132139254962,34.21510751673472,83.59647094455258,71.267733501693,81.12498112777834,25.04958145868192,40.640821110493256,28.616047952869422,39.363562488081854,65.44168157503506,18.0197595687342,11.598986426470141,20.40937020035682,58.660633469444065,18.232831797365606,12.902374424150413,14.472039838258606,35.09807400666742,42.89394987626076,53.339452027790465,52.05007883027167,35.633117775727015,11.652609258385333,27.5386597728123,77.85634790316448,30.26876596504507,26.791204877918208,20.12892919108942,44.61955514002714,17.014697549315834,14.055037443695898,6.554595895858522,77.38428197153478,12.765889662629414,37.01974636701402,20.949627727222165,13.05478401160228,34.488360815033886,77.92789869357544,12.918004114904083,36.67027290568535,19.34111717795036,20.188597950638275,63.22891393689608,81.13726543345555,86.56583709949045,61.877807370049226,24.377594967403724,32.125199641132674,19.138338596068937,7.1485804986110795,22.19797557590612,18.407036616480397,3.3388513404851023,3.8162499749655177,34.23081650418505,1.7923553719008263,37.67696518499949,16.56285940312877,3.862463020613104,20.90797045499282,15.024864109597157,16.181554554907827,17.103917470240784,6.347014963471192,15.775374822978751,6.654534012701552,77.24913233473237,3.5951845947615486,7.0299619956280655,39.9088914396373,17.850279585376892,5.395891626293501,18.257934993191945,9.709173964187642,85.55347332441653,43.62445688419089,85.3983324558003,82.30759335138794,10.160975803179324,21.26714439705119,17.72058560585375,15.179601366937092,12.49342844032278,26.214641492130788,27.95554099489471,20.50312005645054,22.995515912716122,20.230093733808403,27.550918908470635,27.63494066363694,33.06707889907355,15.07283749736201,53.01113920180788,36.89604864331736,62.444372244263874,21.353645510449468,23.906904477071546,25.50420100332758,70.69495408299252,66.41163498200487,65.04010283346081,28.376801800263173,24.05737040448099,24.827893287568187,20.895186312834376,27.642335748831567,26.382470500444036,22.61910295790013,10.283744463612528,21.17681209493763,26.30202110601121,24.811254345880272,18.84098979367296,16.31460772960628,20.59518418950953,23.584371845691376,27.335982539237012,26.907087199379212,23.770476737894214,63.13178662065758,59.52624266980473,14.67064910674626,11.114215203891623,25.683197704002378,28.519789336397785,28.445181391038123,34.36904824321152,35.23475767816066,33.67290521610931,31.775645323902637,75.90313773189807,62.81198259751943,31.139656859988122,44.630283136660545,7.655305323502324,9.936068988057688,23.17944771904068,16.835888844180324,17.88333182955687,20.40625446385976,17.92225492495597,29.896113143758313,25.056787211876085,29.767609728402793,42.037773864393856,43.84939711084202,35.79319241353181,61.687829413347465,70.06908931251462,73.59642800999899,65.08075909626653,75.17990062729874,6.9821019843199625,9.781615728718453,17.37152978864375,21.887136979848787,44.762403461455534,83.72458745439657,55.43181565081031,68.58527215051839,67.60989493859408,61.43119545530558,30.83548943265305,27.024361667902454,28.938396820837376,11.57652006855145,10.949231075942999,17.54616361179724,30.599927012545244,34.2922770126889,33.983167351911106,85.83426938687069,73.6648325480493,89.21668557517569,85.31719812501285,34.66402193134754,29.655647693069064,29.712837094385957,15.593887626895485,19.01791364305796,14.635211947591017,22.27144485634063,10.665933380903878,21.540585690889646,49.404531650599466,56.578070561742415,52.054127193928664,40.80900650845445,51.01881526668073,45.670740439450526,46.7077478904485,41.256306032475074
193,54.18645100622308,34.13284543545509,5.3850740867610565,60.16588969619882,42.940280530492174,67.60564053717187,35.956516433951656,48.556346562869805,12.244310739955814,34.82712588115979,31.995061733754312,29.79177740140331,35.7787058425739,21.558896545513427,45.646074266429956,46.790569503475396,44.106927611592,25.148262411041866,7.747772399607011,29.998784100970408,39.71354825952942,41.629348654939264,29.007670058654526,25.883833938612653,34.03695991439613,68.83584191595715,67.30711965832126,64.02156349401878,41.59466459165881,9.29050878917379,51.35949592716429,39.064955184741606,43.46226061426323,49.891159440500175,33.14444062269409,9.848255692524429,27.306900698478547,28.593419883147984,6.412803601505669,50.43477059395258,47.819622337531484,44.585801253727794,48.87739794977574,21.925405877500395,35.73578873293911,53.64413733383269,77.54533111228315,42.577058224776806,31.95554970446201,40.96494925377852,54.85746032163536,35.66698882512313,57.871570083153685,32.2798364411406,36.37134284697021,41.23099969454942,3.5936400911248154,37.4812820982649,1.7923553719008263,38.649546965622804,34.042208420192544,30.627909168496302,41.60073167992782,48.25870552096252,35.900476834736416,39.60116568441113,38.810342624234096,32.84400682240819,48.31795529993154,40.09001534102319,43.937982212706586,10.268539990257551,44.883160970556744,34.216313004718856,25.971196846728336,41.45119837967831,57.08283524357002,26.485990555992334,72.38377325278621,69.29303414837383,27.42158020487777,39.11319586474241,24.641946988758683,44.909684156386575,30.567259000954447,37.04833839475012,33.245223605746254,43.538088080449405,18.92329776011976,37.88813429291092,11.647252944720417,28.874004339248685,34.036803993925155,48.303655165308186,32.04174320904541,35.36970417286378,28.997752402983117,22.52452315941379,27.30320026021534,23.622948129414336,40.74820866195222,36.88359995291502,35.34854910610595,13.335371140625334,15.19384292001206,14.10703558430357,16.745060937712605,10.133757212048963,14.456407251839046,34.72497569832073,28.350654605511913,27.227793333813715,29.91571190147232,24.8629279491648,29.04655551039706,31.919546108510076,32.17860797102852,18.252856440708886,20.19027832782829,16.691332302620687,19.666517632278744,43.21263194023854,43.11439914786087,42.72966271281739,39.42294034458058,17.554168346033364,17.854347327720998,13.906989620047682,19.59585091093817,16.132214190099617,11.283809900166862,19.117577339872078,57.181822468283656,48.253064541066315,29.15330802005212,39.62348748177888,30.3169257891445,46.0010523886145,48.95897219903487,27.220353699913098,23.288841298730457,18.987827897209968,21.34573945159711,43.165307181632926,34.14549169936849,38.14717677674226,42.74813082437333,46.70296447314264,40.93975963346256,48.06192274942053,57.05453010950052,64.57592202279169,52.066199893252424,66.15939464009142,39.77660962578309,44.66080724177549,41.967476006338885,38.95322435719198,23.19846868003797,64.75525840734966,46.41130966360299,62.93223069216761,58.58938895138678,52.41069503668652,23.615823232121542,23.69047572618719,26.30563511978479,29.940795495868024,32.317797507233806,20.122443122240547,38.513302989857706,41.34235742668636,41.89869569995355,72.81971018385659,60.6502733450352,71.06382850578058,76.29669213780554,71.32170982759024,67.95776464650706,65.5145465522728,52.63224132017166,56.05626599987296,50.80405152368282,59.309797213155626,48.29049659127588,47.15446003978063,21.91140221451542,21.58275660969907,18.95695698041888,12.071808349640495,14.814434064718128,12.87996642503657,9.162036557912463,6.861335342734028
179,18.544470933669608,20.008688001490654,37.159264672669536,97.02825105353229,79.8026474564139,95.22487488628084,9.741214284511015,25.2399187006975,26.479661744075624,55.323601275368134,71.48717485882004,9.112863918982317,27.696097572709448,19.419361411436597,73.26530861553891,8.424172108444278,29.812422830964593,27.540124311521772,38.714635297999095,57.49862502235563,67.94413274247357,67.53975856959835,50.23779849041013,14.364226401170356,18.39714413082787,93.95345481727671,33.15292158259727,29.510610916458837,4.704223962195216,44.34853751853817,15.717515854610802,30.15214858993521,16.450710931460463,86.75352636642191,28.7259300091204,34.05924273164613,13.55031864703546,12.778563769484062,34.32750657487423,87.2971375198743,14.496375905367772,22.827056317469548,10.94450200805845,33.535394497889314,72.5981583317832,90.50650425975441,102.66294958219098,73.80112374544277,14.085443271996436,48.222309228167276,20.346503511948345,23.24569164485039,22.436440789696338,6.584385838298727,22.047739297076063,19.283127459130327,35.8935383737782,16.59019560284295,38.642043181585564,1.7923553719008263,16.874909278502017,11.319481608259157,2.627889409078266,12.677385416666223,3.6398433360570834,22.62561686969024,31.87248596921806,18.59740593356429,86.61837116103122,14.72499563239029,22.643181533488665,37.33448587051153,5.529012737768593,13.570225013564336,13.291723209468753,25.987777206867868,93.94520216949174,55.884909402275746,100.00301317048343,96.9122684974828,18.54352427366728,5.319807114073745,16.626111660587604,9.560482857224905,28.453467450352587,42.31175130190891,44.05265058192931,36.600231202689855,36.34231090076244,36.32720621650889,36.20113894714052,18.195299512567566,50.28794919618032,30.68605636699202,65.27159461555863,54.11794623358429,68.4898599594606,16.625414250595302,16.033748853476677,19.87907777353477,80.06419847787963,75.78087380830377,74.40934722834794,31.99336331433838,31.67401858835899,27.479109290077844,25.812667380790863,30.293551751341223,27.11123721317459,8.381453463294681,25.409752178036854,37.13685110496744,42.26205989329749,40.77129313316655,34.80102880370276,32.27464651689256,36.55522319953934,21.763519889309972,22.607751279382853,22.17885727598624,20.100525158892616,74.93886428494221,74.13092338448783,7.950948578689408,5.536699839730998,35.797942419308185,40.78024185448264,39.30212692685335,44.99098844048737,30.309806460439958,30.847534289035565,26.2962380157429,90.50781844658118,77.41666331220253,47.09969297435204,60.119965548909576,15.211932590310596,25.549287189457107,38.79266525220952,32.42754881303269,31.005027997558734,29.85738650815264,23.92885028336072,45.99322562645881,41.15389969457658,45.8647193154374,58.13488634709435,59.946509593542515,51.89030489623231,76.29250455944234,84.67377002719772,89.69354049269947,79.68543981094965,91.27701310999923,9.648720033695678,13.011312716064953,33.468640934883055,37.98424812608809,57.02285597954039,98.32926260049143,71.5289281335108,84.68237906463062,83.70700742129458,77.52830793800607,45.44017014733616,41.62903948691968,44.89843850378955,10.406843007213599,7.994166392089641,20.310360701290186,15.548520338431153,20.979517013276734,18.973508383899517,100.43894453296554,88.2695132627324,103.82136072127057,101.41430503912511,35.18454861358562,31.820606105424794,29.93343114928053,24.79040555147614,24.428979004099304,16.293098946122885,27.730182901381383,16.51880919715708,8.894656561011246,58.77377047689833,61.07486706184243,49.43697424573794,48.091892891376474,48.714216039728015,50.412730121663174,47.67282321411221,41.09545179231542
68,22.28841501765759,4.4483257260327775,30.780154371223063,83.99615079753394,68.65778630669644,81.66173178050799,23.11281265559236,38.184697924363796,25.181094807357773,39.76323944539732,64.78249437247537,15.563639055527098,12.135735742738637,16.97441705484517,59.060307753837165,21.039327883197707,17.015126330611007,13.123095220113534,31.663120861155758,43.293627056319764,53.73912631218357,51.97939673962753,36.032794955786,8.21765678110427,25.0825392596052,78.39309298730589,33.702719437594276,30.225158350467414,21.120462213985157,41.18460221725901,20.127694300959323,14.591786759964391,9.857860839023306,76.31404942737758,13.165566842688408,33.5847934442459,17.743466934968747,10.617882701134132,31.053407892265756,76.85766614941824,16.030999530086397,34.214152392478255,22.147613263782464,19.118364070019894,62.158681392738856,80.06703288929833,87.10258218363191,59.384093317573345,21.921472894991915,32.66194739819646,21.925042360059503,7.685329814879575,24.939156353704902,16.757417635037065,6.487376130644064,7.626602146744789,30.7958633586734,3.876882768512039,34.24201203948784,16.567342116669185,1.7923553719008263,18.45184860532454,16.383680498246466,19.29455130655132,15.334690559054366,10.053707419508886,16.312124139247246,3.1952336629042355,76.17889979057517,6.485615788526799,10.840314390150866,36.47394118979153,19.209095751282675,3.421205637586134,15.801814479984841,13.821926538878824,83.50573079903566,41.46788187007222,85.79801230878167,82.7072732043693,6.72602354864179,19.49791748586477,14.28563268308562,17.986097452769194,12.893105620381775,26.751389471938097,28.492288751958498,21.039869372719036,21.925283368558915,20.76684282733337,29.14962451029719,24.29176898964476,34.72758469328715,18.88318989188481,50.854564187689206,38.55758440361348,61.78518504170415,17.918692364937804,20.471951331559893,22.069249417020636,69.6247215388353,65.34140243784768,63.96987028930362,24.941848877495048,22.798137302231492,21.392938805595353,17.46023472652743,24.207382603319914,22.947517354932387,20.162981108231847,10.577227106559011,21.57648927499662,26.701698063326678,25.21093130319574,19.240666973731955,16.714284686921747,20.994861369568525,20.149420036640908,23.901029616468882,23.472134053867563,20.33552515158727,60.52183942566102,59.92592252278608,16.373707156692568,12.473032038027995,24.612965159845174,26.36321432227911,27.37494884688092,32.21247322909284,31.799804755392536,30.23795207059765,28.340692401134508,76.30281758487942,63.21165688191252,31.53933404004711,44.559601046016404,4.220353068964791,13.746420714349899,24.300609234861753,17.23556580149579,16.588000242611677,19.05731006845822,14.487303338649024,30.432863796487993,25.59353786460576,30.304357485466582,42.574521844201165,44.3861477635717,36.32994306626149,62.08750369774058,70.46876916549597,74.1331730941404,65.48043894924788,75.7166512800284,8.981503595111546,11.986969571206306,17.90827910491224,22.42388629611728,42.60582844733686,84.12426730737792,55.96856630353998,69.12201723465982,68.14664559132376,61.96794610803525,31.235166612712042,27.424038625217925,29.33807377815284,9.13961942631389,9.18000438750011,14.111210466285584,28.143806499338147,31.836156499481795,31.527046838704003,86.23394367126377,74.06451240103065,89.6163598595688,85.85394877774253,38.170687356329395,33.08960116561826,33.21950229662428,19.027842435905868,22.45186845206834,17.74820736277333,25.70539966535101,13.77893013254737,22.899402079538955,48.33429353785401,55.90423240349967,48.61917694408291,41.04037845453314,47.58385944824671,45.31505800222425,43.27279496768037,37.82135578262931
22,29.66374998897131,21.892743211754308,30.805483206245253,90.67447515569626,73.44886598998963,92.45262004959164,6.58162225932253,20.634300849036165,18.422082941929105,53.57097722141776,63.42959472021235,3.560994131143481,29.580151446511934,13.1273968431641,70.49305377884971,19.543451831976576,34.45954337084548,24.767863906244322,32.53144753258192,54.726370185666426,65.17187233719612,65.74262478977398,47.46553808513267,11.82626278726348,6.969327642876834,91.18622284718806,44.5302378801796,40.88792721404117,13.17536622154541,35.01343413820548,26.836794909912502,32.03620246373768,27.65255410826842,80.39974489999763,29.05047022793608,26.152866469762635,4.7976924932105955,9.944838846319222,26.26992643626653,80.94335605345003,25.873690866488925,16.66375398068944,22.063781063360153,30.763134092611857,66.2443768653589,84.15272279333013,99.89570647492582,73.08564368427426,3.931309259083322,50.10636310196976,31.723821368735386,25.129746855114046,33.55571984499805,4.957891867392176,23.931793170878542,24.64499011086498,28.667159128740806,20.895271178119287,30.584463042977866,11.327600609926149,18.475821377736345,1.7923553719008263,13.747168241636441,23.796665808429108,8.578532706475052,27.498123123282177,33.75653984302054,19.596403537636004,79.7524856134672,22.944085768109844,27.858703245245174,27.99105455508073,16.527184353883523,16.01078132261558,7.73963602394468,31.266342242652115,87.59142070306746,54.732217203327835,97.23075833379421,94.14001366079361,15.560210141626914,10.491923239634268,10.334147760545697,20.67976280350073,26.674573469965964,44.19580517571139,45.0537268286226,38.48428507649233,33.57005339115088,38.21126009031137,30.01795118172335,8.382794824832095,48.53059741080659,37.23931869733668,62.55032577287697,52.20039173287604,60.432285389441134,9.988789485933019,5.947755427530871,10.980103997425864,72.18274164841026,68.3181302664507,66.78308209256397,25.810175548921205,26.605350349443054,21.29592152466067,19.073154038487708,24.06465701357653,20.383367566156508,4.605900735944385,22.637494668425294,36.73973837116887,42.405030723667366,38.757056803279724,34.21175233094295,32.59918940863061,36.69819380716568,15.035649128574232,14.786738802433657,14.12127847383972,12.0429463567461,73.7212145040701,71.35866297921038,19.070227633991117,16.098855450822416,33.82110762376731,38.007984344871076,37.32529213131248,43.01415074928061,21.410830679639282,22.941158027152067,17.39726379414693,87.6904079277811,74.64440290692508,45.4488181648868,58.36734149495922,15.07824036442469,30.7648102376748,41.74502493863505,29.655291303421134,28.23277026520364,26.016126889643367,21.50389983150545,47.87727950026128,42.14853598033169,47.74877318923987,59.57882128005147,61.83056346734499,53.77435877003479,73.52024972275312,81.90150962192028,86.92629738543437,76.91317940567218,88.50977557132234,20.235557855341813,23.528491062612996,35.352694808685534,39.86830199989057,53.74304659831084,95.26384386684713,68.76169059483391,85.28261162339854,80.93976988261768,74.76107039932918,42.667909742058704,38.85678197730812,42.28154438358062,9.990995983340788,10.47337716784285,16.095993196462448,10.593408755779922,14.285757864949453,13.976649763376368,97.66668969627634,85.49725285745497,101.04910588458135,98.64707306903645,46.30382766888732,42.93988516072649,41.05271020458224,35.307583675280654,35.806295301681644,27.670415243705214,39.10749919896371,27.03598598450041,18.73515877400134,52.41998901047405,53.01728692323474,40.034273772651034,42.616389163579264,39.311518462307006,44.05895155090478,39.61524597117041,33.037871653707725
180,16.40046422322886,20.276062429803623,38.19593533545021,98.03342578117682,80.56088870674623,95.05716014539846,11.71353941454435,27.2122458354226,28.89855357191601,55.59097704014228,73.16362062552454,11.531755524079184,27.9634733374836,21.901885497197934,73.09759387465652,6.2801653980035255,28.24626852311914,27.37240400205114,40.044247114204936,57.33091028147324,67.77641243300295,67.80713433437249,50.07007818093949,15.693838217376195,20.369468369887088,94.22083615063912,30.812574692008546,27.17026424861364,5.246074105299764,46.767426450712684,13.57350914417005,30.419524354709353,14.884556623615008,87.51176204816599,28.99330310097219,36.4781372324089,15.969211811337036,14.10817424922872,36.746398402714625,88.05537877020664,12.156027678317873,24.799382115733476,8.800495297617696,33.36767418841868,73.35639401352728,91.26474551008675,102.93031977837687,73.63340343597213,16.05776907026036,48.489684992941434,18.006156844103153,23.51306607316336,20.292435415716767,9.003278111626184,18.446813042342768,17.716973151284872,38.21164432290055,15.024041294997495,41.06093500942596,2.5914654960853043,16.423076700903195,13.738374104330141,1.7923553719008263,10.533379374456057,6.058735386641012,21.05946256184479,32.1398617339922,18.864780139133728,87.37661241136357,13.158841324544834,21.077027225643214,39.75337747560839,3.7393341838919563,13.11839243596552,15.710616373770332,24.421622899022424,94.70344341982405,55.717189092805114,99.83529842960102,96.74455375660041,19.88268889164246,7.2921324668506085,19.341360859372134,8.058382015315548,28.720843215126727,42.57912706668306,44.32002634670346,36.867606967464,36.174593486957704,36.59457908561714,37.53075076334637,20.614191117664436,50.55531939236622,29.11990205914656,65.10387430608799,54.38532199835845,70.16630572616509,19.044305855692173,18.452640681317074,22.297970715092816,80.8224341596237,76.53911505863607,75.16758291009202,33.32297513054422,33.003630404564824,28.808721106283684,27.142279196996697,31.62316356754706,29.530128818271464,10.353778370584486,25.24203476423211,37.404226869741585,42.52943565807165,41.03866889794071,35.06840456847691,32.54202228166672,36.82259896431349,24.18241038068918,25.02664444368443,24.59774910382663,22.519416763989486,74.77114954405982,73.96320307501719,5.506427212061375,3.9705455318855436,37.127554235514026,40.612524440677895,41.6242589652797,46.46178067456927,32.728698065536825,33.266426116875955,28.71512984358329,90.34009813711054,77.24894300273189,47.367068739126196,60.38733574509548,16.32342124559969,23.983132881611652,37.226510944364065,33.063303396240755,30.83731036101046,31.186998324358477,25.258462099566557,46.26060139123295,41.421275459350724,46.13209508021154,58.402256543280245,60.21388535831665,52.15768066100645,76.12478981855995,84.50604971772708,89.96091068888538,79.51771950147901,91.54438330618511,8.082565725850221,11.445158408219498,33.7360166996572,38.251623890862234,56.85513567006976,98.16154785960903,71.79630389828495,84.94975482940478,83.97438318606874,77.7956837027802,45.27244983786552,41.46131917744904,45.16581137289781,11.73645259598414,9.323776871834298,21.639972517496027,17.520844577490365,22.95184281154065,20.945833959419907,100.27122979208316,88.10179295326179,103.65364598038818,101.6816863724875,34.470407686519216,31.106462505436024,27.789424438839774,22.48038652895248,22.08863233625411,13.952750719072984,25.389836233536187,14.952654889311628,7.325700585045971,59.53201172723065,63.49376156260519,51.855868746500704,49.42150470758231,51.13311054049078,52.73083874370788,50.091717714874974,43.51434362015583
49,5.9319880812756836,19.86265600678857,44.82036132795078,99.50199614854736,87.1853146992468,95.64404479813356,22.40381999973389,36.403367797990015,37.82423474275403,54.145282433298476,79.7880466180251,21.58728676761137,26.118048760364207,29.382018403691326,74.5661531048506,6.242356911228338,25.580398892004084,30.838465954443883,46.6686731067055,58.79947508025555,69.24497723178524,66.56914250062691,51.5386429797218,22.318264209876766,29.5605918916592,92.37541157351971,21.4512223231314,14.93931121540592,13.059229081486134,55.22480895124321,3.1050341159345294,28.45108966317028,11.972374301405761,94.13619360925482,28.671413530163015,45.403815730324546,26.024741495664514,20.732600241729287,45.093614626249945,94.67979919411894,3.8272690973925734,33.99050407830088,5.025472254381639,36.094121818171885,79.98082000602784,97.88917707117557,101.08490076984572,77.78332700545576,26.113298754587838,46.64426331148792,8.432948203524651,23.054104366144685,9.823959273763597,19.058808018697192,19.244375653505767,16.0535618904665,44.836070315401116,16.175615766912067,48.28221610054967,12.646996294130432,19.286095516667025,23.793903788657623,10.42880262360164,1.7923553719008263,16.114266630173198,20.91418923160574,30.29443715687281,22.56005788023516,94.00103283527588,13.039138951545041,18.41115737178463,48.679061542112294,9.420461596678752,16.584455947562972,24.06430062392859,22.3770168252869,101.32786941232463,59.529979192519775,102.61577250254571,99.52503896672158,23.348752180496383,17.23812467916796,26.821495102326704,3.681034628821752,28.398953644317565,40.73370248956367,42.474604665249956,35.0221823903446,38.9010411167109,34.74915740416364,44.15517675584694,30.669721024735438,47.5861425694288,26.45403242803151,68.91666440580265,51.415109418006715,76.79073171866565,27.969988585734896,28.508170365644553,32.12054430135654,87.44686015212427,83.16354105113663,81.79200890259258,39.947401123044784,39.42086593408608,35.43314709878425,34.082962021920835,38.24758956004763,36.9877243116601,20.409308945886085,26.18926833114613,36.361770443770226,41.48697923210028,39.99621247196934,34.746514997667745,31.49956585569535,35.780142538342126,33.10809155152719,33.952325837265974,33.52343027466464,31.445099494032206,79.03731182465238,75.43176787379952,5.938213094707441,9.71796966069865,42.97912432919461,44.42531454039258,44.35070659503291,50.27457344720631,42.676379564785385,42.19210728771397,38.391988621931596,91.80866293589284,78.71750780151422,46.750314179023604,59.1493439113499,20.843081032588792,21.317264364214253,34.56064109050548,32.74141404817511,33.788854360629294,37.03856819529553,31.110031970503616,44.41517681411356,39.57585088223133,44.28667339875804,56.55683753474909,58.36846078119727,50.31225608388705,77.59335461734224,85.9746145165094,88.11549168035424,80.9862843002613,89.69896429765397,10.985648974860656,7.608518713265092,31.767582008118126,36.406199313742846,60.66792576978442,99.6301182269796,69.95087932116554,83.10433582087363,82.12895860894932,75.95025912566084,46.74101463664784,42.60036566226462,44.123354946926455,18.36087858848471,15.948202864334865,28.264397173535414,26.71196943572366,32.14296611056925,30.13695748119202,101.73978902227722,89.57035775204409,105.12220521058224,99.83625622677985,22.572067765883467,19.208122584800282,17.320947628656022,13.874634563116475,12.522983833825936,5.178554304550449,15.816628261188274,8.716170165763588,10.290496265492637,66.15643771973123,69.94444203314973,60.781547244416345,56.04593070008288,60.05878903840643,59.35526473620845,57.313001701664575,51.86155984369114
176,22.02629466372929,18.788734161544653,34.412867464142636,94.28185674067129,77.05624757496463,94.00491970987366,8.373078974798826,24.510753722535384,23.733264758292254,54.103646098960944,68.74077497737079,6.366466042224833,26.476142396302272,16.672963089192052,72.04535900771998,11.905996729478074,31.35553432063582,26.320169135114597,36.07701221940516,56.27867541453669,66.7241775660664,66.31980339319117,49.017843314002945,13.144272561224358,15.047313984494632,92.73350520945779,36.89278255493758,33.25047211154267,7.039499428093835,41.60213763708892,19.19934092113166,28.93219608645039,20.054499440553727,84.00712648497264,27.505974832713225,31.312845523119243,10.803921661252097,11.558608593076881,31.581109589090865,84.5507432070133,18.236238436912792,22.097891339307438,14.426327297322837,32.31543932148214,69.85175845033395,87.76010994689344,101.44299440578378,72.58116856903558,11.886249179086061,47.00235405176009,24.086366043493364,22.025737804904388,25.91826741542191,3.8379884070283046,20.82778412066888,20.267102571311035,33.14714138799484,17.1184597270812,35.8956461958022,3.690146843888831,15.371812327526683,8.573083954245202,6.109714475599126,16.15921070593061,1.7923553719008263,24.394114073072522,30.652533465733235,17.377452093618288,83.87197127958197,17.825862662366355,23.570079952578638,34.58808866198464,9.772238226107191,12.233968535116302,10.545326000941863,28.16233319244246,91.19880228804249,54.66495422586857,98.78305799407624,95.6923133210756,17.323569097260105,4.590642581398686,13.87971467480424,13.042307478258705,27.233514946867768,41.091798798424094,42.83269830118802,35.38027892194856,35.12235862002116,35.10725104010171,33.56351854146896,15.448902304040672,49.06799401977314,31.612956345286708,64.05163943915146,52.897991057177116,65.74346564659957,13.879017042068412,13.287350531232136,17.132680565007878,77.31779859643038,73.03447949544274,71.66294734689868,29.355740235744456,30.150917931932185,24.841486211483918,22.618720061772137,27.65593134566965,24.3648400046477,6.400785919833807,24.189799897295565,35.91689860148262,41.04210471689032,39.551340852425255,33.58107630021795,31.054694236151263,35.33526802313216,19.017121567065423,19.861352957138305,19.432458730998164,17.354127950365726,73.71891467712325,72.91096820808066,11.432773867953797,9.276562148532488,34.577987242901,39.56028957374135,38.08217175044618,43.7710332640802,27.56340657899071,28.1011373032522,23.549841029959534,89.28786327017399,76.19670813579535,45.87974069361075,58.90001037250241,13.991978750364595,26.476186945008266,39.719565007760664,31.207593636625518,29.78507282115155,28.63743133174546,22.708896443414723,44.773270450051626,39.933947413835284,44.6447670346961,56.91493117068716,58.72655441713533,50.670349719825126,75.0725549516234,83.45381485079054,88.47358531629231,78.46548463454246,90.05705793359203,13.252523021118385,16.75117524760997,32.24868575847587,36.76429294968091,55.80290080313321,97.10931856126075,70.30897295710362,83.46242945681169,82.4870522448874,76.30835276159888,44.22021497092898,40.4090843105125,43.67848332738237,9.18688849903701,6.774212774887171,19.090406861344185,14.819355360269036,20.25035359431932,18.244343405737396,99.21898935655838,87.04955808632523,102.60140554486337,100.19434986271793,38.666375239311186,35.302430058228005,33.41525487934022,28.530266523816454,28.1688428721055,20.032961477667897,31.47004676938758,20.258671728702097,11.972693047397136,56.02737059544907,58.32846718039318,46.69057725995458,46.223773644220174,45.96781905394465,47.666335808802174,44.926428901251214,38.34905480653205
87,23.60931912104675,5.756754632539545,36.19447601992888,78.87529931813694,66.54656187527736,75.15486982311961,32.16771024382529,47.239598185519085,32.60188750100899,33.656110353950424,66.23923705840511,24.618536643760027,5.628875121811438,24.027979395702943,53.93946184302841,24.2478245868498,8.32672181408736,16.146529471283003,34.565224038634376,38.17277824984512,48.61828040137482,46.07996752561296,30.911946149311362,15.905255238836471,34.13743684783812,71.88623659850576,32.04691910045106,28.569358013324205,26.143920421368904,46.598923865964835,21.79104965315168,7.961916024617514,8.96277509636909,76.36607674738768,8.92756491287087,38.99911509295171,25.431066060931535,18.453324281210516,36.467729540971575,76.90968790084008,17.694356218739927,43.269047307788824,25.466610359724697,21.375014856483112,64.02646942026611,80.11905464072021,80.59572579483176,57.15663574363357,30.97636914676366,26.15508833647397,21.55536205118004,4.812873355751398,24.614997694556042,25.81231388680881,4.005689783298893,4.978057284646394,36.21018233445685,6.32110142668286,39.65633101527129,22.577852192612966,10.075795336170177,27.50674619355747,21.039856899081357,20.95790665874367,24.38958681082611,1.7923553719008263,9.805263518320043,8.45930165878465,76.54682198477263,9.06427375438301,6.839667965857297,41.88826016557498,23.865270815656377,12.70888692039063,23.79464173797237,3.8268209374102966,80.83230169800089,39.71054946338559,82.12659752753177,79.03585842311941,14.413621115399874,28.55281373763652,21.973231586304877,21.19459393367776,10.713586463472648,20.2445288510109,21.98542969023601,14.533008751791836,23.730552855815006,14.259983765610876,29.225410100699747,31.97936655640284,27.096970490080736,12.408290294584324,50.202376700558446,30.925937338658656,63.241927727633914,25.606289931695894,28.159548898317972,29.7568483202399,71.49250956636256,67.20919046537492,65.83765831683085,28.59368450246157,25.731861596710104,26.72766439033161,22.937654048682287,29.621701579103362,29.325956530123094,29.21787869646478,11.881255491887917,15.872596805217462,20.997804257086337,19.507037496955395,14.79042943998154,11.010391548911995,15.290967563328183,27.04320844345932,31.58862718322697,30.025847439860385,28.352884713733857,58.410620562830196,54.80507104338908,20.685640337025745,17.129207102401704,26.535990909879807,27.922828211854387,29.242736874408166,33.77208444574576,40.04534969467823,36.67082976451025,35.884264001421315,71.18197167407065,58.090810971103764,26.261142099675546,38.660171832001836,11.907951303953462,8.894700441486648,17.6707371630537,16.23892638317575,19.069431325871513,22.080744319627687,19.41762557110762,23.926001839099612,19.08667724367856,23.797498423744088,36.06766255973515,37.87928580618332,29.82308110887311,56.96665778693182,65.34791768609898,67.62631670534029,60.35958746985088,69.20978932264003,12.997094773804161,14.557968723528417,11.278407701334775,15.91702567519008,44.16543966398978,79.00341582798092,49.461704346151606,62.61516084585968,61.63978363393538,55.46108415064687,26.114317806237395,22.11119068725068,23.63418286757839,17.514023056885378,18.23490041652833,21.004998873104007,37.19870408757107,40.891051192048835,40.58194442693694,81.11309776045502,68.94366092163366,84.49551394876005,79.34708682035415,37.081045386458655,31.433800828475054,32.12986054949707,17.372042098762652,20.796068337668654,19.069112579880137,24.04959955095132,13.890950526685948,27.555577143912657,50.20208156538125,57.375620476524205,54.03349302420047,41.606559096158605,52.99818109695252,46.46829592282056,48.6871137207203,43.23567475841276
116,32.484960957879544,11.829844948712275,35.28566571193272,73.31434003507107,60.98560259221149,65.62793971478652,38.47397494672113,53.54586288841492,31.6930798659352,24.129180245617306,61.30355227546276,30.92480134665587,5.017514519030335,25.69796560003864,48.37850255996254,34.0515747856273,14.224204249650084,14.676425069221619,29.629542151357906,32.61181896677926,42.102219136199146,36.55304031294574,25.350986866245506,22.211521278193494,40.44370155073397,62.35930649017265,40.922561160027385,37.44500007290053,36.481625841575095,45.69011355796867,30.856683479528616,2.2407836511066104,18.893775778146097,70.80511189573357,7.08157367621126,38.09030478495556,31.73733076382738,24.75959165702872,35.55891923297543,71.34872861777423,27.031753857431198,49.57531468360702,34.80400799841597,17.336525642910743,59.090790205912015,74.55809535765434,71.06879568649865,51.59567646056772,37.28263674532539,16.628158228140865,30.43100388801284,8.666104325278306,33.490639754132374,32.11858126262702,13.508086473755295,15.216773029960127,35.30137469938306,15.736178866755449,38.74752338019749,31.92850596700266,16.38206271198838,33.813010896453314,32.17993596795413,30.295305856639644,30.69585440938784,9.71844232246922,1.7923553719008263,14.466432269891897,70.9858627017068,18.74175755107637,14.055258850764677,40.97944985757883,35.005351443733865,19.217462666498506,30.100906440868208,11.56847412676228,75.27134241493502,34.149590180319734,72.5996729877869,69.50893388337454,19.025168177085185,34.85908133619825,26.878138781995197,30.998342795994084,9.600509869558481,10.717599410908383,12.458499581902899,5.006079757176376,18.793924085792693,4.733053211790708,26.29918936751485,38.28563415496456,17.57003882254292,16.980208386624096,44.64141474457023,21.39900723032555,58.30624294469156,30.58298179850364,34.465816496879704,34.73353751412529,66.55683035200845,62.273505682432564,60.90197910247676,27.123579877656663,24.261754298982822,25.81885697800135,22.028845077147313,28.712893944029574,28.417146222126938,35.524143399360625,11.327004102752918,10.311636185690425,13.080624933999845,13.94607821388954,9.635464788971365,6.882762602085463,7.373788240241691,27.76935235112461,34.25093848645093,30.75199134752568,30.022870918069554,52.849655711176084,49.24411176032322,32.16996552206612,28.269289066940367,21.599363476318672,22.987144765373216,24.307054764388177,28.836402558469295,39.13654228234796,35.7620194565141,36.610407909086604,65.62100682241656,52.529851688037915,16.734210432137733,29.133241723668732,18.214217343310487,16.118328803929057,10.866346871984199,12.62598044207883,16.876550675574283,20.610639917566303,17.94752094630271,14.399073067227686,9.559747803576041,14.27056831541098,26.540732451402036,28.352358593516094,20.29615233700119,49.13729510053153,59.02583819257606,58.09938659700718,54.037507976327966,59.68285921430692,22.80084363612049,24.081117760440474,3.8748502338011663,6.390096235087562,38.23822029894698,73.44245654491507,39.93477423781849,53.08823073752658,52.112853525602276,45.93415693797965,20.553358523171543,16.550229844980116,15.717001985287187,23.820290655447113,24.54116667862888,22.67498374097851,43.50496879046691,47.19731589494468,46.88820912983277,74.1437367060487,62.621586996699,79.66896235832094,69.82015671202106,45.95668744603498,40.30944288805137,41.005502386329866,26.24768549480016,29.67171017450144,27.944754639456463,32.92524138778412,22.76659392272345,38.69565754924662,45.26639967810479,52.439941262170095,53.12468828479256,36.67087720888214,52.08937078895637,41.53261381280058,44.92064870664879,42.326864450416615
84,25.559978878895123,2.8517642534256042,29.37267141694367,81.91713508054688,66.48737891936733,78.56810257879442,24.26129767474641,39.33318294351785,24.381256202805652,37.68422372841026,63.43810909164501,16.712124074681146,10.163008337890197,16.334352384332412,56.98129203685011,23.49776626557756,15.412710712549458,10.952690505706789,30.318738475991303,41.214611339332706,51.660116163784764,49.90038102264046,33.95378191172131,8.497395702765246,26.231024278759243,75.29946378559231,36.65332501872139,33.17576393159453,23.14381009070847,39.77712193590199,23.399257939453335,12.619060023346542,12.93915494953484,74.14364760863674,11.086551793931935,32.17731316288887,18.023206524860313,11.045465413369879,29.64592761090873,74.68725876208913,19.302563168580402,35.36263763437583,24.606054541828208,16.947959355613147,59.988279573998014,77.89663107055748,84.00895298191831,60.19846593745527,23.06995813688949,30.68922222078332,25.52289764974525,5.712602410031136,28.58253329312126,18.618512219489055,4.884960958069575,10.096381515952489,29.38838040439401,6.632356330397688,32.834529085208445,18.590690216136032,3.1891304901833677,19.600333624478587,18.842120217087498,22.566113608584146,17.358037099316505,8.451291801447336,14.339397402629395,1.7923553719008263,74.00849240324605,9.979744093924925,12.623865715005401,35.066458235512144,21.667535692867233,5.879646024657757,16.386782201901145,12.219510920817276,81.33532341170655,39.29747715566547,83.7189965917946,80.62825748738224,6.107497509245446,21.52126402612691,14.565372050233652,20.44453717161023,10.814091239855891,24.77866139885907,26.519563574545355,19.067142636101185,19.754878654152172,18.794116313459043,27.805241902389206,24.571507020331612,32.64857164922245,18.192487375501834,48.68416236894835,36.478568686626424,60.440799760873816,18.198431732085844,20.75169069870793,22.34898744770749,67.45431972009445,63.17099505051857,61.79946847056276,23.59746626958706,21.243035082855528,19.9058626830123,16.115852118619447,22.799900985501708,22.50415326359907,21.3114661273859,7.647807999027444,19.49747489447074,24.622682346339616,23.13191692266986,17.16165259320607,14.635270306395867,18.91584698904264,19.34958009562761,24.18076764715574,22.332220428489855,20.659257702363323,58.35143203833192,57.84690680579902,18.832148211994785,14.931471979612557,22.442560668181954,24.19280960787237,25.204544132474176,30.042068737429627,31.4275974211657,29.849028057190942,28.1906356535896,74.22380186789235,61.132646733513724,29.46031832306005,42.480585329029346,4.4913076540347845,14.67889752240416,22.327881161782727,15.156551420969912,14.417595750948458,16.88690535405147,12.932201119273058,28.46013572340896,23.62080979152673,28.33163230805344,40.60179377112214,42.41341969049266,34.35721499318246,60.008487980753515,68.38975344850891,71.03954389242683,63.401423232260825,72.62301650972657,11.439943536696108,16.16617545062536,15.935551031833214,20.45115955949943,40.43542373293011,82.04525159039088,52.87493710182639,67.14929473016903,65.05301638961018,58.87431690632167,29.15615356864734,25.34502290823086,27.259060956831668,10.106164189044744,11.203351595992839,13.311370525272288,29.292291741235722,32.98464151863584,32.67553208060158,84.15492795427673,71.9854966840436,87.53734971116998,82.76031400744071,41.04858098502386,36.04020674674538,36.09739614806227,21.97844801703298,25.402474033195453,21.01977100126733,28.656005246478127,17.050492434580196,25.357841798379983,46.16389171911315,54.496749449220275,47.211693989803514,37.568369249890495,46.17637938963321,43.90757504794486,41.865312013400995,36.413872828349916
131,96.15509641609427,73.30961787223595,51.150829788299,16.219001974420948,10.247641969533298,40.19224637976362,85.61690511316051,98.21799107010057,61.90595658364775,52.74980535528386,18.07990165828423,77.74044887593872,72.8059167907639,67.2379132435631,26.429032139716014,92.46958753798623,82.4873028313586,63.66669407067686,47.34740048543084,39.669194454126405,31.707853330559708,43.859740874886235,47.048222513166834,71.56284640453525,83.69860442162687,43.644331175651445,107.2484369873323,103.77087590020543,89.54333896186009,47.28721518363601,93.99437280373013,74.97807828339143,83.53426981381162,3.298192627500565,69.74802678843218,58.248702722314974,75.25557217301395,74.27243791765883,54.81324573093856,6.976962177366167,89.89767936931835,94.24744286529267,94.55641041569834,57.752819938744466,15.522697235515984,10.147111354900577,45.86579138004708,21.80611134790395,81.61719421169278,68.48030426202536,96.11800961835614,74.04736671781208,99.17764815739804,80.22851081134189,76.671569498726,82.15361631771574,51.93025394833039,77.22747052644387,48.35701337790979,85.95998583517937,76.17696749045277,80.28955367572706,87.2797468187728,93.93771798688513,83.8491512049377,77.98154090417773,72.2218220007415,73.99597421686236,1.7923553719008263,80.5748602946629,82.31836300106144,53.97189330099039,90.56217343647936,77.40729694676777,73.91986832126375,79.83157627236727,13.135948858253332,37.27499931517016,38.379670904724875,37.50890229597978,73.10059534372272,87.0618702349437,70.32096212760365,90.58869662230916,67.82069941534698,68.63317871522426,63.56967812620336,74.6130517550834,54.750710484902655,72.08871603582645,51.2704319267103,78.53564884647945,62.04713143293556,86.6840303850748,30.21515983889463,54.596672196759734,19.734106483522343,71.89299129605175,76.9648447674461,73.28459263664509,8.513352381020894,11.610979829097237,13.478644011221826,55.46122893394134,57.08775230699385,58.62721080277376,61.52960911542957,57.37405013463799,61.05738726332893,82.67365006852202,66.99490562096643,62.142315311875166,62.25606486403681,58.41420116507428,64.2856370859613,66.83407365515976,67.0931355176782,64.85383912512113,69.85191993939316,66.35297547339027,68.51885559847297,18.503969032130165,23.897357021146924,88.40867785166235,85.10195548342554,53.381583966482154,52.22675899823489,49.36596360838711,46.37040014140372,60.851121185998934,60.67247530638384,65.23840582959478,18.605492860162965,22.767771790509872,59.39616044830886,46.90458077928474,75.9959382550671,84.38143028130347,81.58332605796255,63.047767761157175,60.553006814090494,58.21750192235602,64.47048637288574,74.08742714167516,67.70156503834858,65.68887677599497,56.15987515283324,60.3667431057508,66.10708889066888,31.555132124909434,30.45723483433136,45.912105328513746,28.006543694667002,38.776321445698784,82.967593567832,86.76129454702922,77.80832996669363,71.15430692764978,37.17589515010331,20.808373358494165,44.59272011325537,48.00733944740416,43.66450060228921,41.710006760059656,52.784269347956716,55.815452401046386,57.60803107568309,75.61980796179061,77.9968099731564,65.80145692462433,88.17494749708848,91.00400193391712,91.56033731151842,35.125471460852324,33.841655714406,29.73460470585116,42.263518863418724,111.6437014178889,106.63532428394453,106.69251368526142,92.57356421777095,95.99759446606049,91.6148872020053,99.25112011075491,87.64560863531815,94.14854473799102,27.846204437548607,26.908913696324873,55.38363622528024,39.904425431861625,49.22673219639819,36.84835925355321,39.25846362639321,49.36404244544122
103,16.045502806809065,7.2992609280398755,36.872279013004885,86.9385983968763,74.60986095401674,84.15505046321822,23.97338228358771,39.47208870446596,31.27321944913959,42.65628809838311,68.7838090273588,20.084232806137315,14.629054425448835,23.066540360165803,62.0027609217678,16.392261692738128,15.229853643756949,17.81416729058234,37.75524550293758,46.2360773285845,56.68157948011421,55.08014816571154,38.97524522805075,14.309780754655499,29.603133010215423,80.8864116700161,28.274270280500836,24.627630148370585,18.288357527257233,47.2767295319632,13.884782090110804,16.962093769050206,4.160648670451136,80.72641499244676,16.10801711495315,39.67691808602771,23.014100964625285,15.119257249005397,37.145532534047575,81.27002614589918,9.788088655699049,37.05922498477683,17.500547073322878,23.530726739423194,66.57104695780805,84.4793928857793,89.59590086634208,65.21993482237295,26.442068204806844,35.155266080906664,15.682130149210977,10.490708619165403,18.69624414285638,20.32861720649266,6.680979906526487,4.700560276614453,36.887988000455216,3.6122195744457284,40.334136681269655,14.722289298501293,6.519634294139738,22.972443692395945,13.184294004969683,13.051639095702793,17.74340300757565,9.048300147619083,18.805442821957442,9.996662133255878,80.59125978705609,1.7923553719008263,8.060613682742204,42.566063158650984,16.009709258005888,7.038835429631029,20.322408230595062,12.026474472705656,88.89560077674025,46.96658700943698,88.74045990812405,85.64972080371169,12.818146853962428,19.551976004124562,20.377757324867435,13.33903103956609,15.835557229107692,29.244708154648293,30.985607434668694,23.533188055429235,26.337643365039856,23.260161510043567,35.24174915207901,29.69941390104006,36.097148234513426,16.10348851624556,56.35327222271986,39.92611508309136,65.78649969658761,24.228095078683705,26.598879649897754,28.37865057156183,74.03708710390448,69.75376243432862,68.38223585437281,31.033973519276866,28.890261944013307,27.48506211091599,23.552358031848065,30.29950724510173,29.03964199671421,22.61362346706315,13.625873252397444,24.518939547261365,29.644148558334944,28.153381798204002,22.18311858245788,19.6567365183912,23.93731164183326,26.241543341961542,30.21043210747126,29.78153676761346,26.42764845690791,66.47391964156958,62.868370122128454,12.830077442914074,9.273644876520619,29.025325156326108,31.86191946164388,31.78731151628422,37.71117569553526,38.9344860577342,36.330076712379466,34.65009489213688,79.24527075281004,66.15411004984315,35.261319844108236,47.66034957643453,10.312477042516019,10.966720675171828,24.21010007438541,20.17801763296524,21.225459281880603,23.748383475388202,20.579426421226135,32.92618247919819,28.08685654731596,32.79767616817678,45.06784052691137,46.879466446281896,38.82326174897169,65.02995686567121,73.41121676483836,76.62649177685063,68.42288654859026,78.20996439415035,5.141531434205428,6.651700937744009,20.27858633674158,24.91720497882748,48.10453358670162,87.0667149067203,58.461884986250176,71.61533591737,70.63996427403396,64.46126479074545,34.177616884976786,30.36648912022619,32.28052694608347,13.640993305954566,13.013704536089648,20.203335108067407,29.780690342199616,35.21168701704519,33.20567838766797,89.17639683919441,77.00696000037303,92.55881302749944,88.34726746045274,31.92777358627616,28.563831300858865,26.976588749314573,13.599394615273606,17.02342063143608,11.505296488385982,20.276950508257567,7.536018589929434,19.700015586262168,52.746659102923196,61.996357045281485,54.711301585864724,44.15113396077818,53.67598409002854,51.40717974834019,49.364916713796305,43.91347775148877
72,20.69479932823412,9.62207144325848,40.48010341211746,83.16092938324789,70.8321919403883,79.44049988823056,31.43197433152939,47.37341136114176,36.887517566119946,37.941737523395474,70.52486712351606,24.956157253629,9.914503850461209,27.893297988370122,58.22508633955111,24.29358434941392,7.1754843531336086,20.432158199932775,38.85085143082296,42.45840564203371,52.90391046648577,50.36559759072391,35.19757621442231,19.770572272298942,34.4750574577071,76.17186666361673,29.132397971177248,25.654836884050386,26.18968040667655,50.8845510354099,19.066520513422013,12.280207196269835,7.103612812039492,80.6517012439104,13.213193641520643,43.284742262396776,29.296381757932824,19.991181696497083,40.75335671041664,81.19531796595103,15.241592227785773,43.60667081332369,23.013846146027014,25.6606422486717,68.31209948537706,84.40468470583116,84.88135585994272,61.44226580874452,31.31399265229853,30.440715505919034,18.640840921906232,9.620485286581644,21.700477901743408,25.343435860579902,7.871006594017827,3.316563400133907,40.4958123995678,6.966511941914627,43.94196108038223,22.623613514381795,10.798861819225557,27.844369699092333,21.08561666164548,18.505142667789514,23.486309006627074,6.501558656683592,14.090892246969815,12.324619583221235,80.83244648129536,8.043751329293741,1.7923553719008263,46.17388733502004,23.91103347388639,12.332290202162422,25.194334237291454,4.379728514829054,85.11793176311181,43.99617952849654,86.41222759264272,83.32148848823036,18.278938371605868,27.45329888354388,25.838547506049693,20.27451436227041,14.999215192122417,24.530157579660674,26.271056859681067,18.81863748044161,28.016180025260073,18.545612494260652,33.51104016581069,34.57134124419763,31.3825976595258,8.049119448365746,54.4880067656694,35.21156450810372,67.52755222415662,29.471608524363067,32.02486749098515,33.62216423998472,75.7781396314735,71.49481496189762,70.12328838194182,32.87931456757253,30.017488988898688,31.013294455442562,27.223282777332052,33.90733164421432,33.61158392231168,29.555502201999644,16.16688422053769,20.15822553386724,25.283431649274927,23.79266756206635,19.076057945887783,15.296020945792353,19.576596069234427,31.13068875998492,35.45394577589414,34.113327533642455,32.21820330640104,62.69624505935289,59.09070110850003,20.731401658794578,17.17496842417053,30.821620974990758,32.208455604042975,33.52836404385323,38.05771451085671,44.33097975978917,40.956457156698846,39.97174409520339,75.46759617059337,62.376441036214715,30.54676926912061,42.94580189711279,15.773268560159458,2.9123507163178948,16.1557287790703,20.524555111825524,23.355060054521278,26.36637438473864,23.70325563621857,27.878271264352044,23.37230597232833,28.083125593189155,40.35328995192374,42.16491587129427,34.10871117398407,61.25228785204277,69.6335477512099,71.91194677045124,64.64521753496183,73.49541938775099,13.042854536368282,12.290954571590344,15.596698204756507,20.20265440383985,48.45106683343484,83.28904589309187,53.74733441126255,66.90078534238239,65.92541369904633,59.74671421575782,30.39994787134835,26.39681785669574,27.919810037023453,18.512919312650965,17.885630320042512,24.870317465771176,37.53632492018358,41.228674697583706,40.91956793247179,85.39872225697775,73.22929098674459,88.781144013871,83.6327168854651,34.16652425718484,28.51927969920124,29.215339420223245,14.457520969488844,17.881547208394842,16.154591450606326,21.135078421677512,10.976430065642724,27.60133980214267,54.48771163049221,61.66125054163515,58.31912308931142,45.89218916126955,57.28381116206347,50.75392309226562,52.972743785831256,47.52130192785782
187,54.73559733639496,36.34999287962366,11.911579127825902,68.840803528087,51.61519993096859,76.2805599376483,33.365101500647654,41.73702844590953,11.989221953781248,42.942817133811346,37.63890655724016,28.57095352522929,37.995853063998936,21.86618104580674,54.320993666906375,45.64457364326863,46.324075055760574,29.098527144524667,15.922499597438815,39.77611691709482,49.49087817998794,51.40667857539778,36.64026378361167,28.100981382781228,27.217641797435853,78.61317473208155,69.52426420682394,64.5707153927789,40.37384071548479,7.069168866284333,51.908642257336155,41.28210262891018,45.67940783568828,55.28871963857661,35.361587844119136,3.942388299519937,25.02300548263549,30.81056732731656,6.3753548455313656,59.109689994429004,50.036772454622415,37.766482914023996,48.164902651908676,28.646580522238512,44.410708133415525,62.319056734309115,84.61365711705011,51.25197762525323,29.364134771158007,49.96361791079574,55.40660665180722,37.884136046548164,58.420721981913815,31.05901546063247,38.588490068395245,43.448146915974455,10.707678191340495,39.69842954243349,10.27979566631342,37.428723089448795,36.25935564161759,28.0364942351923,39.84829138938967,48.8078518511344,34.6796529585624,41.81831312857972,41.02749006840267,35.061154266576764,53.96179745049502,42.30716278519177,46.15512965687516,1.7923553719008263,42.62830594243205,36.43346044888743,24.750372970554313,43.66834292818099,65.75775464404643,36.263323372116744,81.05869265326264,77.96795354885026,29.638727426302815,37.892371988568385,25.091095284077966,45.458830486558455,32.78440622237949,44.24865375111645,42.30305583998639,45.75523530187445,28.911528382536112,45.08844987202079,17.406673149082977,22.65049442632074,44.22856518038006,50.520799713810874,40.71665971385593,43.4853952027718,34.64159722646895,21.303699283239773,23.37575292845444,20.372411480148422,46.39205348543806,42.52744767206676,40.992393929591785,16.38052867729755,19.280677280300782,16.324181469267437,18.962208159137656,12.350904656217537,14.795261415376935,31.38938020001304,30.56780182693696,34.42810869018007,38.514675758232826,34.455024572853205,36.2468708667634,37.74732140185931,39.37892332739486,17.590451930602455,15.219742423958008,15.470508426446667,18.445693756104724,51.88754844504906,51.78931854833729,43.278809042989266,39.972089347674824,22.031264740113258,25.970038580372552,22.022681986416888,27.711542163589723,7.017607302995377,8.207695467700987,11.40488704623356,65.85673630017183,56.92798394154274,37.26899927270368,47.7391785116869,32.53407323331308,48.218199610039534,51.176116747537556,33.41308869851136,27.419255207912062,23.11824336559628,23.562885336560974,50.36561986507691,41.34580727847837,47.60602799806586,50.86382474994724,54.81865839871656,51.13152349283982,57.83925556554494,65.72944950997693,74.3532548389161,60.74111929372884,75.93672745621583,41.99375706995166,46.877957358866425,44.18462345050747,46.1535397135583,32.97579860049649,73.43017780782607,56.1886424797274,72.70956350829204,68.36672176751118,62.18802228422268,31.731514262029567,31.806166756095223,34.4213290453587,32.1579429400366,32.866946733071565,22.3395903436656,31.693984872897428,34.523039309726094,35.07937736024975,81.49462958433301,69.32519274551161,79.738747906257,83.36501814257252,71.87085615776212,68.50691097667894,66.06369288244467,54.84938586867436,58.2734161169639,51.353203422442945,61.52694733024656,50.50764113977856,45.93363349068426,30.58632027853066,27.226601655928437,12.233893247803177,21.84913982930372,11.511137046485029,21.55488448905181,17.142877986552918,6.289952303222848
178,14.197299504153435,23.08798632997376,41.48838808492727,100.84535124055165,83.85333878330094,97.86908560477329,13.819028200066999,27.81857599832312,31.705692718319114,58.40289693092887,76.71320583306351,14.338894893225808,30.775396123936087,25.194339805879707,75.90951376544314,3.72708262151364,31.05819130957162,30.184326565760102,43.33670008642552,60.14283017225984,70.58833232378954,70.61905979374734,52.88199807172608,18.986290966853254,20.97580009199231,97.03275047283745,29.71653463698327,23.204623306514257,4.813045091012997,49.574568492781665,11.370345761555809,33.231446918418314,17.69648074652867,90.80421769330894,31.805225664681146,39.285276378811986,18.77635095774013,17.40062722144931,39.55353754911772,91.34783441534958,12.390337166069655,25.40571227863399,5.91805190958029,36.17959675212764,76.64884965867023,94.5572011552297,105.74224523775169,76.44532889534699,18.82671750199086,51.30161045231627,16.934880078277505,26.324988636872316,18.089270696641346,11.810417480772808,21.258735828795253,20.52889705145501,41.50409707237761,17.835965417911158,43.86807415582905,5.533911981710036,19.23499948735568,16.545513250733233,3.634481453803918,9.41967419830035,9.712708013033966,23.87138512555375,34.95178429770117,21.676702925586213,90.66906248791827,15.970764110997319,23.888951348556873,42.560516844755014,1.7923553719008263,15.930316558879184,18.517755520173424,27.233545685474898,97.99589349637878,58.529114552179955,102.64721275179937,99.55647921597526,22.694613014556126,8.653332879501066,22.63381383159272,7.4130904451287805,31.53276577883569,45.39104963039202,47.131951806078305,39.67952975391648,38.98651605066665,39.40650454499199,40.82320351282342,23.421331823272237,53.36724485174106,31.931824845599046,67.91579976546284,57.19724188914503,73.71589093370409,21.851446561299973,21.259779827720166,25.105108747778257,84.11488980476668,79.83157070377904,78.46003855523497,36.61542788002128,36.29608337678542,32.10117385576074,30.434732169217284,34.91561631702412,32.33726818741809,12.93695958930357,28.053957327941063,40.21614943345054,45.34135844452413,43.85059168439318,37.88032713218587,35.353945068119195,39.63452152802245,26.989552422758166,27.833783812831044,27.40488825022973,25.32655746959729,77.58306943484641,76.77512853439205,5.443265388475702,6.782468095594498,42.32498494051082,43.42444700438685,44.436181528988655,49.27370323827823,35.53583743468346,36.07356526327905,31.52226898998639,93.15202359648538,80.06086289351849,50.17899419850103,63.19926120447032,19.13534403205217,26.79505544532061,40.0384364037389,35.87522618269324,33.64923314746295,36.384429029355275,30.45589280456336,49.07252128201955,44.23319824580321,48.94402053958639,61.21418200265508,63.02580524910326,54.969600551793064,78.93670970934654,87.31797517710193,92.77283614826023,82.32964496085384,94.35630876555997,10.894489180533297,14.257081194671985,36.54793948610969,41.06354667731473,59.667061129444605,100.97347331898389,74.60822378907154,87.76168028877962,86.78630307685532,80.60760916215506,48.08437529724037,44.273241963901526,47.97773683227264,15.02890690466591,12.616231180516067,24.93242393051191,18.127176076852066,23.558174310902352,21.552164122320427,103.08315525145801,90.91371841263663,106.46557143976301,104.49361183186235,30.83738007973534,27.473434898652147,25.58625971976436,22.71469601670426,21.02491637680938,14.187060206824764,24.318559467710536,17.556231619351372,3.8921101844506047,62.824461803785354,66.30089803608593,54.66300521998143,52.713960352725266,53.940247013971515,56.02328882026258,52.89885418835571,46.321482766558916
70,21.94919622296116,7.2834657388434465,30.944224582468266,85.04083465880488,69.9144941655468,82.06456345443826,20.17451209529075,35.76575041064091,25.345165018602977,42.598377676259744,64.94656168805469,13.14469154180421,14.970875310062246,17.13848592962919,60.104991615108105,17.73416048754354,19.850265897934612,14.379807311090966,31.827188176735078,44.338310917590704,54.783815742042776,54.81453764341232,37.07748148997931,8.381725655888292,22.663591745882307,81.22823389109068,34.34827740904287,31.28183138223838,18.18257796134104,41.348672205760685,18.912812108446957,17.42692610454447,11.739701978599175,79.29470867928438,16.000706410012015,33.74886343274757,16.074559700292173,8.179714648211108,31.217477880767433,79.83831983273677,13.719347574744603,31.795205101498894,18.842447427333006,20.375077497458506,65.13934064464567,83.04769214120515,89.93772308741669,60.64080674501196,19.502525604012554,35.49708830198125,21.58582356536307,10.520469382203183,24.599937559008474,13.531968812293934,9.322516366198261,9.150229814363472,30.959933569918597,5.400510213387193,34.406082250733036,13.511040721193137,3.4304793417124335,16.032901091601655,13.078513102592307,16.596532656270274,12.228848106849615,12.888846986832494,19.147263483827324,5.87218344817355,79.15955347389371,7.031231633748829,12.36394205776955,36.638008505370834,15.903928355628512,1.7923553719008263,13.382865629800776,16.65706610620243,86.48638448235423,42.724592401844944,86.84269617005262,83.75195706564025,6.890092200682283,16.3920763701212,14.449701335126111,14.680931393576213,15.72824496496185,29.586530375722887,31.327429655743288,23.875010276503822,23.181995236792822,23.60198239465697,29.313694498798867,22.75987263670695,37.56272559707193,20.40681689127291,52.11127761512782,41.3927226344759,61.94925235728348,17.288552255145895,19.65933838556464,21.439109307228723,72.6053807907421,68.32205612116621,66.95052954121041,25.105916193074364,22.962205954271983,21.557007457635848,17.624303378567923,24.371452814565117,23.111586006972885,17.744033594508963,12.249436514067224,24.411630178781415,29.536836294189108,28.046072206980526,22.075806318312033,19.549425590706534,23.83000227335331,20.313488911424926,23.270889506676966,22.84199550328035,20.763663163443205,61.77854728451139,60.97060638405703,13.068541097499587,9.167864865117362,26.5204627901758,27.61992485405183,28.63166227431953,33.4691839836091,31.99494479340109,30.402022281842854,27.71055362780377,77.34750144615035,64.25634631177172,34.37447204816601,47.3947390541353,4.384421721005284,15.270047713737995,28.51342711295157,20.070706705280582,17.844712333589108,20.579908215481435,14.651370654228337,33.26800202735042,28.428678768390547,33.13949838925137,45.40966274798596,47.221288667356475,39.165081297123926,63.13219312759978,71.51345302676692,76.96831399792521,66.52512281051884,78.55178661522496,5.676336644944443,10.56053381544979,20.743418672235848,25.259027199902064,43.86253897910959,85.16895116864887,58.80370720732476,71.9571581384446,70.98178649510854,64.80308701182004,32.27985314690534,28.468722486488872,32.17321468193762,6.701451373390867,6.074162380782421,14.275279341069611,25.724859208358787,29.41720631283655,29.108099547724645,87.27862753253473,75.1091962623016,90.66104928942801,88.68908411293907,38.581974820143955,35.21803253472666,33.63078998318237,19.67340040735447,25.021067613924846,17.70085765689236,26.350957859543136,14.190219155566638,19.59423468388479,51.31495278976079,56.06829971907897,48.783244259662226,41.20444866577834,47.74793233241428,45.47912531780357,43.43686495618205,37.98542309820863
6,30.448567215350078,18.124539461687945,24.439537047419346,84.30852632394799,67.08291715824134,86.13022871512678,13.052189049478258,26.200344253173327,13.759932782364256,47.24859145554117,58.767444560647505,5.1757310303082225,25.81194903290674,6.699632672468756,64.17066244438486,22.249350034629906,30.69134095724029,19.599058417769577,26.10368180268187,48.40397885120157,58.849481002731274,59.42023345530914,41.14314964633371,7.865294781679099,12.64849558083058,84.86383151272322,43.92599304220656,40.28368259881165,16.9786173295896,31.628807220365623,27.621612136291272,28.268000050132493,25.412823365827926,74.03379606824936,24.983376512989956,21.339515106395943,3.4241534254616077,6.794254792225792,21.60777761316286,74.57741279029,25.269446028515887,22.229798721287786,25.13951415890274,25.90639785819747,59.87842803361063,77.78677953017012,93.57332070904923,66.71969485252598,9.610477642524131,45.02467283080537,31.11957385783998,21.361543105047673,34.133689187946565,7.66379051553257,20.163589420812166,22.405258031963303,23.17381097127155,18.655539099217613,25.922312883413017,14.033499480810072,16.03819125043817,8.225061667014215,16.453066444289778,24.520819057167152,11.284430909128387,23.72992070967699,29.55698055080798,16.50238319828381,73.89864086285868,20.70435213000346,25.618969607138794,24.614758245261335,19.23308255653686,13.771047684509192,1.7923553719008263,27.498139829046927,81.22547187131919,48.30445147342779,90.90836143074111,87.81762232632875,11.493117094911373,14.497149939134378,3.9063833671068267,21.171800365513562,22.607481314224536,39.996245883498844,39.31205571970126,34.28472600702331,27.027480077321876,34.01169812517645,23.59018812474566,10.096289745618144,42.20820607634173,33.47111628373149,56.18438250971694,45.87800329407707,55.77013522987629,3.905686402601585,6.2764720875332785,8.056243009197352,67.34446817970706,63.061149078719446,61.68961693017539,19.382411155482338,20.17758595600418,14.868157131221801,12.645389645048837,17.682599592485175,14.391508251463225,10.10892910448212,18.570400953479158,30.99806726224752,36.66335961474603,32.434668364480764,28.47008122202162,28.532095916428,30.95652559391023,9.043791150342127,9.8880232086456,9.459128314274867,7.380796865411841,67.35527124091007,66.09367416157713,18.991778921944373,15.685057890168753,27.393341893867255,31.486087199210495,30.897526401412428,36.58638769230292,18.612079163600313,18.127806886528905,14.327686661541819,81.32445909603283,68.32201157246023,39.126429726087835,52.044950160494366,12.312908842133655,29.95752643063381,37.97682252502986,23.9136201944998,23.06396344026772,19.588362496204496,15.678095818396365,43.677717535126376,36.40686487141036,42.667082918075494,53.256429945586625,56.748870300514724,48.692665603204524,67.19785838828827,75.57911828745542,80.60391161955775,70.59078807120733,82.18738423685748,18.922841135883342,23.850759074679576,31.58449239508035,35.66874003475566,47.37710333515082,88.89790060368708,62.43929926036907,78.96022028893367,74.61737854815286,68.43867906486433,36.345521303259744,32.53439064284327,35.959153049115784,7.751262567977932,8.579913716360796,9.668228803023576,16.159452828147675,19.851801269086618,19.542693167513534,91.34429836181151,79.1748615229901,94.72672011870475,92.32468173457161,47.58382603671723,44.219880855634045,41.77666276139979,33.34651912166086,35.202050686452125,27.066170628475703,38.503254583734204,27.358254219310517,22.53841121850671,46.05404017872577,48.355136763669876,36.71724684323128,36.25044322749689,35.99448863722136,37.693005392078874,34.95309848452792,28.37572438980876
77,24.663753580341638,9.522441826204442,37.97244561466617,80.65327158579659,68.32453414293701,76.9328420907793,35.93339565554195,51.00528359723574,34.379856873002765,35.43407972594419,68.01720375747652,28.384222055476684,7.406844716548737,26.551641315781765,55.717428542099825,27.607913409198815,3.2718382812664437,17.9244990660203,36.34319363337168,39.95074784458242,50.39624710044623,47.85793979327263,32.68991574404867,19.67094198701431,37.90312225955478,73.66420329757719,33.101353559745945,29.623789799696723,29.504009466461447,48.3768932379586,23.035474542785998,9.772547394126772,11.072567064147012,78.14404344645908,10.70553428486464,40.777084464945474,29.196751472648195,22.219011029388355,38.24569891296534,78.68766016849975,19.210546479893296,47.03473539242785,26.982800398134533,23.1529828920157,65.80444168792579,81.89702690837984,82.37369249390318,58.934602442704985,34.742057454146206,27.933057708467743,22.609794951270217,7.112825261695052,25.669432153850927,29.57800197144783,7.771376976963792,7.285517652241427,37.98815170645062,9.681191140005993,41.434300387265054,25.93794123770551,13.841482084348014,31.27243160527413,24.39994438496919,22.474096919897033,28.155275118208657,3.831258656757664,11.583232890313813,12.224989075193081,78.32478868384405,12.012704690427142,4.3790152900461266,43.666229537568746,27.225359860748917,16.474573668568468,27.56032714968903,1.7923553719008263,82.6102683970723,41.48851905812289,83.90456979519142,80.81383069077906,18.179309200038894,32.318502045019066,25.738916998021537,24.24346705517322,12.491556058209948,22.02249822300467,23.76339906222978,16.310978346529136,25.508522227808783,16.037951801143468,31.00337969543704,35.74505486378539,28.87493718915215,7.468564053034397,51.980343399629845,32.70390671065243,65.01989442670532,29.37197823907844,31.92523720570052,33.522533731956564,73.2704818340222,68.98715716444633,67.61563058449053,30.37165387445535,27.50982829578151,28.505633985068908,24.71562208421488,31.399670951097132,31.1039232291945,32.98356410818143,13.659223527420506,17.65056484075005,22.775773851823637,21.285007091692698,16.56839747551413,12.788360475418704,17.068936935321954,28.623028066867747,35.354315267865985,31.605669736191164,30.876546633812687,60.1885872619016,56.583043311048726,24.04572938211829,20.489296147494244,28.31396028187358,29.700797806591687,31.020706246401936,35.55005404048306,41.82331928941552,38.44879935924755,37.464083624829726,72.95993837314207,59.86877767017518,28.03910879874696,40.438141203995606,15.6736380521313,5.445897326025693,15.575174274713069,18.016895755169525,20.84740092060881,23.858713914364984,21.195594943101398,25.703971433836912,20.86464683841586,25.575467795737858,37.84563215447244,39.65725540092062,31.60105070361041,58.74462448600323,67.12588995375862,69.4042834044117,62.13755973751053,70.98775602171145,16.357183596153178,16.25990882369786,13.089039070844034,17.69499526992738,45.94340903598355,80.78138809564058,51.239671045223005,64.39312754493109,63.41775590159504,57.239056418306525,27.89228740097469,23.88916005924445,25.412149566649795,21.279711364267932,22.0005873874497,23.528660793182826,40.96438949928773,44.65673949943139,44.34762983865359,82.89106445952645,70.7216331892933,86.27348064783146,81.12505351942558,38.13547717283117,32.48823261484758,33.184292113126055,18.426475221596355,21.850501237758827,20.123545702713848,25.104031114580323,14.945384985980835,30.91566596626167,51.980053833040905,59.153592744183854,55.81146529186012,43.38452869089589,54.77614779602394,48.246265294814336,50.46508598837997,45.01364413040653
128,103.57058491806657,81.57372024323308,58.48760629537216,3.3111219984405467,17.30375739673146,27.284364621834975,92.95368718882192,105.554773145762,69.24273309072092,55.830504295083344,29.33434282402603,85.07722538301188,75.88661016197511,74.57468975063627,28.67240763453722,99.80636404505941,85.30983088275946,71.00347057775002,54.68417699250401,42.74989049825999,34.78854670177094,47.48634233083081,50.128915884378074,78.89962291160843,91.03538092870004,32.46637590597039,112.00818779313678,108.53062670600993,96.88011546893327,58.54165501291663,101.94230743971566,78.05877165460267,89.9794039704602,10.01680171226062,73.71242170322498,65.84635645167575,82.59234868008711,81.60921442473202,62.41089946029933,6.6605487562410275,98.19384567145306,101.58422494095407,101.89319249135977,65.08959644581765,25.323453093020255,3.832551905692603,32.9579122950408,28.86222677510212,88.95397071876593,67.69987775610915,101.51663341678812,79.75172828546535,104.57627195583001,87.56528731841505,83.56872266930799,86.30239832660834,59.267030455403564,85.52363682857856,57.072410846367944,93.29676234225253,83.51374399752592,87.62633018280023,94.6165177572577,101.27448892537004,91.18592771201087,80.80406895557861,75.30251537195275,81.33275072393555,13.41016017647485,88.87102659679758,85.14088548387406,65.73089734292166,97.89895551214076,84.74407345384094,81.2566448283369,82.65409875517992,1.7923553719008263,44.331113405907146,25.471789146796237,24.601023433717025,80.4373718507959,94.39864117342862,77.6577386346768,97.92547312938234,74.71785258592895,72.31078576660701,66.6503714974146,79.72195861268636,62.08748699197582,75.16940940703768,58.60720843378347,85.87242535355261,65.1278248041468,89.50655286788742,37.55193634596779,57.67736556797097,31.093963920482985,79.22977337171318,84.30162127451928,80.62136914371824,19.861837424315972,22.970835929596703,24.838501448182463,62.79800544101451,64.42452881406702,65.96398730984694,68.86638562250275,64.71082664171117,68.39416377040209,90.0104265755952,74.3316821280396,65.22301425167464,65.33675823524803,61.494900104873764,67.36633045717252,69.91476702637101,70.17382888888943,72.1906156321943,77.18869644646632,73.68975198046343,75.85563210554612,25.560081786405966,27.82051653995612,95.74544879014726,92.43873199049872,60.71836047355532,59.56353550530806,56.70274011546027,53.70717932139925,72.6633553630021,68.14042547824965,75.97418734936664,10.048357342662808,22.743047258684456,62.47685381952009,49.98527971908422,83.33271476214026,87.20395276411608,83.05882931770307,69.94492093173916,67.88978332116366,65.55427842942919,71.80726287995891,75.39675259089,70.78226397814808,68.82904823829342,58.12484618248146,58.61308886297438,66.57561876876045,29.801477882133007,22.921236514063153,34.435732087492894,25.308122769570847,31.24032312543058,90.30437007490517,95.0574608491639,82.9172368242966,76.26321378525277,44.51267165717647,7.900493828000817,42.83906587047895,40.29728933282624,35.990729840153314,39.95635541294912,55.864962719167956,58.89614577225762,60.68872444689432,82.9565844688638,85.33358648022957,73.1382334316975,95.51172400416164,98.34077844099028,98.89711381859159,22.217592375846046,26.305654498471903,16.826724284383708,29.355640001155972,117.04231407914438,111.39506395257251,112.09112634651689,97.33330945498719,100.75733413468848,99.03038127256586,104.0108709165594,93.85221788291051,101.48531567647592,35.18298094462177,38.1633535256055,66.63808162314913,47.241201938934786,60.48117202567882,44.18513576062638,51.159004475848484,59.77849414889468
119,62.4304786165827,39.66205552399123,27.94900904087867,43.261128775298786,27.313566298612557,40.66322086809649,57.48129557572484,72.75538185240453,38.70413294056154,18.11798790624127,31.348378684735895,49.932121975659584,34.74650118756889,42.15209141255689,18.703653038149874,60.31939339986983,44.16972190835323,28.995382857311416,23.67316565824352,3.769629085914576,13.382473155700989,15.40019252616578,8.988808914663597,41.13382226101669,60.49678634712893,42.6066860099272,70.86807592306465,67.39051483593778,60.44523792570824,33.63520030507554,60.3788770595453,36.91866268019642,48.839292100388064,37.13307560213464,32.572315401741086,35.30775630151638,49.97918768353985,43.822289223246045,31.872304878728205,37.676692324175285,56.28218362513355,68.78483364759663,61.427681676120486,23.095670981757337,25.880760077899225,40.8860590640554,51.31617231058732,18.03987731887301,56.1655105641412,33.87000807010385,60.37652154671599,38.61162198398145,63.43616008575788,51.59322071314992,41.657063518654375,45.16229202512446,28.72843587383244,43.61197478225907,26.4900193182187,55.89211515546991,41.47094169794325,54.78009592509245,55.663747351379776,59.54573272867611,54.659463597855094,39.66395998117237,34.16240639754649,39.28994575143051,37.31382083951961,46.95936455047807,44.000776509467826,36.26180582044714,58.489159931493624,42.701271154258265,48.34276336058069,41.51399245369602,44.32475407812683,1.7923553719008263,45.44135358371082,42.35061447929846,39.18780670576795,58.82269052466549,45.235140296597436,57.26616430590251,32.80619053960945,33.10389573165336,28.05284917887952,37.82057061168621,19.73569776330037,34.743243563443244,24.430045500120745,55.33382520339323,27.436835241014055,48.366446566403546,10.969377559997172,19.986376004838224,28.351066681042333,48.03574481606214,52.69989966739662,50.08276899355889,33.34680022399566,29.06347845008567,28.937305377540575,31.053652910148713,28.3822229322953,33.54138897176757,35.09304000289035,34.17222649155179,37.41679227775362,54.53146402836434,32.288877155534564,24.0829023816025,24.879182658263534,20.354789571262806,26.226221482766274,28.77465805196475,29.033719914483193,41.27815449984166,46.650101864895205,43.151154725969946,44.94317364611586,19.17761941757715,17.91288566385532,55.653774009825874,51.75309488177777,21.98041640160723,16.311188616421415,17.45704258899959,12.033680225899818,41.59171323988685,37.601825328090285,45.43559276779551,35.56779823556663,22.47663886906092,22.39628703629422,16.182496982783082,41.05901384648007,46.06384646263221,45.040136800372764,28.033258885419652,26.15376858105897,27.037172093797444,33.29015943999306,38.55814415810427,31.000603642823165,31.078583479739336,26.180077264869446,30.134910913638763,33.42584633418974,21.730848982053278,30.112110440425134,38.34676611676173,25.123780224177043,39.930238734061476,48.26156777532249,53.145793234256146,38.04864060767679,34.3618286799185,4.1301853743198675,43.389247958065134,20.182155094034222,36.703077459060026,32.360235718279185,26.18153623499068,14.724852185557001,17.756035238646668,19.548615472488073,45.105013526395595,48.4254401903131,40.71563798928402,62.7144877544565,66.40683485893427,66.09772809382235,45.87728761911532,33.70785367595982,49.25970380742032,50.06753890469796,75.90220220907224,70.25495765108863,70.951020045033,56.19320315350331,59.617227833204595,57.89027497108198,62.870759046487265,52.7121115814266,62.179468932672265,15.400554484401962,24.21099951275938,43.417505870506275,14.634144115108393,37.633747371599256,18.97875800341358,23.662760862472087,32.46061241713271
160,105.46516342365962,81.4419173279683,73.24224909159994,22.529566963906174,36.25323019454372,7.584676245818317,101.6428510380392,116.71473630681066,83.99737588694872,49.69841946402694,54.563767408796586,94.0936830065622,77.997717653041,84.77916112839767,26.933835801661367,103.97951976471771,85.07285960982469,73.15693831962577,68.96640303604244,42.61808758299519,34.15514495846985,38.2256381851702,49.997118537701525,85.29538039625342,101.83060155944138,12.287479772522985,113.9027662987298,110.42520521160296,104.60679895661085,75.6927230563226,103.83688594530868,75.12053390797651,91.87398247605321,35.246226297031185,73.58062435654841,80.60099367931528,92.60625739938062,87.98384468556043,77.16554225652712,31.889974009242174,100.01195632321125,112.74419923917924,105.0878024723801,66.85360826273714,47.05547281506699,28.43234846804662,7.942778123266994,32.58085494319265,98.79258027998199,58.4391762833709,103.41121192238116,81.6463123596466,106.47085046142305,95.75478174405254,83.43692532263142,88.19697683220139,74.02167325163136,85.39183391331377,71.78326226460587,100.05367618637251,85.78245924180231,96.98188698777139,99.82530838228237,103.27551656393032,98.8210246287577,82.69864746117165,73.24215442559972,83.86682590403993,38.639584761245416,88.73922368153278,87.0354639894671,80.30538517211889,102.65072096239622,86.86282661657262,90.96983307642145,84.54867726077293,25.47587916349333,45.43035829484148,1.7923553719008263,3.260148032583623,83.34936484100467,102.98424598697986,88.9072614005336,100.92628510216215,74.58604967066415,63.05008429386875,60.51829223494644,70.46125713994812,64.99412856887734,69.03733014456952,69.72328555084204,100.62706258119215,59.48059695192795,82.02925860493983,41.82499543447847,51.54528630550282,56.32338560958765,90.66281453190294,95.32696938323741,95.37600637135779,45.09126200908652,48.20026318728962,50.06792313728714,76.34689296086998,73.67546298301659,78.83463191815473,79.5830501788159,79.46546943793894,82.71002965555253,98.69302505926694,76.45043529077128,65.09121133640984,63.0298369069955,61.363097189608965,67.23452754190772,69.7829641111062,67.46700496412559,86.57139455056293,91.94333924269412,88.44439477669124,88.65555564309204,35.9417901909555,29.30617980032865,99.81532947214023,95.91465591268036,67.27365801153321,62.124206262889516,62.750282639720865,57.32691760369873,86.88495618627402,82.89506270588922,90.72883014559443,21.98375354517307,26.95670332067751,56.816550922092674,43.85319778369371,85.2205719817168,85.99584197491444,72.99035400215793,69.81311801647435,70.39106508506987,71.3717881417132,77.78016404733035,63.35720307297578,65.36597104920212,59.56834676555517,48.86414470974321,46.573539345060155,55.54528677355951,25.368174425247705,15.496711529823944,15.496164471714366,20.38158004932859,14.200260656640705,92.7287886152109,97.06132846773116,73.65653535155835,67.00251231251451,49.75150481580434,17.63909087603482,33.5783643977407,23.119185793471537,21.307595958552866,27.507859911207262,55.73315980390315,58.764342856992826,60.06500358289228,89.26656898870996,92.58699565262746,83.64569726467343,106.67384777745087,110.36620045051689,110.05708811681671,3.4190303242725575,11.80619782734127,8.944258203980095,4.34050605212569,118.93689258473742,113.28965359534205,113.98570485210993,99.22788796058023,102.65191264028152,100.9249597781589,105.90544942215243,95.7467963885035,106.34102439498662,50.5362915263195,58.65369500848585,83.95286616107472,59.9273814929073,77.79596213219267,58.75962626274594,65.73349787363394,74.35298197809189
154,101.61222380266989,78.34929604072776,70.14962780435943,21.671725944152815,35.245065135009504,4.492054067603676,98.55023531938693,113.62212058815837,80.90474903111995,45.84547427444896,51.75671446413959,91.00106171932168,74.14477246346303,81.68653984115714,23.84121451442084,100.88689290888894,81.21991442024671,70.06431703238525,65.8737817488019,39.52546629575467,31.062523671229318,34.37269299559223,46.904491681872756,82.20275910901289,98.73797470361261,9.674064015277905,110.04981554056359,106.57225445343673,101.51417210078208,72.60010176908207,99.98394632431896,71.26758871839853,88.02103728647526,34.38838527727782,70.48799750071966,77.50837239207476,89.5136361121401,84.89122339831988,74.0729209692866,31.03213298948882,96.15901670222155,109.65157238335047,101.99518675372784,63.76098697549662,46.19491721991403,27.57450744829326,10.471672511608077,29.488233655952122,95.6999534241532,54.58623109379292,99.55826116421491,77.7933616014804,102.61789970325682,92.66215488822377,80.34429846680266,84.34403164262339,70.92905196439084,82.29921262607326,68.6906354087771,96.96104933054376,82.6898379545618,93.88927126911912,96.73268152645362,99.4225658057641,95.72839777292893,78.84570227159367,69.38920923602174,80.77420461679941,37.78174641441441,85.64660239429227,83.18251879988914,77.21276388487836,99.55809410656744,83.77020532933211,87.87721178918093,80.69573207119497,24.61803814373998,42.337737007600964,3.254011893820321,1.7923553719008263,80.25674355376415,99.89163026832759,85.81463454470483,97.83366938350987,71.49342838342363,59.197139104290784,56.66534147678021,66.6083063817819,61.901507281636825,65.18438495499156,66.63066426360149,97.53444686253988,55.62765176234997,78.17631341536185,38.73237125157205,47.69234111592483,55.08417425501555,87.57019324466239,92.23434252740864,92.28339065270552,42.890230059310454,45.50977750044825,47.262674415222804,73.25427167362946,70.58284169577605,75.74200506232594,76.49042332298711,76.37284258211018,79.617408368312,95.60039820343817,73.35781400353076,61.99859004916932,59.17689171741753,58.27047590236843,64.14190625466722,66.69034282386568,63.61405977454763,83.47877326332241,88.85071795545358,85.35177348945071,85.56293435585151,32.84916890371498,26.213555617422237,96.72271375348797,92.82203462543984,64.18103115570445,59.031584975649,59.65766135248035,54.23429631645821,83.79232933044526,79.80244141864867,87.63620885835391,21.125912525419714,23.864082033436986,52.96360016392644,40.00024969844985,82.12795069447627,82.14289678533649,69.13740881257996,66.72049672923383,67.29844379782936,68.27916685447268,74.68754276008983,59.504257883397806,61.51302585962415,55.7154015759772,45.011199520165235,42.72059148255982,51.69233601539328,22.275553138007187,12.404090242583422,11.643218391162279,17.28895876208807,11.107639369400182,89.63616732797038,93.20837770956493,69.80359016198037,63.14956712293656,46.65888352856382,16.781249856281462,29.72541920816273,19.266239267432386,17.454649432513715,23.654914721629293,52.64053851666263,55.67172156975229,56.21205839331431,86.17394770146942,89.49437436538693,80.55307597743293,103.5812320587986,107.27357359468812,106.96447239816445,4.798075834825655,8.713575871870159,10.32330371453319,6.869399994979712,115.08394182657119,109.43670283717583,110.1327652311202,95.3749483395905,98.7989730192918,97.07202015716916,102.05249866398623,91.89385119892555,103.24839753915785,47.443664670490726,55.56106815265707,80.86024487383418,56.83476020566679,74.70334084495215,55.66700497550542,62.64087658639342,71.26036069085137
69,28.7687386426561,8.847826070298613,24.041065578088016,81.51297251402511,65.69534747554027,78.5367013096585,20.035424130135123,35.10730939890655,18.55498576474484,39.65505848148464,58.29807939431857,12.48625053006986,14.385817154272782,10.508083282732771,56.57712947032834,24.553704243699666,21.414627120363896,10.85194516631119,25.1787032100766,40.81044877281093,51.25595359726299,51.826706049840865,33.549616672277175,3.687949256222259,22.438102901916892,77.27029853866668,40.02638597876814,38.1013751383945,23.134386702930037,34.44551342412397,25.73235720106426,16.934113172303856,16.18152960763247,72.64622081696001,14.436423147818214,26.84570465111085,13.213760078317328,6.376415772964557,24.31431909913071,73.18983753900068,20.538891330900725,31.136764089764544,25.661989847027947,16.847213793474015,58.4908527823213,76.39920427888079,85.9797877349927,57.11294460023218,18.8440845922782,35.35985044458546,28.40536598505801,10.82941376728175,31.419481315164596,14.147346594637842,10.886876920396958,13.950270024379833,24.05677456553835,10.200550423403552,27.502923246352793,18.581266605614072,6.761478081792372,15.374460079867305,19.898056858748426,23.4160779716311,17.348613711538068,14.453208209261781,19.010025626431535,6.111815169830165,72.51107118015759,12.809282997931254,18.625780563615134,29.734849723734122,22.72347211178463,6.935581998088095,11.577335755358158,18.221425992170538,79.8379021886181,39.19673025706517,83.31483402527283,80.22409492086047,1.7923553719008263,21.51184197480966,9.755925826434199,21.500473813271153,12.758653393571645,29.449289622661205,31.137805415767104,23.737772419108033,19.65413309201304,23.464744537261183,22.66520797293569,19.762062132993343,34.614675997951096,24.19440222411157,48.58341547034804,38.284470320020546,55.30076449495912,13.388985508286389,15.94224447490847,17.53954122390804,65.95689292841773,61.67357382743012,60.302041678886056,18.457432340133547,16.31372076486999,14.653850012460307,10.97581752093534,17.468293810184868,16.20842722533616,17.085592582774616,8.721574369287445,22.823818072031017,28.489111983734226,24.841135390424228,20.295832254548635,17.98514232851273,22.782273730771358,13.52331099402797,18.88336964591349,16.505951326890216,14.832988600763686,58.2506851397316,57.442744239277246,19.888084853655705,15.987408621273484,19.871979159978512,24.092062709272057,23.376162331062506,29.065023621952996,25.60132831956606,23.611844364445894,22.36436655198996,73.81963930137059,60.72848416699193,31.532899424953666,44.45142008210372,3.748162846445399,20.680812371013893,26.64293275153533,15.739369667822107,14.316848852348148,13.931423026079438,8.002886133056933,33.130764169954624,28.23261434473267,33.002260531855576,45.662899867195975,47.08405080996069,39.02784343972813,59.60432541423174,67.98559088198715,73.01037864550122,62.99726066573904,74.59385126280097,12.495879955613507,17.38007757160591,20.250604180790525,25.121786669583912,38.58396570181473,81.6410890238691,54.845766286312525,71.3666928834654,67.02385114268455,60.84515165939605,28.751991002125568,24.94086034170909,28.365622970725134,7.711808452003414,10.088811131599781,7.485102091903238,25.066418196624436,28.75876797402456,28.449658535990295,83.75076538775495,71.58133411752183,87.13318714464822,84.73114876051508,45.40151857630008,42.03757629088278,40.45033373933849,25.35151031354091,28.7755349932422,24.520401413048482,32.029066206524874,21.00976291172276,26.41377977650209,44.66646782310233,49.165143610364616,41.88008547802549,34.555963476376334,40.844770655111674,38.57596631342332,36.53370617454533,31.08226431657191
174,23.030532532086806,22.954273388939562,37.72349898133021,97.5924938264471,80.36687909215223,98.17046873798387,5.306414213847919,20.314393695643624,27.04389627547983,58.26918398989467,72.05140649455836,9.677098227643,30.641683182901886,19.983595942840807,76.21089689865371,11.635269342808641,35.52107510723544,30.485709698970687,39.38764663225864,60.44421330547043,70.88971545700014,70.48534685271315,53.18338120493668,17.309811788619264,13.47161778931281,96.89904866897976,38.52459051823835,32.01268074697405,4.0947727169529164,44.91277204994238,19.03174178414132,33.09773397738412,21.213592620322054,87.31775800216025,31.671512723646952,34.62347704030682,13.940296682825934,15.724148043215322,34.891741106278445,87.86137472420089,19.485714036088922,17.901529975954492,13.523497653106073,36.480977212415866,73.1623899675215,91.07074146408101,105.60853229671753,76.74670645996932,10.314104406745896,51.16789751128208,25.335843201874205,26.191278591504005,26.897328137101134,8.335514614932475,24.993324907268494,24.046007811530735,36.45777290518241,21.283999177219634,39.20627771298978,5.300932718319166,19.537351554921592,10.486120102448256,7.239368088499877,17.097487087274406,4.543282406571812,28.55965485967214,34.81807135666697,21.542991321013197,87.18260279676954,19.487875984790705,27.406063222350255,37.28000837167188,8.667499368006437,16.39950776251121,13.85595751812944,32.327873979042074,94.50943380523006,58.830497685390554,102.94859588500995,99.85786234918584,21.489108324655014,1.7923553719008263,17.19034619199182,14.120821849603303,31.3990528378015,45.25733668935783,46.998238865044115,39.54581681288229,39.287896510954894,39.2727916039578,36.87415005865654,18.403680316970977,53.233531910706866,35.448936719392435,68.21717733008518,57.06352894811084,69.05409716378716,17.189648559255993,16.423725552805973,20.269055586581715,80.62843011361795,76.34511101263033,74.97357886408626,32.666374425854386,33.46154944911977,28.152120401593855,25.92935157895971,30.966562862857234,27.67547152183528,6.297485043918991,28.355337788229292,40.08243649241635,45.20764550348993,43.71687874335899,37.74661419115168,35.220232127085,39.50080858698824,22.32775442071418,23.171985810787067,22.74309180739045,20.664759467553306,77.88445256805701,77.07650609901438,12.836112456114776,10.29958019213141,38.743528029500624,43.72582746467508,42.2477125370458,47.936573827936286,30.699782937025724,31.411768820439775,26.68621471507219,93.45340672969597,80.36224602672908,50.04528125746684,63.06554826343613,18.157517977759504,30.31216754185752,43.55554827753228,35.37313442322514,33.95061338500765,32.80297189560155,26.874435670809635,48.93880834098536,44.09948530476902,48.8103075985522,61.08046906162089,62.8920978766573,54.83588761075886,79.23809284255714,87.61935274172428,92.63912320722602,82.6310225254762,94.22259582452578,14.411601054326677,17.774193068465365,36.41422654507549,40.92983373628053,59.96843869406695,102.18185696900971,74.47451084803734,87.62796734774541,86.65259013582113,80.47389622112087,48.3857528618627,44.57462509711212,47.84402389123845,13.352427726431921,10.93975200228208,23.255946088739098,10.622993996916094,16.05399223096638,14.047982042384458,103.38452724749209,91.21509597725895,106.76695457297359,104.35989889082813,39.64543596099042,36.28149367557312,34.39431849668533,29.810072886723532,29.418317134820455,21.282437076844033,32.71952103210253,21.28168954955749,9.65456571489591,59.338002112636644,61.63909869758075,50.0012114500645,49.53440783433011,49.278453244054596,50.97696732598975,48.23706041843879,41.65968632371964
4,32.79199910382872,16.362180179017205,21.185765048380787,80.77632624892226,63.55071708321563,84.11806390006856,15.651940159390966,28.367518963652145,13.492843911256692,45.236421071894696,56.153449001993934,7.775481694733871,23.59310606498812,3.630025914974155,62.15849762932666,25.396120274003387,28.928980338108374,16.121238502660905,23.03407549067433,46.39181136322101,56.83731618767306,57.40806864025093,39.13098193560961,6.102934608034243,14.81566895484822,82.85166112907676,47.54074186943497,42.62711426454677,19.578368439502306,31.59021423087792,29.965044024769913,27.21206474493275,23.69588282537694,70.50159599322365,21.939416445534793,21.808919252842614,5.591326131248653,7.612586010122138,21.459019905884666,71.04520714667603,28.053244548645196,24.39697075884424,27.482946047381382,22.428577943088797,56.34622795858492,74.25457388655616,91.56115032540276,63.15105950458728,11.777650571054707,41.54685269295318,33.463005523575106,19.599183822376943,36.47712085368169,10.263541625445276,18.40123013814143,21.464623242124304,21.201474035831126,17.714904309378614,24.647621380184376,16.633250590722778,14.275831967767436,10.392234372801262,19.32410937297683,26.86425072290227,13.884182019041091,21.967561427006252,26.957455080091115,14.740023915613072,70.36644078783294,20.323636215675727,26.14013378135961,25.084159718785642,22.606540222810462,14.449935215832568,3.9549018082894856,25.73577920991501,77.69327179629346,45.23484805708613,88.8961966156829,85.80545751127053,9.730757144010045,17.096901049047084,1.7923553719008263,23.515232253992203,19.36223482379515,35.83189142893978,35.834235804592595,31.68520031356291,23.957873765314336,31.412172431716066,20.52058047627694,12.131854436729107,40.19603858836116,31.708755441856045,52.65217686610296,43.865835583352975,53.15613967122272,4.161039808089744,8.312036778644242,8.311596191941982,63.81226810468136,59.528943435105475,58.15741685514966,16.31280350701362,17.10797964399664,11.798549482753081,9.575782664810706,14.612993280477639,12.856345810145633,12.708679546164237,15.32515446304977,27.520247124395325,33.18553947689383,30.422500653756664,24.992261306912944,24.770032759995537,27.47870278313567,7.352985999235319,10.14816470905375,9.386923326116403,7.118631294546956,63.82306559729611,63.024067849569576,21.335210587679494,18.028489555903874,24.323735581859715,28.416477991537057,27.827920089404884,33.51678138029538,18.582912234813406,18.54970251095775,15.345948908032593,77.79225902100711,66.30984675740201,37.114262015363735,50.03278534543615,10.550548668488803,28.195165588758364,36.19868876831098,20.4358000566476,19.58614352515904,16.51875618419695,12.200275680544165,41.078192064409514,32.92904473355816,39.189262780223295,51.24426513052842,53.27105305832841,45.214845688095835,65.18569357323005,73.5669534723972,78.59174123591129,68.57862325614911,80.17521385321103,20.01023317335798,24.894429452889202,30.11458556653004,33.06921723696115,43.035720564491214,85.36569496007311,60.42713444531085,76.94805547387546,72.60521373309462,66.42651424980612,34.33335359253564,30.522222932119163,33.946985561135214,9.987729449473944,10.923345604839444,6.190408887914906,18.326626202165315,22.018974865847785,21.70986654153117,89.33212797816503,77.16269670793189,92.7145497350583,90.3125169195134,49.92726059811823,46.56331274411268,44.12009464987844,32.865863531285385,36.289888210986675,29.409602294210824,39.543419424269345,28.52411612946723,25.138160991958237,42.52184010370005,46.30984441711857,37.186648094012064,32.41133597971759,36.46389278366803,35.72066712017728,33.678404085633396,28.226965123325858
44,9.49532480612374,19.125926212861987,41.49401235905873,99.0753086425585,83.85896305743238,96.29377653784655,19.292330776301164,33.29188013376199,34.49788599660551,54.8423972904219,76.46169497621071,18.47579754417864,26.76778050007717,26.055669434799277,74.13946559886175,4.650540098552813,27.362054669418672,28.927802470321954,43.34232436055697,58.37278200567846,68.8182897257964,67.05855458465213,51.11195547373296,18.99191524098471,26.449104227431178,93.02514331323268,23.988478726330662,20.346168060192227,11.033501190145206,51.89846287801706,6.668370618039056,29.223831517302926,13.039136278622683,90.80984196744039,28.244726024174174,42.077469657098376,22.91325249497531,17.40625149558076,41.76726588010142,91.35345868948104,5.3319326036141055,30.879016414072858,4.8636829368832135,34.92307265668949,76.65447393280168,94.56282542936117,101.73463250955868,75.18880479990884,23.001811090359816,47.293992155534994,11.182060655681738,22.31737457221811,13.387295553124591,15.94732035446917,18.507645859579192,17.777805745777766,41.50972134650907,15.084874112233916,44.9558700273235,9.5355070706977,17.97847539191754,20.68241478796842,7.317313622912437,3.718499645073742,13.002777406740467,21.120295156337683,30.944168896585776,20.420178830148064,90.6746867620497,13.21967258257655,20.192813371942748,45.35270990029788,7.418279701146226,14.673791126979859,20.73795299149772,24.1586741619062,98.00151777051022,57.272590456741824,100.87717015380625,97.78642548080563,21.4380875826568,14.126637014939934,23.495146356178182,1.7923553719008263,27.972263465406357,41.38343422927663,43.124333509297024,35.67191413005756,37.72999195522851,35.39888914387661,40.82882778695488,27.558233360507415,49.80674521123409,28.2356882054461,66.65927567002468,53.63674224863806,73.46438564543949,24.64363983958637,25.39668270141653,28.79419533246449,84.12051407889811,79.83719497791049,78.46566282936644,36.621052154152736,37.51020267270768,32.1067981298922,30.44035644334874,34.92124059115558,33.66137534276805,17.29781994519688,25.656384951583604,36.65564712002121,41.78085590835127,40.29008914822033,34.31982481875654,31.793442531946333,36.074019214593115,29.781742805378673,30.625976868373918,30.197081528516122,28.11875074788368,76.32654533940826,75.00508036781066,2.8267245395052996,6.391620691806597,41.068458172150315,42.16792290894871,43.17965743355052,48.017179142840085,39.35003081863685,38.86575854156545,35.06563965303954,91.38197542990402,78.29082029552535,46.618491885071705,59.63876156396335,18.932417771210392,23.09892036437237,36.34229976358594,32.31472364652038,32.392706156358905,35.127902038251236,29.199365813459323,45.06490855382653,40.2255826219443,44.936402242805116,57.20656927446207,59.01819252091022,50.961987823600026,77.16666154276515,85.54792701052057,88.76521785147895,80.55959679427247,90.34869603736693,8.143398320343117,7.326984924239712,32.54032386225078,37.05593105345581,58.41053703400647,99.20341958381425,70.60061106087852,83.75406199199834,82.7786903486623,76.59999086537378,46.31432445773662,42.503196470242514,44.417234518843316,15.034531178797366,12.621854118186345,24.938048204643366,23.60047887582975,29.031475773418858,27.02546692129811,101.31310151628838,89.14367024605525,104.69551770459339,100.48598796649281,26.135403377013873,22.771459532391866,20.884284353504082,15.65629189973577,15.264537484293875,7.1286560898562765,18.565741381575958,10.497826611408762,10.12870650250715,62.8300860779168,66.61809039133533,57.45520117119018,52.719584626856715,56.73244296518027,56.02891309439404,53.986655628438406,48.53521377046498
26,31.438205581779982,8.560663775014707,26.778154779984995,72.75946919617925,60.43073175331968,69.78319799181264,30.7926447146655,45.86453287910281,23.185567597526294,30.556558847262288,55.99919910749754,23.243471114600233,6.593150127972011,17.727206657281762,47.82363172107074,31.09826554353355,15.151793173682933,6.168913469043303,24.325186087726806,32.05694812788745,42.502450279417154,43.07320273199501,24.79611602735369,14.44516984075263,33.195323486447265,68.17179890444434,41.85015142052141,38.372590333394555,33.000768150204856,37.182602626020945,29.277484865081718,9.879398133678542,18.81738321162441,67.94179950399726,3.958885576322797,29.582793853007836,23.97098222205241,17.13363702572552,27.051408301027692,68.48541622603793,25.18079143066997,41.89398467429491,32.206551146861834,11.134976237344954,53.78643146935855,71.69478296591802,76.88128810077036,51.0408056216759,29.601306513269755,25.974610391324955,31.35859437125039,7.931467652302751,34.418230014626396,24.90456717916821,10.555670433216672,16.03771658397583,26.793863767435333,12.510583924256668,30.24001244824977,28.447648275632414,12.901205020618132,26.131680664397678,28.69908117224977,28.44434053421253,27.214996718017595,10.64603191473266,9.624786241401615,10.985575246752239,67.80664429860659,15.857972356014493,14.982849111258703,32.4719389256311,31.52449642528598,15.736604975128262,22.334556339888533,12.49606371902572,74.7164715760432,32.78745513581757,74.56133070742699,71.47059160301463,12.499155844708609,31.378223644827997,19.53527714442709,28.04503644956622,1.7923553719008263,20.06405224232306,20.143712233685715,14.352532365847527,13.490514904907444,14.079505820461858,19.24779320748592,30.51928271752371,25.52090409515212,19.348519390937945,42.17414034910045,29.350903805478456,53.001889776726344,23.240118824474354,26.699465059438843,27.390677213018364,61.252471615454986,56.96915251446735,55.59762036592329,18.616067609247757,15.7542433670351,17.311344486848913,13.521332808738407,20.205381675620664,19.90963395371803,27.84281316730499,3.75548888114574,12.369808676861602,17.49501746519166,14.1806730361032,8.17173486125034,7.507604088786726,11.788180771433503,19.09975228888714,25.58133708775227,22.08239262174938,21.603602731180843,52.29479044087252,48.689240921431406,28.689107830695875,24.78843137557012,16.295952958972244,17.682788924485642,19.00269736429589,23.532046494838198,30.629028454734353,27.254508524566376,27.940806510387944,65.066141552113,51.97498084914609,22.33265188270738,35.35292044788139,14.733360988401419,17.045919287166615,19.773416484432985,5.998887764037594,8.829392706733355,12.103127426413867,9.440008677893806,23.74552678961648,17.23852138539481,23.61702047859507,35.28289255498474,37.69881075670018,29.642603163724097,50.85082766497415,59.232087564141295,63.91187901127887,54.24375734789321,65.49535162857862,19.847535730487913,22.044403712714928,12.781918955275827,15.736547730041064,33.925401713082216,72.88758570602324,45.747269547756076,62.268187680654805,57.925345939873964,51.74665202517371,19.99848902074091,16.187359919529136,19.612122325801657,18.416359992413874,21.060310323719815,14.273715904232828,35.82363878115481,39.51598855855494,39.20687912052067,74.99726763849738,62.82783079967598,78.37968382680236,75.63264912629275,46.88427770652899,41.2370331485454,41.93309286956741,27.175273082371824,30.599300657739,26.8979992633569,33.85283187102167,22.928720696669764,35.21480275354226,39.96204361447368,47.13558252561664,44.61717467992247,31.366521145251035,43.58185985700865,36.228257971912996,39.2707953764423,33.81935351846889
90,42.93079722470418,22.27568121553691,33.730676423526454,70.4047471063976,58.67416513888905,55.33082930291529,48.919813886468134,63.99169915523956,38.29168988331355,17.44105784505917,61.04237434940971,41.37063761348051,15.463350117624383,34.04985966044662,44.84604922554327,44.49740815678605,24.67004051647472,20.827181376676805,29.36835865671661,31.580023714382317,37.994817306584636,29.204012911724845,24.31919161384856,32.65735620855695,50.88954049048097,52.06219050971316,51.36839453118613,47.89083344405927,46.92746210839974,46.89628358279377,41.302519746353255,12.586163476894008,29.339610708509554,68.49367444241113,16.550221603469502,41.30802151154323,42.183167030652015,35.205427923853364,38.24950515440527,69.03728559586354,37.47759012425584,60.02115095043166,45.249844265240604,17.07534214826945,58.82960671127071,72.2466579043319,60.77167970603918,48.06322579907079,47.72847011648415,5.7503581065897205,40.87684015483748,19.11194059210294,43.936476020957,42.564417529451646,23.953922740579934,25.662610633245947,37.85880453860362,26.18201513358009,37.175602910592,42.374342233827306,26.827898978813018,44.25884716327795,42.625772234778765,40.741142123464286,41.141690676212484,20.16427858929386,10.707785553721934,24.91226853671653,68.6744196797961,29.187593817901003,24.501095117589315,44.19716947983239,45.4511877105585,29.663298933323148,40.54674270769286,22.014309725356327,72.36174948626154,33.11779492792279,62.30255700732743,59.21181790291506,29.47100444390982,45.304917603022886,35.85793014759196,41.444179062818726,20.04634546815253,1.7923553719008263,5.180215525796882,7.926885372404442,18.532740591151395,7.492173530748838,26.038005872873555,48.73146752612332,8.913584192469484,23.048626211768877,43.60961926942974,14.049981165565832,58.04505945005026,39.562770268434505,44.91165276370434,43.713328656978504,66.31933006319,62.01232218779127,60.64079560783546,28.652619544822752,25.981189566969345,31.14035582918513,29.843985589159733,33.12988990159954,35.01575913517119,45.96997966618525,21.77284036957756,9.900659671843687,9.073069228150487,13.684896055709423,11.932803913308604,12.752562694488455,8.461143302290349,35.422405292052,41.90399142737831,38.40504406570953,37.926254175141,51.42415837391128,45.7116610988263,42.61579889322487,38.715125333765,21.33817998167737,22.72596282993663,24.045871269746872,27.95419606946082,45.73515229972632,39.176789142545616,46.45857316773787,62.711419462331335,48.997401026540985,10.660123115924907,21.784216995370194,28.660053610135122,26.564165070753695,14.568361045662169,16.729699875656067,20.300827278207954,22.67023083953626,25.762661458315137,7.072462797605359,2.9503959794654264,3.9734556761044537,16.319084874558452,18.055245285978977,9.999039920438186,42.654948964281004,52.54349472924788,47.802270616547716,47.555164512999795,49.385748802435685,33.24667990294512,34.52695402726511,11.122164252245259,4.468142995149671,37.20642504655003,74.1721866234127,29.637661153024904,42.79111765273299,41.815743113731045,35.637043630442534,19.514599639797495,15.606433656220409,12.279463901110361,34.26612692227175,34.987002945453526,30.59636868465416,53.950805057291554,57.64315216176932,57.33404539665741,63.84662072558922,56.139237964782566,69.37185194644971,59.523046300149815,56.402520817193725,50.75527625921012,51.451338653154494,36.69351908870244,40.117546441326084,38.390590906281105,43.371077654608754,33.21243018954809,49.14149381607125,45.00521885638585,52.17875776752879,55.81526863763416,36.40969371424084,52.42020618541575,41.271430318159275,44.659468107673376,45.01745037184647
94,44.62751822122317,23.972402212055894,30.8025957818664,64.70977974712035,53.60204994384701,52.799621945759114,49.41575235592113,64.48763762469257,36.35566437538347,12.368946882144192,57.05017547348983,41.866578755855855,17.160071114143364,34.01890655129298,39.773939599089466,46.19413204897093,26.366761512993705,20.796228267523166,25.628096523278852,26.52036812417557,32.92270500720848,24.13190328527105,19.25953602364181,33.06827614554708,50.210384330460464,49.530983152557,53.06512109629337,49.58755444057826,48.62418310491873,43.15602167209954,42.99924074287224,14.282884473412988,31.036331705028537,63.42156481595734,16.51926849431586,39.371996003613155,40.98604017039971,35.75674333051997,36.3134767508093,63.96517596940974,39.174311120774824,60.517089419884655,46.94656793468195,16.227901914903978,54.83740783535083,67.17454270928985,58.240472348883,42.991113499694634,47.172363051001064,8.729887603312562,42.57356115135646,20.808661588621927,45.633197017475986,43.52767482042384,25.650643737098918,27.35933162976493,33.76272654456514,27.87873613009907,33.43534077715423,44.07106323034628,28.524619975332,44.75478830565331,44.32249323129774,42.43786311998326,42.83841167273147,21.86099958581284,12.404506550240917,26.608989533235516,63.60231005334231,30.884314814419994,26.197816114108292,42.26114107623641,47.14791137999984,31.360019929842124,39.349615847440546,23.711032058336492,66.66678212698429,28.058139337716042,59.771349650171246,56.68061054575888,31.122263485964233,47.001635703875976,35.8269770384383,43.14090005933771,20.142122513112398,5.194775824863219,1.7923553719008263,11.153119366090678,15.674412085897906,8.556403136773657,23.134315647743982,47.53434356153691,5.148903576816471,26.274860205455113,38.54996390196654,8.97787087088145,54.05286057413038,39.53182005494675,43.71452323052968,43.6823757705684,61.24721486814796,58.02012888045964,56.648596731915575,26.716591363970302,24.045161386116895,29.204330321255043,29.813032702749616,31.19386439366945,33.079730731575204,46.46592080856062,23.943612610808735,9.86970812189475,4.455151478764831,9.35459076628172,11.901852363359664,12.72161114453952,8.430191752341411,35.39145218289835,41.873038318224665,38.374093852221776,37.89530396165324,46.35204874745749,40.63955147237249,44.312519889743854,40.41184633028399,19.477075819253592,16.898108017147212,20.305609359052646,22.894540701997606,43.79912679179624,37.240760961693155,44.522544764141884,57.01644653446583,43.92528872716483,5.600467302974629,16.712106032455218,30.356774606654106,28.26088606727268,18.866487022803803,16.698746989245947,20.269875728259017,20.746081793880034,25.73170857190501,11.370589442977582,4.16925392124403,4.445377492670245,16.3562997498263,19.014704799765372,10.958499211481051,40.12373871145894,50.012281803503456,45.27106615505741,45.023954482921255,46.85453587669126,34.94340089946411,36.2236750237841,14.348398914162086,7.694377434322966,32.146769456343286,64.83789625696433,27.10645379586873,43.6273774973557,39.28453308365251,33.105836273286364,14.454944272334279,10.789589451560438,7.462619696450391,35.96284791879073,36.6837239419725,30.56541579824404,54.44674909533279,58.13909619981057,57.82998943469866,61.31541336843307,53.6080306076264,66.84064458929355,56.99183894299364,58.09924181371271,52.45199725572911,53.14805964967348,38.39024275814377,41.814267437845075,40.08731190280008,45.06779865112774,34.90915118606708,50.83821481259024,41.01301998046596,48.186558891608904,51.659481344724384,31.475234020713252,48.67994694764387,37.27923433790527,40.91920597423561,39.34419204248606
117,37.21322139713613,16.55810538796886,40.01392615118931,75.73056161347434,64.62283181020098,62.800121504549125,43.202235385977716,58.27412332767151,36.42133763226943,23.38972741203699,66.39388232266717,35.653061785912456,9.745774290056332,30.42622336637286,50.794718569777544,38.779832329217996,18.321327801818185,19.40468417201703,34.71986662997408,36.26128794173998,43.94348687356245,35.15268225595915,29.000458736872112,26.9397803809889,45.17196198999055,59.53148827993526,45.65082159928396,42.17326051215711,41.20988628083168,50.41837110155937,35.58494391878521,6.868586312864773,23.622034880941502,74.44234111372306,11.809834115467845,42.81856522421215,36.46559120308396,29.487849423362942,40.287179672232014,74.9859578357637,31.760014296687785,54.303575122863606,39.532268437672556,22.42685168073162,64.18111468452817,78.19532457564384,68.24097747626125,54.01189247038272,42.01089718458198,13.800341354364647,35.15926432726942,13.39436342807371,38.21890019338895,36.8468417018836,18.236345576550697,19.94503346921671,40.02963513863965,20.464437969550858,43.47578381945408,36.65676640625925,21.110321814783784,38.5412713357099,36.90819640721072,35.02356629589623,35.424111952978535,14.446701202521098,4.990208835179761,19.194691149943775,74.62308635110803,23.470017990332952,18.78351929002126,45.70771029683541,39.733611882990445,23.945720210089203,34.8291668801248,16.29673389778828,77.68755842475002,37.79906205094633,69.7718547775495,66.68111567313714,23.753428616341765,39.58734177545483,31.606399221251785,35.726603235250664,14.328769640584476,7.889782537132166,11.129837766852337,1.7923553719008263,23.884248564408864,5.198586298430223,31.389513846131017,43.013894594221156,15.268350630783239,15.277723901267429,48.2908863924533,19.99865050980013,63.39656742330772,35.311242237760226,39.19407693613629,39.46179795338188,72.26799673450195,67.36383016104872,65.99230358109293,31.851837643990883,28.990014738239413,30.547117417257933,26.757105516403904,33.44115438328616,33.145406661383525,40.252403838617205,16.055263205548325,15.252168313331742,14.889643417608678,19.036404028966892,14.635721362044034,11.88301939790166,12.374044813314358,32.4976127903812,38.97919892570751,35.48025178678226,34.751128684403774,57.372830613811466,51.660333338726474,36.89822306565682,32.99754683327459,26.689689514139545,28.07747080319409,29.397379243004337,33.92672971000782,43.86479982593866,40.49027989577068,41.33866834834319,68.0372284008198,54.946067697852925,16.275350518912244,27.732886562348014,22.942477782567074,19.244310166907958,9.163863054858124,17.626237015151496,21.71298094156705,25.338900356822883,22.675780049098115,11.304031671534162,8.30190484369701,11.442751441634766,23.712914241164643,25.524540383278698,17.468335685968498,50.124243838837195,60.01278693088172,55.27156838676978,55.02445671463363,56.85504100406953,27.52910407537707,28.809378199697058,3.6801697156949222,3.7063525494109753,41.8876892739077,81.64147882504653,37.106958923246985,50.260412527289176,49.28503531536487,43.106338727742255,24.195866762821048,21.64055588280099,18.09603809056855,28.548551094703694,29.269427117885463,27.40324284377392,48.233229229723506,51.92557633420127,51.616469569089354,71.31591849581132,63.6085301664164,76.84114414808354,66.99233850178365,50.68494498962568,45.03770332730796,45.733760152664075,30.97594326113438,34.39997061375803,32.67301507871304,37.65350182704071,27.494851689057672,43.4239179885032,50.35672682964332,57.53026574078626,57.8529431554609,41.76120436042066,56.81763122821296,46.62293829141674,50.01097318526495,47.05512756259556
51,41.93847769440417,19.09300315992939,14.281946277664805,63.15914509472477,46.95134021481132,60.18287389035816,37.9707082151325,51.45715782787467,22.953606717554397,21.609469127529366,42.96187284279931,30.42153461506723,19.42499281336101,20.853870283692928,38.22330761961624,40.80880314361159,28.19439155499176,9.484793937514358,11.287858932054451,22.456624026432955,32.90212617796265,33.47287863054052,15.195793262360382,21.62323334121963,37.90531071473663,59.22470918471142,53.031826507152786,49.55426542002594,40.93464766945,28.81578207618337,39.77775675496237,21.597151410322653,29.317656660709766,54.904475912221386,15.45511551206534,25.96993834578407,28.680966554675884,24.31169896698781,22.9114204294414,55.44808706567378,35.68106332055062,47.48660962306676,41.91708874693988,3.585081839216743,40.74910520466031,58.6574538055539,67.93419838103742,37.677650121354105,34.867292108199585,24.29690055508794,41.90139913817666,19.75445410498407,44.961035004296185,32.082630456891685,22.37865688589799,27.860702368426555,17.50579401991459,23.010857373342027,19.095102517699253,36.381527794877556,21.960352778146202,33.309744164864675,36.15315709512154,38.944615319759066,35.14887623726274,23.688629627810897,18.84089646413391,19.779358168094628,54.76932070683071,26.358244245895143,28.02544905177224,28.85908341840734,38.97857257090128,23.190682234461207,27.04454223171671,25.53866232307808,62.09615171529123,19.761437114648274,64.9610066059725,61.870267501560136,19.677219122432078,39.31210316407315,23.93692184065584,37.75557404964427,13.52778680251896,18.58193906833102,15.641372315355607,23.945567185284123,1.7923553719008263,19.421735189235363,8.609043001491141,39.28147036011558,16.636111508621568,32.391119108707954,29.148120991469966,20.305908503613374,39.96456061636222,26.737526360120533,31.40167853853265,34.03041415028123,48.215148023679106,43.93182335410323,42.560294101225054,13.314534819858881,10.643104173774883,15.802272440682437,15.657759334111137,17.791806513096848,19.67767307374613,35.02087666777199,12.778288235737502,8.761393339164037,12.04597700521472,7.259073763108262,10.580156183977971,13.453146782090986,13.712208644609426,23.53903796875654,30.597744125951657,27.09879965994876,27.204054442108372,38.8153933337759,37.55065846633642,36.14318375356764,32.24250752118541,3.9092171102949607,4.656769566855168,5.965371099597653,10.506027805438315,30.397068911223627,23.838703081120556,31.120487106312815,55.465817450658506,42.3746567476916,13.554334935624148,26.40583072814845,21.548424926683005,30.08851633201426,29.718628426164877,8.754853811867982,6.627957813911593,7.4464993017002215,13.854877212009143,24.698908077957363,15.679092595692929,20.69317597338778,27.684336714327635,31.63917036309695,23.53906848462015,41.25050356351966,49.631763462686806,54.96478929154595,44.64343324643872,56.54826190884569,28.750980414730144,32.544675825339105,22.727130674264203,20.486825030772877,20.899382355451735,63.287261604568755,36.80017982802315,53.321103529510125,48.978256220141034,42.79955963251841,10.398164919286412,6.587035818074645,10.170189812039595,25.594423270137348,28.914849934054857,19.97355154610085,41.41626662559254,45.10861640299265,44.7995069649584,65.39694353704286,53.22750669822149,68.77935972534789,66.6855594065598,57.42707980053291,52.41870823517678,52.47589763649367,38.35694816900321,41.78097574437039,37.398271153237545,45.034504061987164,33.428992586550415,42.668878676414025,26.92471734977544,34.098258933840754,37.319244644474104,18.329194880552798,34.33970735172771,23.190931484471236,26.578966378319446,25.00395244656989
114,36.92665627725604,16.271538708884062,34.60253647556834,73.26621072683525,62.15848092356191,61.35605292547402,42.91567026609762,57.98755263920317,36.13477251238935,20.26447419765752,61.914231505785715,35.366493770366475,9.459207833715062,30.139658246492772,48.330367683138476,38.493267209337915,18.665896673360695,19.118117492932228,30.24021848601498,33.22249552417986,41.47913598692338,32.688334264985954,25.9616634236461,26.653215261108812,44.88539397444457,58.0874141322719,45.36425358373799,41.88669249661113,40.92331848802924,47.76814073916978,35.298376125982756,6.582019856523505,23.335468424600236,71.97799579567223,11.52326699089599,42.53199720866617,36.17902608320388,29.201284303482854,40.00061165668603,72.52160694912465,31.473449176807698,54.017010002983525,39.24570331779247,17.94720220031134,59.70146386764672,75.73097368900474,66.7969033285979,51.547541583743644,41.724329169036,13.417439657777429,34.872696534466975,13.107798308193622,37.93233507350887,36.56027390908116,17.94977912020943,19.658467012875445,38.7306645906455,20.17787151320959,38.04746273989037,36.37019839071327,20.823755358442515,38.25470621582981,36.62163128733063,34.73699828035026,35.137546833098455,14.16013474617983,4.703642824325553,18.908124693602502,72.15874103305721,23.183450197530505,18.496952610936468,45.42114517695532,39.447046763110365,23.659155090209115,34.542601760244715,16.01016744144701,75.2232131066992,34.76026673772033,68.32778062988616,65.23704152547378,23.46686060079579,39.30077375990886,31.319834101371697,35.440038115370584,14.042203184243208,7.506880840544951,8.5937942021737,6.2075699404370415,19.40460064319329,1.7923553719008263,26.90986592491545,42.72732657867518,13.705334333787842,21.24580979900822,45.252093974893185,17.53430118236576,58.916922175014506,35.02467444495778,38.90750892059032,39.17523283350179,67.16750401374316,62.88418491275552,61.51265276421147,29.524479596864644,26.853049619011237,30.260549401711955,26.470537723601453,33.15458659048371,32.858838868581074,39.965838718737125,15.768696749207056,10.772519501142057,11.028600164255527,14.556756107751323,12.804663742606973,7.11715495043039,7.018842193125467,32.21104499757875,38.69263113290506,35.19368666690218,34.464563564523694,54.90847972717239,49.19598245208739,36.61165794577673,32.7109817133945,22.21004003371927,23.597822659234996,24.917731321788768,29.44708178879226,43.578234706058566,40.2037147758906,41.05210033279721,65.57287751418073,52.48172237980209,12.869505943382649,25.26853567570894,22.6559113262258,20.560021450383193,15.131948061624794,12.860371899449635,17.1109436921498,23.542089555116974,22.389213592756846,12.209202127507258,5.695042646590373,11.05984974504755,23.31463900888321,25.14163868669148,17.085433989381286,48.68016969117383,58.568712783218366,53.82749423910643,53.58038256697028,55.410966856406176,27.242536059831096,28.522810184151083,8.140451868928825,4.200224627136545,38.84889685634758,73.39432723667923,35.662884775583635,49.877510830701965,47.84096673628977,41.66226725300126,21.16403641703332,17.160907738841892,14.703867072112528,28.261983079157723,28.98285910233949,27.11667772389383,47.94666410984341,51.63901121432117,51.329904449209266,69.87184434814796,62.16446158734129,75.39707556900845,65.5482643541203,50.39837986974558,44.75113531176198,45.447195032783995,30.68937814125429,34.11340282095558,32.38644706316707,37.36693403423824,27.208286569177588,43.13735286862312,45.87707890842774,53.0506149239048,57.56637803558081,37.281553543539204,53.29206891038001,42.14329037020117,45.53132793697175,46.76855687412721
109,50.06055032644551,23.70232011339275,5.984934218346863,61.72267763860951,44.49707136856877,64.92050069504951,35.32070883778347,48.036284969122285,15.973630374740834,27.925406468213666,37.09980328734706,27.444249927639312,24.815656203519318,17.432997424940552,42.96093175138523,42.664671719363696,33.75038655300543,13.676107486991373,3.9972210742898646,27.92498882409499,37.639752982654,38.86128963812389,20.584202933482565,21.757934595296256,34.484437855984254,66.06778022621943,57.641141901411444,54.163580814284586,39.24713711789481,21.52514533213644,47.233595247386695,28.98962226413962,33.92697205496842,51.44794738291087,22.14059973825465,14.92594237148133,25.260093695923505,24.467522099036287,11.490489612231979,51.99156410495153,43.175845846265865,44.06573965998027,44.75149726999816,10.832462680719823,37.29258224393805,55.20093084483164,74.77726942254543,42.32840962228394,31.446419249447217,31.689371186161388,50.73155964185777,25.31045043945891,53.74567497196436,29.9323089673766,25.940817302164334,31.084199289616656,9.208781292366062,27.62017276760068,11.804464659934663,36.15507001655682,29.39843170618339,30.061001937476117,37.47483100015024,44.13280484118495,33.55294936097242,29.244624625824567,26.23336865441206,27.823640517963796,51.312792177520194,30.967562535819688,33.58144382704238,17.496056118271852,40.757263186445044,29.57253651345323,23.623669372964343,31.094657098348222,58.63962875456895,24.412195279116915,69.69863341066383,66.60789430625147,23.29567952510019,36.765668390978405,20.516047645442278,40.78378347660898,19.60421069836105,25.974409922147984,23.035108575166277,31.338037816357566,8.586332962150674,26.814205820308807,1.7923553719008263,32.301495576506724,24.029847768432237,37.947114106721614,33.79888049239979,28.467981864251758,34.10249106090996,23.31665216490697,27.980805679780275,27.05043936667237,44.758619494368595,40.47530039338096,39.1037682448369,5.656316456471757,4.80219703561695,8.822296320612402,11.724694633268209,10.257546928823498,12.697698290137275,32.37744822455674,17.38760496645734,16.153863302006894,19.856338332048345,14.652811359380113,17.972627037794947,20.845617635907963,21.1046794984264,16.559061625942974,23.61776934234279,20.118823539878726,20.224079658499516,43.46615305744926,42.20141796726624,38.6037620330398,35.29704233772536,4.836611356482626,10.952626578313692,7.005268647896846,12.694130161530868,20.412368773757127,15.053096852019422,24.140512322703955,59.856331875438734,46.76517117247185,22.25158593418363,32.72176806883276,26.191028005032805,35.6445111072844,37.11109905723832,16.147324442941425,11.816686374679964,7.380807334357748,16.325373147152714,32.09137870903081,23.071563226766372,28.08691223319845,35.84641141142719,39.801245060196514,30.932806080891993,45.98812769528864,54.36939026737815,61.80786033305395,49.38106005113006,63.391332950353686,35.13283313451746,40.017030750509875,30.11960019161999,27.87929588458985,22.213070682187887,66.3120519183486,43.64325086953115,60.16417457101813,55.82133283023729,49.642633346948784,16.714102259970712,13.980771855141786,19.403914147633962,25.814894816090444,28.191896827456226,15.996543778924146,37.99539376684017,41.68774087131793,41.37863410620602,70.13456477314597,57.96513350291285,73.51698653003923,73.52863601665607,67.19580914781265,57.02802362943543,61.38864587249522,42.966263563261855,46.39029113862904,46.67815373957113,49.64381945624582,43.64671720434437,44.34362891936847,23.46819438905318,28.23618937838851,28.905024271461315,12.847035130593362,27.049069493963124,17.328861929018984,19.288329857016038,16.63463026414734
150,36.549440109271025,26.362462562865502,29.118543323613817,88.98753260014246,71.76192343443581,95.85193133464401,11.077089426035762,19.62914550007875,16.735143282041196,59.68709690996438,60.23999090002782,10.02398162720531,34.04987079762312,15.6177058152975,73.89236506390209,26.429143511480994,38.929262721956675,27.836980182485952,34.06547108623083,58.85642503227774,68.57118919083675,71.8587444783206,53.58165777367928,16.103216991882544,5.109759965322711,97.30233696714643,51.41592800047931,47.77362023000676,21.353523001507984,29.670254100046108,33.72248503021222,36.50592448777124,34.399333121775285,78.71280234444382,33.22130095062869,22.051904601086285,8.271531535951848,16.46980985269324,24.59697774298239,79.25641906648448,32.75938388245453,15.658598631732023,30.782248160404674,34.14431962291385,64.5574343098051,82.46578580636458,106.01183173206068,71.39870112872045,7.469007535402545,53.262594372778224,38.6095114890351,29.599466206225237,40.44141286096364,11.843583992383655,28.401512521989723,31.391766451449485,26.980222141775258,27.64204885516498,28.897523383089958,18.213291621199975,24.276115688076914,8.428075020576212,20.632859921140856,30.68235615147234,15.464223049518289,31.96784247439337,37.794902315524354,24.740307635922544,76.56288179328268,29.69086054948965,36.1404161652079,22.647875853382544,23.41287603338794,22.75755744045656,10.13889768723335,35.73606159376331,85.90448371610191,55.34363148729967,100.63006961884659,97.53932494584596,19.731039527858343,18.428605317973354,12.138325136274407,27.56545292380044,30.845404415402097,48.23417032113757,47.54998015734,42.522647548996154,39.329677628586886,42.24962256281519,32.30375085474755,1.7923553719008263,54.64671153076496,41.709037825704335,60.86338878591141,58.316511421422646,57.24268156925661,9.98380916334667,3.8649016167790915,8.363760721966536,68.99313782822571,65.12853201485441,63.59347827237944,27.674388542792613,28.891152918133145,23.58172119768487,20.877332082447005,22.377717130945094,20.21736950965951,11.780960985396952,26.808325391117897,39.23599169988626,44.90128405238477,44.87317381890398,36.70800565966036,36.770020354066745,39.19444713588308,15.575480547066762,9.39707352603309,12.207107001864465,11.913490712800005,72.03427751710456,71.93604762039277,25.955919313495535,22.984547130326835,36.10690729679151,43.7882847504755,39.61109180433668,45.29995309522717,16.067650418736388,18.98212566284303,12.054083533244036,86.0034653722273,77.07470744500998,51.56493785343342,64.48346118350584,20.550831720567686,38.19544797260666,46.21474406700271,32.151541736472645,31.301886541445278,27.820304933602664,23.9160202560351,51.91564197276511,44.64478641338321,50.905004460048346,65.69493540000984,64.98679473815346,56.930590040843256,76.91956657639375,85.3008264755609,93.04241707398097,80.31249625931281,94.62589525986897,27.90934955536953,30.414181182912706,39.82241415979673,43.9066644723944,52.0561096113453,93.57690687988156,74.87780471479228,91.39873131194514,87.05588957116431,80.8771900878758,48.784029430605315,44.97289877018885,48.39766407212724,16.737771655694708,17.22015328568383,17.90615190420114,9.586102595297222,12.415155027434118,12.97149463716248,101.0660009813287,88.8965697110956,99.88547140972423,104.76318718899483,53.189517789187036,49.825572608103855,47.93840032488195,42.19327401832389,42.69198831764723,34.55610558674846,45.99319221492931,33.921679000466014,26.913315553963923,50.73304645492024,49.827688671638455,34.69109373449166,40.92944950369136,33.96833820140411,42.372011668273345,37.92830608853896,28.891038650702278
65,49.7406405001306,29.085521595297443,31.551456856665112,63.17476498476313,52.06704075007803,51.264607183401885,52.932321403732004,68.00421224109168,38.27083841598707,10.833934792709318,56.25962527413698,45.38315069933262,22.273190497384917,36.06862882116812,38.2389275096546,51.307251432212475,31.47988089623525,24.446408685318573,26.37696027099992,25.87438961294241,31.387692917773606,22.596891195836182,18.613558848869836,36.584848089023836,53.12006635654592,47.995973958788014,58.17823780661255,54.70067671948569,53.73729981523791,43.90488252415472,48.112357453191436,19.396002742936886,36.14945131101362,61.886550053600104,21.92693723926886,41.28717271713909,43.89572509215106,39.2733150512532,38.22865346433525,62.43016677564076,44.287430726759894,64.03366403628377,52.05968464500114,18.14307729196875,52.81536991332719,65.63953351552087,56.70546315511402,41.45610141025976,50.08205064567477,8.015502549337322,47.68667786167564,25.921781194607004,50.74631640071753,47.04424654115708,30.763763343083987,32.47245123575001,34.51158739662033,32.99185573608415,34.18420185195295,49.184182613587836,33.63773958131708,48.27135735346419,49.43561551020519,47.550982503224816,47.951531055973014,26.974118969054388,17.517625933482464,31.722108916477065,62.06729529098507,35.99743442040507,31.310935497349845,44.17631778976237,52.26102809031904,36.47313931308368,42.259300769191896,28.82415166432157,65.13176736462708,27.41216372214876,58.236340456402274,55.14560135198991,34.63883253377511,52.114757982783416,40.196729093304036,48.25402233824514,25.549791035321874,8.901036158452794,5.150482382956817,15.280110152703877,16.65217265359277,13.669522742758737,24.112076215438844,54.59870473147062,1.7923553719008263,30.4018523285295,37.90398806365573,7.442858781446577,53.26231594336578,41.952282224673354,46.61643707600783,46.10283771755148,59.71220567437898,55.998090958436,55.85804653256274,28.63176807749626,25.960338099642854,31.119504139115108,30.87251787158631,33.109038211529516,34.99490744510116,49.98248985637149,27.739902983541718,13.915377250411805,9.40069154919021,10.939422787344803,16.058694792370865,18.129279666748992,13.8378596063203,38.85626966718921,45.914978720050215,42.41603135838143,39.945026008784836,44.81703688076615,39.104539605681154,49.425642168651294,45.52496304060318,20.454836386948458,17.947502904076785,20.75058410885109,22.103993175567123,45.714300609656306,39.15593767521912,46.43772147766784,55.48143734069684,42.390276637729954,4.809919999287676,15.177093943020349,35.46989421263919,33.374005673257756,21.851182164729913,20.855906827787344,21.68053277784032,22.661257170944815,29.069634413023138,14.355284584903696,9.282373081742048,5.225449168143239,11.015265400091021,15.419458505046025,7.363252471274645,38.58872684476759,48.47727260973448,43.73605406562254,43.4889423934864,45.31952668292229,40.056520282705655,41.33679440702565,18.47538970077528,11.821367998192638,31.500790945110126,63.30288706319536,25.57144170643386,39.161517400644584,37.74952388988353,31.57082440659502,13.664396745903797,11.767350019255296,8.302807623223933,40.556039354402735,41.796843325214056,34.935167630366244,57.96331814314367,61.655665247621435,61.346558482509536,59.78040417466407,52.07301584526916,65.30562982693631,55.45682418063642,63.21236409262014,57.565119534636544,58.26117635999266,43.50335946846296,46.92738414816425,45.200431286041635,50.180915361446935,40.022270792052154,55.95133709149768,40.22247267677901,47.39601426084432,52.40834509244545,30.684686494282772,49.42881069536495,36.48868681147479,41.18468574608275,40.09305311728477
75,28.773029128530165,15.500751429226806,44.862590605565046,87.5434139037731,75.21467646091352,74.30449071161989,39.510202795364265,55.451639824976624,41.27000208664518,38.067601650664514,74.90735164404128,33.034388613129764,14.296989707447622,33.77197864256903,62.607576428664586,32.371815708914674,4.365533069664787,24.814645616123897,43.23333862427056,46.84089283548131,57.28639498701101,49.83055649458667,39.580060734947544,25.649251590036677,42.55328881720786,71.03585748700601,37.21062643501212,33.73306534788525,34.26791154343378,55.267035555935124,27.144748977256867,16.66269305325625,15.181842612335538,85.03419133302387,17.595679498507053,47.667226782922,35.17506241213175,28.19732063241072,45.135844126607765,85.57780248647626,23.319822028081816,51.68490195008091,31.092076169066583,30.043129442119294,72.6945840059023,88.78716922635638,79.74534668333203,65.82475032926976,39.39222401179928,25.063085285185668,26.719072058663457,14.002971143568054,29.77870792478298,33.42166432441478,13.749686579986154,11.394793423173482,44.878296920093035,15.04474129672361,48.32444827382983,30.701843314677838,18.87709095129101,35.9225981629272,29.163846684685048,26.58337402729027,31.564540143384296,12.380238642651918,16.973670864019805,18.203298678215447,85.21493657040882,16.121980461359197,8.054794508022033,50.556371855545265,31.989261937721253,20.41052000245847,33.53863808917257,7.495635187947926,89.50041628363707,48.37866404902177,81.27621841603202,78.18547931161966,24.15761902580478,35.53153002030111,31.71722816024861,28.35274282610527,19.381701049108834,22.567657443990285,25.80771133724928,14.811027647914468,32.398667441451195,21.228714233083892,37.89352468633593,41.72336313034657,29.94622486941077,1.7923553719008263,58.87049128619462,34.676526307632365,71.91004231327008,35.35028650563962,37.90354547226171,39.50084489418363,80.16062415199872,75.8773050510111,74.50577290246706,37.26179908809777,34.39997618234628,35.3957789759678,31.605767297857284,38.28981616473954,37.994068442836905,37.633730665834506,20.5493700775241,24.540710054392463,29.66591884272252,28.17515208259158,23.45854402561772,19.67850680277877,23.959082148964367,35.51317328051016,41.33262353442717,38.49581494983357,38.096883960599946,67.07872957987813,63.47318562902525,28.809631459090625,25.253196888005398,35.20410549551599,36.59094279749057,37.91085146004435,42.440199031381944,48.71346428031441,45.338944350146434,44.35422861572862,79.85008625970684,66.75892555673995,30.953226094000954,42.41076080097555,21.65194765515367,5.28851565749809,9.412140566630082,24.907039632350752,27.737544575046513,30.748858905263866,28.085740156743803,21.13468149270713,22.97977908232454,25.837553401675493,36.09814501181,35.48348980947728,29.609161118366686,62.43400910153254,72.32255219357707,66.77593759384054,67.33422197732898,68.35941021114029,21.121084559407855,20.369184371886387,13.12739127457585,18.384227679012625,52.83355692254832,87.6715304136171,49.41672129027645,60.21936484915365,60.789404522435646,55.41610109477172,34.782432391873584,30.779305272886862,32.302294557548684,27.25801963082911,25.96386012033856,30.748995447047733,45.6145560569408,49.30690316141857,48.99779639630667,82.82028770288207,75.91829542911177,88.34551335515431,78.49670770885443,42.2447527210197,36.5975081630361,37.29356788405811,22.535750992528417,25.959778345152067,24.23282281010708,29.213306885512374,19.054660756912888,35.67956826597754,58.87019615101744,66.04373506216038,62.70160760983664,50.27467368179478,61.66629568258871,55.13640761279086,57.35522830635649,51.90378644838306
120,71.93392041968167,49.0563779446858,33.58514426530559,38.45075103805705,21.263945131730395,37.018838687129445,68.05122226308947,80.65230822002952,44.34026816498846,28.734449949141325,22.54837899147236,60.17476602586767,45.36296456693013,49.6722248249038,15.059272416387525,69.7137187162303,54.78618239204858,38.389705500749514,29.781714962437423,14.186028681537525,15.975011384626573,22.256036572655738,19.605270289333063,50.52814468171127,66.13292157155584,39.86614985190411,81.48453930242587,78.00697821529901,69.8395632420687,36.21577030139292,69.77319680731752,47.53512316389177,59.313099385987265,30.366322062578725,43.188776108179965,40.94389152594328,57.689889322942896,53.2166145396065,37.50844010315511,30.90993588895349,65.67650337290576,76.68176001522163,70.82200142389269,32.48999496165661,16.210954027940012,34.119302628833594,45.35193586653128,11.990256374734376,64.05150579303347,44.48646877654272,70.99298492607721,48.42718315843503,74.05261789653086,62.6628223926826,51.05138593934894,55.778749835897436,34.36457109825935,53.00630009861952,32.16994881630137,65.28644047183037,50.86526701430371,62.72387082565601,65.05806709915198,68.94005804503657,64.05378891421554,50.28042046486772,44.77886688124184,48.68426817212507,30.231166857188047,56.353684298250286,54.617236993163175,40.82843531285509,67.88348524785408,52.095596470618716,56.35418547119269,52.130450264469005,37.55800053857092,10.99137972039943,41.796974298409665,38.70623519399729,48.582129126462526,68.21701584102595,52.755273708944344,66.66048405367472,42.20051318304755,43.720356215348716,38.669312558240755,48.43703399104744,29.13002018399494,45.35970694280447,31.64164014335713,60.96996042782014,38.05329862037529,58.98290994576477,1.7923553719008263,30.6028367112771,21.412297891271123,54.327308445980705,59.3991563487868,55.71890421798579,23.676994174036444,19.39367217738293,19.58136567644143,37.8955460838703,37.77654535298987,41.06152527978035,43.96392359243616,39.8083617159787,43.49170174033552,65.10796164986274,41.68320247189502,34.69936308804138,35.4956433647024,30.97125161416286,36.842681966461626,39.391118535660105,39.650180398178534,47.28815070646182,52.2862370893221,48.78729262331922,50.95316717981366,13.127999809899698,12.52759863427962,65.0480937575981,61.14742019813822,31.374740381506506,25.705511037115986,26.85136500969416,21.4280042057991,47.76089600585788,43.2379605525172,51.07172799222241,30.75742072106842,17.666262691023892,33.01274907919428,26.511486225918468,50.453336267174635,56.68030984199345,55.656597284068106,37.42758152885776,35.54809100175354,36.43149473723554,42.684481860687626,49.174604641799604,41.617064349262044,41.69504396343468,35.766777926544606,40.75137162007765,44.042307040628614,20.185373738042124,26.46773115512397,38.281271054699744,21.47939937967118,34.241235332798865,57.655893091682955,62.54011855061661,48.66510109137214,44.978292059279724,9.17153166910754,38.57887044356692,27.037999140524178,36.637582619741565,32.294740878960724,30.340249932397057,25.34131422845705,28.37249728154672,30.165075956183415,54.499338842756046,57.819759938085305,48.23577407455328,70.6092646470174,73.43831351525782,73.99465446144737,42.23290833381415,30.063474390658655,45.61532452211916,44.10329689205366,86.51866558843349,80.87142103044987,81.567477855806,66.80966096427629,70.23369121256582,67.3937112055927,73.4872224258485,63.42443263890556,71.57378868044447,10.366295888737575,19.17674225355617,44.47591630181093,20.47432087723159,38.31901227292889,19.28267350781627,26.25654511870426,34.87603211882811
62,53.56910617576612,32.91398727093295,32.898445341130085,55.73784855520878,44.63012432052368,43.827690753847534,56.60582440557526,71.67770967434669,41.94434141783032,3.3970188086420414,51.35114861337908,49.056650805509996,26.101657732225135,39.74213182301136,30.802011080100257,55.13571710784799,35.30834657187077,28.11991168716183,27.723946082542536,18.437473183388065,23.95077648821927,15.159974766281842,11.176643087546084,40.2583510908671,56.79356935838918,40.55905752923367,62.00670348224806,58.5291423951212,58.38364075276394,45.25187123136323,51.940823128826935,23.224469755033574,39.977916986649134,54.449633624045774,25.45474637108851,44.96067304606,47.56922519832843,42.946818053096464,39.52627930963902,54.993250346086406,48.11589907531777,67.70716703812704,55.88815032063665,21.816578957350835,45.37845348377286,58.20261708596652,49.26854672555969,34.01918498070542,53.75555364751803,14.18707290320597,51.51514910589941,29.750246870242513,54.574782076353046,50.71774954300032,34.59222901871951,36.30091691138553,35.858576103828824,36.82032141171966,35.53119033641792,53.83052355111386,38.28408051884311,51.94486035530743,54.081956447731216,51.37944817886033,52.59787199349904,30.8025846446899,21.346091609117977,36.368449854003096,54.63037886143074,39.825900096040584,35.13940117298536,43.51819975614646,56.907369027845064,41.11948025060971,45.932803771035154,32.65261733995708,57.69485093507272,19.97524573338972,50.799424026847944,47.70868492243556,38.312335535618374,56.76109892030946,43.87022919948141,52.082488013880656,29.077600389885053,14.042448202126163,8.97894828133586,20.022324137651196,20.32567565543603,17.49798841839425,28.480828597342125,58.27220773331386,7.456402924529245,35.14406497701563,30.467071634101394,1.7923553719008263,48.35383928260788,45.62578522651661,50.2899371821852,49.77634071939473,52.27528924482464,48.56117452888166,48.43499588774833,32.30527107933952,29.63383820582022,34.793007140958366,34.54601797776369,36.78254121337278,38.66840777402206,53.655992858214745,31.413405985384973,17.588878915793888,13.061169623119135,14.61292512095747,19.732196457752945,21.657087462107462,17.498337680249225,42.52977266903247,49.588478826227586,46.08953436022469,43.61852633770574,37.38012045121181,31.66762317612681,54.07198310617733,50.17130397812921,24.12833938879171,19.29449138854176,22.097572593316066,19.41635860590922,49.38780361149955,42.82943778139648,50.11122447951111,48.0445209111425,34.95336020817561,6.847880297063345,7.740178181696599,40.116235150165224,37.20247134889326,26.99259554486446,24.52940849316942,25.354035779683578,26.334758836326884,32.7431374148664,19.49669796503825,13.11083875737756,11.395648090097936,7.384371230837087,11.339204211375815,13.744147393883143,31.15181308813562,41.04035618018014,36.29913763606821,36.05202596393205,37.88261025336795,43.88498595834117,45.16526008266115,23.21760234926142,16.563580646678773,24.06387451555579,55.86597063364101,18.134526613340697,34.65544920111003,30.312607460329186,24.13390797704068,14.219611500805867,15.073072714529648,10.499330130235986,44.229542356246,46.44318426274008,38.608667959287146,61.636821144986925,65.3291682494647,65.0200614843528,52.34348774510974,44.63609941571482,57.86871339738197,48.01990775108207,67.04082976825565,61.39358521027206,62.089642035628174,47.331825144098474,50.755855392388014,49.02889696167715,54.009381037082434,43.85073646768765,60.59767802902371,35.31399601602111,42.48753492716405,53.75533090398807,25.776209833524874,50.24719269878614,31.58020747779453,36.276206189658964,41.44004160174974
10,82.6487083617549,58.55206827294221,33.271699569947735,34.03879197993004,18.687721307169575,53.364432714675345,65.92744066516896,78.527273689753,42.215233634711936,46.51090943302402,6.169720914339402,59.76270163262061,58.96125370606454,50.02115813317231,31.40486377101106,75.25283242759545,67.72975323206485,48.909138902794865,30.13064537504006,31.54866699395238,36.68368496185476,43.091821418177204,38.29311276898294,54.34609686273272,64.00788704127932,56.21174098378411,92.49088738803852,89.01332630091167,71.56558614995375,27.952010509944866,79.82175885128433,61.13340963010383,68.77672021451787,21.117984192214365,54.990477189138424,38.91349515295796,57.27782492969584,57.05568280726804,35.47804373016978,24.796753742079964,75.76400655449763,74.55672548494509,77.33965530530759,42.99526477086248,11.246183617599183,27.966903587844964,61.697524325488914,28.335847729357905,61.92647126275695,60.57980842933277,83.31971767716718,59.28981711851834,86.33383300727377,62.250763568023785,61.914019899432255,67.39606114983374,33.67083637420305,62.46992092715013,29.021805808552767,68.6204711968401,61.98658974149279,60.5988362953795,70.06299170838201,76.72096287649435,65.87140396161959,63.22399130488398,58.37715891604215,60.41179855327319,19.744542017900905,65.81731069536914,67.56080783317944,34.63668862729926,73.3454238946768,62.160697221684984,55.94212107794564,65.07402110448528,30.95574042296713,28.354018032814285,58.14256543028968,55.0518263258773,55.88384023333195,69.0841229916256,53.10420701721286,73.3719415119184,53.06314424746498,58.118197288112185,54.42473089739638,63.48182807798766,39.99315821268655,58.957996081938894,34.05367971198541,57.14880630855552,53.65166606514529,71.92648078578105,21.46660009095269,48.37929886808215,1.7923553719008263,52.495448949835804,57.27412181851028,53.59387525629752,12.221318039075829,8.356712893935114,7.016369071712337,38.24447671921646,39.87100009226897,41.410455692382975,44.31285400503879,39.494917020620846,43.17825704497767,64.69590282520392,52.23735045308443,48.2976522271758,51.307964211508335,45.9040892343576,50.11641440375914,52.98940500187216,53.24846686439059,46.97470601110398,50.161202559045584,46.662258093042695,49.63744342270075,22.91495915590186,28.87318865244197,71.19192274127157,67.88520037303476,38.62402879860016,37.46920939894113,34.60841133617101,31.61284764644409,41.51591918523017,41.33727330561506,45.90319826023776,32.929261908499875,31.207852687350858,48.76817009127227,43.87412453833332,58.779188713264574,69.62388068200971,69.25488931886841,48.290212593275186,45.79545454187439,43.459949650139905,48.91353251892329,64.2351689706609,55.21535348839646,57.762035952296515,54.57300012811338,58.5278337768827,61.81876919743368,36.530963533460955,42.81332228700397,54.62686508224563,37.8249920707559,50.58682646467887,67.72099384274922,72.60519145874163,62.263393126172446,60.023088819142316,24.53622444518616,38.62816358674677,47.87378242684093,52.983173751621564,48.64033201084074,46.68584106427707,40.08918005278585,43.30533490174146,45.92049719100494,58.40305285139985,60.78006043135387,48.58470181423354,68.48423011674089,71.31327898498131,71.86961993117085,52.9452628028226,46.409065522538654,47.55439604782143,60.44889091959956,96.88614068141865,91.87776911606252,91.93495851737941,77.8160146184772,81.24003929817849,79.26631444780288,84.49357051146116,76.23487523965377,77.12538159807556,13.084184598352115,7.573708131659622,36.04843422451147,22.77533237414726,29.891527522707054,18.298601056712968,19.923260289163252,30.028837771750077
1,33.926543273673246,19.973060173873762,22.475825855176573,82.34481379524404,65.11921019812566,85.88912554971125,15.638358372651734,29.623441651559403,10.366716428522135,47.00748829012565,55.3742253111395,7.76189990799464,27.30984915458461,6.4585301752838244,63.929559278969336,24.835519357803385,32.53985899650375,19.837981592257393,25.862578637266346,48.162875685786055,58.60837783731576,59.17913028989362,40.90204648091819,9.713814825634328,15.1040563395469,84.62272834730771,47.4039717734521,43.76165843439129,19.564786652763075,28.235590866523506,31.099590867536804,30.116520762318316,27.306761483772316,72.07008353954541,25.65615953513128,17.94629875255383,5.277022536839283,10.272231964266616,18.214561259320742,72.61370026158605,28.747424759761415,25.652896342417385,27.355848589186962,26.145321032685285,57.91471550490669,75.82306700146616,93.3322175436337,64.75598789241027,11.362863138153907,45.26359578254966,34.59755258908552,23.2100638172335,37.611665023526214,10.249959838706046,22.012110132997982,25.075503236980865,20.611793951795015,21.325784304235178,22.52909786603208,16.61966880398355,17.88671196262399,10.035223938649384,19.039235767463254,27.998797788412688,13.870600232301864,25.578441421862806,30.674198169687603,18.350903910469626,71.93493390274298,24.18232952478781,29.751015335420874,21.22154033221451,21.819251879710336,17.249025079293542,3.9413200215502555,29.346660541232744,79.26176491120347,48.063353876600516,90.66726383391384,87.57651916091322,13.341637138866606,17.083319262307853,4.182444570344654,24.64977909675909,23.07897791339164,39.54863451853626,39.55097889418907,35.40194340315941,26.78637691190636,35.12891552131255,23.349084959330142,9.991910791018327,41.967102910926215,35.31963699591731,54.22066998101299,45.63690012866155,52.37691598036828,1.7923553719008263,6.710513693907237,4.6888299340962405,65.38075565100313,60.262766425966085,58.72771268349112,19.141307990066814,19.936484349793368,14.62705396580628,12.404286479633317,15.735282324047366,12.427798395681634,12.695097759425007,19.041897552646255,31.23699021399181,36.902282566490314,32.19356519906524,28.709004396509428,28.48677584959202,31.195445872732158,7.080079958099358,6.494805963829364,6.065911960432752,3.9875800660826637,65.39155871220612,65.85257099616159,22.4697560939852,19.163035284953104,27.152238728451728,31.24498403379497,30.656423235996904,36.3452845268874,15.21886125055349,14.734590309943261,10.934470084956168,79.36074656732887,68.0809084070447,38.885326560672326,51.80384699507885,14.161429554319477,31.806047142819637,39.82534323721568,24.152543146244085,23.302886614755536,19.347259330788972,15.733776132297782,44.794935154006,36.64578782315465,42.90600586981978,53.015326780171094,56.9877961479249,48.9315914506147,66.95675522287276,75.3380151220399,80.36280845414223,70.34968490579182,81.94628107144197,22.4008185306677,27.328735133002738,33.83132865612652,36.78596032655764,45.41339080644687,86.93418807498314,62.198196094953545,78.71911712351815,74.37627538273733,68.19757589944881,36.10441813784422,32.29328747742774,35.71804988370026,11.229240630992877,12.057891111145148,10.014394522932356,19.580399415008472,22.40945117891477,22.96579078864314,91.10319519639597,78.93376392616284,94.48561138470097,92.08357856915609,51.061804767962755,47.697859586879574,45.254638819722956,36.47674508534665,38.68002941769767,30.544146464055345,41.98123331497973,30.836232950556052,25.124579205219007,44.090330545687706,44.96192308275013,33.324030266645636,34.28673069879293,32.601272060635715,35.72929286337492,31.55987923501992,24.982507813223116
3,34.22754774288291,22.536011156971405,27.51571429356067,87.38470357008933,70.15909440438267,90.53572264229675,9.562512050782829,21.423251304356846,15.132314251988046,51.65407981412288,60.13982313460539,7.702089929047785,30.223420950933736,11.105123703972831,68.57615080296658,24.107251145092874,35.10281287526728,24.01053033579657,30.50917305692947,52.80947277837154,63.25497492990124,63.8257273824791,45.54864067783779,12.276765808731971,6.903865324113749,89.26931987130493,49.775098924215214,46.13278558515441,18.64675186696074,30.38690066908102,31.400595336746463,32.67947174541595,31.261926352170683,77.10997331439069,29.394848431016946,21.525489248146695,4.218764239365595,12.643358446799148,22.98015908278665,77.65359003643132,31.118551910524538,17.452704658753646,26.62758015373293,30.317869776224462,62.95460527975196,80.86295677631144,97.97880906763093,69.79587209866732,4.9826168447046495,49.43614452608884,36.96867973984863,25.773016359535852,38.119520271832,9.521692071482603,24.57506267530034,27.638454442822038,25.37739311172211,23.888736846537526,27.294694353036807,15.891400591273044,20.449663168465168,5.990742255890535,18.310968891213925,28.360463562340705,13.142331796847827,28.14139262770398,33.968452468834975,20.91385645277198,76.46271402786027,26.55345667555093,32.31396631851852,23.364521085956277,21.0909834442563,19.62015223005666,6.3124465040827875,31.909611747073917,84.30165468604876,52.70994540059776,95.31384978932283,92.22311625349872,15.904589681168956,16.165283140044345,8.31187462135443,25.243563230334686,27.01895167304682,44.407717801525834,43.72352763772827,38.69619770230677,31.432971108825953,38.42316982045992,27.995679378993263,3.860215983882881,46.613697330589346,37.88258797901496,59.26055975585827,50.283494325581145,57.14251380383419,6.699020795991959,1.7923553719008263,6.352726998553452,68.8929700628033,65.028364249432,63.49331050695703,23.787900850525233,24.583078546712965,19.273648162725877,17.050880899296445,20.774888100891943,17.275863001731206,9.343628888941865,22.981874207967333,35.409538957531,41.074831310029495,36.84015672306248,32.88155314004861,32.943567611711465,35.367997289193696,11.928145677866581,10.159360912587125,10.831509115668071,8.753178335035631,70.4314484870514,70.33321859033961,23.634026947107415,21.534162435716226,31.79883292537133,35.89157823071456,35.303017432916505,40.991878946550514,16.784298546976007,18.313781028279656,12.770730325022475,84.40063634217415,72.72750549963018,43.53192075759191,56.45044408766434,16.724380537417126,34.36899812591728,42.38829422031332,28.325091889783266,27.47543402183353,23.993852413990915,20.089568850141013,48.089192126075716,40.81833656669383,47.07855461335896,57.66192387275659,61.16034489146408,53.10414019415387,71.60334674686999,79.9846122146254,85.00939997813947,74.9962819983773,86.59287259543919,24.771945681430815,29.69986228376586,35.99596431310734,40.08021462570501,50.45328058129215,91.97407784982842,66.84478761895078,83.36571421610364,79.0228724753228,72.8441729920343,40.751012334763814,36.93988167434733,40.364644303363384,13.600367781755995,14.429018261908267,14.079700721050571,11.38020839957532,14.209260831712218,14.76560044144058,95.74979228898145,83.58035545016006,99.13220847728647,96.73017566174158,50.86762809572129,47.50368291463809,45.61650795849384,39.03969606844429,41.051156568460776,32.91527361481847,44.35236046574285,33.207360101319175,24.206544642160207,49.1302174248671,49.727520906216036,35.40774030352658,39.3266204736382,34.684984993182546,40.7691826382202,36.325477058485816,29.4695537152992
5,38.07596567021447,24.122481233953803,23.852003765524977,83.72099571497597,66.49538654926934,90.58539444947753,16.336755341533603,26.76494608865844,11.468603501208829,51.15690511807862,56.47611527949208,11.688835597867225,31.459268878203464,10.321990864167615,68.62582817873562,28.093995477451138,36.689281393044965,23.987401093132718,28.798931528141996,53.58988814711125,63.30464673708203,63.32855268643483,45.05146598179351,13.86323432650966,12.245558103723582,88.77214517526068,51.55338860140506,47.91108083093252,22.63349775852371,27.303512101157285,35.24901059115566,34.26594026319365,31.45618388031354,73.44626545927736,29.805579036006613,17.014218650726423,7.99465575962496,14.421652356116063,19.417362288255212,73.98987661272974,32.89684448338028,22.794397883850543,30.61432738175708,30.294740533560617,59.290897424638636,77.19924335260987,97.48163437158668,66.13216424355397,12.335785939121592,49.413018179090884,38.74697208996085,27.359484877313538,41.76108474714508,13.508437294814978,26.161531193078027,29.22492296059972,21.713681024481712,25.47520536431521,23.630983602257594,19.878146260092485,22.036131686242854,11.008146739617072,22.297714560033366,32.14821728928802,17.129077688410796,29.72786114548167,34.82361767056294,22.50032363408849,72.79900617274691,28.33174924840667,33.900434836296206,20.289460453130637,25.077730672280452,21.3984448029124,8.090739745169115,33.496080264851614,80.6379412623472,50.07709460213319,95.36353273368012,92.27278806067949,17.491056862485465,20.15202903160731,8.331864516707041,28.799198820377946,27.22839741426697,43.6980540194116,43.70039839506441,39.551363126778256,34.063137847754525,39.27833524493141,27.037211073915188,8.364311121229063,46.11652263454508,39.46905649679263,55.59684633215669,49.786319629536884,53.47880594872087,4.6880946577038465,6.347138808873851,1.7923553719008263,65.22926220768998,61.36465082573042,59.8296026518437,22.407847425499078,23.624613137300777,18.315181416852504,16.553707539713358,17.111177572856256,14.950829728827145,14.361032704437811,23.1913186127263,35.386409937610665,41.051702290109176,36.34298469994057,32.85842389738475,32.63619557321088,35.34486826927338,9.877909984154888,5.6480905379103845,6.940567889262691,6.215919927144602,66.76773506334982,66.66950516663803,26.619177154065238,23.312454785828436,30.840367515959144,38.52174496964312,34.34455202350432,40.03341353713833,12.876165974928416,13.802510208115857,8.862598198461942,80.73692848706084,71.80817055984349,43.034746061547644,55.95326939162007,18.31084905519481,35.95546664369496,43.974762738091016,28.30196286986294,27.45230477916968,23.49668039086901,19.883195633173116,48.94435465488133,40.79520754677351,47.055428266361005,57.16474917671232,61.137212975877866,53.081008278567666,71.65302412263902,80.03428402180617,84.51222528209519,75.0459538055581,86.09569789939495,26.550238031543028,31.47815463387807,37.98075105266774,40.935380050176505,46.78957272617882,88.31036442612684,66.34761849149476,82.86853952005937,78.52569777927854,72.34699829599003,40.25383763871955,36.44270697830308,39.86747228024148,15.378660131868209,16.207310612020475,14.163814246551217,16.721901179185153,19.55095427955264,20.107293666537473,95.79946409616225,83.63003282592912,94.61893452455777,96.23300096569733,55.21122159591572,51.84728198342079,49.404058320598295,40.62616458622199,42.829448918572986,34.69356618767421,46.13065281585506,34.98565245143138,28.193291870184353,45.46650956975377,46.06380748251446,32.39194882835705,35.662909722858984,31.669193518013024,37.105472110184515,32.66176653045014,24.958281781417746
7,89.6229419308791,66.77746338702076,44.618675303083805,22.920135270051038,7.903587735631944,41.20192876822391,79.08475062794534,90.26102975256346,53.94898969752239,50.40575268058721,10.478455052095319,71.20829439072352,67.18664882014312,60.70575318975966,24.08497679209701,85.9374274841828,75.9551483461434,57.13453958546167,40.81524600021565,37.32514177942976,29.363800655863066,41.51568820018959,41.96742878471055,65.03069191932006,75.74164310408975,44.04923993299859,100.7162825021171,97.23872141499025,83.01117890805665,39.68576924567769,87.46221831851493,69.35881031277063,77.00211532859643,9.901633506556667,63.215872303217,50.647251215768414,68.72341768779877,67.74027786385541,47.211799792980244,13.189017504265987,83.36552488410318,86.29048154775555,88.02425593048316,51.22066545352929,8.026664673110611,16.398385580607282,49.53502594762575,19.462057336746135,73.66023289415566,66.13624601874048,89.58586070172922,67.5152122325969,92.64549367218285,73.6963563261267,70.13941501351081,75.62146183250056,45.398099463115216,70.6953160412287,40.755564767029114,79.42783134996418,69.64481300523758,72.33259235818997,80.74758676496936,87.40556350166993,77.31699671972254,71.44938641896255,66.6025540301207,67.46381973164718,8.528192000473801,74.0427058094477,75.786202947258,46.370444690109714,84.03001895126414,70.87514246155258,67.38771383604855,73.29942178715208,19.83708215388342,33.353538215776915,43.990872663895274,42.889325275091764,66.56844085850756,80.52971574972851,63.788807642388456,84.05654213709398,61.2885449301318,66.28912047193936,61.225619882918465,72.26899908038675,48.21855599968748,67.18339119601745,44.73827744149513,68.88256237136599,59.703078758238924,80.1518758998596,23.68300535367944,52.25261952206309,12.23807525757815,65.36083681083656,69.00788344990897,65.32763131910798,1.7923553719008263,4.114947266691865,5.982612117047044,48.929074448726155,50.55559782177866,52.09505631755857,54.997454630214385,50.84189008083456,54.52523277811374,76.14149001471858,60.46275113575124,56.52305290984261,59.533359325586915,54.129484348436165,58.34181508642595,61.21480568453897,61.47386754705741,58.32167907131769,61.89495862185605,58.39601415585315,61.98670111325778,16.159915020972342,21.553304346450282,81.87652336644716,78.56980099821035,46.849423912678716,45.694604513019705,42.83380645024957,39.83824565618854,53.24967524804063,53.07102936842551,57.636954323048215,22.145129673423423,20.423717556608523,56.993565205350826,44.56052810458809,69.46378376985191,77.84927579608828,77.48028443294697,56.515613275942,54.02085232887531,51.685347437140834,57.938331887670564,71.74336889839026,63.440748602475026,63.344824101298315,53.815816909548346,58.02268486246591,63.76303621597225,29.211079450212786,30.650821236218444,43.74512262295775,25.662491019970354,38.42432541389334,76.4354390826168,80.22913449322579,70.48878824025101,68.81025425295316,30.64374066488812,27.50950531766307,42.248667438558726,45.663286772707515,41.32044503192668,39.365954085363015,48.314575166864415,51.53073001582001,54.145894978005856,69.08765347657543,71.46465548794123,59.269302439409145,80.21798617955135,83.04704061638002,83.60337599398132,40.73667611568862,34.24656447175313,36.43573510581537,48.28638697314813,105.11154693267372,100.10316979872934,100.1603592000462,86.04140973255576,89.46543441225705,85.0827327167901,92.71896562553974,81.11345415010298,87.61638468418758,21.314048615872238,19.307464862700673,47.78219028732192,33.37226827372408,41.62528625843987,30.31620187267213,31.65701768843489,41.76259383456054
9,85.36002613723568,62.514547593377344,40.35575950944039,25.920517125074486,10.513125082533385,43.811466783355954,73.79086640588818,86.39069943047221,50.078659375431144,46.83369265087539,6.608123170799363,66.94537859708012,62.92373302649969,56.4428429647045,25.764181682907108,81.67451725912763,71.6922325525,52.87162379181825,36.552330206572236,32.285271383271585,31.043002873750797,43.194890418077335,37.70451299106713,60.767776125676654,71.87131278199853,46.65877772538708,96.45337227706193,92.97581118993507,78.7482686830015,35.81543625066408,83.19930252487151,65.09589451912721,72.73919953495302,12.999706441692926,58.952956509573575,46.77692089367717,64.46050189415534,63.47736763880023,43.341469470888995,16.67847599155853,79.10260909045977,82.42015122566431,83.76134013683975,46.95774965988587,4.058955111848501,19.84862583732353,52.144561067091885,21.141260891095044,69.78989700347616,62.5857085826109,85.32294490808579,63.25229643895349,88.38258344712767,69.43344053248327,65.87649921986741,71.35854603885716,41.1351836694718,66.43240024758528,36.885231549271985,75.16491555632078,65.38189721159418,68.4622620360987,76.48467653991419,83.14264770802653,73.05408092607911,67.18647062531913,62.3396382364773,63.200903938003776,11.62626493561006,69.77979001580428,71.52329272220285,42.50011436801847,79.76710315762074,66.61222666790917,63.12479804240513,69.03650599350867,22.83746400890687,29.090622422133492,48.081184496173705,45.49886039455792,62.30552506486413,76.2667999560851,59.52589184874503,79.79362634345057,57.02562913648838,62.08068217713559,58.38721578641979,67.44430739842281,43.955640206044066,62.92047540237404,40.4753645435176,65.01223204927473,56.15254132210934,75.8889601062162,19.420089560036025,48.702082085933526,8.367742930795135,60.35887469055501,65.1375475592295,61.457300997016745,4.103041625015573,1.7923553719008263,2.1122804584946198,44.666158655082754,46.29268202813526,47.83214052391516,50.73453883657098,46.57897718285703,50.26231698447032,71.87857978966343,56.19983534210783,52.2601371161992,55.270449100531735,49.866568554792735,54.078899292782545,56.95188989089556,57.210951753413994,54.058768846262524,58.0246282997648,54.525683833761896,57.500869163419964,16.37969606198257,23.2325079007992,77.61360757280374,74.30688520456694,42.58651101470119,41.43168871937628,38.57089065660615,35.57532986254513,49.37934492594938,49.200699046334265,53.766624000956966,24.754666352094272,23.033254235279372,52.73064941170742,46.239733218141716,65.2008679762085,73.58636000244486,73.21736863930356,52.25269748229857,49.7579365352319,47.42243164349741,53.67541609402714,68.19764829109604,59.17783280883161,59.794286665168755,55.49502469602433,59.70189264894189,62.14155241528505,30.89028166810052,33.26035635568459,48.986180321219315,28.2720261394365,41.03386053335949,72.1725232889734,75.96622426817062,66.22587244660758,63.98556813957745,26.380824871244705,30.509888509147707,43.92786965644646,47.34248899059524,42.999650145480295,41.04515630325075,44.051662268886886,47.26781422217661,49.882979184362455,64.82473768293204,67.20173969429781,55.00638664576573,76.3476558574601,79.17670472570052,79.73304567189007,44.82698505230116,36.856102264141626,39.4361182973,50.895922092614285,100.84862557044207,95.84024843649769,95.89743783781458,81.77849393891233,85.20251861861365,80.8198169231467,88.45604983189631,76.85053835645955,83.35346889054418,17.051134158690004,15.437133204148246,43.91185996523069,29.109355153003023,37.754953263426266,26.05328897469461,27.786684693421282,37.8922635124693
11,83.95760502967458,61.11212648581626,38.953338401879314,27.815290531256224,12.464219858495769,45.76256089108773,72.27201725521769,84.87185027980172,48.55981022476067,46.73427664486658,5.0892749111030025,65.54295748951904,61.52131191893861,55.040421857143414,26.7279067352922,80.27209615156656,70.28981144493892,51.46920268425718,35.149909099011154,32.18585537726278,32.006730599058265,44.15861814338479,37.60509965798069,59.36535501811558,70.35246363132805,48.60987183311888,95.05094560091261,91.57339008237399,77.34584757544042,34.29658977291596,81.79688141731046,63.69347341156614,71.33677842739195,14.89448252079703,57.5505354020125,45.25807174300668,63.05808078659426,62.07494653123915,41.82262032021852,18.573252070662633,77.7001879828987,80.90130207499382,82.35891902927867,45.555328552324795,5.0226821689253764,21.743400579966448,54.09566074341194,22.104987279941327,68.27105342139393,63.1398722107951,83.9205238005247,61.84987533139241,86.98016233956662,68.0310194249222,64.47407811230632,69.95612493129607,39.732765457576605,65.02998470861245,35.36638529426739,73.7624944487597,63.97947610403308,66.94341288542823,75.08225543235311,81.74022660046545,71.65165981851803,65.7840550863463,60.937217128916224,61.798482830442694,13.521040346483574,68.3773689082432,70.12087161464176,40.981265217347996,78.3646876186479,65.20980556034809,61.72237693484406,67.63408488594759,24.732238751549797,28.991209311790577,49.975957902355454,47.449957175212056,60.903103957303045,74.86437884852401,58.123470741183965,78.39120523588949,55.6232080289273,60.67826106957452,56.984794678858705,66.04189185944998,42.55321909848298,61.51805429481297,39.07294343595652,63.49338289860425,56.211724278019375,74.4865389986551,19.63074234844502,48.60266607992472,7.009897703936448,58.840025539884536,63.61870397714727,59.938451846346254,5.997817035889085,2.133211222517777,1.7923553719008263,43.26374044318756,44.89026381624006,46.42971941635408,49.33211772900989,45.17655607529595,48.85989587690925,70.47615868210235,54.79741423454675,50.85771600863812,53.86802799297067,48.46414744723167,52.67647818522147,55.549468783334476,55.80853064585291,52.656347738701456,56.505779149094316,53.00683468309142,55.98202001274949,17.34342378729003,24.19623428964548,76.21118646524266,72.90446409700587,41.18408990714012,40.0292705074811,37.168472221967434,34.17290875498405,47.8604957752789,47.68184989566379,52.24777485028649,26.70576045982606,24.984351015933523,51.32822830414632,44.51131292164372,63.79845243723567,72.18393889488378,71.81494753174249,50.850276374737504,48.35551542767081,46.020010535936336,52.27299498646606,66.79522718353496,57.775411701270535,60.322099733758826,53.76660729519222,60.66561480566111,62.042136409276246,31.854009393407985,35.21145313633875,49.94990804652679,30.223122920090653,42.98495731401364,70.77010218141231,74.56380316060952,64.82345133904651,62.58314703201637,26.281411760901783,32.40466191532945,44.891597381753925,48.30621671590271,43.96337787078777,42.008884028558214,42.64924116132581,45.865396010281415,48.48055807680137,63.42231657537096,65.79931858673673,53.60396553820465,74.8288067067896,77.65786114361828,78.21419652121958,46.72176402707115,38.80719637187343,41.33089459914764,52.847021768934326,99.44621003146922,94.43783289752484,94.49502229884173,80.37607283135127,83.80009751105256,79.41739581558562,87.05362872433525,75.44811724889847,81.95105335157133,15.648713051128926,13.918285389938946,42.393010814560206,27.706934045441944,36.236106785678146,24.650867867133524,26.26783821567317,36.37341436179882
13,45.83600767442573,24.887936478990916,8.798248260887473,65.91337997984031,48.68777081413368,72.59737316084008,31.096166185763693,43.81174231710251,11.33740756206317,33.71573590125446,41.29050273291198,23.219707275619534,24.10185518307963,13.20845477292077,50.63780689009817,38.440129067343904,33.03658530982221,12.962306466551684,8.17112855336179,34.87112619258077,45.31662834411046,45.88738079668833,27.610294092047006,17.53339194327647,30.259895203964465,71.33097595843651,58.438797619369964,55.67112573080966,35.02259446587503,20.553760797986648,43.00905549103281,27.38810452524734,34.5939412482343,55.638644155553436,21.426797158610256,13.481085725797232,21.035551043903723,20.242979447016513,10.422567141223976,56.18226087759408,38.95130319424608,39.84119700796049,40.526954617978376,13.09336875957937,41.48327901658061,59.3916276174742,80.04046515476253,48.32454850841831,27.221876597427432,34.41040347521424,46.507016989837986,24.5966491962757,49.52113231994458,25.70776631535682,27.126433890506025,32.269815877958344,10.031866748165847,28.6129629549795,13.342631243240808,31.930527364537035,25.173889054163613,25.83645928545633,33.250288348130454,39.90826218916516,29.328406708952635,28.53082338264135,27.133491964739825,23.59909786594401,55.503494518751,31.221696197737785,32.86764280660269,16.370230798420504,36.53272053442526,25.34799386143345,19.399126720944558,30.380856077908525,62.83032552721152,31.04665876330801,77.37551144504266,74.2847723406303,19.07113820954158,32.54112573895863,16.2915049934225,36.559240824589196,18.89040967792136,28.695439315534948,26.749844077327246,31.861237420955142,13.35831661987697,29.535235213695763,5.657633093477344,27.66527276382906,28.675350522055037,37.2333128635384,37.78923349268692,32.34514773979037,38.29319072921842,19.092109512887195,23.75626302776049,22.414216553994713,48.949316267011156,44.66599716602353,43.294467913145354,1.7923553719008263,2.919392530274008,4.597753891336146,7.500151981248427,5.302953447622952,7.718295857313459,28.15290557253696,16.67380394601765,18.874894254598562,22.96146399557369,18.901812810194066,19.112054859533814,21.17917740848226,23.82571156473572,12.334518973923192,18.981546529665138,15.48260072720106,15.999537006479732,48.96011932821415,48.83587855579146,34.37921938102002,31.07249968570558,10.135545397107471,17.816922182560873,13.639730795626763,19.328590750056073,16.709122605614954,11.34985068387725,19.504289510026297,62.92931275192517,53.39963176099705,25.59357417180114,38.512097501873555,21.966483793808315,34.93071008684471,37.2821215395406,16.342018993890054,11.102883795035567,6.801871061745669,12.10083049513293,34.81240810241776,25.79259551581922,32.05281356248435,39.72357728696581,43.67840804006924,35.57830905725832,53.665002834001584,62.04626830175698,67.07105606527105,57.05793808550889,68.65452868257078,30.90829315542004,35.792490771412446,30.290625346844628,30.60032795089917,28.877434589610047,70.50274869099118,48.90644370608237,65.42736473464699,61.084522993866145,54.90582907916588,22.81266708543422,19.001536425017747,22.426300390494973,21.59035216407066,23.96735417543644,11.772001126904366,33.77085111482039,37.46319821929814,37.154091454186236,77.8114428075248,65.64201153729167,81.1938589958298,78.79182618028491,62.97126649579286,59.607321314709694,57.16410322047544,43.76392217688627,47.18794952950992,42.45361108755135,50.44148074279259,39.422174552324584,40.119086267348685,27.658891161695742,34.27965859171674,27.988334411092875,17.548388151430935,26.953019588179053,21.519560038122727,22.37341550789453,17.190513249639288
14,44.82452106337276,20.1298896611906,9.892168911225191,67.53180105699057,50.30619745987218,69.9269232545185,31.908188861404547,44.62376788840925,12.561111957566613,31.045280426344632,42.908926705728135,24.031732624182744,21.243227310521878,14.020478785022807,47.967351415188325,38.20126157873859,30.177958996469165,10.103678593993935,9.789554530869708,32.200670717670924,42.646172869200626,43.21692532177849,24.939841290059526,17.294523340953493,31.07191787960533,68.66052048352668,54.06871434487518,50.591153257748324,36.244779973247674,23.456177375611908,41.78813694885856,24.52947531622841,30.35454160276627,57.257070801291945,18.568169286052502,16.3835023034225,21.84757639246694,20.004110621950005,13.324984387079834,57.8006875233326,36.59467375161738,40.65321968360135,41.71777226774461,10.209689813181289,43.10170566231912,61.01005426321271,77.37000967985267,46.292417631565186,28.033899273068286,31.739948000304395,44.46114840577467,21.738019987256767,47.47526084021537,26.519791886663562,22.36838840916689,27.511769060158038,12.934283771278174,24.047745211064413,15.21892941007366,31.69165987593172,22.817259834278445,26.648484634019553,33.01141818660277,39.47185749668187,30.459005645394527,25.67219706928831,24.274862755720893,21.24246708685413,57.12192116448951,27.39513208361754,30.009013597583756,19.272647376045768,36.29385037289757,22.99136308234357,20.211150733046594,27.52222954181196,64.44875217295002,28.376203288398166,74.70505597013283,71.61431686572044,16.30971004486955,33.353151310265375,17.103529005524535,37.55625489752663,16.03178180536361,26.024986513547468,24.07938860241741,29.002608211936213,10.68786248142831,26.864782634451814,4.790889905805658,28.888975600127793,26.004897942811084,34.37468365451947,37.76288850168105,29.674694937802894,39.911617374956926,19.90413352498923,24.568285703401347,23.637919390293444,50.567742912749665,46.28442381176204,44.91289455888386,2.921661841357227,1.7923553719008263,5.409778126181713,7.33421785214453,9.348273091541504,9.28517965021953,28.964928248177813,13.815176073459895,16.204440116149897,20.291009857125033,16.231358671745408,16.253426986976063,18.32054953592451,21.02922089552583,13.146543208768755,20.20525070242505,16.706304899960976,16.81156101858177,47.43016084398698,46.165425976547496,34.1403518924147,32.04318814632425,7.465091481402341,15.14646826685574,10.969275988947512,16.65813661160741,20.004574151235847,14.252267038758987,20.727993682786213,63.820336989054105,50.72918185467547,22.923121369813664,35.841642026963726,19.80394348521382,32.07208355074814,34.42349233052167,13.483391121332309,8.244256590708405,3.943243411931448,9.744199716043052,32.14195552317382,23.12214004090938,29.382358087574517,37.05312181205598,41.00795546082529,32.90785358234848,50.99455292767999,59.37581282684714,64.40060059036121,54.38748261059904,65.98407320766096,28.551661039868982,33.43585865586139,27.4319961378257,27.929872475989335,26.17707869146914,72.12117533672968,46.2359911268384,62.75691482832538,58.41407308754455,52.23537360425604,20.142211610524384,16.33108228656909,19.75584625204631,21.351483339004155,23.72848690957464,12.58402669821111,34.5828764633836,38.27522356786136,37.96611680274946,75.14098733261494,62.971556062381815,78.52340908950822,76.12137070537507,61.457300997016745,53.45559050431093,56.506113264389256,39.39383600672559,42.81786068642688,40.57618383376514,46.07139189970956,37.06554533243941,39.880216105821,29.277317807434247,34.04531279676958,30.890749429513434,19.166813460708262,29.855437502265502,23.137986683861236,24.801656772661417,20.09292960452103
15,41.26258740001991,21.13686861142779,10.535599904706217,69.09714235095167,51.87153318524504,75.10637855664761,26.522743238435517,39.238322042696694,7.175666111854055,36.22474129706201,44.474265104023345,18.64628544200901,22.782729018546597,8.63503360754084,53.14681228590571,33.8667087929381,31.110950787564697,13.885401539867617,11.354890924473155,37.3801315883883,47.82563084425212,48.39638329682999,30.119299487854548,12.959970332409478,25.68647203389277,73.83998135424406,54.38325605211808,51.09769988781561,30.449171518546855,20.940048196229235,38.435632320961105,26.068978360714304,30.538397008060052,58.82240652666481,20.148465135127974,13.340239423216115,16.46213076949791,15.669557613405992,10.808853871235971,59.366023248705446,34.8957587313283,35.2677738378888,35.95353434357257,13.179872545900004,44.66704138769197,62.575389988585556,82.54947055057008,51.471875606616685,22.648453650099256,36.91940887102177,41.933594042509824,22.67101200109582,44.94770937261641,21.13434604095101,23.3753660229429,28.307138761268593,10.551308223925963,24.55741849206173,13.997456904740398,27.357107090131226,21.118346150450545,21.263037451845815,28.67686807372464,35.33483924183699,24.754986434546822,26.605188860383834,25.814365800206794,19.848029998380888,58.68725688986237,27.166151734820016,30.942005388679284,16.229384495839383,31.959297364353567,21.29244939851568,14.825704887334041,28.455221555651008,66.01408789832288,33.555661263449664,79.88451684085021,76.79377773643783,14.497716598674593,27.967705464552814,11.718083382555507,31.98582055018339,17.57128351338833,31.20444471134249,29.25884947313479,30.54211125642211,15.867322015684508,30.269086047497627,8.841395910075768,23.503529754415236,31.184355917862575,35.30767566835853,40.97299586379828,34.85415313559791,41.47695310032978,14.518687902020202,19.182841194149972,18.252474881042072,52.13307863812253,47.8497595371349,46.478230284256725,4.633619163555974,5.428795077795467,1.7923553719008263,3.7490836681982476,3.9628276913160057,3.8997335817634395,23.579482625208783,15.354677781484614,21.383899650406104,25.470469391381226,21.410818206001608,19.22361038792537,21.290732936873816,23.99940429647513,7.761097363056198,14.819805079456021,11.32085927699195,11.426115172869213,52.14388169932552,51.344883951598995,29.80579910661421,26.499076738377404,12.644550124684427,20.325927578368415,16.148734632229598,21.837596145863614,14.61912852826682,11.011954985748776,15.342547837073656,66.11307512303652,55.908637156804595,28.102579567608682,41.02110289768109,17.393063519402503,33.0050755645872,35.962995375007566,16.453574522281613,11.214439323427122,6.913426590137225,8.349761959339222,37.32141349822531,28.301600911626764,34.561818958291894,42.23258268277335,46.18741343587678,38.08731445306586,56.17400822980912,64.55527369756452,69.5800614610786,59.56694348131642,71.16353407837835,26.852748915245794,31.736946531238203,28.971499182311593,31.926128179820353,31.356536666520636,73.68651106210253,51.415449101889905,67.93637013045452,63.59352838967368,57.41483447497342,25.32167114478058,21.51054182082529,24.935305786302507,17.016931889664853,19.393933901030632,7.198580184267963,29.19743084041457,32.88977794489234,32.58067117978043,80.32044820333232,68.1510169330992,83.70286439163735,81.30083157609246,58.39784622138706,55.033901040303874,52.590682946069634,39.70837771396849,43.13240239366979,37.88019081314554,46.38593360695245,35.36663031215034,35.545663097276986,30.842653532807105,35.65967726875223,28.37461891366958,20.7321505225423,27.339306986421644,25.07050264473329,23.028239610189413,17.576799088677163
16,39.69502713501336,17.40181177154163,13.286181127699852,71.9744987222519,54.748889556545244,74.7685100332298,24.920401348482386,37.63598037548709,9.693594390728212,35.886867205055935,47.351621475323554,17.04394377479941,19.047672178660434,7.032691940331239,52.80893819389964,32.33532185445331,27.375892611217356,10.150344699981456,14.232246627542771,37.042257496382234,47.48776232083429,48.05851477341216,29.781428068770843,11.428584953129393,24.08413036668317,73.50210726223798,50.952671575459505,49.02766073508587,30.378840248962398,23.690628750992282,36.658643020499156,22.333920184366967,27.107815204323835,61.699762897965016,16.413406958780634,16.09082131444034,14.859788879544784,14.138172234125905,13.559435762460199,62.243379620005655,31.46517715033562,33.665432170679196,34.42214762783131,14.495174426767175,47.54440043191455,65.45274635988577,82.211596458564,52.994522534472964,21.046113096607307,35.57595911301726,39.33165447741527,18.935955161209662,42.34576691185596,19.532004373741405,19.640309183056743,24.78368983404789,13.301890115150186,21.12683691106904,16.748038795964625,25.825720151646436,17.68776434671433,19.660697121097392,27.14548113523985,33.80345519901809,24.593068594031614,22.870130684036493,22.079307623859457,16.112973158494732,61.56461326116258,23.735570153827332,27.206947212331947,18.979966387063612,30.42791332153466,17.861869153984166,13.223364556585615,24.72016337930367,68.89144426962308,35.078308191305936,79.54664274884414,76.45590364443177,11.180215448279561,26.365363797343214,10.11574216083297,30.454433834442128,13.83622533704099,29.860997626260332,29.863342001913146,26.807053080074773,15.665759836220195,26.534027871150283,11.718751613145383,21.400317185025234,30.846484721522398,31.572617492011183,43.850352235098484,34.51628171651421,44.35430947162999,12.91634601206707,17.58049952694037,17.066903064149898,55.010435009422736,50.7271159084351,49.35558375989105,7.510975089369119,7.794709361726964,3.8193721710249484,1.7923553719008263,6.713409359796701,6.417662306124656,21.977142071716834,11.619619605137274,21.549353544459407,25.132595299375154,21.072945450456714,19.02136884069468,18.799139180059612,21.507810316917407,7.389371823084659,14.886824375493518,11.387878573029445,10.909088459717378,55.02123807062573,52.86753087945527,28.274412168129416,24.967692695558497,14.1671970525407,20.124364285186445,17.671381560085873,23.360241737258708,17.13705613891039,13.76253620874241,17.86047567046075,70.05144802494189,56.96029289056325,27.764708148524978,40.68322880567503,14.674449556854416,29.27001738823985,32.22793719866023,14.464906476711679,10.783782082247354,8.226641141385151,4.614704673966003,34.83951331709138,26.958151153622243,33.218369200287384,41.89470859076728,45.8495422395366,37.7494403610598,55.83613413780305,64.21739960555846,69.24218736907252,59.229069389310354,70.82565998637227,23.42216711150958,28.30636472750199,25.236441005964256,28.191070003473016,32.87918359437691,76.56386743340273,51.07758057847208,67.59850160703671,63.25565986625587,57.07696038296736,24.983799725696876,21.172669065280402,24.59743169429644,15.485546510384765,17.862548521750547,5.596238739801892,27.59508895046144,31.287436054939207,30.9783292898273,79.98257411132626,67.81314284109314,83.36499586821952,80.96295748408639,56.327807068657336,52.963861887574154,51.376619336029854,36.27779613297581,39.701823485599455,35.44668700973985,42.95535469888213,31.93604850841413,34.01427905445808,33.720009904107314,38.410259159976455,31.1252008048938,23.609505557381326,30.08988887764587,27.821084535957517,25.77882150141364,20.327380979901392
17,44.12321862788611,24.06961305711811,7.9352188760907865,67.80421082554179,50.578601659835144,74.66860956004334,29.383374243558187,42.036899596038765,5.7248637731247705,38.19101270343813,42.46638542899447,21.50691666987521,25.71547324149339,11.495663498945863,52.70904328930142,36.727337125138405,34.04369233758912,16.81814576281441,12.882146638707805,37.67310058475471,47.38786184764783,49.30366224305767,32.08557067148714,15.820601560275676,27.517515843230974,75.80625543354253,57.24388438431839,53.958333788604165,33.30980252366952,17.058232772246257,41.2962635488273,29.001722806404626,33.39902801318273,57.52948056984316,23.081208021613588,9.458423999233137,19.144086715603052,18.530188841272185,6.9270384472529996,58.07309172329555,37.7563899591945,38.066354286896754,38.81416557143877,17.10430994434057,43.37410986228208,61.28245846317567,84.51574462986855,50.21537935411979,25.436102737630964,38.88568005465437,44.794225047632494,25.603756224042613,47.80834037773907,23.99497726881721,26.3081102458897,31.16776709346891,6.669493245430049,27.418049719927925,10.115641926244486,30.217735422331536,23.978975819112037,24.10846220166526,31.537496405924955,38.195470246959665,27.615617662413023,29.53793330607415,28.747110245897108,22.780774444071213,57.39432536445248,30.026780067020326,33.87474983436961,12.34757040831759,34.81992859221977,24.153080626381872,17.686336115200238,31.387963105675446,64.72115637291299,34.16030703977663,79.44674227565767,76.3560031712453,17.358346267336085,30.82833379675312,14.578714387678179,34.84645177804959,20.504026399873943,33.170715894975075,31.225120879510904,33.4748554793689,17.8335931993171,33.201827597522055,10.259133976474455,22.354557372417638,33.1506273242387,38.24041989130532,39.68006433838839,36.8204243192305,39.46907320255738,15.78150851156322,20.783753293384297,17.103502499044474,50.84015268130088,46.556828011725,45.18529875884684,5.302593048591479,9.353232030748973,4.043801869505414,6.681827668401509,1.7923553719008263,3.546382155578192,26.44011363033146,18.287420667970224,23.350170834038693,27.436740575013815,23.377089389634193,23.148046449904754,25.466941579353747,28.175611602493884,8.74235144027493,13.670832697458424,10.17188600402023,12.407370141062065,50.85095017391562,50.75272027720385,32.66643011173688,29.35970774350008,14.610822867521719,22.292198984744523,18.115007375066888,23.803865993035018,12.489410815272915,7.130139339022271,14.193574118614874,64.82014359762664,55.891385670409306,30.06885075124127,42.98737408131369,20.25369341080752,35.93781978753398,38.895739820697884,21.13270753954463,15.138876721867693,10.837863543090732,11.282506182286014,39.28768490460142,30.267872095259353,36.52809014192448,44.19885386640594,48.15368751517526,40.05358563669846,55.736239233204834,64.11749913237198,71.54633554037707,59.12916891612389,73.12980815767682,29.713377247446104,34.59757486343852,31.90424362800192,34.85887240276715,30.872785163822268,72.39357953669264,53.38172318118838,69.90264420975299,65.55980246897215,59.381102985683654,27.287942328413173,23.476814563662582,26.901576969935093,19.87756155832634,22.254563569692117,10.059210521160043,31.99385891869254,34.82291045985532,35.3792487331225,79.88267920672806,67.71324236790666,78.70214963512356,83.26710565539094,61.25847455358737,57.89453494109243,55.45131127826993,42.569008941834696,45.99303362153598,40.74081914534585,49.24656750774102,38.22726131727302,38.406294325143186,29.549722007397218,31.77786162202572,24.4928034896866,19.746124833424794,23.45749156243867,21.188687220750317,19.14642418620644,13.694983664694192
18,42.872878338326686,23.72750683804282,11.548345016703449,71.4173336250015,54.19172445929486,78.95929590328434,26.128133473683086,39.889988978197934,3.8797826665285715,40.07765864369873,46.07951090137655,18.251677236461283,25.3733670224181,9.640793036951507,56.99972963254244,35.47699973124486,33.70158901417973,16.47604110294383,15.207807602879289,41.23304603935914,51.67854819088885,52.24930064346671,33.97221683449128,14.570262607177428,25.370602329724257,77.69289870088079,55.993546990424846,52.707996394710605,30.05456464946031,20.519909350021177,40.04592615493375,28.659616587329346,32.14868794636682,61.14260336930287,22.73910469820419,12.195857117140374,15.766799197075338,17.279850110917465,10.388715693258506,61.686220091343515,36.50605256530096,35.9194434463124,37.56382528187934,17.03278989253673,46.98723533466415,64.89558683122362,86.40238789720678,53.82850215357949,21.763951566271025,40.7723262176585,43.54388765373895,25.261650004967333,46.55800031092318,20.739736498942108,25.966006922480297,29.917429699575365,10.282619608786238,26.16770943036849,13.728768289600673,27.109444127758422,22.72863842521849,20.436312366766504,29.529012427699307,36.94513285306611,24.36037689253792,29.195827086998868,28.40500402682183,22.438669561457104,61.007448163912194,28.776442673126787,33.53264361529432,14.793906911971256,32.30902987640757,22.90274167328363,14.431096681786311,31.04585955952252,68.33428474096094,37.408578610086394,83.73743418748694,80.64669508307456,16.10800887344254,27.573095922543907,12.865706606992147,33.59611148849016,20.16192151725984,35.05736205797922,33.11176681977151,33.13274926029362,19.720239362321234,32.85972427411266,12.694312588481903,20.20764675457682,35.037273264499305,37.89831367223004,43.29318981077045,38.70707048223464,43.08219889768299,12.40422099303551,17.28722693114264,14.956590544742465,54.45327548076059,50.169956379772955,48.7984242312289,7.717655469664827,9.281712424432191,3.972282040445102,6.339722785787406,3.551025021716651,1.7923553719008263,23.184874196917537,17.945315785356122,25.236816997042823,29.323386738017952,25.26373555263833,23.076526175357387,25.12483536027846,27.83350805634096,5.365063699003689,11.523921188643477,8.024975386179406,9.030081286073173,54.46407854196359,54.3658486452518,31.416090044920978,28.109370349606536,16.49746747132115,24.17884358854396,20.00165197886632,25.690512156039162,11.323244637454275,8.936640375255507,12.04666350077405,68.43326639708634,59.76155450344133,31.95549691424541,44.874020244317826,19.003356016913976,35.595713568458706,38.5536336016226,20.79060265693053,15.067356670063846,10.766343268543359,10.94040129967191,41.17433084486204,32.15451536259759,38.41473340926272,46.08550002941008,50.04033078251351,41.9402289040367,60.026925576445834,68.40818547561298,73.43297880771533,63.41985525936491,75.01645142501505,28.46303985355256,33.34723746954497,31.56213740892663,34.51676618369186,34.48591063620434,76.00670790474061,55.26836644852663,71.78928747709125,67.44644573631041,61.26775182161015,29.17458849141731,25.36345783100083,28.788223132939233,18.6272241644328,21.00422617579858,8.808872459035912,29.846945405185828,32.6759998420145,33.23233789253814,84.17336554996906,72.00393427973592,82.3152780031715,85.15374892272918,60.00813715969382,56.64419197861064,54.200973884376396,41.31867154794115,44.74269622764244,39.49048175145231,47.99622454525922,36.97692392337946,35.61435720191625,33.162850375445174,35.39098999007368,26.8963955099412,23.35925052855039,26.173639976853643,24.80181269313239,22.759550995049693,17.156661801673817
23,27.630210036547673,23.60137831420372,33.252429358940425,93.12141863546907,75.89581503835068,94.16125225637515,3.6108481425317724,19.336959001733092,22.572826653090033,55.27961499678954,67.58033687216857,5.206029273483792,31.288789221883704,15.512526320451013,72.20168598563323,16.234947515500103,36.16817847329489,26.476501681616092,34.91657700986884,56.435002392449945,66.88051011256789,67.45126256514578,49.174175860504434,13.534899226174069,8.872498480138017,92.89485505397158,41.042759137381324,36.612359587896094,8.694450444157319,38.41965047268658,23.6314208478069,33.74484023910946,24.340549822705707,82.84668837977044,30.75910800330785,30.15241031358291,8.20390882769169,11.653474394255696,30.42067148388864,83.39030510181108,22.386213460151836,16.84020026794621,18.123176494028122,32.471771867983634,68.69132034513171,86.59967184169119,101.60434981888585,72.7375011155371,5.83079124074486,51.815000877341525,28.236342625937112,26.83838195756346,31.497007200766713,4.050252744876546,25.64042827332795,26.35362788623675,31.986705955714978,22.603907617029883,34.735208090599976,8.427889252472228,20.18445625744223,4.607081053909637,10.36632439990941,20.415821298471485,6.385965901811535,29.206760898653947,35.46517761839232,21.30503997654659,82.71153874296802,22.61483318717436,29.567338124951064,31.397270889561828,12.943515154133781,17.719416202321458,9.38488945494435,32.97498001802389,90.03836975142852,54.82128677237007,98.93939054057775,95.84864586757712,17.26884658053751,5.713578026692353,12.719277906063198,17.298918293543107,28.383211245337733,45.90444295108317,46.76236460399437,40.1929228518641,35.27868827085677,39.91989497001725,32.403080436266734,11.7890104910826,50.239229617590105,38.947956472708455,64.99727482123802,53.909029508247805,64.58302754139736,12.718580496070901,9.353971093781375,14.386319663676367,76.15736049122816,71.87404139024052,70.50250924169646,28.19530480346459,28.99047982672996,23.681050779204057,21.458283293031094,26.495493240467432,23.204403235906664,1.7923553719008263,24.34612954813117,38.44837325087474,44.11366560337325,40.46569190572914,35.920387433392364,34.307824511080014,38.40683158253745,17.85668479832438,18.192953800453573,18.272022185000655,16.193691404368217,76.16816355243115,73.06730075458215,15.689384683238199,13.426537394515062,36.20623687831069,39.71661922457696,39.71042138585587,45.399280003823996,24.8170456776592,26.94070187097234,20.80347856942332,89.4441958166755,76.35304068229684,47.15745594025857,60.07597927033099,16.786875466874097,32.47344511738068,43.45365981834093,31.36392618312702,29.941405367653054,29.14107383166914,23.21253627041604,49.58591727563306,43.85717086003757,49.45741096461164,61.28745905542324,63.53920124271677,55.48299654540655,75.22888192953664,83.61014739729204,88.63493516080612,78.62181718104395,90.21840777810586,17.53855825671033,20.901150270849023,37.06133258405731,41.576939775262346,56.1899956466719,97.71079291520817,70.47032280161743,86.9912493987703,82.64840765798945,76.46970817470095,44.376547517430474,40.565416857014,43.990179486030044,11.69963175402079,11.433857069739986,19.69984986507588,9.031206140899464,14.46220281574504,13.070548684935108,99.37532190305987,87.20589063282674,102.75773809136487,100.35570527581999,44.245115024656,40.881169843572806,38.99399466468502,32.68024310626021,32.31881655888337,24.182936500906948,35.62002045616544,24.40864541547996,14.254243887587371,54.866932490246846,57.16803464377921,43.44049010713213,45.063335539017956,42.717731901122214,46.50589770359995,43.765990796048996,37.188616701329835
27,29.187468636037174,6.341992765101214,24.846019042318574,74.61909367333354,59.49275318007544,71.64282246896693,26.98551230061178,42.057397569383205,21.253433196321055,32.76118253645894,55.20642147284512,19.436338700546514,9.521457522545553,14.11194151055091,49.683256198225,28.741126686451835,16.31607360477694,4.236778622351003,23.456711960083815,33.916572605041715,44.3620747565714,44.93282720914927,26.655740504507953,10.638036758468324,29.388191072393546,70.37642526656334,40.28081477586343,36.803253688736575,29.94945197767281,35.250466665611,27.026747696595375,11.635652907167229,16.566644706676886,67.14902186934484,6.590591918530436,27.650657892597884,20.163848248793983,13.32650327521062,25.11927234061774,67.69263859138549,22.93005292572245,38.0868522602412,29.849412289780112,9.953337180217734,52.99365383470612,70.9020053312656,79.0859088943011,50.2190657595406,25.794174099216036,27.73086516481364,29.150387406887297,7.876136154769247,32.2100230502633,21.097434765114496,8.580490176616328,13.723872164068652,24.861728029768912,10.259846087539731,28.307876710583344,25.39633188035684,10.544066163536417,22.32454825034396,25.167961403344346,26.193603365726187,24.163680322742017,11.810311677596076,11.381040346659713,7.628835150632625,67.0138722325424,13.607233851066972,16.14712954235271,30.53980586088704,27.993376656380555,12.205485206222837,18.527422589373636,13.660344150119732,74.34070324100293,32.302854312039464,76.42095518458126,73.33021608016888,8.692021871450178,28.326907249552427,15.292117365429831,25.687897592484504,4.013410074047261,21.820305679350568,23.972666608625957,16.108785580131503,12.760255810526168,15.835760593950544,17.315658806280684,26.712150303469986,27.720797157259508,20.512799822031955,41.68953662965646,31.390594152251314,52.20911214207392,18.99695904547709,22.892331308923946,23.147514538355217,60.459693980802555,56.17637487981493,54.80484273127087,16.683933208042518,13.822108965829859,15.379210085643674,11.589199075763759,18.273247274415425,17.97749955251279,24.035680753251263,1.7923553719008263,15.65867659196751,21.32397050367072,19.13962894933799,13.130692110946304,10.139310653737894,15.617133587169036,16.183329598098066,22.664915733424383,19.165969930960316,18.43684682858182,51.35681186762828,50.54886539858566,25.157988061790448,21.257311606664693,15.447936265351244,17.198186764246365,18.20992128884817,23.04744433459892,28.69689538999029,25.322375459822318,25.024383596855348,66.92576046067902,53.83460532630036,24.639020584262084,37.5575439143345,10.56322767570111,18.210198159055913,22.127040225868413,8.574229524219781,7.648070390905736,10.170993693439218,7.507874276688566,25.50177866743929,21.067474201130345,25.373275252083758,38.769023699426754,39.45506263452299,31.39885793721279,52.71045214212842,61.091712041295565,66.11649980480965,56.103381825047464,67.69997799069763,17.490396873406198,19.793665207767408,14.53817372876452,17.49280250352975,33.440800889304114,74.7472101831775,47.95189301420919,64.4728140427738,60.12997230199298,53.95127281870447,21.858112161433986,18.046982837478694,21.47174546649473,14.609227578360157,17.92965268307296,11.08896009697785,32.01650636710109,35.70885347157885,35.39974670646695,76.85689211565162,64.68745527683025,80.23930830395665,77.83727548841173,44.67607074216591,39.66769650388743,39.724885905204324,25.605936437713844,29.0299637903375,24.647259421948192,32.28349500362017,20.677982191722236,31.68368298463683,39.16926887548714,46.34280778663009,42.68503871951252,30.57374640626449,41.64972679226459,35.43548033726057,37.33865941603236,31.887220453724826
29,38.64270027499894,17.273329294077925,23.85476288963058,63.177243006533914,50.84850556367432,59.7339064627852,41.15056967880369,56.222454947575116,28.41577634941769,18.850031844528104,51.166460815513844,33.60139607873843,10.95872418244631,25.75372387417554,38.241405531425386,39.81093173082735,20.381942007564774,12.360869533517302,19.492445122820747,22.474721938242098,32.9202240897718,31.066190475219496,15.213891174169524,24.803096364095538,41.94519898042067,56.465273238171335,47.08030315006914,43.60273939001992,41.71343433749866,37.0203700488979,37.01442279664802,13.130882779407951,25.05151375880431,60.66802043578467,8.784536391926746,31.43211087331325,32.720857493282274,27.491560653402537,28.373591620509405,61.21163158923706,33.1894931745506,52.251906742767225,40.91921711141211,7.199429282604168,48.95369317737485,64.42099832911717,65.17476243449734,41.458579432030554,38.907180373883634,15.830633260634425,36.58874320513223,14.823843642397701,39.64837907125177,35.26249214330641,19.26833572953636,21.374512347079524,27.98289100470775,21.223249888806947,27.29968937669613,37.16031424018269,21.613871207911934,36.48960562853587,37.411744463877696,36.45304517375905,35.92766268256787,15.87618163958862,10.374628724193329,19.698240543071925,60.84876567316962,24.570638320564775,20.212998167884074,34.32125594593653,40.2371597169139,24.44927093967854,31.084433170323113,17.726212775651085,65.13424538639786,24.012493151782568,64.97910451778165,61.88836541336927,22.857080808846803,40.09088960937828,27.561794361320867,36.75770263686002,12.407391078953882,10.115669769185729,10.118015481299723,15.479299890830603,8.656828393716708,10.955465890090075,16.162093675438868,39.269158211497114,13.80964780178985,24.578668224819786,34.50432038895542,17.479445019525187,48.16914591615439,31.266637377829316,35.44934055341224,35.41719309345096,56.419733323471284,52.1364086538954,50.76488207393959,18.776706010926887,16.105274696612298,21.26444363175044,21.547851362093365,23.253977704164853,25.13984560127531,38.20073813144319,15.678429933691302,1.7923553719008263,5.650787516571123,3.808982521813556,2.877567309423078,4.986878596663347,5.245940459181789,29.001207600619836,33.607855641107236,30.10891117510434,29.630121284535797,42.71256157830481,39.107017627451945,37.40177379524616,33.501097562863926,11.462267116012093,12.850049296040762,14.169957735851007,18.69930686639331,35.859238765830455,29.30087560864974,36.582659633842,55.48391536246764,42.39275465950074,10.727871451535957,23.64639478160837,23.446025839234046,22.276068121048453,21.252358458789004,7.434935348598886,11.00606408761196,12.79431730564039,17.46652723124876,16.232639447042665,7.212824633008822,13.473042011443365,24.857871671034736,27.554830953087297,19.498626255777097,41.2686014753288,49.64986137449595,52.20535334500586,44.661531158247854,53.788825962305594,28.560200581320537,30.23885707755987,14.260862266093033,12.020556399858183,28.10112327040981,63.305359516377905,34.04074098581717,50.56166201438179,46.21882316926684,40.04012368597834,10.416262831095555,6.413134375647656,8.532656003557703,29.052098928627142,29.772974951808905,22.300234457587784,46.181563745293005,49.87391352269313,49.56480675758122,65.41504144885201,53.245604610030625,68.79745763715702,63.92612346001973,52.11442386748848,46.46718220517077,47.16324170344925,32.40542481191955,35.829449491620835,34.102493956575856,39.08298070490352,28.924333239842845,43.92746604517018,35.12930532248997,42.30284423363293,45.939357999404194,26.53378285326733,42.54429554718578,31.395516784263403,34.78355457377751,35.141536837950596
30,43.26843186741555,22.35153095607609,28.0048953925453,63.345035707651775,52.23730590437843,55.31308778075408,46.759223920221956,61.83110918899338,32.565911525254776,14.429211826035802,53.96220395743719,39.210047647234326,15.317331933021151,31.362375442671443,38.40919266395501,44.88913339282553,25.0076722635202,18.058168794809685,22.288193833332343,23.33799366799938,31.557960967739902,26.645369120266018,16.07716312667033,30.411745036925545,47.553850326173034,52.04445455614021,51.70602917389749,48.22846808677064,46.79163310383094,39.81611608648714,41.64015438906462,15.290463494719887,29.677245351220918,62.05681520790052,13.86273738569432,35.582243153484455,38.32950906177818,33.10021199915491,32.523726796346494,62.600431929941166,37.815224766967205,57.86056098418549,45.997418773410274,12.438149064775285,51.74944188788644,65.80979866982128,60.75394375246622,41.62636656456017,44.51583194237953,12.969863040805535,41.21447479754884,19.449573898353126,44.274110663668374,40.87114348905879,24.346536055073344,26.00024260303495,32.13302618054483,26.30145021434393,30.09543519154184,42.238515902180865,26.692072869910103,42.09825719703177,42.48994612587586,41.07877676617565,41.005864344566035,20.501911672800514,13.087143077917027,24.776442205070094,62.23756044528548,29.648837309640577,24.838729760300676,38.47138822610772,45.31536137891206,29.527472601676706,36.69308473881901,22.3519443680677,65.30203251892748,24.875766440744552,62.28481548516622,59.19407638075385,28.465732154599173,45.169091271376445,33.170445929816765,41.8359014031923,17.48559118174734,9.077960007837792,4.453779155876756,14.913190304391197,12.048048520043334,11.012644822461056,19.88925559364917,44.87780955724948,9.393556851182101,29.204399817236386,35.367590782251526,13.223555225047262,50.964894626665995,36.875288946325206,41.05799189916462,41.02584443920333,59.21548203398288,54.932157364407,53.56063078445119,22.92683985030279,20.255408535988202,25.41457747112635,25.16758830793167,27.404111543540758,29.28997788144651,43.809389699939075,21.28708127944367,5.6953466915087665,1.7923553719008263,5.564838584383619,8.335022574474795,10.065079813174455,7.029552593020001,33.151342776456914,40.21004915639556,36.71110469039267,35.23877263028817,43.57583464452327,39.27480475998156,42.47997278432196,38.57929922486209,15.189429925196517,14.277508112830375,16.965705109901425,19.71216758228259,40.00937394166753,33.45100811156447,40.7327919140132,55.65170249499727,42.56054468769626,7.034242680786813,19.225573203911367,28.52422750123221,26.90179971346506,23.964873480743286,13.13223460989127,16.70336334890434,16.956328943751345,23.07517724053995,15.610563989496436,7.275880430674233,8.360565688772809,20.6019847722227,24.556817084530838,14.873686739353023,38.593036932072295,48.48158269703918,47.78453466297474,43.49325248079109,49.36800728027448,33.6384022433187,34.86458866997648,16.973375728842612,11.454447481649368,28.9643965593718,63.473152217495766,29.619922303786055,46.14084333235067,41.79800159156983,35.61930210828133,11.272571152619268,8.168990215474189,5.172743816827948,34.13030059062531,34.85117661380708,27.90888446687898,51.790215091045376,55.482562195523144,55.17345543041124,63.82887920342803,52.07732593257387,67.62917895970025,59.5053047779886,56.74015545990509,51.092910901921485,51.78897329586586,37.031153731413795,40.45518108403745,38.728225548992455,43.708712297320126,33.55006215933709,49.0056703800907,37.92505403300157,45.09859294414452,48.31957575911199,29.329528890856565,45.340041362031485,34.191265494775,37.57930038862321,36.00428645687366
31,42.23458737454298,20.865216170878433,22.423555076488228,59.534122222177004,47.20538477931743,56.84867610770095,43.168545427071464,58.240427800177024,28.50705954366064,15.964800152982676,48.537981358824716,35.61936893134032,14.550611059246823,26.304849948841692,34.598282074146134,43.402818607627864,23.973830443569987,14.682629812992149,17.249058490823035,18.83159981742402,29.277103305414904,28.180960120135254,11.570768385120854,26.821069216697424,43.3562874842195,53.580042883087096,50.672187353947294,47.194626266820435,45.30532121429917,34.776980743977845,40.60630989619205,16.72277121541317,28.643403531270714,57.02489408283952,12.376424159701376,31.523391171890324,34.13194621982464,29.509536178926783,28.464874592008833,57.56851080488017,36.78138294701699,54.26988516395736,44.51110421095615,8.379297751411743,46.32521661635161,60.77787754476028,62.2895320794131,37.8154559747513,40.318269100425994,17.7992530520469,40.18063030467627,18.415730741941744,43.24026594805227,37.28046766883066,22.8602228290804,24.966400783084744,25.383685616443444,24.8151356518898,25.05630007177606,40.75220133972673,25.205758084712446,38.50758137680365,41.003634236344084,40.04493205055956,39.51954978211191,19.46806851638913,13.966516269224428,23.29012764261597,57.20563932022448,28.162525420108814,23.804885044684582,34.41253891743595,43.82904681645793,28.04115803922258,32.49552189686548,21.318101211656305,61.49112460204096,20.369372367425672,61.33598373342474,58.24524462901237,24.87505366144869,43.68277670892232,30.43294732531173,40.34958951366054,14.154623180274536,13.70755753696036,9.929676916978465,19.07118699037465,7.295373385211508,14.547353435121176,14.755276278826992,44.83492318622183,10.924416778475013,28.170555324363825,30.861196931676165,14.594213105236236,45.540672028053514,32.18850335234693,36.852655308015514,36.339058845225054,53.79125943537041,49.50793476579452,48.13640818583872,18.86798764596513,16.196557668111726,21.35572526678869,21.10873744005519,23.345259339203096,25.23112589985238,40.21871387971096,19.071036638491925,3.8870120305369094,5.5627750883220815,1.7923553719008263,6.030330017983033,8.57876591895092,8.837827781469358,29.092490794862787,36.1511969520579,32.65225248605501,30.18124446353606,39.06944079394792,35.463893947429156,40.99366089479019,37.092984439664434,11.130578389089447,8.878529261211646,11.92656976739212,15.510834806084503,35.95052173732988,29.392155907226808,36.67393993241907,51.840789009522496,38.749631202221494,7.842640205477592,20.76116286731942,27.037912716034555,25.867955220592492,24.844245335589513,10.827542053399508,11.916752346309192,12.897476962157214,19.305854204235537,19.82452632384318,10.804711509809332,14.98148057501064,21.97264131595049,25.927474964719813,17.827373086243,37.62547801804954,46.00674059013906,49.320122989921614,41.01841037389096,50.90359560722136,32.15209035378694,33.830743954360386,17.852749142893543,15.612444835863403,24.457999813130556,59.66223873202101,31.155510630732927,47.67643165929755,43.33358991851671,37.15489333089408,6.773140710277479,2.770011809342521,5.647424534755807,30.792260482076315,33.364862051352944,25.17138608511747,48.19953927081724,51.891886375295016,51.58277961018311,61.77192066449513,49.602483825673744,65.15433685280013,61.04089310493549,55.706313639954885,50.05906908197128,50.755125907327404,35.9973119114636,39.42133659116488,37.69438083337637,42.674867804447544,32.516220339386884,47.519352921970686,32.500828761466735,39.674370345532054,43.280443312268574,22.96304391543169,40.300906242265704,28.767042896162526,32.54016526885744,30.965151337107883
32,37.4973893511468,14.906256075560051,25.749502884282826,65.42747053782371,53.09873309496413,61.98413399407501,38.56922564871971,53.64110802182526,26.365363797343214,21.100256480152012,53.061200810166085,31.02005204865445,9.813413704081235,23.17237828488685,40.491630389792824,37.443858512309475,19.236632420173812,9.779524166972138,21.387187790395352,24.724946796609537,35.17044894813924,33.31641533358693,17.46411603253696,22.22174943834567,39.36385472759316,58.71549520087288,45.934989330551105,42.45742824342425,39.346361118980795,38.91511004355016,35.62307493819177,11.985573192016995,23.90620550787454,62.91824239848621,6.96913207405753,32.529935772244094,30.13951056753241,24.910216400575024,30.268334288084016,63.46185912052685,31.526381503780016,49.6705653856056,38.55214389289424,9.094171504691712,50.84843317202709,66.67122586040696,67.42498439719888,43.70880429039799,36.32583634379965,17.61450555891563,35.443432281280096,13.678532718545563,38.50307082032198,32.6811478904789,16.901262511018487,20.229202759688565,29.87763389502588,18.856175333827892,29.194429371348377,34.79324102166483,19.24679643018936,33.90826159845189,35.04467124535982,34.78993328024494,33.56058679112764,14.730870492992949,9.656053196188974,17.331167324554055,63.09898763587118,22.20356376558572,19.067688357749585,35.41908351778972,37.87008649839603,22.082196384699483,28.503086244573247,16.58090318826013,67.38447291768766,26.262720683072367,67.22933204907144,64.13859294465907,20.275733883096933,37.72381639086041,24.98045033123688,34.390626522676264,8.180670217954631,11.899542735697523,11.901888447811519,14.674008301921571,10.551569947573661,12.739338633858338,18.05683522929582,36.68781395866961,16.05987266015729,23.433357300967643,36.75454524732286,19.729669655149095,50.06389147939489,28.685290452079443,32.867996300584736,32.835848840623456,58.31447331812353,54.0311542171359,52.65962206859183,19.103978847368104,16.242154827898972,19.214029520471257,18.966505772804677,23.152524931318105,23.08943148999613,35.6193941013592,13.09708434440261,2.5785325612488426,8.351251445324056,6.059207380180995,1.7923553719008263,3.84156789555474,7.029813648437113,24.54492547569693,31.02651161102325,27.52756424935447,27.048774358785927,44.96278621392872,41.35724226307585,35.03469790380592,31.134021448680162,13.35700933809964,14.744790627154186,16.064699066964437,20.594049533967922,33.80882599101245,30.20165333946852,33.38598081091539,57.734137325169186,44.642979517868184,12.978096087159866,25.89661941723228,21.078952620716176,21.130757197196314,20.53378359901524,4.853589982053726,8.424717830092678,12.59103888727774,14.88518164196007,18.016511522580345,8.996697599520616,15.25691564618575,27.10809652940217,29.338705924290863,21.28249966777595,43.51882633369624,51.90008890578575,54.45557530770741,46.91175868953765,56.039047925007154,26.193127362802663,28.389993785824977,13.54228740631927,13.804430034600568,30.351348128777254,65.5555870476677,36.29096584418461,52.81188954567159,48.46904780489075,42.29034832160225,12.666487689462993,8.663359011271565,10.782880639181613,26.192940703724567,27.40590173329104,19.718888868299096,43.6002194924655,47.29256659694326,46.983459831831354,67.66526341155355,55.495832141320435,71.04768516844683,66.17635099130952,50.96911561655871,45.321871058575105,46.017930779597116,31.26011388806741,34.6841385677687,32.957182809980196,37.937669781051376,27.779022315990705,41.560392826652304,37.02404821280811,44.19758712395107,47.8341006669788,28.428522847919577,44.439035541838024,33.290259674581534,36.67829456842975,37.0362795055252
33,33.72974090070062,12.360369919779604,28.073408406694707,67.92659725807758,55.597859815218,63.99451686089354,37.07457468691335,52.14645995568478,28.414985609886337,23.110640906175263,55.91580949846927,29.52540108684809,6.045764139917399,22.95662489238534,42.990754214380814,34.89797235652904,15.46898263326645,9.733947945076704,24.24179647869853,27.22407351686341,37.66957566839311,35.32679820040548,19.96324141632965,20.727099813000493,39.47725345869512,60.725883636279676,42.16734110284846,38.689780015721595,36.800474963200344,42.41202197484217,32.101463422349696,8.21792340510963,20.138555720967176,65.41736911874008,3.8715765721413637,34.81221320182905,30.25290929863438,23.41556566151219,32.280827649848916,65.96098584078074,28.276533800252274,48.17591175087688,36.00625773711379,11.948780192994889,53.70304186033026,69.17035258066085,69.43537283260568,46.20792811498598,35.883236485517614,18.410411180959265,31.675783830833915,9.910883599868791,34.73541969695344,32.43743038425225,14.355376355238041,16.461552972781202,32.20153652177187,16.310289178047444,32.04903805965155,32.247354865884375,16.70091027440891,32.41361063664553,32.49878508957937,31.540085799460726,31.014703308269553,10.963221374316177,6.909600301779594,14.785281168773604,65.59811435612505,19.65767760980527,15.300038793585749,37.70135827445232,35.32420034261557,19.536310228919035,28.616484975675206,12.813253401352767,69.88359406935328,28.76184473040388,69.72845876932531,66.63771966491294,18.004993009159122,35.177930235079955,24.76469805245302,31.844740366895813,7.49443014545085,12.69544858048469,12.697794292598687,11.92755540751219,13.406178635876842,7.146017611555376,20.911443917598994,36.80121268977156,18.074985931321564,19.66570885052146,39.25366907191085,21.904984305186723,52.91850016769806,28.469538396039102,32.9813950316867,32.620093888917225,61.169082006426706,56.88576290543908,55.51423075689502,21.198015942528514,18.336191700315858,21.308066615631667,18.75075215755963,25.434802583646594,25.13905486174396,34.12474313955284,10.156921202703487,4.923890958518103,10.049098633130509,8.558332763973688,3.841723370538652,1.7923553719008263,4.342262607602944,24.329170523990705,30.810756659317022,27.311812193314132,26.833022080002063,47.461912934182585,43.85636631040737,32.48881174802547,28.5881381885656,16.211618026402817,17.59939931545736,18.91930775526761,23.448656885809914,35.8584480262991,32.48392809613112,33.17022585920917,60.23326404542306,47.14210334245617,14.886733941620353,27.90700228405083,18.533066464935725,17.36310741028895,18.11194041940289,6.268183132552927,10.518754257022502,14.685075759694627,14.669428026715028,17.67396538503339,9.792603221564253,16.05282126822939,27.83697461389771,30.134610209873323,22.07840551256312,46.01795015828422,54.39921562603962,56.4659637431142,49.41088540979153,58.04943636041395,23.647241207022216,25.325897703261553,11.120444226706917,12.967277656653305,32.85047484903113,68.05471376792157,38.301351383925514,54.822272412490136,50.479430671709295,44.300731188420784,15.165613073255688,11.162485063294849,12.685476575391972,24.13913955432882,24.860015577510588,19.503135253054054,42.105568753402665,45.79791585788043,45.48880909276852,70.16439013180744,57.994958861574304,73.54680632011244,68.18673385812808,47.201464493190166,41.55422283087245,42.250279656228564,27.49246276469887,30.91649011732252,29.18953458227753,34.170021330605195,24.011373865544527,39.01450667087185,39.8786540054454,47.05219291658835,49.846594028743695,31.283131536222754,48.81128210149576,36.144868362884715,39.532903256732936,39.04877286729011
34,37.58743899172085,16.670536521176682,28.876972396785384,68.19945251368871,55.870715070829135,59.68132228395021,41.07822814886137,56.150113417632795,31.139743284477742,18.79744632923193,56.18867032266864,33.52905187587374,9.636337498121744,25.681382344233214,43.263615038580184,39.20813762146493,19.326679387825493,12.458704060463402,24.514654629975546,27.4969314453969,36.044728440403546,31.013606296384506,20.23610068132433,24.730751938487323,41.87285745047834,56.41268905933634,46.02503629820281,42.547475211075934,41.110642901058604,42.042579556052715,35.959158617704034,9.609469728051067,23.99625247552622,65.69022994293947,8.181743619025504,36.45432038046806,32.6485132904176,27.41921912346021,33.39580112766421,66.23384109639187,32.1342318912725,52.1795652128249,40.31642589771558,12.221639680733091,53.97590268452966,69.443207836272,65.12217825566235,46.48078893918535,38.83483884394129,14.09721816322064,35.533479026188246,13.7685807999149,38.593117565230145,35.19015061336408,18.66554317937865,20.31924950459672,33.00510051186255,20.62045733864923,32.321898883850935,36.557523026486166,21.011078435010695,36.41726409859355,36.80895302743764,35.397780994815065,35.32486857320545,14.820917460644637,7.406147974787026,19.095447770170686,65.87097518032442,23.967844211202348,19.15773532540127,39.343465453091326,39.63436850321735,23.846476830316114,31.012088967458425,16.670949933168284,70.15645489355266,29.034705554603256,66.65304998836235,63.562310883949976,22.784736383238585,39.48809550001586,27.48945283137854,36.1549085274976,11.804598306052636,8.382255340002533,8.384600383885939,12.424102412289031,13.67903790087151,6.941282227763266,21.18430318259367,39.19681668155478,13.76179269083941,23.5234040458758,39.526529896110226,17.591791287448096,53.191355423309204,31.19429317496462,35.37699902346992,35.34485156350863,61.44194283062609,57.1586181610502,55.7870915810944,23.798915518081692,21.060946479241373,24.032821394557182,21.47550849568986,28.15955736257211,27.86380964066948,38.12839660150085,15.606086844544265,5.0469563133332125,7.023135574665423,8.83119202896836,7.07910055479813,4.3840858237621045,1.7923553719008263,27.05392797583859,33.5355141111649,30.036566972239648,29.557776858927582,47.73477375838198,44.12922713460675,36.79897968588372,32.898303453501505,16.48447751414102,17.872258803195564,19.19216724300581,23.721517710009298,38.58320547814698,34.32308511580454,35.89498353380057,60.50612486962244,47.41496416665555,11.402478074957056,23.593807707107487,22.8432330663328,21.220803942104467,18.283879045843882,8.992939470683153,13.2435103724092,17.40983209782485,17.394182805640547,14.499224126885352,5.479409758338567,11.739628250490762,23.52378003695437,25.82141852859587,17.765212272080966,43.07980707765829,52.968350169702816,52.15276916617086,47.980019953454715,53.73624178347061,27.95740914488048,29.18359289861589,11.292382184917322,8.300724971218818,33.12333277756462,68.32757459212094,33.98815680698218,50.509077835546805,46.166236094765964,39.98753950714334,15.43847233825036,11.435344551033051,9.659512625952765,28.44930481926472,29.17018373811237,22.22789159118428,46.10922221535068,49.801571992750794,49.492459659050645,68.1971192752124,56.5640934052375,73.72234492748464,63.87353928118473,51.059159688544504,45.411918026226786,46.107977524505266,31.350160632975566,34.77418531267686,33.04722977763188,38.027716525959534,27.869069060898866,43.324674608730106,40.15151482964479,47.32505374078774,50.961570179481356,31.555992360422135,47.566502158674695,36.417726291418205,39.80576408093231,40.16374634510541
36,39.07050439430347,21.435491061328072,15.414295087278052,75.28328703672906,58.05767787102242,82.82552774442435,20.782319493281953,33.00800464200615,6.002766842611825,43.94388781191638,49.94546431310411,12.905860360394266,24.501724368061446,4.123839188407816,60.86596147368245,29.979480478433597,31.2963402275493,15.710060851406617,19.074038107558117,45.099277880499145,55.54478003202884,56.11553248460671,37.8384457799654,12.019054440235672,20.35035140642838,81.5591305420208,53.44233726427838,48.90561955502152,24.70874777339329,24.38586142528756,36.24355198816701,27.893637672253305,29.597480893142716,65.00855678103042,21.973124446666972,14.31884084773657,10.420983657469499,14.20520823592815,14.254667100294292,65.55216793448282,33.954842839154495,29.037456437198244,32.499809709817185,20.89902039721555,50.85318874639171,68.76153467436293,90.26861973834679,57.69445556530705,16.418136026665184,41.1356766009036,39.741513709715726,22.85640144108043,42.75562614415644,15.393920959336263,23.468687097741448,27.366222869094784,14.148570124847904,23.61650259988792,17.594718805662346,21.763629924613767,20.177430035533213,15.090496827160663,24.183198224554648,33.14275890904291,19.01456135293208,27.03501994581098,27.63902511174579,19.340824938439052,64.87340157563976,26.225235842646207,31.207593636625518,17.59408265014078,26.963213000340552,20.351533506341873,9.08528114218047,28.64061099563562,72.20023258410026,41.2748104512264,87.60366046003868,84.5129213556263,13.556800483757257,22.227279046476895,7.348753203935515,29.79373754446695,19.395941488466146,35.42071244122431,35.423059489799485,32.36677056796111,23.58646830779535,32.09374268611426,16.560542870417198,15.576945085776238,38.903505105639304,35.49306510834314,47.15913765390977,42.57329942770876,46.94814941374466,7.058405676173198,11.941411614280327,9.935125000977724,58.31922889248815,54.035904222912265,52.66437764295645,12.352767237615055,13.147942260880427,7.838512545123926,7.3659106925611715,8.673752892610027,5.366267850526645,17.839058880055227,16.233771206918387,29.103045942516943,33.18961568349207,29.12996449811245,24.581084992119838,24.358856667945947,27.06752646834256,1.7923553719008263,7.208492271351124,3.7095464688870523,3.6842659692108635,58.3300263851029,58.23179648839111,27.613715878154235,24.306996405583323,20.363697975999976,28.045075429683962,23.867882483545145,29.55674399717916,13.446229259024589,11.059624105851702,9.567961471243269,72.29921980881389,63.62778634458134,35.821728755385415,48.74024918979194,16.452147627228698,33.26262544402428,37.10730684864078,20.02462240539331,18.933587174742673,14.632573773222186,11.206092009641921,40.39923080497772,32.51786864150858,38.778086688173715,49.9517289748842,53.906562623653514,45.8064607451767,63.89315741758584,72.27441731675299,77.29921064885532,67.2860871005049,78.88268326615506,25.91183280032846,30.796030416320868,30.796158493850594,33.75078749135936,38.351861375009534,79.8726557478799,59.134598289666634,75.65551931823126,71.31267757745042,65.1339780941619,33.04082033255732,29.229689672140836,32.65445207841336,16.076015997491048,17.201852231775362,6.257664069350629,22.96711188051932,26.659460321458265,26.350353556346363,88.03959739110908,75.87016055228767,86.18122584631081,89.01998076386919,56.20576588859297,52.8418207075098,50.39860261327554,38.76746182179468,42.19148650149599,35.68810758468556,45.44501771477864,34.425714197233,30.26854032584923,37.02880089150685,39.25694072887888,29.696571248110722,27.225201044612064,28.973815715023168,28.667763431937587,26.6255003973937,21.022612317735486
37,39.92400748381088,25.97052304755021,20.446977549724455,80.3159654897919,63.09036189267353,87.18036979288172,20.142704319212655,28.467352613779624,8.063576839921243,51.01552979961384,53.071090622896264,13.75936478636286,30.8096122030601,9.344295783070564,65.22080352213979,30.83298356794101,38.537323206641375,22.2105815232406,25.393906871546186,50.1848579219272,59.89962208048621,63.187177367970065,44.910090663328745,15.711279035771959,13.947967301767118,88.6307698567959,53.40143598358972,49.75912264452892,26.439448295407466,22.20663896276033,37.09705507767443,34.428570883004724,33.30422569390995,70.04123523409328,28.473645118500954,13.14674635086808,11.800606964739307,16.269695506173655,15.549891547601579,70.58485195613395,34.744888969899044,24.496807304637606,33.35331279932459,27.970662384913016,55.885867199454566,73.79421869601404,97.3402590531219,62.72713958695816,16.141736476005352,47.63619860919876,40.59501679922315,29.207526690909944,43.60912923366384,16.247424048843676,28.009573006674437,31.07296744711849,18.308655031424713,27.323247177911625,20.2259576092006,22.61713301412118,23.88417617276162,14.814097276500831,25.03670131406206,33.996261998550324,19.868064442439493,31.575905632000442,34.173958322497214,24.658588603368955,69.39397594756286,30.17979373492544,35.7484795455585,15.184260716096766,27.816716089847965,23.246489289431175,9.938784231687883,35.34412475137037,77.23291660575137,46.672067272615,91.95850250849604,88.86776340408366,18.87456281222598,23.957979568491066,10.183510543361713,30.64724063397436,25.89646082383895,41.921234449519474,41.9235788251723,38.90170377871253,30.658113191158698,38.62867589686568,23.63218641731937,9.380819485164945,45.9751473160803,41.31710120605494,52.191821675560874,49.64494431107211,50.0737757235368,6.492109430655686,10.153089345757607,5.637496410138489,61.824231982505914,57.95962616913461,56.42457242665964,19.00282143244208,20.2195858077826,14.910155423795509,14.377123251554965,13.706150020594553,11.545802399308968,18.166983241321567,22.54165926466057,33.609590367718546,40.26125789393306,36.2016093814758,31.08160432749264,30.859376003318754,33.568045803715364,7.252945643112039,1.7923553719008263,3.535541227975103,4.7995379233563025,63.362710406754005,63.26448051004223,28.467218967661648,25.160499495090733,27.435340186440968,35.11671764012496,30.939524693986137,36.62838598487662,8.604036172424731,9.93503813100104,4.603551459933912,77.33189826187674,68.40314590324769,42.89337074308287,55.81189407315529,20.15889376445711,37.80351135295726,43.41519490638296,26.525143299970818,25.675485209277554,21.704217320124357,17.70661134501472,46.89974724468463,39.01838797688138,45.278606023546516,57.02337385824755,60.97820193842861,52.87810562854005,68.24799946604321,76.62925936521034,84.37084996363043,71.64092914896226,85.95432258093015,28.398282740805328,33.326199343140374,37.33109170460202,40.28572070211078,43.38454250099476,84.90533976953101,66.20624317302997,82.72716420159462,78.38432246081376,72.20562297752525,40.11246232025478,36.3013316598383,39.72609428885434,17.226704841130505,18.055355321282775,12.758184295697554,18.42431037722869,21.25336347759618,21.809703087324536,92.39443943956644,80.22500260074503,91.21390986796195,96.09162564723253,57.059268978100384,53.695323797017195,51.252105702782956,42.474206399818385,44.677493627835275,36.54161067419297,47.97869462945147,36.83369716069368,31.999240847863405,42.06148224023559,42.65878282591865,27.227478597205888,32.25788239334081,26.50472328686186,33.70044455792281,29.256741873854317,21.090810818020582
38,39.47651840504625,24.41703995089352,16.9280071039171,76.79699638044573,59.571387214739104,83.66140068353555,19.47661496289011,31.882849111949383,4.544605948626826,47.49656069026766,49.552115944961834,13.311874593880585,27.483271698422186,7.105388523460322,61.70182884420538,30.385494711919918,34.27788778065357,18.69160974097206,21.87493486653412,46.665888812581024,56.38065297114003,59.66820269003564,41.39111888106021,14.6148197774233,17.363462463475706,85.1118007474497,52.95394423190274,49.3116364614302,25.11476178413608,22.413481500345846,36.649563325987444,30.87518522535757,32.20776777202247,66.5222661247471,24.954673336232418,12.124187827171461,10.826996999981697,15.822206650152562,12.3924505566819,67.06588284678776,34.297400113877956,27.91230090714148,32.905823720559965,24.451693275566843,52.36689809010839,70.27524958666788,93.82128994377572,59.208164909023736,15.475645560478103,44.117223931264334,40.14752772045853,25.837951667107056,43.16164037764274,15.799934970079056,26.45023732376808,29.97650974797454,14.789683249156178,26.226789478767664,16.70698716339324,22.169642598895376,22.787716914412968,14.14800636097358,24.58921245804096,33.54877291978569,19.42057536367487,30.01656727617172,30.62057266485006,22.322373828004498,65.87500683821668,29.732304878904344,34.18914118972978,15.399430966036853,27.369227011083343,22.79900043341008,9.4912947074362,31.622158325996356,73.71394192781695,43.15309526760295,88.43953339914987,85.3487942947375,16.538349373322706,22.63329305721968,9.57177261304086,30.199751555209737,22.377491714492777,38.40226266725094,38.40460704290375,35.34832079398774,27.139141408890165,35.075292912140895,20.11321463505083,12.200505329123551,42.456175311068236,38.47461533436976,48.67285256621469,46.12597252880357,46.554806614190625,6.044620351891061,10.823296784462023,6.949449787519791,58.30526287315974,54.44065705978842,52.90560331731345,15.48385076389119,16.70061380277053,11.391184087014036,10.85815191477349,10.187179574787194,8.026831730758081,18.245072890798014,19.215320096483836,30.09061836270648,36.74228878458689,32.68263759920727,27.56263521814646,27.34040399830669,30.049076694369187,3.733974306330561,3.5167795404466844,1.7923553719008263,3.4396401148690443,59.84374129740783,59.745511400696046,28.019730111640555,24.713010416326107,23.916371077094787,31.597745635112886,27.420555584639956,33.109414202608086,9.39675188437583,8.91247960730442,6.159789225825607,73.81292915253059,64.88417122531325,39.37439896081434,52.29291939522086,19.062434506108445,36.244172997128544,40.08885440174505,23.006171294958758,22.1565147634702,18.18524531511229,14.187640899207368,43.38077813533846,35.49941597186931,41.759634018534456,53.504399180313115,57.45923282908244,49.35913095060563,64.72902478810879,73.11029025586419,80.85188085428425,68.12196003961608,82.435353471584,27.950793662040702,32.87871026437575,33.77770604695486,36.7323348217201,39.86557339164858,81.38637066018484,62.68726849509556,79.20818952366018,74.86534778287934,68.68665386817909,36.59349053798624,32.782362550492124,36.20712517950817,16.779215762365887,17.607866242518153,9.239213627146665,21.839805538937277,24.668857080100054,25.225198026289597,88.875464761632,76.70603349139887,87.69493519002751,92.57265096929812,56.61177722641341,53.24783204533021,50.80461395109597,41.37774870067443,44.230004549070664,36.094121818171885,47.531208446352736,36.386208081929055,30.67455455933554,38.542510235223524,39.13981104365011,27.501918227545616,28.738913283994627,26.77916269445806,30.181475448576627,25.73776986884225,19.160395774123096
39,37.4745274007189,22.67221615261878,19.08012591097542,78.94911652396524,61.7235073582586,83.84946304587966,17.47462395856276,31.20786382452735,7.527369904148198,44.96782021770579,52.53488012322673,11.309883589553234,26.728572070216195,4.494004855439053,61.88989120654948,28.383503707592567,33.52318815244758,18.19807957456498,22.73986893125548,46.123210509032084,56.568715333484135,57.13946778606201,38.86238108142069,12.344159759386862,16.688477176053674,82.58306027488786,50.95195322757539,47.309645457102846,23.112770779808734,25.396245678610747,34.6475723216601,30.34753075016082,29.937106417524852,68.67438626826662,24.461143169825334,15.106952005436364,8.825005995654347,13.820215645825211,15.375214734946804,69.21799742171902,32.2954091095506,27.237315619719453,30.90383271623262,23.57612743941702,54.51901823362789,72.42736973018737,91.29254947121385,61.36028505254323,13.473654556150752,43.62369398760079,38.145536716131176,24.763999305999537,41.1596493733154,13.797943965751701,24.70541218903216,27.705848170733393,17.772447427421085,23.95612790152652,19.689751341658145,20.167651594568024,20.51705555991534,12.14601535664623,22.587219894508905,31.546779242535983,17.418583022886345,28.271744814358165,30.092918189653304,20.577549806986227,68.53923106287593,26.564861144284812,32.44431583225034,18.382193807840572,25.367236006755995,20.797009429082728,7.489303703108851,30.86745869779037,75.86606207133644,44.94063993846258,88.62759576149398,85.53685665708161,14.793524015843259,20.63130205289233,7.301111704030303,28.197760550882386,21.88396021162451,37.908732500843854,37.91107687649667,34.82066364586863,27.252300690697417,34.54763843694413,20.226373916858094,11.915070632658006,39.927437734172244,38.01294038841266,50.82497270973418,43.59723472916405,49.537570792455526,4.04262867933312,8.821305111904085,6.2732505478594875,61.288027051424635,57.42342123805333,55.888367495578365,16.018596724851236,16.81377308457779,11.504343368821289,10.364621971109933,12.339583716307391,9.03209845148048,16.24308188647066,18.460620468277845,29.59708841904293,35.26238077154143,30.153899799567746,27.06910237881702,26.84687405464313,29.555546750705638,3.6843804593852614,4.794107658839439,3.453561585491461,1.7923553719008263,61.99586144092733,61.8976259756273,26.0177391073132,22.71101807553758,24.029527463236157,31.710904916920143,27.533711970781326,33.22257348441534,12.37951472617955,11.895242449108142,9.142552735859915,75.96504929605007,67.2936158318175,36.845661161174824,49.764184491247235,16.7917729288673,34.499347639649095,39.334154773539055,22.5126413512952,21.66298459706312,17.307594154034994,13.694110732800283,44.21365806963758,35.005886028205765,41.266104074870896,50.97566427633949,54.93049235652056,46.830396046631996,64.91709271904114,73.2983526182083,78.32314038172237,68.31002240196021,79.90661299902212,25.948802657713358,30.876719260048404,33.25005157175811,36.20468056926687,42.01769086224572,83.53848523511607,60.15853359112193,76.67945461968654,72.33661287890571,66.15791339561721,34.06475273834671,30.25362207793024,33.67838470694629,14.77722342157735,15.605875238190805,8.20525642604794,21.164820251515245,23.993871792678025,24.5502100659452,89.06352712397612,76.89409585374298,89.847055333547,90.04391049673623,54.60978622208606,51.24584104100286,48.802622946768615,39.10708712343329,42.228010871820956,34.09213081384453,45.529217442025384,34.38421440467934,28.672563555008196,40.69463037874303,42.12257522191501,30.484682405810517,30.891030531848244,29.76192687272296,32.33359291917377,28.72053404710715,22.143159952387997
40,81.20430566738486,58.70097789130783,43.923587412083,28.61812770920865,8.52388681352676,31.13150444679163,78.38966273694453,90.99074869388457,54.67870863884352,35.492714287283455,21.813990900276238,70.51320649972271,53.52032534270516,60.010670867347116,9.171938176049716,79.35831309426408,62.943546063489514,48.03430255170565,40.120158109214856,22.41210182692128,14.450760703354597,26.602646911219942,27.762633960773996,60.17274462833329,76.4713620454109,33.978815611566304,89.64190297386682,86.16434188673996,79.48415762010248,46.55421367091387,79.57602262044568,55.692486835332694,67.61311915119025,18.34339745351002,51.346136883955005,51.28233199979835,68.02832979679796,62.86120891764028,47.846880577010175,18.88701283908949,75.3211033195278,87.02020048907669,80.46660137051472,42.13459223535628,13.170351596455449,22.096379578969607,39.46460162619347,3.679855424574151,74.38995183547678,51.223210298359064,79.15034302892991,57.38544346619537,82.2099815679718,73.00126843512591,60.69598031738272,63.93611350733837,44.703011572114406,62.650894476653306,42.50839196307879,74.93104041845241,60.5098613923375,73.06231129951108,74.702667045774,78.58465242307035,73.69838886083758,58.43778413630865,52.93623055268277,58.32886811874711,18.52414269089499,65.99828424487231,62.7746006646041,51.16687845963252,77.52807962588787,61.7401908486525,66.69262594504775,60.28781393590994,25.535076152245743,19.148742055379188,35.90964005807185,32.81890095365948,58.226729073084556,77.86161578764799,63.09371975138765,76.30508400029674,51.8451102340037,51.37608475155796,46.312584162537064,57.3559577914171,38.77462013061697,54.83162207216016,44.04319244616021,71.30840647026345,44.79003746926927,67.14026804861747,13.123493262801574,37.339578233093434,22.92152051206385,64.66574891983576,69.73760239123013,66.0573502604291,16.169051737827715,16.353069968641893,17.319945282771208,48.23398655772536,47.42114529961191,51.39996842655778,54.30236673921358,50.14680218983376,53.83014488711294,75.44640212371779,51.32779952285115,42.85672675948232,43.65300703614335,39.12861261268144,45.00004563790256,47.54848220710103,47.80754406961947,57.62659674890514,62.624677563177165,59.125733097174276,61.29161322225697,1.7923553719008263,6.640264393941811,74.6926937042201,70.79202014476024,41.019337655206186,35.350108310815656,36.4959649563162,31.072602815959954,58.09933647971294,53.57640102637227,61.41016846607748,23.088244044237925,11.778928450686081,42.13906648464256,29.64748971128433,60.097936213796665,64.83766794484613,64.32623209429624,47.072178579813894,45.19268827545321,46.076094683857576,52.32908180730966,56.83033317800886,50.444476643270534,48.43178281232866,38.902781189166944,43.10964646916214,48.849994927002584,14.298039497704316,20.580395355581455,32.39393681436193,15.592065139333368,28.353901092461058,67.30048746971674,72.18471292865038,56.82246476281307,53.89721853257174,20.00343125418363,30.940983664107367,27.335626149589075,30.75024837940375,26.407406638622913,24.45291569205925,33.498677899897984,36.5298582800653,38.322439627624355,64.14393322078982,67.46435988470733,58.57421454840835,80.94770512087246,83.77675955770113,84.33309493530243,36.345574093476344,24.17614015032084,36.9702527546572,38.215962651715856,94.67602369128616,89.0287847018908,89.72484152724694,74.96702463571722,78.39104931541853,76.66409645329588,81.6445805287012,71.48593306364052,81.2183886270665,21.336711433584355,29.515185623077123,54.81435944858835,32.677183055645635,48.65745541970631,29.621116877337222,36.59498848822521,45.21447526560553
42,77.25767454910627,55.26080430568453,43.77730349444853,25.94682580888497,13.907000757224178,24.51491345795736,75.46174358434371,90.84446188058422,54.5324273941314,29.517585684612428,28.665655609913582,67.91256998427843,49.573694224426575,59.958053276982625,2.5553465189848543,77.79840674243397,58.99691494521092,46.97582529734202,39.97387419158038,16.43697456071144,8.475632768914162,20.627519645010103,23.816002842495408,59.11426737396965,76.32507523211055,27.36222462273203,85.6952718555882,82.21771076846136,78.42568036573886,46.40792953053587,75.62939707075535,51.74585571705411,63.666488032911644,23.726512733668624,47.39950576567642,51.13605075508623,67.78514954796557,61.80273166327666,47.70059933229807,24.27012678278691,71.88092973390451,86.87391924436457,78.90668945009637,40.67249524045337,20.022016306092794,27.47949352266702,32.848010637359195,3.2960623083800398,73.97147242856693,45.579847046385,75.20371747923957,53.438817916505045,78.2633504496932,69.57366315318053,57.25580673175942,59.98948238905979,44.556727654479936,59.21072089103001,42.362105149778436,73.87256316408877,59.60134621951855,70.80077953407589,73.64418979141038,75.14447883744705,72.63991160647393,54.491153018030055,48.989599434404184,57.685712881756174,23.90725797105359,62.558110659249024,58.82796954632552,51.02059164633216,76.46960237152423,60.681713594288865,66.14872522500642,56.34118281763135,27.903828188748914,17.915782888949487,29.293049069237583,26.20230996482521,57.16825181872092,76.80313853328437,63.041102161023176,74.74517207987839,48.4049366483804,45.400956148886934,40.33745555986603,51.38082918874607,37.54165962772609,48.85649346948912,42.236007364546474,71.16211965696309,38.814908866598245,63.193642498927126,12.540201908691742,31.36444963042242,28.892002016469345,65.84170668048786,69.59131557792975,65.91106344712874,21.552165681525135,23.204734678279237,24.17160999240855,48.8596174474968,46.18818479672103,51.347350836193286,52.89900454023843,50.000520945121636,53.68385807381257,72.51191203698318,50.26932226848753,38.910095641203725,39.023845193365375,35.18198149440284,41.05341451962397,43.60185108882244,43.86091295134089,57.48030993560478,62.47839631846506,58.97945185246216,61.14532640895661,6.6569973333993655,1.7923553719008263,73.63421644985648,69.73354289039662,39.78637692957177,34.11715048084714,35.26300445342532,29.83964209032554,57.95305523500082,53.43011978166015,61.263887221365366,18.253495491896338,5.162337016364747,36.163937881971535,23.67236110861331,59.039458959433034,60.89103682656753,58.35110349162524,43.6320049941906,44.209949389863766,45.19067511942945,51.09611840875289,50.85520457533784,44.46934536767715,42.45665710532353,32.92765258649592,36.49305548032787,44.4555909547022,7.6814478406394535,13.96380436674718,25.77734582552766,8.975474150499092,21.73730854442208,66.54767559292713,68.7445393430271,54.57610740035631,47.92208992990072,21.119246925285697,26.074945214394837,20.719035160754807,24.133657390569475,19.790815649788644,17.836323144020273,29.552046781619396,32.583229834709066,34.37580850934577,63.08545596642619,66.40588263034368,58.521602526632094,80.8014183075721,83.63047274440078,84.18681369059031,29.72898310464207,17.55954916148658,33.111399292947084,31.599371662881584,90.72939814159582,85.08215358361221,85.77821040896833,71.02039351743863,74.44442376572817,72.7174653350173,77.69794941042261,67.53930194536193,80.15991137270287,21.25149666407159,29.36889880977676,54.668072635287984,32.53089624234528,48.51116860640594,29.47483006403686,36.448701674924855,45.06819134797106
45,11.740461979523396,20.235893307097932,39.322076505627045,97.99326512272523,81.68702987692306,95.0169883497704,17.997113456786828,31.99665991858177,32.3259499204303,55.55080524451422,74.28976179570138,16.868741955644524,27.92330154185555,23.88373358136759,73.05742207902848,4.0713552441613015,27.802251570499507,27.332234879345453,41.1703856114594,57.290738485845196,67.73624063737489,67.76696253874445,50.029906385311435,16.81997782834832,25.153884012250963,94.18066435501106,26.07282915086023,22.430518484721794,9.738283202400293,49.72652412891947,8.913507568695177,30.379352559081305,14.44054234391774,88.63790321834281,28.9531339782665,39.90553090800081,21.306196906441194,15.234314082944373,39.59532980392622,89.18151994038348,7.416283473630736,29.583796198892642,5.701577941759361,33.32750506571299,74.4825351837041,92.39088668026358,102.89014798274883,73.5932316403441,21.394755501825696,48.44951319731338,13.26641108021131,23.472896950457674,15.632433394754836,14.340264765935054,18.002797648927846,17.272958871587605,39.33778549307738,14.580027238043753,42.78393417389182,7.928451482163582,16.38290646447986,19.075359199434303,5.518757402905766,5.963636372986335,11.39572181820635,20.615446945686344,32.09968993836416,18.82460990271039,88.50275358154039,12.714825708386389,20.63301160948476,43.18077404686619,5.436854161452901,13.078222199542182,18.566015801604863,23.97760594640279,95.82957902141266,55.67702286576531,99.79512663397298,96.70438196097237,19.842519991680298,12.831418136220897,21.323208943541793,2.8467335908014877,28.680671419498687,42.538955271055016,44.2798574467413,36.827438067501845,36.134421691329656,36.55441018565499,38.6568919335232,25.9511777719733,50.51515316532642,28.675888002192828,65.06370251045993,54.345150202730395,71.29244689634191,22.471702426949975,23.789627112882414,26.622259479032806,81.94857532980055,77.66525622881291,76.29372408026886,34.449113405055165,34.12977157474166,29.934859380794627,28.268420367173526,32.7493047377239,31.48943948933637,15.690764356662765,25.20186296860406,37.3640577470359,42.48926386244359,40.998497102312655,35.028232772848874,32.50185338170455,36.782427168685444,27.609806729203463,28.454038119276348,28.025145452340915,25.94681199878611,74.73097774843176,73.92303127938914,1.7923553719008263,4.219684170144324,39.47289058117383,40.57235264504985,41.58408716965166,46.421611551863585,37.17809474246165,36.69382246539024,32.893703799607856,90.29993191007075,77.20877120710384,47.32690251208639,60.34716951805568,16.337551649653204,23.53911860191439,36.782496664666795,33.023134496278594,30.79713856538241,33.53233444727474,27.603798222482826,46.22042959560491,41.38110366372267,46.09192618024939,58.36209031624044,60.17371356268861,52.117508865378404,76.08461802293189,84.46587792209905,89.92074446184557,79.47754770585095,91.50421707914532,7.638550777922363,9.330583691366307,33.69584490402916,38.21145209523419,56.81496387444171,98.12137606398099,71.75613210265689,84.90958860236499,83.93421139044068,77.75551190715218,45.23228093790337,41.42115027748689,45.125642472935645,12.862593766160975,10.449918042011133,22.76611235121168,22.305261556315426,27.736258231161003,25.730249601783786,100.23105799645512,88.06162115763374,103.61347418476012,101.64151457685946,28.38054121864412,25.01659603756093,23.129420858673143,17.740642324265345,17.34888790882345,9.213006514385848,20.65009180610552,12.582177926912454,9.129405299004109,60.65814732881924,64.446157210826,55.28326242209261,50.54764587775915,54.56050421608269,53.85697991388471,51.81471687934083,46.3632750213674
46,15.676897012718127,16.358358568273708,35.98283915060453,94.11572347885158,78.34779252190054,91.13945784307323,14.764614801320509,30.26331988573758,28.986712565407775,51.673274737817074,70.95052444067883,13.718329859556226,24.045768362236032,20.54449622634508,69.17988600374309,8.281017737405726,24.32856354787157,23.45470169972593,37.83114825643689,53.41320241055978,63.85871013067773,63.88943203204729,46.152373205691916,13.4807404733258,23.420543979406773,90.30312827972566,29.15432150311343,25.512011059718517,9.079589376759438,46.387286773896946,12.849941933659323,26.50181915671826,10.96685365305921,85.29866586332028,25.07560079864698,36.56629355297829,17.91847095786903,11.89507672792185,36.256092448903686,85.84228258536095,10.497776494114525,27.850456166048453,10.367843956270788,29.449968990427585,71.14329782868158,89.05164932524107,99.01261747605166,69.71570113364693,19.10884445703652,44.571982690616224,16.347904991669218,19.595362211633443,19.36201898531462,11.528314136541322,14.52910940355638,13.799269289754958,35.99854813805487,11.106337656211107,39.44469681886929,5.513520925259968,12.505373062116814,15.924948439807178,3.9755251862412995,9.749149522765794,9.009309560930408,17.141758700314874,28.22215653600111,14.947076500347341,85.16351622651787,9.241137017527858,17.15932358685682,39.841536691843686,6.800940439277502,9.200688797179133,15.22677844658234,20.503917923774853,92.49034723497839,51.799486790479904,95.91758499009933,92.8268514542752,15.964985252856074,10.343207853626769,17.983971588519267,6.4001301628816085,24.80313801713564,38.661421868691974,40.4023213714559,32.949901992216425,32.25688828896661,32.676876783291945,35.31765457850068,22.800765675885003,46.63761709004102,25.202199756821358,61.186172003762785,50.46761412744499,67.95320954131938,19.132465071927456,21.5032496431415,23.283020564805575,78.60933797477803,74.32601887379039,72.95448672524634,31.109876050032646,32.03709900644577,26.59562202577211,24.929183012151007,29.41006738270137,28.150199238647957,13.404854648334766,21.324330902702194,33.48652167175049,38.611730682824074,37.120963922693136,31.150699370485825,28.624317306419144,32.90489376632239,24.27056937418094,25.114800764253825,24.68590809731839,22.607575980224766,70.85344167314636,70.045500772692,4.220108719312425,1.7923553719008263,35.59535717881077,36.6948192426868,37.70655376728861,42.54407837224407,33.83885738743913,33.354585110367715,29.554466444585334,86.42239583478532,73.33124070040668,43.44936643680098,56.46963344277028,13.459315441409665,20.065430579286446,33.308808642038855,29.14559842099318,26.919605385762893,29.65480126765522,23.72626504286331,42.342896415985386,37.503570484103165,42.214392777886346,54.484554240955035,56.29618305599145,48.239972790093,72.20708194764649,80.58834741540187,86.04320838656017,75.6000171991538,87.62668100385991,4.164862087063835,7.527454769433112,29.818311724409636,34.333918915614674,52.937433367744546,94.24384555728383,67.87859602737149,81.03205252707957,80.05667531515527,73.87798140045501,41.35474486261795,37.543616875123845,41.248109070572596,9.523356411138453,7.11068001875802,19.42687499618916,20.571919964266527,26.002918198316813,23.9969095689396,96.35352748975797,84.18409065093655,99.73594367806297,97.7639840701623,32.812157393289986,29.448212212206798,27.004991222306664,19.306547382100774,20.430381820281355,12.29450042584375,23.731585717563426,11.03495125052524,10.491246767533786,57.31890997379672,61.10691428721523,51.9440250670701,47.20840852273662,51.22126686106017,50.51774255886218,48.47547952431831,43.02403766634488
50,44.59292347809822,21.747447607162265,10.505376280613183,63.80940585032138,46.58379958028064,62.475456103869604,39.04467438633887,51.76025051767768,19.69759748250093,25.496911721309687,41.59207519812304,31.16821814911707,22.17564709623247,21.15696430995713,40.51588983312768,44.13461752803175,30.945045837863226,12.104522469141994,8.481485355163827,25.479947128580974,35.19471128713999,37.36032411998673,19.08323741534541,21.43127430356242,38.208403404539645,63.11215177849172,55.686272290846844,52.208711203719986,40.29575797105777,26.00940849929275,42.432202538656426,24.34780569319411,31.97209954873794,53.534675594622755,18.205769794936803,19.446384433747653,28.984061917401267,24.11974148853531,16.010931674498295,54.07829231666341,38.33550910424468,47.78970788145803,45.2429029086165,6.190647000748431,39.37931045564993,57.28765905654352,71.82164097481774,39.88336792676992,35.17038479800261,27.047557510881767,44.55584224894836,22.50510972431671,47.615477892324364,31.890672978439184,25.12931250523063,29.129327006129703,13.729223577375908,25.665303157036085,16.288728940808625,35.74263809648534,24.614797225379085,33.78497015895387,37.06239908007875,42.99699103321966,34.50998653887052,26.439286806348246,21.591552306210076,22.433802615327508,53.39952595782033,29.01269002958921,30.776103334643704,22.016498180538175,42.304386732577896,26.516495282420177,27.347637594442098,28.28931660594954,60.72635696628083,21.96715492006408,67.25359438807217,64.16285528365981,19.834842244946156,38.67321346568092,24.240014530458858,41.08138843406442,16.278441085390423,21.332593351202476,19.52881624559711,26.69622414107794,3.9445175049228123,22.172389472106826,4.832473004439523,36.02546112506211,20.523555438863067,35.14177339157941,31.353838796885775,24.1933526565984,38.59476586735184,27.040619049923553,31.70477122833567,30.77440491522777,46.845347706080474,42.56202860509285,41.19049935221468,10.05852625303601,7.387095606952011,12.546263205628977,14.097914236751762,14.535798614504571,16.42166517515385,36.10141377311214,15.432734019431564,11.51204829026609,15.214521983846364,11.154872134927924,13.330810466849433,16.20380240142363,16.462864263942066,20.283028733703077,27.341734890898195,23.842790424895306,23.94804520705491,41.0211111391917,39.75637627175222,39.468998137987796,35.568321682862035,1.7923553719008263,8.403122844863184,4.560227843356948,10.249088243273318,27.141059676170165,20.582695182528276,27.864477871259353,57.41128728425883,44.32013214988018,17.441779088609174,30.293275994851136,23.32907568529042,32.83917328780808,32.46928270903634,11.505508762970033,8.990835212555634,6.042045659428268,12.295032114649764,27.44956236082882,18.42974821502557,24.580620126372807,31.571782203773843,35.52661295687727,27.426511078400466,43.543085777031095,51.92435124478649,58.85223188532627,46.936021028538406,60.43570450262601,32.07679457640677,35.19912160903317,25.477786516340366,23.237480650105525,19.76802898667387,65.23273700675733,40.68762242180347,57.208546123290446,52.865704382509605,46.68700489922111,14.285609072271441,10.474479748316146,14.057633742281094,25.402465791684843,27.779467803050622,19.720512223145434,41.71936198831792,45.41170909279569,45.10260232768378,67.68952575055431,55.52009448032118,71.07194193885931,70.57300756892838,60.081525584226966,55.07315401887084,55.13034342018773,41.01139395269726,44.43541863239855,40.0527169369316,47.68894984568123,36.083438370244465,45.99469306083418,25.55492260076506,32.72846151190801,33.42546499726646,16.959398572337705,31.533333774837086,21.821134062538487,23.77259280142882,21.155072326413666
52,47.449673177211366,24.572130702215496,15.395425814624666,59.45492576010021,43.50736061049162,57.322078500510386,42.391373649615005,55.89304510970749,27.389491103721333,18.748675074142767,40.10359712776243,34.84219737662738,23.61437250351093,25.289754669859867,35.36251222976847,45.22946880083764,32.38287202951123,13.905458258279218,10.220927892498292,19.595829973046357,30.041333683780763,30.612086136358634,12.33499943171731,26.043897439240965,42.34119510090356,56.363913794863635,58.54301931703763,55.06545822991077,45.35531332667604,27.748851704857803,45.288949564847215,25.786531323216096,34.828849470594605,52.04619752426214,19.64359465012363,25.45871410158766,33.11685094084282,28.732364624213844,22.023261119594782,52.58981424630279,41.19225613043547,51.92249690489959,46.3377541814224,8.005745714494543,37.89082948962343,55.79918098618289,65.07340299118965,34.233673189956775,39.30317671711006,24.886499783222675,47.41259194806149,23.94293324304236,50.472230487103374,36.50329611411772,26.56713602395628,32.049182842946024,18.355556577323405,28.522050183226867,18.028172146373677,40.80219322936007,26.38101709891106,37.73040959934718,40.573819856681695,44.45580812964391,39.569538998822885,27.87711010233037,23.030276377027356,24.200020929654777,51.911042318871466,31.86943705577999,32.21392663062582,26.015183125306926,43.39923533246142,27.611346555226064,31.48042661788365,29.72714279759755,59.23787332733197,16.317460183250933,62.10021678471297,59.0094776803006,24.097881883992226,43.73276859855565,28.372806449566298,42.17623681120442,17.71626594057725,22.771317422019756,16.895680112670664,28.134946875434043,4.645772496037578,23.611114879385276,10.977810407297879,43.71735474628252,17.958351850446952,36.579596910305064,25.70414406007263,19.291252029385568,37.10628512406886,31.17340807336511,35.83756292469958,38.46629853644817,45.35686963571986,41.07354786180987,39.70201838618817,17.750419428769344,15.07898811445476,20.238157049592907,20.093643720278074,22.227691122007315,24.113557459913068,39.44154210225449,17.198952333758832,12.95077236108337,14.274922951421676,8.871046415066214,14.769536096871416,17.642526694984433,17.901588557502876,27.97492235492348,35.03362873486212,31.534684268859223,31.63993882827531,35.371416402378564,34.10668153493908,40.56384651512778,36.66317295566792,8.345101050974836,1.7923553719008263,4.59455418052829,7.062050874040973,30.945140503863456,25.585867245664566,35.55637149247975,51.76159254744569,38.670434740144685,13.074855876573917,23.545038011223035,25.969089024704346,34.27699680653374,33.90800544339244,12.94333272718275,11.06384242282206,11.882384578841279,18.290761820919606,28.888287768107283,19.86847228584285,22.068725969725236,26.66968157656101,30.62451232966444,24.86130748998435,38.38970817367188,46.770973641427275,52.10399390169817,41.78264075225682,53.68746651899791,33.17164317629029,38.055868635223945,26.916509250696468,24.676204943666328,17.455405424054398,59.58304226994419,33.93938443817537,50.460308139662345,46.117466398881504,39.938766915593,7.537371756873933,6.2722927506806645,10.227184312767772,30.015088927363387,33.33551269561501,24.394214307661002,45.852151011759474,49.54449811623724,49.235391351125344,62.53614814719509,50.36671687696196,65.9185643355001,63.82476958530029,62.938272610417734,57.92990104506162,57.98709044637852,43.868140978888036,47.29216565858933,42.90946396312239,50.54569687187201,38.940185396435254,47.08954143797418,24.06644163473856,31.239983441547395,36.252314273148535,14.528657011447034,33.27277698040214,20.332654432973165,25.028654704042303,23.93702207524432
53,47.35183308167701,24.506357433484588,11.426491832178371,59.799716038711495,42.574109768670745,57.95652446547993,42.61863063172123,55.334209435982416,23.271553505139778,21.55985723835814,37.58238538651314,34.74217149883355,24.915542866606927,24.73091899613479,35.996955521815664,46.22215875362797,33.68404239260724,14.86343207272079,6.2519939100520014,20.961012594525414,30.675774080162068,31.897310735631955,13.62022536745181,25.005230548944784,41.78235942717849,59.103803996649845,58.44517922150328,54.96761813437642,43.86971421644014,23.779918390642102,45.19111236497875,27.087704359234458,34.73100937506025,49.524985783012866,20.94476634968082,21.489777891706066,32.55801816278363,27.69369751117415,18.0543264689179,50.06860250505351,41.094418930567,51.36366123117451,47.330444134212726,8.94955660432722,35.36962064404004,53.277969244933615,67.81329319297585,35.36443339271436,38.74434104338497,27.697679051772155,47.31475185252715,25.244106279060723,50.37439039156904,35.46462632815566,27.868309059974642,33.35035298329851,14.386623263107701,28.424212760614875,14.059237495696799,39.316594119124176,27.373707051701402,37.358926404336245,41.566512705137924,44.35796803410956,38.083942561509346,29.178283138348736,24.331448076584536,25.19271088244512,49.38983614621043,31.771599855911518,33.51509966664419,22.046246915425336,44.39192795817412,28.604036508016403,30.921593839824464,31.028312937950027,56.716667154670944,17.44821904954734,62.73465718109426,59.6439180766819,23.408796931123817,42.247169488319756,27.813970775841227,43.16892965966065,19.01743741739091,24.072489121576936,20.269375891777795,29.4361199114524,5.9474484869465885,24.912285242481282,7.008875756620997,39.59941714770095,20.769534014662327,37.88076994632343,26.834904262830218,22.102433970857412,34.58507605574194,30.61457529530592,35.27872725097451,34.34836093786661,42.83566079013647,38.55233879348296,37.180809540604784,13.632481830187785,10.961051184103788,16.120219451011344,17.671870259390598,18.109753523425756,19.995619861331505,39.675370018494505,18.191643623010357,14.251944060640547,16.93986262829915,11.887077339530448,16.07070757368507,18.943698171798086,19.202760034316526,23.856984756341916,30.915691136280557,27.41674667027766,27.52200122969375,36.50217682787968,35.23744173769667,41.55653936358402,37.65586290845827,4.559245098902771,4.587078239432287,1.7923553719008263,5.730152818243639,26.97620451672539,21.61693393144887,31.438433893898193,52.892355645869166,39.80119494290227,15.886038040789288,26.356220175438406,26.903030371468077,35.57816984255209,35.2091784794108,14.244504426739928,11.749744816134424,9.616001682067106,15.86898836003213,30.18945813120329,21.16964398540003,24.87990947040179,29.480863518032848,33.43569449387981,27.67248965419972,39.02415146571906,47.40541403780858,54.84388410348437,42.41708382156048,56.42735672078412,34.16433312908063,37.95803121261196,28.217682286714833,25.977377979684686,15.249094452618309,60.71380536836766,36.67927463996158,53.200198341448555,48.857356600667714,42.67865711737922,10.348553030115188,10.423204855950248,13.038366254239616,28.976419141401323,31.35342382568946,23.29446690932309,45.293315338034404,48.985662442512165,48.67655567740026,63.17058854357639,51.00115727334327,66.55301030046965,66.56465421849825,62.84043808347164,57.832060949527275,57.889250350844165,43.770303779019585,47.19433113164324,42.811626763253926,50.44786234492591,38.84234819656679,48.08223139076452,21.545232789155172,28.718771700298113,32.283378063266944,12.007446606658938,29.303843666186445,17.811444250928595,21.543101356316996,19.968087424567436
54,53.28979135778618,30.41224620986796,17.14135776196095,55.18321159702343,39.23564644741484,52.55404720397967,48.3334972297344,61.04907336107321,28.986420325896464,17.55554534653557,34.58631228233322,40.45703831959024,29.45449068408574,30.445785816891483,30.594478260315398,51.069584085746556,38.22299021008605,19.699546488388073,11.966860062578107,15.558536669486339,25.27329949158417,27.61483806005817,9.337750464442726,30.720097146957954,47.49722335226929,54.82133132107606,64.38313749761244,60.905576410485594,49.584580814453304,29.48380930121656,51.129067745422034,31.626649503790915,40.66896765116943,46.528912678832924,25.483711494237273,27.204644712462766,38.272882087874436,33.408561436264954,23.76919328967459,47.07252940087358,47.03237431101027,57.078525156265314,52.1778723619972,13.84586322683877,32.37354464419421,50.2818961407537,63.53082051740206,29.9619561312141,44.459207641398145,29.050821048995772,53.252710128636316,29.783051423617177,56.31234309908996,41.17949292616883,32.4072542045311,37.88929812785496,20.101488524659686,34.362168363801686,19.774102757248784,45.03146093988086,32.22113527948588,43.07379032942704,46.41393803725651,50.29592341455284,43.79880938226604,33.71722828290519,28.870393221140993,30.040139110229603,46.39375747344225,37.7095552363548,38.05404481120064,27.76111373618203,49.239356185958606,33.451461840134996,36.636457764915264,35.56726097817237,53.720588481902766,12.045743124508263,57.332179919594005,54.24144081518163,29.123663751880503,47.96203341341055,33.52883737385439,48.01635499177924,23.55638412115207,27.946787174167333,22.895743517059383,33.97506505600886,10.485890453868867,29.451230387037732,12.723742577377692,45.31428396845765,22.12267578914241,42.41971509087988,21.432428337791137,19.4239347815937,31.58900027863965,36.329441893319085,40.9935940717312,40.063227758623306,39.83958479029065,35.556263016380655,34.18473354075896,19.347348428200952,16.67591711388636,21.835084712563322,23.38673708014729,23.82462012143892,25.710486682088202,45.390236616507664,23.039070514333652,18.790890541658182,19.72207543723869,15.50460088291155,20.609652718241527,23.482644875559252,23.74170673807769,29.571851577098613,36.630557734293724,33.131613268290835,33.23686805045045,31.09969956637942,29.834967371862298,46.403964695702605,42.50328846332039,10.274111474172404,7.061379970528736,5.750738107051831,1.7923553719008263,32.69107111473856,27.331800529462036,37.15330071465489,47.48987838436891,34.398720577067905,17.23917981526937,22.351906724411133,31.8092045323568,40.11711498710856,39.74812362396726,18.78345090775756,16.585859231801713,15.33086783459321,21.583853621584115,33.4010382735406,25.70859046641766,26.23305124488187,25.617636041624927,29.572466794728356,29.0256314286798,33.62167687714117,42.00293677630832,50.561411427910585,37.01460656006023,52.14488404521033,39.011761356865115,43.89598681579878,32.75662743127129,30.516323124241147,13.183689701772906,55.31132810686741,32.396799068721904,48.91772009728652,44.57487835650568,38.39618176888307,8.457267564869069,12.90584788675659,14.391508251463225,34.69128573941449,37.06828775078027,29.009332170875076,51.00818483171345,54.700531936191226,54.39142517107931,57.768116850664384,45.598682907508895,61.1505330389694,62.282181542924455,68.77839079099257,63.770019225636446,63.82720862695333,49.70825915946287,53.132283839164145,48.74958214369721,56.38581505244683,44.78030357701007,52.929659618548996,18.54915678930935,25.7226957004523,37.998244884023634,9.011371497787232,33.482356367740266,14.815369587543952,19.511369858613094,25.68295268611942
55,48.65273325687117,33.727658248695505,16.7301774377843,75.67132854027005,58.44571937456343,82.53572727477163,26.76614890372022,35.13807317605974,7.8576079024602254,50.806785700513075,44.61124680635968,22.118229382797374,36.10249697489833,16.198970426028232,60.57616100402969,38.52339059884247,43.70173775191005,27.20516815975816,21.677105200401314,45.54021829948299,55.25497956237611,57.17077995778595,40.567065159135694,24.43042683704403,20.61868786404724,84.37727611446972,62.13015351513941,58.48784574466686,33.06289132071033,14.041508447173264,45.82577550489002,39.38874364414367,42.008853512694614,62.261059887696135,33.46823175501852,6.423159170956977,18.42404865358099,24.998417269850414,9.77758540728738,65.94020943802384,43.47361207003698,31.167527644174204,41.043719607482515,27.761918285812243,51.24122468134448,69.14957617790395,93.08676531079574,58.08249706884807,22.76517950130821,51.50145037880695,49.3237370036952,35.261801638363536,52.33785233380178,23.937832416206305,35.880062390215706,39.777595265903145,14.433006707555707,36.027874996696276,16.156097865099436,30.307540045022627,32.58880399154628,21.43754030180369,32.72710834496351,42.72498220302237,27.558469914136236,39.44639234261935,39.13413108363616,31.75219889445212,60.93413769961454,38.90851683506338,43.532795025946996,7.0191295322791145,35.50712289800589,31.975212389569116,18.667505995364643,41.04600829725284,72.58827408764127,42.02742475450492,87.31385999038595,84.22312088597357,25.968173103309145,30.58142259379393,18.766191179851656,39.3759637341123,30.89105013327888,45.786489114793554,43.84089387658585,43.86187921277384,30.449366419135565,43.588851330927,20.406289434593965,16.051539156470945,45.76640032131364,47.89846240996036,47.54717915745077,49.43620021197134,41.613937475588486,15.220832530793622,16.77679899506583,12.871598173359555,53.364393734557595,49.49978792118628,47.96473417871131,16.68823616755426,20.010840149477115,14.701409988233554,17.068850733575857,12.468300297221079,11.337056741003483,24.790424930163248,28.674442842170457,35.96594405385716,40.05251379483229,35.992862609452665,33.805654791376426,35.853962417092795,38.562635113155295,13.458836542820253,8.620787822338801,9.38764167400052,12.362825667197397,58.718067888643915,58.61983799193213,37.195942067799585,33.889222595228674,27.22659608734019,30.935490140427998,26.988132432754682,32.676993723645175,1.7923553719008263,6.253120992313591,4.805932221870827,72.6872613123549,63.75850338513757,42.68462397105975,55.60314440546627,28.863518687575876,45.595862306189034,49.28276333135929,31.51972971374486,25.79648506333936,21.495470325357694,21.669529247460364,51.90345790167637,42.883645315077814,49.14386046607706,56.81462419055852,60.769457839327835,52.669355960851036,63.60335694793311,71.98461684710026,80.11735622130425,66.99628663085215,81.700828838604,37.12700584094327,42.054922443278315,42.29126446574097,45.245893240506206,38.73990287855055,80.26069725142094,61.95274386211558,78.4736648906802,74.13082314989936,67.95212366661085,39.903715548231645,36.09258756073753,39.51735018975357,25.955426604807258,26.784077084959534,18.66903735713311,25.095029603047628,27.92408403987629,28.480422090399948,87.74979692145632,75.58036008263495,86.56926734985183,91.83812633631814,65.78799207823832,62.42404689715515,59.98082323433265,51.17883421860304,53.406213832307344,45.27033377433092,56.70741772958941,45.56241736516573,38.62268409590979,37.41683972212549,34.198941905047974,19.062348081618822,27.613242548153075,18.33959143481362,28.568308445811034,24.115216899211262,13.262291884111782
56,48.16718577309076,31.1208907175891,11.383681193950904,71.23610392043886,54.01049475473223,78.10050822352866,28.30921027609721,38.73739968676088,5.477764129139231,44.23015779661927,44.2227765215235,22.002543298386264,32.76675112470791,15.354723666651784,56.140936384198504,39.07616207996441,41.09497289372601,23.86942498249011,16.330608956567925,41.10499635257415,50.819760511133154,52.735560906543,35.2205689153023,22.050583509210103,24.21801303828719,79.94205149463852,61.64461159994724,58.00230382947469,33.80542915218058,15.229690818236548,45.34023358969784,36.05300046687562,39.62900862565596,60.961373664740236,30.132488577750465,5.646112129877291,19.517666595461492,24.51287535465824,5.91003937932062,61.50499038678089,42.98806748192246,34.76685148195297,41.596491088604466,23.607790432200645,46.806005630101524,64.71435712666101,88.65154069096454,53.64727244901687,24.3082408736852,44.92482514783551,48.83819508850302,32.65503410725714,51.852310418609605,24.490603897328256,33.35938812910422,37.39775060160804,9.37851965821812,33.64803033240116,11.295822904224593,30.860311526144578,30.208959327251165,22.98060167418068,33.27987982608546,42.23944028783019,28.111244290924077,36.58921096654514,35.798387906368106,29.372354007413485,60.545667414778364,36.256763575159454,40.926027494840596,8.215639615696965,36.05989437912784,30.383063911777477,18.18196274371129,38.43924366181233,68.15304946781008,37.59220280759608,82.878640939143,79.78790183473062,23.588328216270504,31.323963320930062,18.2806479281983,38.89042181892012,27.555304283088457,39.209863883822116,37.264265972692044,40.52613336258342,23.872738292498248,40.049659781982925,15.059793190760569,18.929945318027848,39.189775090342195,45.29169777451983,43.11196010620783,42.859569412411645,41.225464517829934,14.735289279140268,18.319593075206864,13.804001253305398,52.97591788113316,49.11131206776186,47.57626389387514,11.341739255490278,14.241887190262911,11.095080866437584,13.73310621984662,7.121803162413568,8.957213413169551,26.935740258842507,25.338699887645927,29.389315927219833,33.47588566819496,29.41623448281534,31.20808099946906,32.51821946256827,34.340133460100525,11.078993883216906,9.885483264173484,8.902098422347166,11.877283752005221,54.282848837400955,54.18461894068918,36.710400152607406,33.40367778437061,20.64996796070287,25.5889938965946,21.64163618892129,27.33049747981178,6.22693036257399,1.7923553719008263,8.135112261028652,68.25203669252372,59.323278765306384,36.107998740088306,49.02651917449484,26.483676696203123,42.98909767074851,45.94701748116888,28.183986759220332,22.190154605082206,17.88914120356172,18.33378473373112,45.32683267070494,36.3070171884405,42.56723523510563,50.23799895958709,54.19283260835641,46.092730729879605,59.16813232810191,67.5493977958573,75.68213160147306,62.561067579609215,77.26560421877281,35.94336053284171,40.827558148834115,38.95552128847291,41.114749846263976,34.30468093164171,75.82547820017797,57.51752481087262,74.03844583943726,69.69560409865639,63.51690461536789,31.35046980099515,29.515959656843727,32.94072206311624,25.469884689615085,26.298535169767362,16.289194029299175,28.69435611374876,31.523407877655067,32.07974882384461,83.31457230162513,71.145141031392,82.13404273002062,87.40290171648695,65.3024445944579,61.938504981962964,59.49528131914046,48.798992227230286,52.22301690693159,44.784791859138736,55.47654812021425,44.45724482541215,39.3652246003024,32.98161777521666,33.81046872454589,20.31812754543632,23.178020823987765,19.59537201234876,24.62058298856976,20.326605609673607,11.790005709174457
57,44.35705745855908,30.268047617160953,19.203542532337266,79.0559665952864,61.83035742957978,85.92036532978796,22.759584406579187,31.13151001537988,8.560202250420634,51.51215877400971,48.99234474841093,18.11166488565633,33.33427936468963,12.956395298753641,63.96079905904605,34.51682743816261,40.12889522417748,24.542617184495967,24.150471631415467,48.92485902742169,58.63961761739246,60.555423581390556,45.40671406913637,20.566663216959505,16.612123366906197,89.12739883119175,57.83448328541557,54.19216994635478,29.05632548710811,18.422607948429214,41.53010237950028,36.72619266888148,38.43003588977089,66.64215782974738,30.80568077975633,10.804257113008216,14.41748571564466,20.702744367204218,14.158684240312738,69.32484749304018,39.1779362717249,27.160961810571976,37.03715666954618,28.467288686386524,54.625868304949066,72.53421980150856,97.83688802751777,61.46713512386441,18.758615004167172,52.20682345230359,45.028064101049,31.688959110630968,48.04217653548969,19.931267919065267,32.30124499003552,36.19877786572297,17.19838166483508,32.44905759651609,19.11568401986743,26.30097688434277,29.009986591366093,17.43097602740618,28.720542511361288,38.42930930037617,23.551906976199902,35.86757494243916,36.47158010837397,28.173381271528406,65.31523564166577,34.61284103675129,40.04014863325369,11.400228365304473,31.50055996006956,27.679536591257026,14.371831533513742,37.473165992263795,75.9729121426576,45.412065482443616,90.69850361399054,87.60776450957817,22.389356816846615,26.574859655857594,15.523616052577061,35.08029060872257,28.228499158016685,46.4918621882902,44.546264277160134,41.19932556458929,31.154736596966327,40.92630035566481,24.128812718792872,12.044976218534615,46.47177339481027,44.32562277789367,50.93182278105537,50.14156771687972,45.99503541763972,10.925157400712127,12.770236057129498,8.865034567192632,57.745491676608836,53.88088586323752,52.34583212076255,19.499446174710876,20.7162105500514,15.406781502525487,17.774222247867794,14.20277632206806,12.042428478038946,20.783861992226917,25.066326203546566,36.671314231687916,40.75788397266304,36.698232787283416,33.413639988748,33.191411664574126,35.900084360636626,9.584981972598001,4.610408619503689,6.145067214956517,9.120251876383985,62.102711512248504,62.00447604694847,32.90026916515339,29.59354679691658,27.931966265170942,35.613343718854935,31.43615077271611,37.12501228635014,4.820003598888906,8.115336199464803,1.7923553719008263,76.07189936737126,67.14314144015393,43.38999704455639,56.30851747896291,25.28470396031805,42.09518044065245,45.93986184526895,28.85717896122619,26.501855463913643,22.200842062393157,20.03864834273128,52.60883097517301,43.58901549290857,49.84923353957371,57.519997264055164,61.47483091282449,53.37472903434768,66.98799500294946,75.36926047070486,84.86747893802628,70.38093025445676,86.45095155532604,32.83133004263118,37.759246644966225,39.62871349047877,42.58334248798754,42.12454093356689,83.64533530643726,66.7028665788376,83.22378760740222,78.88094586662137,72.70224638333288,40.609088621728276,36.79795796131181,40.22272036758433,21.659752142956357,22.48840395956981,15.090221293414103,21.088466442367768,23.917520879196434,24.47385915246361,91.13443497647268,78.96500370623954,89.95390540486817,96.58824348445191,61.492316279926236,58.12837109884305,55.68515300460881,47.60001949134522,49.11053803399524,40.97465797601883,52.41174193127733,41.266744462519526,34.61612093522994,40.801480450064204,38.58003984709921,23.443444687208885,30.99788060316942,22.720689376864854,32.440442990494944,28.496314841262503,17.643389826163023
59,93.91779357813033,71.92092333470858,58.60654020319359,8.098450012458635,14.640144380318418,23.608224782084065,92.12186261336774,105.67369591640693,69.3616614299541,46.17770471363647,31.00418424506725,84.57268901330248,66.23381325345062,74.69361808986945,19.019610726012715,94.458525771458,75.65703397423496,63.63594432636606,54.803110900325436,33.097093589735486,25.135752688912323,37.833542749383945,40.47612187151945,75.7743864029937,91.1543148365215,26.45553594685873,102.35539645320051,98.87783536607365,95.08580496335114,61.237163566358575,92.28951609977939,68.40597474607816,80.32660706193569,17.410606131591457,64.05962479470047,65.96528479090894,82.71128258790854,78.4628506923007,62.52983336812078,16.132585726307596,88.54104876292853,101.70314771159903,95.5668084791204,57.332614269477425,25.442384105175805,12.872823262774325,29.465541658837587,21.514719598473196,89.07289905799911,58.04708084758463,91.8638365082636,70.09893694552908,94.92346947871724,86.23378218220458,73.91593132937172,76.64960141808385,59.385964363225,75.87083992005407,57.19133918560114,90.53268219311283,76.2614652485426,87.74526409062167,90.30430882043443,91.80459786647108,89.30003063549799,71.1512720470541,65.64971846342823,74.34583191078022,18.623329048324408,79.21822968827306,75.48808857534956,65.8498312507431,93.12972140054825,77.34183262331292,81.37557873615833,73.0013018466554,10.055450387630813,35.556466158479985,21.979419624310665,21.108653911231457,73.82837084774496,93.46325199372015,77.77667254249825,91.40529110890243,65.06505567740444,62.657988858082504,56.99757458889008,70.06916170416187,55.47313457561765,65.51661249851315,59.876690634076965,85.99135926137404,55.47502789562228,79.85376152795115,30.758857416836655,48.02456865944647,32.73822324710845,79.34870171094636,84.42054961375246,80.7403030515397,22.13769850377694,24.757244608453544,26.5101415232281,62.91693934883595,63.82886806625153,66.0829156490801,70.06205618555617,64.82975498094434,68.51309767822353,89.17203106600724,66.92944129751156,55.57021734315013,55.68396132672352,51.84210319634925,57.713533548648016,60.26197011784649,60.521031980364924,72.30954397142747,77.30763035428774,73.80868588828486,75.97456044477931,23.11270262028856,18.167722527097503,90.29433547888053,86.39366191942065,57.42706309476816,51.75783375037763,52.90368772295581,47.48032268693369,72.78228927082353,68.25935381748285,76.09312125718807,1.7923553719008263,13.090250350159948,52.82405691099558,40.33248013763735,75.69957798845707,77.55115585559159,73.40603240917856,60.29212402321465,60.870071091810175,61.85079414845349,68.25917005407064,65.7439556823655,61.12946706962355,59.17625132976891,48.4720548425452,48.96029195444987,56.922827428824206,20.14868231006968,13.26844094199982,28.72331009972103,15.65532586104634,21.587526216906078,83.20779462195118,85.40465837205113,73.26443991577207,66.61041687672825,38.75993019481619,8.226567413276737,33.186271857620326,30.64449242430173,26.3379329316288,30.303558504424615,46.21216581064343,49.24334886373311,51.035927538369805,79.74557499545023,83.06600165936774,74.12470327141375,95.63065791198306,98.45971234881172,99.01604772641303,18.72522173964283,16.652858926408573,14.255835167365394,25.86326914220922,107.3895116020316,101.74227261263624,102.43833500658062,87.6805125464627,91.1045427947522,89.37758436404135,94.35806843944665,84.19942097438599,96.82003040172691,35.30191217952085,39.83319494664672,69.49731223969894,47.36013584675622,63.34040264222865,44.30406677278192,51.27793838366991,59.89742805671611
61,80.83481313130116,58.83794288787942,48.912981228686654,20.798480872841633,12.781462331039412,22.183711748478153,79.03888216653857,94.11076743531001,59.668108024035405,33.09472983539557,29.293112996630683,71.48970856647331,53.1508383752097,62.1751866883088,5.936633620336504,81.37554532462886,62.57405909599406,50.552969448125154,46.03683324103646,20.014117375033393,12.052774915005527,24.204662459332056,27.393144097612655,62.691411524752795,81.46075586201454,25.031021354048114,89.27241600637137,85.7948549192445,82.00282451652197,51.543610160439876,79.20653565295024,55.32299986783725,67.24363218369479,22.600972971022678,50.97664991645956,56.27173138499024,70.00228295929176,65.3798758140598,52.83627996220207,23.144587020140968,75.45807388468762,90.14022479909036,82.4838336008795,44.249636718314164,23.73131285673923,25.572853454926737,30.516807591418804,8.431742715540512,76.18861140848136,48.96113281127547,78.78085606143446,57.01595649869992,81.84049460047635,73.15080730396366,60.83295088254256,63.56662653984292,49.69240538871806,62.78786504181314,47.49778577968243,77.44970174628365,63.17848480171343,74.37791811627078,77.22133394219352,78.7216229882302,76.21705018866884,58.0682971688132,52.566743585187325,61.262857032539316,22.78171820840764,66.13525481003217,62.405113697108646,56.15627227623615,80.04674652230736,64.258857745072,68.36585863633259,59.91832696841448,22.755481916244406,22.473489943777896,26.961845800553668,23.871106696141297,60.74539596950406,80.38027711547923,66.30328696044474,78.32231623066153,51.98208079916354,48.978100299670075,43.91459971064917,54.95797333952921,42.39015969737673,52.433637620272265,46.79371575583605,76.2978002868671,42.392053017381386,66.770781081122,17.675880979391035,34.941593781205555,31.02715199867188,68.0588456604023,72.72299494314854,71.04674407703274,20.42662725534037,23.046171800812267,24.799067379125646,53.417323165864026,50.74588761942236,55.90505655456051,56.97907573872701,55.136201575025645,59.78045986054657,76.08905061917807,53.84646641927067,42.487239791986866,42.60098644848262,38.75912564518598,44.63055867040711,47.17899523960558,47.43805710212402,63.64182475555697,67.61407694836906,64.11512691377793,67.30684122890881,11.792677295072778,5.084745421421293,77.21136060063962,73.31068147259151,44.34408554360489,38.67485619921437,39.82071017179254,34.39734780869277,63.08873029631657,58.565800411564155,66.39956785126938,13.105148996648296,1.7923553719008263,39.741082032754676,27.249505259396443,62.61659754162791,64.46818097735067,61.928247642408365,47.209149144973736,47.78709064498102,48.76781927021257,55.176195175829726,54.43234872612096,48.0464866227944,46.03379836044078,36.50479673727906,39.874343918140696,47.83687939251504,11.062734941991105,11.632601989037385,24.726904044007284,6.644271772789296,19.406105498481693,70.12481974371028,72.32168349381023,58.153251551139434,51.49922851209561,25.67695264365292,20.9265987191468,24.10032382131116,27.51494582838231,23.172102751140287,21.21761046811545,33.12918825948017,36.160371312569836,37.9529526601289,66.66260011720932,69.98302678112684,61.04172839317283,84.06987890595025,87.76222601042804,87.45311924531612,26.15856313554133,15.228345892802661,26.955868032440165,29.268168616941196,94.3065367237907,88.65929773439535,89.35535455975148,74.59753766822176,78.02156234792307,76.29460948580044,81.27509356120574,71.11644609614507,83.73705552348599,26.387175957514415,34.50457943968077,59.803753265191986,37.00926071534121,53.64684923630995,34.61051069394086,41.58438230482885,50.203869082209174
64,48.918187858699426,27.18982669913226,26.68239176786751,60.500634241608964,49.39290443833562,49.1026863245642,49.85211806828667,64.92400333705811,35.19063218487585,8.218810369845926,51.39056308100527,42.30294179529905,20.155627676077323,32.988419917134536,35.56479409357808,49.727431808804056,30.657431150469968,21.366201117746176,21.50789384574114,20.860754395229833,28.71355950169709,20.434969000537322,13.59992363115726,33.50464185791263,50.039857452512344,45.834050427027975,57.35578516518137,53.87822407805452,51.62993441547536,39.035817658100655,47.2899103803485,18.573552774428073,35.3270013425048,59.212419310445945,18.701034465211674,38.20696381310553,40.8155161881175,36.19310614721962,33.310225736376445,59.75603046389834,43.46498075825109,60.9534551322502,50.83571451646645,15.062869724396357,49.17779544286627,62.96539720377846,54.54354229627634,38.78196799418324,47.0018417416412,11.749179715798917,46.86423078883272,25.099331226098194,49.92386932787461,43.964037637123496,29.18483469379541,31.650001267241194,29.64252253056625,31.139748853065996,29.315136763155348,47.07681164523703,31.530368612966278,45.19115134509649,47.32824454185439,46.728529861793646,45.844160087622214,26.151669223289108,16.69517618771718,29.614737948126265,59.393164547830914,35.17498445189625,30.48848575158456,37.30214618288389,50.15365712196824,34.36576834473288,39.17909186515831,28.00170169581276,62.457636621472915,22.39852694523148,56.07441402897635,52.98367492456397,31.558626302663892,50.00738701443262,37.11652018927046,46.67420004191436,22.323888484008222,10.645145840970482,5.594100847401348,16.292951489906052,13.571965086020377,12.847072774249924,22.26477636054073,51.518495827437036,4.821032673997315,31.414692329270487,32.890351509481974,6.84822332209948,48.393248181645816,38.872073320639785,43.53622817197425,43.022631709183784,56.64383558896271,52.360516487975076,50.98898433943101,25.551559173462685,22.88012919560928,28.039298130747422,27.792308967552742,30.028832203161834,31.914698541067583,46.90228652092616,24.6596967524305,10.835168346378232,7.019298149131293,7.859214551541816,12.978487224798473,14.903377115435337,11.456466874491973,35.77606076315564,42.83476981601664,39.33582245434786,36.86481710475127,41.09859537175373,36.43040596686111,47.3182712003005,43.41759496791827,17.374628819376063,13.07843781527918,15.881519020053487,17.234928309513048,42.63409170562272,36.075728771185545,43.35751257363427,52.80730102895444,39.71614322165344,1.7923553719008263,13.015171747721487,33.36252324428838,32.55155570474894,23.59529184724761,17.77569948295848,18.600325210267926,19.58104960337242,25.98942550898957,16.09939560388257,9.11030860520663,8.931407238762658,14.22665153281374,18.181485181583056,11.723988759021772,36.42680598592992,46.315351750896795,41.5741305338625,41.32702153464871,43.15760582408461,38.47670065929724,40.51434466126037,20.131984786833392,12.834209335394808,26.48715706385873,60.628750751452955,23.40952084759618,39.9304418761608,35.58760013537996,29.40890354775734,8.795331879849721,8.687141783452313,4.283277002460467,37.475830450369166,39.68947525252914,31.854958726332672,54.8831092391101,58.57545634358786,58.26634957847595,57.6184833158264,49.91109498643148,63.143708968098636,53.29490332179874,62.38991145118898,56.74266689320538,57.438729287149734,42.68090972269768,46.10493707532133,44.37798154027635,49.358468288604,39.199820823543334,53.84396612314687,35.3534075879814,42.52694649912435,47.5392773307255,25.815621628228698,44.55974293364499,31.61961904975483,36.315620657285145,35.22398802848716
66,61.29719294768245,40.64207693851516,37.14049853027051,48.050100636567976,36.94237083329463,36.13994016228438,62.76324074457621,77.83512601334766,48.1017548611654,5.887167850920932,46.89505849337901,55.21406714451095,33.82974450414146,45.899545266346436,23.114257592871205,62.863803879764305,43.03643334378708,34.27732535324043,31.96599927168296,12.56528127096038,16.26302433745139,7.47222194728338,14.099226864373811,46.41576453420217,62.95098569739013,32.871304042004624,69.73479025416438,66.25722916703754,64.5410570917649,46.34569498826542,59.66891546933151,30.952557863411084,47.70600643148781,46.761880136816714,31.6121600371671,47.203786594489976,53.72664153732939,49.104234392097425,43.76833249877944,47.30549685885735,55.843985847234094,73.86457780853976,63.616242661141214,27.973995296351784,43.057385268445586,50.51486359873748,41.58079323833064,26.33143149347637,59.91296441793074,21.61766185730478,59.243235877815735,37.478336315081194,62.30286884826937,56.8751658820013,42.320315790635824,44.02900368330184,40.10062907022572,44.548408183635985,39.77324352555834,59.987939890114816,44.44149396217818,58.10227669430839,60.239367218143926,59.10753495077665,58.75528276391175,38.530671416606225,29.074181276700187,42.5258635200817,46.942625374201675,47.55398954087926,42.86749084056757,47.76025004962099,63.06478536684602,47.276891021022415,52.09021721437023,40.380704111873406,50.00709744784368,16.273105041386735,43.111667866696514,40.02092876228414,44.46975187461932,62.91851525931041,50.02764553848236,59.81057478579697,35.235013833220115,21.770536310503665,16.70703728068748,27.750410909567513,26.48308932151462,25.226077863232927,32.72288178648255,64.42961850372657,15.184491923880866,42.87215442185432,26.516055363948503,7.734031351243859,43.897746489685446,51.78319866985167,56.44735352118616,55.933757058395685,44.58753575759558,46.240103417888506,44.48398229051779,38.46268452267459,35.79125454482117,40.950423479959326,40.70343431676464,42.939957552373734,44.82582411302302,59.813409197215705,37.57082232438593,23.74629525479484,19.21858328919773,20.77033990075372,25.88961146029272,27.81450246464724,23.655752682788993,48.68718611236754,55.74589516522853,52.24695069922564,49.775939781040805,29.69236696398275,23.979869688897757,60.22939387659004,56.32872031713016,30.285752832126782,23.536543241220997,26.339625782456487,22.33894171450636,55.545219950500524,48.98685412039744,56.26863524992382,40.35676742391345,27.26560961661245,13.005294408629005,1.7923553719008263,46.27364859350028,44.93055812080958,34.72068231678078,30.686824832170377,31.511449223018644,32.492175175327844,38.90055108094499,27.224786296159273,20.838926865755063,18.826237266940268,10.256546142143396,15.22740613784977,21.173501680595386,23.464059600906563,33.35260269295109,28.611384148839157,28.364272476702997,30.194856766138898,51.613072730257485,52.89334685457749,30.945691794100107,24.29166875505628,20.142040320749842,48.17821714641197,10.446773126111646,26.96769571388097,22.624853973100137,16.44615448981163,17.142194609403003,20.176679835324308,16.25375130155568,50.38695869524695,52.600600601741036,44.76608429828809,67.7942374839879,71.48658458846566,71.17747782335374,44.65573425788068,36.94834882415166,50.18095991015292,40.33215426385302,74.76891654017197,69.12167198218839,69.81773437613276,55.05991748460305,58.48394216430434,56.756983733593465,61.737473377587,51.57882591252635,66.75508879943641,30.94723429304507,39.757679321402485,57.99738676605085,28.698791605660826,50.344242054789134,31.677256833797525,36.373255545661955,45.68209479089016
67,26.19711157632304,6.276199894939669,27.0324973753342,83.3869305373322,69.18304339328024,80.41065933296561,21.11839894066715,36.19028576864329,21.54641733924749,41.59111183235596,61.78577531205855,13.569225340601882,13.96360946615847,13.339738250273708,58.451087493635434,20.44160542126891,18.84300005403084,12.725903189618291,28.666399127816582,42.68440679611803,53.12991162057009,53.700664073147955,35.42357736850664,4.582978422019868,23.088125544679983,80.22097094285279,37.454761808100955,35.52974807206144,19.799494183202892,37.43694499862663,23.16072879827001,16.419660483384224,13.609902541299405,76.1339167347,14.993440566108239,29.83713622561351,14.108789689601997,6.668227839436352,27.305750673633366,76.67753345674066,17.96726448731119,32.21973756383539,23.09036411715607,18.721171816781116,61.97854870006128,79.88690019662076,88.93046013917879,58.98690262353928,19.92706073927141,34.48982268082101,25.833738918724947,9.513203538299406,28.84785424883154,14.76300414285538,8.315249854063895,11.37864362627736,27.048206362784533,7.6289242480446084,30.494355043598972,15.246374308630456,4.1898516836898985,16.457436449604035,16.367222424304877,20.844449568836858,14.013721191810923,11.881581142928717,18.139997862667073,4.465793719139198,75.99876709789758,10.23765659982878,16.054155056486778,32.72628129823678,19.192637900084613,4.36395537724209,12.472363807438118,15.649800262298655,83.32559810635809,41.07068828037226,85.18879204857993,82.09805294416756,3.729303151763798,18.176948118621333,10.650954546744746,18.928848306142804,14.720979343801604,28.579264531819113,30.320164034583037,22.867743096138867,21.528091115320144,22.594716773496724,26.152905449880375,20.657090185073294,36.55545975316815,21.622776716983218,50.45737349365514,40.385456790572135,58.788460412699095,14.28401356036635,16.83727252698843,18.434570612449175,69.44458884615771,65.1612697451701,63.78973759662604,21.945128257873527,19.80141668260997,17.645281586962966,14.463514329649438,20.45972404822634,19.199858799838815,18.168568952511343,10.595533060825137,23.404364334877634,28.529570450285327,27.03880658582028,21.068540697151786,18.542158410341578,22.822735092988356,16.514741232069447,20.26635081189742,19.83745658575728,16.70084634701581,60.12464316303871,59.31670226258434,16.380695734945025,13.41578155494042,23.359673741257318,25.966020732579153,26.86385824880248,31.815279862136418,28.16512595082108,26.60327616169208,24.706013596563047,75.69359732467768,62.602442190299044,33.36720642700577,46.38747343297506,1.7923553719008263,18.10918686388554,26.128481621820406,17.613327691129207,16.19080821211643,17.41911894381942,11.490582050796913,32.260736183446646,27.421410251564414,32.132232768091114,44.40239690408218,46.214020150530345,38.15781545322015,61.47828900612709,69.85954890529425,75.96105104968731,64.87121868904615,77.54452366698706,9.924253112023969,14.808450728016378,19.736152828332074,24.251758683075927,42.2086348576369,83.51504704717618,57.79643869049863,70.94989519020672,69.97451797828242,63.79581849499391,30.625949025432675,26.814818365016198,30.239580994032238,5.67748622430256,7.505347474084713,10.476533220918833,26.149394343617637,29.841741448095405,29.532634682983495,85.62472341106206,73.45529214082893,89.00714516795531,87.68182116470119,42.82989440563291,39.46594922454972,37.878706673005425,22.779883469951375,26.203910822575025,21.94877434671542,29.457439362935336,18.438135845389695,22.882944005597363,48.15416084517642,52.156572511944916,44.87151705252815,38.04365939411632,43.83620245235786,41.5673981106695,39.525137749047985,34.07369589107456
73,23.62135551317513,11.971512506688352,42.49149686633143,85.17232016453949,72.8435827216799,78.29261338094153,34.358532075675114,50.29997177820984,38.898908347411556,39.95313120035297,72.53625790480767,27.88271499777472,11.925895968213997,30.242738383569396,60.23648268943097,27.220142093559637,4.307455367150421,22.443550317685563,40.86224488503693,44.46979909624767,54.91530124777738,52.376988372015525,37.20896699571392,22.120012667498223,37.40161520185282,75.02398015632767,32.058955715322966,28.5813946281961,29.116237928078743,52.895941816701495,21.9930780348242,14.291599314022623,10.03017033344168,82.66309759379024,15.224585759273427,45.29613593935427,31.6458221531321,22.9177394406428,42.76475038737412,83.20670874724263,18.168149749187968,46.53322833472588,25.94040255371155,27.672035702885665,70.32349026666867,86.41607548712275,83.73346935265367,63.45365659003613,34.24055039644425,29.05120528158495,21.567398443308424,11.631877404334432,24.627034309427952,28.269993604725627,10.220446989217113,6.243121144279626,42.50720585378177,9.893069686060343,45.95335186167384,25.550169699322804,13.725418672397158,30.77092722049452,24.012175742252378,21.431700411935232,26.412866528029262,8.850998829139344,16.1022843647226,14.67405975567699,82.84384283117521,10.970308850695933,2.903122451871707,48.1852836848999,26.83759121803211,15.258847946308142,28.120891758693645,5.441286757699078,87.12932254440344,46.00757030978814,85.26434108535368,82.1736019809413,20.62837854406162,30.379856404946075,28.18798767850545,23.2010718836726,17.010607309875205,26.541551033874637,28.282450536638564,18.799150317236112,30.027573702217566,20.55700461201343,35.5224309471023,38.1941255442693,33.39399133648329,5.293652123298937,56.499397546961006,37.222958185061216,69.53894857403645,31.82104891956235,34.37430788618443,35.97160441244047,77.78953041276512,73.50621131177748,72.13467916323341,34.89070534886414,32.02888244311266,33.02468523673417,29.234676231546025,35.91872242550592,35.622977376525654,32.48205972340184,18.178276338290473,22.169617651620015,27.29482510348889,25.80405834335795,21.087450286384097,17.307413063545145,21.58798840973074,33.257964535659895,37.8033859483499,36.24060620498332,34.56764370160032,64.70764140923275,61.10209188979162,23.657960739401474,20.101526168316255,32.83301175628237,34.21984905825694,35.53975772081073,40.06910529214832,46.34237054108078,42.967850610912805,42.09902009362188,77.47899252047321,64.38783181750632,32.55816294607811,44.957192678404404,18.12270873261521,1.7923553719008263,13.400261899490548,22.53594722957831,25.366450835812888,28.37776516603024,25.71464641751018,25.12280282556759,25.383699649285823,30.094519270146648,40.08626500820927,39.47161247879891,33.59728089202245,63.26367863333438,71.64493853250153,70.76405469457396,66.65660831625343,72.34753288046193,15.969412280514,15.217512315736059,17.115512607436315,22.214046521592635,50.462463183314696,85.30043667438346,53.40484395959808,64.20748194988704,64.77752719175729,59.40422376409336,32.411338652639955,28.408211533653237,29.931203713980942,21.439476834053153,20.812187841444704,27.21975496530457,40.46288533725166,44.15523244172942,43.84612567661752,86.80840480361547,75.24068176803621,90.79253479516261,82.48483037817607,37.09308200133056,31.44583744334696,32.14189694162543,17.38407871363456,20.80810472979703,19.081149194752047,24.0616359430797,13.902988478019033,30.527897323544863,56.49910241178381,63.67264132292675,60.33051387060301,47.90357994256116,59.29520194335508,52.765313873557226,54.98413456712285,49.53269270914943
74,36.864432872162084,19.864675845118235,45.43556492485426,81.14408695406053,71.60835290770581,65.26476752636539,46.5088074023318,61.58068977543735,41.84297640593438,30.375248509541812,72.17432751156608,38.95963090660065,14.147230990745793,34.96926699188056,58.58079105113036,40.463219452546596,12.45693881798848,24.826322945681973,40.50031449179533,43.48259152996021,50.92901064398964,42.138206249129865,36.221759429426456,30.24635239734298,48.47853111067874,61.996134301751525,45.30203307430992,41.82447198718307,42.359315287065705,55.840009875224325,35.23615539381115,10.894589415121779,23.27324769242864,81.42786777981613,17.231471552671618,48.240201102211216,39.77216321943804,32.79442143971703,45.70881844589696,81.97147893326854,31.41122577171374,57.61014713921769,39.183479912698516,29.44020458230478,69.96155987342706,85.91846087260683,70.70562349807753,60.99741356788755,45.31746630527017,16.023363436392355,34.81047580229537,16.70093544442779,37.87011166841491,41.51307096371258,21.841091882822784,19.486198503266582,45.4512739123046,23.13614637681671,48.89742259311903,38.79324705830977,26.96849759058882,41.847843352063975,37.255253101239326,34.67477777092219,39.655943887016214,20.471643722745014,10.861005259392257,22.501263166297854,81.60861301720112,24.213385541452297,16.146199588115135,51.129351743422724,40.08066857701907,28.501925305295096,38.13573889647888,15.587040936271618,83.10108933392448,45.02036274350067,72.23650079936579,69.1457616949534,26.67429236763115,43.622933763933034,36.31432874481139,36.444149242659556,19.75040841424943,14.561865176097985,18.856865838770766,8.69836248877398,29.66469664897364,15.116047069251632,37.16996193069579,46.32046371490935,21.847775525182726,9.413335808411842,55.51218708500765,26.984173166509663,69.17701818079487,39.9473870902024,42.50064605682448,44.09794280582405,77.42760001952351,73.14428091853588,71.77274876999181,37.27347641765583,34.41165351190436,35.968753295257,32.178744290068856,38.86279048402874,38.56704543504847,43.558975854971294,22.076849203519302,21.18240852612784,23.951397497180785,24.816850777070485,20.50623712940878,18.055385837146382,18.244560580679106,37.04065374296653,43.52223987829285,40.02329251662407,39.294172309911474,64.35835171131629,58.645854436231296,36.90103520272255,33.34460352730321,32.47013470303844,33.85791866501535,35.17782732756912,39.707174898906715,49.28643859960362,45.911918669435636,45.881709078185,73.45075374140602,61.931594363946,23.594314448638148,34.71840765985284,26.249047125998793,13.379921183078253,1.7923553719008263,23.271635697502326,27.134619715232006,30.760539130487842,28.09741748630189,12.094961203118519,16.867113254953463,16.797833112086888,27.0584218265555,26.44376951988867,20.56943926957338,53.39428591627805,63.282829008322565,57.73621440858606,58.29449879207448,59.3196870258858,29.21249097596214,28.460589674723018,7.014724778974182,12.271560515180369,49.10898996646204,84.1061248468628,40.37700100068785,51.17964166389915,51.74968133718115,46.37638080518311,31.424131086352485,27.421003744622237,26.587775884929314,31.855120215391892,34.05526386397048,31.946283573615723,51.53980124607759,55.23214835055535,54.923041585443436,73.78056451762758,66.87857224385726,79.30579016989982,69.45698452359994,50.33615646465162,44.68891480233392,45.3849743006124,30.6271574090827,34.05118208878399,32.324226553739,37.30471330206666,27.14606583700599,43.770974682531815,56.1371720185422,63.31071092968515,63.274581929125844,47.54164954931955,62.23927000187792,52.403383480315625,55.79142394275209,52.47676076767226
79,35.718411841936444,12.840870703401755,23.21156444039483,67.98991767505657,55.661180232197005,65.01364090210174,34.0114531072935,49.08333548039904,24.07296802016635,25.90433480762299,51.22964201778662,26.462276611562345,11.263211692233932,18.614605743460643,43.05407463135981,35.378471803690005,20.6516135899022,5.391928350664946,19.555630334477065,27.28739393384241,37.73289608537212,38.120492101853216,20.02656183330866,17.66397689691945,34.80608218616694,63.51957196913915,46.81175798176271,43.33419689463585,37.2809773060272,38.070001712199826,33.55769112523817,13.435371848400283,23.097590808242046,63.172242414286345,6.8989754354005655,30.470192939186703,25.5817380261062,20.35244385914881,27.938807387206566,63.71585913632698,29.460997690826424,45.11279017125704,36.48676007994065,7.168662164298034,49.01687437964762,66.92522587620711,72.22906116546517,46.271248531964986,31.768063802373426,22.41830523423063,35.68133350845246,12.211675917150979,38.740969151828466,28.123375349052687,14.835878698064901,20.317922844132283,27.339694114676707,16.7907915208743,27.362873251891273,32.727857208711235,17.181412617235768,29.350489057025676,32.97928743240623,32.72454946729135,31.49520297817405,16.145851662721338,12.650146555874638,15.265783511600464,63.037092777483906,20.13817995263213,20.48266952747797,33.35933801180998,35.804702685442436,20.016812571745895,23.94531370314703,17.99588413524499,69.94691448633228,28.017900719029004,69.79177918630432,66.70104008189193,15.71796134167072,35.65843257790682,20.422677789810674,32.32524270972267,5.985007278224691,16.703342411012525,16.70568812312652,17.66810166160723,8.720959151657699,12.886563865650416,16.22622443337986,32.13004141724339,20.86394942842356,24.848338247952505,37.40458593231189,24.53374642341537,48.232332687015415,24.127517910653232,28.310223759158525,28.278076299197238,56.482914525744064,52.19959542475644,50.82806327621236,16.33617197622864,13.474347734015982,16.446223985792972,14.40873323137846,21.092782098260717,20.797034376358084,31.061621559932988,8.539311802976398,7.382331791076785,13.155328881820916,10.863284148447265,4.854346419081465,6.267320892348458,8.975991360975655,19.987152934270718,26.468739069597035,22.969791707928252,22.4910031538209,47.52523335116159,43.91968672738637,32.96931409085233,29.068637635726574,11.526398542183678,12.913233171235898,14.233143170250855,18.762492300793163,31.51643043657911,28.14190761074525,28.82820826948918,60.296584462402066,47.20542375943518,17.782172855426136,30.70069618549855,17.589166923178126,22.545738144181172,23.32938886269354,1.7923553719008263,5.656911627183806,9.823232684368872,10.327408432303269,22.820311420638873,13.800497274835617,20.06071532150075,31.912173297668446,34.14250426314469,26.086299565834487,46.08127057526323,54.462536043018616,59.25965207597369,49.474205826770536,60.843124693273424,24.12774354984908,26.324609972871386,16.33789133353639,16.90596239950062,29.15584729629365,68.11803418490057,41.09504261245088,57.61596631393786,53.27312457315703,47.09442508986851,15.228933490234692,11.417804166279396,15.586957407447883,21.635166825837167,25.340517920337447,15.161116326872884,39.04244695103928,42.73479405551704,42.42568729040514,70.22771054878645,58.0582792785533,73.61012673709143,70.9804277595758,51.20701684373107,46.19863970978669,46.255829111103594,32.13688253927901,35.56090989190267,31.178205523513356,38.814438432262975,27.208926956826218,39.495009013698706,35.19248942042865,42.3660283315716,45.50457376610136,26.596966951206,44.469258943187526,31.458700882202074,34.84673844897266,34.70675260464776
80,36.810267214264385,13.964792902533137,17.989605663366042,68.71621193460459,53.39451979698451,65.73994073023799,32.61914455599255,47.69103249768634,18.37559792643144,26.858297902064127,48.77180637939884,25.069970955927282,15.130315128806668,17.767946448911204,43.780371786573724,35.45723948447164,23.505356251360894,3.698071613197701,17.09779469608928,28.013688193390422,38.459190344920124,39.029942797497995,20.752857429317846,16.27166968207968,33.95942289161751,64.47353795924617,47.90361335409065,44.426052266963794,35.583084010310046,32.13997867434543,34.64954649756612,17.302473725768316,24.189446180569988,60.71440677589855,10.766078203742708,24.540169901332312,24.73507873155677,18.960135307847857,22.008785685813354,61.258023497939206,30.552853063154366,43.72048429287844,36.565525087799934,4.331910602048115,46.55904163692574,64.46739023781932,73.18302715557219,44.12083237644967,30.921404507823997,26.015294497071906,36.77318888078041,15.065417464892025,39.83282452415641,26.73106679775173,16.203290091304726,21.34667074229587,22.11773511490439,17.882645556741068,23.316366830445098,31.029964135737607,16.608787782545065,27.95818050572472,30.801593435981587,33.81640216669693,29.797312578122785,18.999592987718856,16.901283448910302,14.427793172493494,60.57925713909613,21.230033988498896,23.336410852475492,27.429317646877944,33.627008911761315,17.839117238860073,23.098654408597596,20.849625460242507,67.90608814755663,26.204618033282642,70.51807344585234,67.42733434143994,14.325654126830944,33.960539504933195,19.576016936056533,32.40401039050431,8.838749271452798,20.300330337392623,20.302676049506612,21.77560795793729,6.641345368292699,17.137700758686087,11.745938797438018,31.283382122693958,21.817913859325877,27.70208113215473,35.59130324656552,25.487709740600025,45.77449704862764,23.2808586161038,27.46356446460909,27.43141700464781,54.02507888735629,49.74175978636865,48.37022763782459,11.114212976456326,8.252389625217786,11.22426431779007,10.79653214464572,15.162759060406326,15.099665619084352,29.66931300863203,7.6500777555977235,10.979320162943939,16.10402599638335,12.044376147464902,8.451334345461557,10.518457562640595,13.227128922241917,18.961029177633577,25.62207687938172,22.12313241337882,21.64434252281029,45.25857581161498,44.64598365985674,30.791620094427685,26.89094386204546,9.01332184013555,11.09995115372013,11.775306195401892,16.605155726545558,25.819060120100673,22.21188590935204,26.542478315189854,61.02287872195008,47.93172358757143,18.73613750907198,31.654659502683216,16.196859931081875,25.3994810283834,27.196492299266275,5.681299593535453,1.7923553719008263,4.601273684596553,9.480748469523247,26.41729912427544,17.397484978472182,23.657704584342028,32.86613928777547,36.820972936544784,28.720871058067978,46.80756483481124,55.18883030256663,60.2136180660807,50.20050008631854,61.79709068338044,23.399413859924305,27.416465345199327,20.204994547365597,22.205217636295664,27.342564610547285,68.84432844444858,42.049008602557905,58.56993230404488,54.22709056326404,48.048391079975545,15.95522908624388,12.144099762288585,15.568862391304629,20.242859610997392,23.563283601992545,14.314455695862272,37.65013839973833,41.342485504216086,41.033378739104194,70.95400480833445,58.78457353810131,74.33642656522771,71.93438818109458,52.29887221605901,47.29049508211464,47.34768448343153,33.228737911606956,36.65276259130824,32.2700608958413,39.906293804590916,28.30078232915416,37.31731501727406,32.734653782040866,39.90819269318382,39.57455072824696,24.139131312818208,38.53923880099903,29.000865243814285,32.38890281058487,28.776732239715727
81,39.307453392885265,16.4619775219493,13.656613195992922,68.64559666701945,51.41998750131281,66.5627386241406,31.906685342577326,44.02525045482203,14.042605459058311,27.68109579596674,46.42826334189874,23.433212517673173,17.57531517128058,13.421961351435591,44.60316968047633,38.26255235667261,26.51004685722787,6.435766454752637,13.553998147406848,28.836486087293032,39.281988238822734,39.8527406914006,21.575655323220452,15.559209132203282,30.47340044601811,65.29633585314879,50.40080220563388,46.92324111850702,34.423695695364515,27.806987766177016,39.44120531403719,20.861563176987115,26.686629463524973,58.37086641132081,14.900257146811203,20.207177433959192,21.249057622418547,18.247676317176172,17.675793441183764,58.914477564773215,34.24773944387366,40.05470225001413,39.37083773725736,6.5417776739399915,44.21549570375974,62.12384430465333,74.0058250494748,44.940113818244825,27.435381839481074,28.3757633699265,39.27037216373539,18.070107848015468,42.33001070277727,26.01860780708004,18.700476269925595,23.84385692091674,17.784742870274798,20.379831512618413,18.983374363071977,29.870575598048553,19.060974199526036,26.049964527509974,31.190333908719605,37.124925861860504,28.637921367511368,22.00428493004701,20.60695195294078,16.87997936673094,58.23571120593013,23.72721994437624,26.341101458342457,23.096324065787172,36.43232156121874,20.644430111061034,19.612633299459375,23.854317402570665,65.56254221439066,27.023902148000154,71.34087133975493,68.25013223534256,13.962777073587013,32.80114829432178,16.505011571937317,35.20932326270528,12.363869666122316,22.660800546708398,20.715203972039514,25.334696072694918,7.4599877589003984,23.50059800407392,7.315943081972602,27.789585927898997,22.640711753228487,30.70677151527818,36.41058468836067,26.31050763450264,43.43095111546164,19.30561475494083,23.969768269814132,23.45617180702366,51.68153852277853,47.39821385320266,46.02668460032449,6.78122073182673,3.9193962668705424,6.891271404929885,8.225849733623209,10.829766815776733,10.76667248348064,28.956853795216816,10.147263265988009,12.840255485772007,16.926825226747138,12.867174041367512,12.585514847734764,14.652637396683213,17.361308756284537,14.628036710260456,21.68674442666028,18.187798624196205,17.29835720259114,46.0778570306666,45.46878155375935,33.59693296662865,29.696256511502895,6.112789672773735,11.918592876097238,9.616974180318905,15.305834134748217,21.486067875471075,17.878893664722444,22.20948740702144,61.84567661585268,48.75452148147404,19.55893673943577,32.47745739658583,17.45701051393128,28.404171411506844,30.755580191280373,9.815478982091012,4.576344228723579,1.7923553719008263,6.422966943290622,28.777770892795925,19.757955410531487,26.01817345719662,33.688937181678085,37.643770830447394,29.543668951970588,47.630362728713834,56.011628196469246,61.036415959983316,51.02329798022115,62.619888577283064,26.204729405047626,31.088927021040035,23.764083998584404,24.565687845611443,24.824774878148766,69.66712633835118,42.87180649646052,59.39273019794749,55.04988845716666,48.87118897387815,16.77802698014649,12.966897656191193,16.391660285207237,19.530399061120995,21.907402631691482,11.985507705419188,33.984356356874024,37.67670613427415,37.36759669623988,71.77680270223706,59.60737143200393,75.15922445913031,72.75718607499718,54.796055499013995,49.78767836506963,49.84486776638652,35.7259238674843,39.14994854718559,34.76724685171865,42.40347976046826,30.797968285031512,40.12262788947503,30.391107848874874,37.564649432940186,35.24155982007854,21.844080655507774,34.206244997164724,26.65732198357066,28.566100389198553,24.44373865862495
83,36.53867045959751,14.245455318869322,17.85460348278045,75.48591682593246,58.260307660225834,73.5544185802488,25.96776659636697,40.146018633043056,14.262016300321749,34.67277864774081,51.92004115748179,18.41859299630171,14.95059027953244,9.802465859583764,51.59485230950686,32.32363338771872,23.885320629018544,6.053264360058168,18.80066898262337,35.828168716323574,46.27367376351917,46.84442332043115,28.567339511455714,9.62029105422352,26.59416862423913,72.28802137784521,47.796317795709555,45.871306955335925,28.484776726410644,28.259051328816405,33.50228634508332,18.23683984444368,23.95145875165153,65.21118100164558,12.316326396113816,20.65924255580329,17.369827359844273,12.308757348222287,18.127857003823145,65.75479772368622,28.30882337058567,36.175470428235144,33.431921663969376,12.36060380048606,51.05581853559512,68.96416446356635,80.99751057417123,51.78043665008019,23.55615024044561,31.478878550350437,36.175297801999434,15.445382956267327,39.18941045918366,20.079688838126163,16.483952507640907,21.62733449509323,17.870312470230786,17.970480235653206,21.316459814584043,23.931656851838202,14.531409230503204,21.306802546099156,25.251417835431614,31.18600711565016,22.699003735018668,19.37956003829887,17.98222728393616,12.95661670582242,65.07603136484316,20.57921347841149,23.716377903055502,23.548387628426553,30.493402815008395,14.705512478568334,15.733403036885106,21.22959117436134,72.40286237330366,33.86421963399081,78.33255686445138,75.24181776003901,8.023859663837843,26.862232221033786,12.210765564344037,29.270404293751398,9.739144774374171,25.76391728633704,25.766261661989855,22.709972517407955,14.451671278905064,22.436945972022286,16.287172631764804,23.918127855315575,29.63239594146374,28.082048182734738,43.25090484727369,33.30219315919908,48.92273182671059,15.686120154063124,20.098311533691888,19.836676983402427,58.521853113103305,54.23853401211568,52.867007432159866,12.07939699896266,9.724965812231122,8.387793857874957,4.597782402507982,11.281831046646706,10.986083324744072,23.01793504900646,7.522539042470454,17.45227298179259,23.11756533429109,19.858858229602774,14.924287164310208,14.702058617392796,17.410729976994112,11.175012382163256,17.656598517489577,14.15765249228197,13.678862601713433,52.91817718957962,51.6534449950625,27.65801399767477,23.75733776529254,12.953108495225571,18.910277064332497,16.45729433923192,22.146154293661233,21.705478493990988,18.33095856382301,20.016067717381716,68.83736214054912,55.74620143758223,26.550619591209845,39.46914292128227,11.518093104182109,25.77944518329752,28.130856858736934,10.36782524581427,9.518168714325714,7.012553029557085,1.7923553719008263,30.74243275442456,22.86107059095542,29.12128863762056,40.68061981070862,43.20307891572567,35.14687154549311,54.62204825341027,63.00330815257742,68.02810148467975,58.014977936329345,69.6115741019795,20.265810658837275,25.15000827482968,21.139360666040968,24.0939894408062,31.66509503706178,76.65881186304762,49.86348912549106,66.38441015405569,62.041568413274845,55.862868929986334,23.769711168381747,19.958581844426448,23.383345809903673,13.591481651371822,15.968483662737604,6.949204101406247,30.10512743076093,33.7974745352387,33.488367770126786,78.7684882269335,66.59905695670037,82.1509044152385,79.74887159969362,53.17144772031915,49.807508107824205,48.220265556279905,33.12143945755997,36.54546703292715,32.29033055706755,39.79899824620982,28.77969472866418,34.183708920521156,37.2314280077879,42.97868151505705,35.69362338271793,28.177928135205455,34.658308559804105,32.38950421811575,30.34724407923776,24.89580222126434
89,46.643770380056125,25.988654370888845,39.863607679996704,73.49984641540891,64.13471163864952,55.64504246345149,52.632787041820066,67.70467231059152,44.42462113978381,22.901605681280834,67.17530560587996,45.08361076883244,19.17632327297632,39.85677502221522,50.936544943890496,48.21038131213799,24.206452649082337,25.763569138199717,35.501289913186866,37.0405702141428,43.45536380634512,34.59698169741824,29.779740786531402,36.37033203683124,54.6025136458329,52.376403670249374,55.081373255126316,51.60380659941121,50.640435263751684,53.02921483926402,45.01549290170519,16.299136632245943,33.0525838638615,73.95422094217162,21.240383098387838,47.44095276801348,45.89614018600396,38.91840107920529,44.38243641087553,74.49783766421226,41.19056327960777,63.73412410578359,48.96282009351491,23.208273404739693,64.96253796774096,78.27422033395518,61.085892866575385,53.523772298831275,51.44144327183608,6.403634364094918,44.58981331018941,22.82491374745488,47.6494518492313,46.27739068480359,27.666895895931873,29.375583788597883,43.991735795073865,29.894988288932026,43.30853416706225,46.08731538917924,30.540872134164953,47.971822991552244,46.33874539013071,44.45411527881622,44.85466383156441,23.877251744645793,14.42075870907387,28.62524169206847,74.13496617955659,32.90056697325295,27.89571208274781,50.33009784063675,49.1641635388328,33.37627208867508,44.25971586304478,25.727284217169448,75.45684879527286,38.57834410060563,62.616770167863635,59.52603106345126,33.18397759926175,49.01788786270893,41.03694820417177,45.157152218170665,23.75932018270917,7.088221234119347,11.383222565022718,11.356521852599514,24.665671847621645,12.134151590753572,32.1709371293438,52.44444068147526,14.37413291966527,21.16284897127511,49.07017133777848,19.51053033824868,64.1779907065205,44.74179122068021,48.62462302339039,48.892349609224226,71.77987656295049,68.14525344426151,66.7737268643057,34.785550801293,32.11412082343959,37.27328708565537,34.78037490988735,39.26282115806979,41.14869039164144,49.682955494459556,25.485813524929494,16.03359159654452,15.615834769645845,19.817827312179674,18.06573516977885,17.68895335167725,14.594075449734717,41.928161773301184,48.40974790862751,44.91080076970226,44.18168034024613,56.88470487367178,51.17220759858678,46.3287720485768,42.42809848911694,27.47111279735233,28.85889408640687,30.178802526217126,33.4147454648872,51.86808622911893,45.30972039901586,52.591501528542224,65.80651320275439,54.45794752630148,16.120671843120693,27.24476639079657,32.37302676548706,25.12943501417211,12.123948377876754,22.862631132126317,26.433759871139387,28.803160759545328,30.69905077904275,1.7923553719008263,9.083327235935673,9.324189615595312,19.256890944223557,16.824040224847703,10.949709974532412,45.75004537762643,55.63858846967094,48.116483777083914,50.65025825342286,49.69995639438365,36.959653058297064,38.239927182617045,14.551801400670918,8.17021886878544,42.66697154631052,74.48639978394888,32.73275756637033,41.55991392806289,42.129953601344894,38.73214026653149,24.975149035223865,22.42197916601377,18.82222921986219,37.979100077623684,38.69997610080544,36.83379182669391,57.66377821264349,61.356125317121254,61.04701855200935,64.16083388612545,56.29057548762475,69.68606510698592,59.83725389209778,60.115493972545664,54.46824941456205,55.164311808506426,40.40649491697673,43.830519596678016,42.10356406163304,47.08405080996069,36.925403344900026,52.8544669714232,51.138150112856096,58.31168902399904,61.94819989410442,42.54262497071109,58.55313744188601,47.40436157462952,50.79239646847773,51.150384301239086
91,41.76554229066661,21.110426281499333,30.831463343349043,68.8417835996188,57.73405936493371,56.93162579825757,46.547492384897375,61.61938032659116,35.392476803136155,16.50095207110382,58.1431612692323,38.998318784832115,14.298096520047984,31.15064658026922,43.905943451587916,43.33215611841436,23.504785582437144,17.927968296499408,26.469145576539205,29.451422391960563,37.0547115326293,28.263909810691864,22.19059162788799,30.20001617452332,47.34212146377081,53.662992573643706,50.2031451657368,46.72558407860994,45.76220717436216,43.99707050261638,40.13726481231568,11.420908542856427,28.174358670137863,67.55356866845578,13.6510085232921,38.40881132703173,38.11778019937596,32.88848313675269,35.35029207422787,68.09718539049643,36.31233808588415,57.64883212178326,44.08459200412539,14.176129068092045,55.93039363109331,71.30655213037655,62.37248176996971,47.123120025115455,44.30410307997731,8.654146561616002,39.7115852207999,17.94668565806537,42.771221086919425,40.659414626656556,22.788667806542357,24.49735569920837,34.95959145842622,25.01676019954251,34.276389830414594,41.20908729978973,25.66264404477544,41.88652833462955,41.4605173007412,39.57588718942671,39.9764357421749,18.99902365525628,9.542531287914944,23.747013602678955,67.73431390584076,28.02233888386343,23.335841520012913,41.29795639965499,44.28593277652094,28.498043999285567,36.481352980750906,20.84905612777994,70.79878597948274,30.98919360550103,63.90335350266972,60.812614398257324,28.254000619274592,44.13966266898531,32.95871706741455,40.27892412878114,17.273862319345113,2.9391837383978974,4.169368634161959,8.302813191812183,15.633528847435175,5.6944276517041565,23.13879412915733,44.66608069484727,9.28090921126316,23.424556035868388,41.481020842673885,13.109876728071669,55.14584636987286,36.66356008392299,40.846263036762394,40.814115576801115,63.39643377718975,59.113109107613866,57.74158252765805,25.75340646464535,23.081975150330763,28.24114274900773,26.944772508982332,30.2306794943445,32.11654605499378,43.597660837536864,21.07535108058027,7.0014465916662845,7.263489653589692,10.785682975532023,9.033590833131202,9.853350282541644,5.561931113087066,32.52319221187459,39.00477834720091,35.50583098553213,35.02704109496359,50.48405259995593,44.77155532487095,41.45054685485318,37.549870399727425,18.43896690149997,19.826749749759227,21.14665818956947,25.67600865657296,42.83593921954892,36.277576062368205,43.55936008756047,61.148455955552535,48.05729525258565,9.104395432716816,20.84411122141485,27.494798676097545,25.39891013671612,17.310694521228495,13.830486795478667,17.40161553449174,19.77101775935886,22.863448378137733,9.056152525280716,1.7923553719008263,6.296556648886122,18.50822632921826,20.378346258760647,12.322140002245737,44.255745459623284,54.144291224590155,49.40307268047823,49.155961008342075,50.98654529777797,32.08142496890754,33.361699093227536,11.49809273988359,4.8440710373009415,35.07782372412828,68.96990010946278,31.238460321289544,45.11421840277113,43.41653960907332,37.237840125784814,17.392963284814023,13.389834829366123,10.938756561446695,33.100871988234175,33.821748011415934,27.69715560447676,51.57848622864316,55.27083333312092,54.961726568009006,65.44742278951976,57.740034460124846,70.97264844179199,61.123842795492095,55.23726588315614,49.59002689376079,50.28608371911692,35.52826682758722,38.95229150728851,37.22533597224353,42.20582272057118,32.04717525551051,47.976238882033684,42.10600577620844,49.279544687351404,52.91605555745676,33.51048063406344,49.52099310523835,38.37221723798187,41.76025502749597,42.11823729166906
92,46.38770998660387,25.73259108177071,35.67866325901532,66.93105618810377,55.72240129140616,51.857132816033214,52.37672107977957,67.44860634855101,41.62980527917568,14.489298229703335,60.38683457215308,44.8275503753802,18.920261543062892,37.38797483356522,41.89429094664861,47.954320918685745,28.12695038270852,24.165295213334225,30.504164000427764,29.529753049936417,35.043056354767614,26.252254632830194,22.268922285863844,36.11426897045664,54.346447683792405,48.588499591419335,54.82530729308582,51.34774620595896,50.38437487029943,48.03208625358256,44.759429835330586,16.043073565871335,32.79652347040925,65.54191616351649,19.88833677658809,44.64613690740535,45.64007979255171,38.66233801283069,41.587620327523865,66.08552731696886,40.93450288615553,63.47806371233135,48.706754131474405,20.41345754413156,56.470730454655325,69.29489405684899,57.29798878774535,45.11146484725377,51.18538287838383,4.111297836697021,44.3337502438148,22.568852017541452,47.3933858871908,46.021327618428984,27.410832829557265,29.119520722223278,38.638794021714055,29.63892522255742,38.311408254303146,45.83125210006111,30.28480906779035,47.71575702951175,46.08268499667846,44.198051989698094,44.59860054244628,23.62118845552766,14.164696756416912,28.369178402950336,65.72266140090144,32.64450390687834,27.958007879489003,47.53528465295099,48.90809757679231,33.12020879955695,44.003655469592545,25.47122115079484,68.88805299937947,31.06752426347689,58.828866089033596,55.738126984621225,32.92791431014361,48.76182746925669,39.19604532071054,44.901091824718414,23.50325689359104,3.9726252882247683,4.4630751343560515,11.383796129612364,20.734014663144528,10.949084287956758,28.1939182249906,52.18838028802301,5.232971439893474,25.840827731565884,41.55935150064974,11.395508207161118,57.38951967279361,42.900885664296624,48.36856262993814,47.05144115717474,63.3675662157071,59.65345149976413,59.98525583057882,31.990734940684874,29.31930496283146,34.47847100230372,33.182100985021854,36.46800507471813,38.353874308289775,49.42688953241906,25.229750458554882,13.238775735936393,8.37963520785963,15.021264128665969,15.270919086427192,16.090678090350576,11.799259366383058,38.760520465170586,45.242106600496896,41.74315946157164,41.26436934825958,48.47240009501664,42.75990281993164,46.072711655124564,42.17203542274233,24.536678396500214,22.074707969965807,24.87779051120129,26.231199800660853,49.07326747284491,42.51490453840773,49.79668834085646,59.23772297544925,46.04564007472398,8.937125510663757,18.83245738001436,32.11696369911246,30.021075159731026,16.801924465245172,20.06781527151818,23.638944010531254,26.008344898937196,29.100776854177255,9.30602777639307,6.288511375327545,1.7923553719008263,13.677535941248998,14.581550135558086,6.5253454382478795,39.18125247739893,49.069798242365806,44.328579698253876,44.08146802611772,45.912052315553616,36.70359266484482,37.98386389349891,14.579075009453181,7.925053975101121,35.156154382104134,70.69849013653061,26.163967339065188,39.31742116585091,38.34204662684897,32.163350039226344,17.791603370997528,15.849192028807055,12.384650301006278,37.72303678850555,38.44391570735321,33.93448408051628,57.40771781919124,61.10006492366901,60.790958158557096,60.37292980729539,52.66554147790049,65.89815545956763,56.04934981326775,59.85943357909341,54.212189021109815,54.90824584646593,40.150431850602125,43.57445653030341,41.84750366818079,46.82799041650844,36.669340278525425,52.59840657797095,44.3496790791292,51.52321799027216,56.53554882187329,34.811893119376506,53.5560144247928,40.61589054090264,45.311892148432946,44.22025951963497
95,58.7377417109275,38.082625701760236,40.275644230302504,56.232790247365216,46.18569274210785,41.15886687529466,63.983023294747674,79.05491413210737,49.32154297992511,9.589490524387893,57.54361921540728,56.43384969468242,31.27029594030888,47.119327816517895,32.35757950168443,60.30435264300937,40.476985002698044,35.497110576334244,35.10114497171496,21.80860184331242,25.50634490980344,16.715541851404833,17.369114580548406,47.63555265296188,64.1707682475616,37.89023097775842,67.1753445859977,63.697783498870834,62.73440659462307,52.441121802878875,57.10946423257657,28.393109522322035,45.14655809039877,56.005202045629936,31.68227970039809,52.337874608154785,54.94642408750086,50.324016942268884,46.90347819881144,56.54881876767058,53.284534610479156,75.08436592729947,61.05679142438629,29.19377784652325,52.30070428159292,59.7581855075507,46.599720174084425,35.574753402289595,61.13275253669045,11.711750338511724,56.6837846410608,34.91888507832627,59.743423180102695,58.37136201567497,39.760867226803256,41.46955511946926,43.23577499300124,41.98895961980341,42.90838922559034,58.181289392972985,42.63484346503634,59.32205924447986,58.432716721002095,56.548089282609965,56.94863226676992,35.97122307551719,26.51473003994525,40.719213022939854,56.1859472830149,44.994538304124326,40.308042276734994,50.89539864531888,61.258134869704186,45.47024341954646,53.309999764541686,37.82125554804084,58.1897870586409,26.167717894622626,48.13059457970679,45.03985837096032,45.68953442479078,61.11186476216857,51.24742808865382,57.25112354904205,35.30513349645111,16.322659908214288,16.356147838738863,23.733829858627765,27.702874544608445,23.29911935343334,35.85802748651454,65.6494066224863,11.008622965284122,36.10960516642636,36.659542236129596,7.383141909295245,54.546309884636074,53.00298122002314,57.66713607135762,57.15353960856716,53.83085766640882,55.483425326701735,54.62747205836477,39.68246996851194,37.01103709499264,42.170206030130785,41.923219762601995,44.1597401025452,46.04560666319448,61.033191747387164,38.790604874557395,24.966077804966304,20.438368512291554,21.99012401012989,27.10939668338655,27.884619454955867,23.59320073098835,49.90697423112725,56.9656777154,53.46673324939711,50.995727899800514,38.93568597713009,33.22318870204509,58.42274337944819,54.522069819988324,31.50553827796413,26.671688941252995,29.47477148248848,25.608829207937422,56.765002500671976,50.2066366705689,57.48842336868352,48.53945703471069,36.50892862975979,14.225079854466351,10.255188743071827,44.46699809635845,40.07619143206689,27.070706132232726,31.90660738234184,32.731234668856004,33.71195772549931,40.12033630403883,19.25680741539982,18.49790216660468,12.840920820695995,1.7923553719008263,5.611139836469068,10.587494246828928,28.482986536660363,38.37153230162724,33.63031108459296,33.38320208537916,35.21378637481506,49.0536270620908,50.3339011864108,26.92911096590388,20.275087926860053,30.256348013249873,60.00022419579204,15.465701398326628,28.54336117045566,27.643780686110407,21.46508253928308,20.41208210283407,22.450273162906775,17.876529910382523,50.07307408141743,50.7939501045992,45.985869521381915,69.01402003415934,72.70636713863712,72.3972603735252,49.67466386655684,41.96727553716194,55.19988951882908,45.35108387252918,72.20947087200528,66.5622263140217,67.25828313937782,52.50046624784811,55.9244909275494,54.197538065426784,59.178022140832084,49.01937467577142,64.94843830229459,41.5064666180493,48.68000820211462,61.13252979316049,31.968680435553075,56.43966330081433,37.77267807982273,42.46867968735305,48.81724049092216
96,60.47926199990944,39.824143095076266,44.23072022403241,56.710179749360904,50.404839432114386,38.85537312448113,66.46827309308512,81.54015836185656,53.27661607798913,13.54456763183546,61.49869788205956,58.91909949301986,33.01181066070256,51.074406483170165,34.146881173508376,62.0458729319913,38.5364460426204,38.25684722663976,39.05622363836723,26.77675996000039,28.166682259864906,17.80731369490904,21.324191687995967,50.20581808809631,68.43799969709795,35.58673700420137,68.91685930639137,65.43929821926451,64.47592131501673,56.396194900942895,58.850978952970245,30.13462424271571,46.88807548371479,60.224348735636475,33.97988745343247,56.292947706218804,59.731628910191375,52.753887130470346,50.858556865463726,60.76796545767712,55.02605489946109,77.56961015704866,62.79830614477996,33.148856513175524,56.51985097159945,61.48455366790718,44.29622620052738,39.79390009229613,65.27693489168938,13.962873076048425,58.42529936145448,36.66040269438582,61.48493790049635,60.11287673606864,41.50238484286281,43.211069839862944,47.190850763987626,43.73047723586298,46.86346789224261,59.92280411336665,44.376361081095894,61.807309042817295,60.17423700998401,58.28960400300364,58.69015255575183,37.71274046883322,28.256247433261287,42.460730416255885,60.40509397302144,46.736053024518,42.04955699712867,54.850477311971154,62.99964959009786,47.2117608128625,58.0952045872322,39.562770268434505,58.66717656063659,30.1227965612749,45.82710350181562,42.73636439740325,47.01946632344917,62.85337948256225,53.28759733401609,58.992643838023966,37.594808906896596,18.06417596506914,19.01598267939675,25.475347474687325,31.65795321126072,25.04063563303172,39.813106153166814,66.27993230132856,14.963700072731687,35.49284503773554,40.614620902781866,11.338219239486339,58.50138855128834,56.99243478193628,62.46011464324371,61.142993170480295,58.05000435641534,59.70257201670826,60.66944599437639,43.637545739498314,40.966115761644915,46.125284696783055,45.87829553358837,48.11481876919747,50.00068243418086,63.51844154572461,39.321302471860434,27.33032485357606,24.393445842482645,25.945199781116273,29.36246976327157,30.182230103656124,25.89080870676625,53.86204732919127,60.920756382052275,57.42181191604938,54.95080099786453,43.15483556280251,36.519222276509765,60.16426366843011,56.263584540382,35.46061404895052,30.626767607905272,33.429850149140755,29.563907874589695,60.72008116732425,54.16171533722118,61.44349646674755,49.016846536706375,39.88897259947074,18.180157184657446,15.223348196220977,46.208515712418006,39.45942840771018,26.453943330619527,34.159365948362556,36.68631043984238,37.66703639215158,43.19232597181691,16.82078816931031,20.38006138394133,14.582437100294378,5.605961494884588,1.7923553719008263,9.008870533432859,28.960376038656047,38.84892180362293,31.3268171110359,33.86059158737484,32.910292624001535,50.79514178248448,52.075415906804466,28.670625686297548,22.01660398371491,34.21142378423626,57.69673311790088,15.943092236783496,24.770244366348994,25.340286935296877,21.942473600483478,24.367159433025158,26.40534893389316,21.831607017830088,51.814588801811105,52.53546482499287,48.026033198155936,71.4992698324968,75.19161693697457,74.88251017186265,47.371167220077425,39.500911717242616,52.896392872349665,43.04759012171565,73.95098559239898,68.30374103441538,68.99979785977149,54.24198096824179,57.66600564794308,55.93905278582046,60.91953686122575,50.760889396165084,66.6899585912765,45.46154528470158,52.63508130017865,65.08760845981277,35.92375910220535,60.394741967466615,41.72775674647501,46.42375545833944,52.77231915757443
97,52.42065724106392,31.76554123189665,38.45538967206844,64.6599074707626,56.122131261681744,47.83979733275749,58.40967390282786,73.48155917159932,45.17477412705628,16.831076024728514,63.1635609852062,50.86049473417435,24.95320879752294,42.97256163657144,42.09660889491008,53.98726817314578,32.65799102761734,30.198245363460153,33.28089330914678,31.871530844961597,36.116409981266614,25.75704007984956,24.610698744427843,42.14721622491669,60.379394938252446,44.57116410814362,60.85825454754586,57.38069346041901,56.41732212475948,50.80881823522394,50.79237976271299,22.07602215679256,38.829470724869296,65.94164056520383,25.921285590252843,48.191102859620074,51.673029719934114,44.69528794021309,45.132586502482106,66.48525728724448,46.96745014061557,69.5110109667914,54.7397069545227,25.047011666576786,58.812511145346384,69.43428138930888,53.28065330446963,45.511191921863485,57.218330132843874,5.394664977674017,50.36670017119721,28.601800608462682,53.42633871023911,52.05427754581139,33.443782756939676,35.152467976683326,41.415520434767174,35.67187514993982,41.08813466735628,51.86419935452115,36.31775899517275,53.74870985256004,52.11563225113851,50.23099924415814,50.63154779690633,29.654138605653593,20.19764557008167,34.40212855307627,66.1223858025888,38.677453834260746,33.99095513394906,51.08025350083158,54.9410503998406,39.15315894968289,50.03660539697495,31.504168405254884,66.6169042820383,33.409302058502064,54.81152503716963,51.720785932757266,38.960864460269555,54.79477472371673,45.22899257517058,50.93403907917846,29.536207043716974,10.005573879145995,10.957380816217128,17.416745388764177,23.55610569173962,16.982033547108575,31.0160092535857,58.22132754248305,7.354085684042724,29.61439002273247,43.90112929567492,13.738458969615056,60.166251654435,48.93383559167903,54.401509884398195,53.08439398022304,63.767296185982694,61.995226621866934,61.86905354932185,35.535700892899584,32.86427091504618,38.02343985018433,37.77645068698965,40.01297392259873,41.898840483248016,55.45984235546736,31.262700385937293,19.27172299039644,14.87393999874659,17.843356270978717,21.30386790009195,22.123626681271798,17.832207957304284,45.76020248259253,52.81891153545354,49.31996706945065,46.84895615126581,48.872130065292225,44.468949997911466,52.105658909584605,48.204985350124744,27.35876920235178,24.85143727868482,27.654516924254416,29.00792621371398,52.61823632072552,46.05987049062244,53.34165162014882,56.96657425810808,47.83870032087245,11.713853928408652,21.174235175039534,38.149913626494865,33.580976065629464,20.575488092872938,26.10076386243941,28.584465593243646,29.565191545552842,35.1337241086373,10.942333599794303,12.321460634479363,6.523835682601819,10.574241675026975,9.018797767076055,1.7923553719008263,36.91010376005775,46.79864952502464,40.31124154205578,41.81031930877654,41.89471683227789,42.73653991930485,44.016814043624855,20.612023600374407,13.95800189779176,37.497932177129314,66.68115465325488,23.89281862172402,33.754668797368886,34.324711143573246,29.892201321885175,20.56833112051183,18.671282834658626,15.20674110685785,43.75598693863148,44.476862961813254,39.967431334976325,63.44066507365129,67.13301217812905,66.82390541301716,56.35559432401968,48.48533592551898,61.88081997629192,52.03201432999202,65.89238083355346,60.24513627556986,60.941198669514236,46.18337910506217,49.60740645768582,47.88044802697495,52.8609376709685,42.70229020590783,58.631353832430996,47.12640549218234,54.29994440332529,59.31227523492642,37.588622205351996,56.33274083784592,43.392619849621646,48.08861856148608,46.996985932688105
98,79.71515936643439,57.718289123012624,49.5186208866443,27.88332464681622,21.577985666030884,20.573178465210795,77.9192284016718,92.99111367044323,60.27374768199305,29.27926124473314,36.33663940500264,70.37005480160653,52.031184610342926,61.05553292344202,5.320027407424874,80.25589155976206,61.454399762539026,49.43331568325837,45.242777726752664,18.89446071450072,8.90858716411839,17.806478406671694,26.273490332745865,61.57175219129775,78.10697335448573,22.477435177180528,88.15275667291631,84.67519558578945,80.8831707516552,54.07891042995904,78.08688188808344,54.701372793016816,66.12397285023974,31.397496528757678,49.85699615159277,56.877371042947885,68.88262919442496,64.260222049193,53.44191962015971,31.941110355132437,74.3384145512326,89.02056546563534,81.36417983601271,43.129982953447374,27.693001437643026,32.6576985653625,28.906274308151445,10.967046326212628,75.06895207502632,38.020015168411206,77.66120229656767,55.89630273383314,80.72084083560955,72.03115353909688,59.71329711767577,62.44697277497613,50.298045046675696,61.66821127694635,48.05963405965021,76.33004798141687,62.05883103684664,73.258264351404,76.10167460873848,77.6019692233634,75.09739642380205,56.948637835358156,52.82299887922828,60.14320326767252,31.57824176614264,65.01559547657712,61.28545993224187,57.831420561878645,78.92709275744058,63.139203980205224,67.2462048714658,58.79867320354769,29.840327026680168,21.706731426347005,25.351312740029833,22.26057363561747,59.62573663604902,79.26062335061246,65.18363319557794,77.20266246579473,50.86242703429674,42.63092607457496,40.09913111998675,50.04209602498844,41.27050325958759,48.618169029609845,45.99966024155225,76.90343994482475,39.06143583696826,62.41787133278704,20.21118548103727,31.126125190543135,36.5629858115584,66.93918632694727,71.60334117828174,71.6523837349904,29.22314925387066,30.875719809829473,31.842593787497606,52.623264755914335,49.95183477806093,55.11100371319907,55.85942197386022,55.74184123298329,58.98640701918512,74.9693968543113,52.72680708581563,41.36758313145418,38.58817555453095,37.639468984653305,43.510902232617966,46.05933590615054,43.067734378334535,62.84776634560728,68.2197166063267,64.72076657173557,64.9319274381364,14.327981796719012,7.692369178656858,76.09170126718459,72.19102770772473,43.550029806577555,38.40058095359974,39.02665733043111,33.603292294408966,63.161327981318365,59.17144006952179,67.005207509227,20.18999432982759,11.062119501617829,36.39738980713298,23.434036668734016,61.49694377676113,63.34852721248389,53.37897229859339,46.08949270718459,46.66743688011423,47.64815993675754,54.056541410962936,45.71689000319208,44.946809934242424,39.149185650595484,28.44498649044941,28.933226275276443,36.89575907672841,1.7923553719008263,10.022068037539434,18.217515284015054,5.033738266778404,17.795572215214328,69.00516041025524,71.20202972894343,53.237374236598654,46.58335409322072,25.630538460597784,32.080347335709604,13.159204619242198,16.57382684905687,12.230985108276036,10.276492825251195,32.009534494613376,35.04071465203717,34.00704545832267,65.54294078375429,68.86336744767179,59.9220690597178,82.95022514108348,86.64257224556124,86.33346548044933,25.787246775434323,13.61781283227883,29.169662963739334,27.657635333673838,93.18688295892392,87.53963840094033,88.23570079488468,73.47788390335498,76.90190858305627,75.17495015234542,80.15543979633892,69.99679233127827,82.61739619003096,28.92247889995594,37.03988238212229,62.339059103299405,36.20375618361754,56.18215507441735,37.14581653204827,44.11968814293627,52.73917492031657
99,88.0874204269912,66.09055018356945,57.89088194720111,20.979915278708297,22.986319277851187,10.685177085431128,86.29148389364036,101.36337473100006,68.64600317396162,39.17445033548105,39.49797150264717,78.74231029357512,60.40344010231149,69.42778841541059,11.582467989031937,88.62814705173062,69.82666082309584,57.80557117522694,53.6150358916436,27.26672043859636,18.803776254866296,27.701669056624304,34.645748720380325,69.94401325185456,86.47922884645429,13.532486691001086,96.52501773347315,93.04745664634629,89.25542624362376,60.341355911923756,86.45913738005201,64.5965647794306,74.49623391079658,29.28513053674755,58.22925164356134,65.24962653491646,77.2548902549818,72.63247754116156,61.81417511212828,29.014051660787842,82.71067561178941,97.39282652619214,89.73643532798127,51.5022411183383,33.936171362755715,25.75428919725458,19.018272705628252,17.229487798793805,83.44121313558313,47.915207154825005,86.03345778853624,64.2685582258017,89.09309632757812,80.40340903106545,68.08555260964434,70.81922826694472,58.67030610723251,70.04046676891494,56.431889551618774,84.70230904197368,70.4310865288152,81.63052541196079,84.47393566929532,85.97422471533199,83.46965191577061,65.32089889591498,62.71818529705382,68.51545875964109,30.497854789941684,73.38785653713394,69.65771542421044,64.95401802772004,87.29934824940914,71.51145947217378,75.61846593202263,67.17092869551627,22.93691609936753,30.078988477520276,15.46331113750664,12.37257203309427,67.99799769660585,87.63287884258102,73.55588868754651,85.57491795776329,59.23468252626532,52.526115165322864,49.99431753781229,59.93728244281398,49.64276142447852,58.51336101602362,54.37191840644318,85.27570100538156,48.95662782338205,72.31306331920082,26.47362539441374,41.021314504034564,42.825425724934874,75.31144738750407,79.9755966702503,80.0246447955472,30.631484202152144,33.25102897036757,35.00392588514213,60.99552581647115,58.32409027002949,63.483259205167634,64.23167746582881,64.11409672495185,67.3586625111537,83.34165791486811,61.099068146372446,49.739844192011006,48.483364645278854,46.011727372287766,51.88316039750889,54.43159696670736,52.96292079616008,71.2200274061641,76.59197209829527,73.09302763229238,73.30418849869321,20.590421710095484,13.95480976026392,84.4639623277414,80.56328319969329,51.92228529854613,46.77283911849068,47.39891549532203,41.97555045929989,71.53358347328694,67.54369556149037,75.3774630011956,13.286583402514957,11.605333948843374,46.29257912062442,33.329225759481915,69.86920483731795,71.72078270445245,63.27415871641893,54.46175087207552,55.03969794067105,56.02042099731435,62.42879690293151,55.612076421017605,54.842001920656216,49.04437763700927,38.340175581197315,38.828415588767875,46.79094816747632,10.016806389874752,1.7923553719008263,15.80026084386338,5.030212013955628,8.665356797991764,77.37742147081207,79.574285220912,63.13256622301245,56.47854318396862,34.4001376714055,22.192345733186414,23.05439393273363,17.72232300538742,13.415763512714491,20.171681915999102,40.38179265950431,43.41297303967163,43.90223477181411,73.9152018443111,77.23562850822861,68.29433012027461,91.32248063305204,95.0148277375298,94.70572654100614,15.899245172911126,3.7298114524991632,19.281662920420846,17.769635290355353,101.55914401948074,95.91189389290888,96.60795628685325,81.85013939532357,85.27416407502486,83.54721121290223,88.52769528830754,78.36904782324686,90.98965725058778,35.184921708998296,43.302325191164655,68.60149901667587,44.57601434850848,62.44459498779383,43.408256445424755,50.38212516064685,59.001614833693054
100,90.22095819152389,69.56584485527897,66.01904951045272,31.504766917119884,36.11368137302462,7.772933508751143,91.3302877937771,106.40217863113679,76.66880191036628,34.454214231891214,54.402361878400285,83.78111419371183,62.75351242090527,74.4665923155473,23.385751440027224,91.787574692194,69.82865437768898,62.84437507536366,60.533043425217954,34.6469849469716,25.098866360351167,22.981431393829777,41.43803690998012,74.98281158340303,91.51803274659099,4.504298724932564,98.65855549800585,95.18099441087898,94.2176286438077,71.70524077464958,88.59268071317297,59.87632310725253,76.62977724391752,44.22142625024489,60.179204190702094,73.37779966675629,82.29368858653027,77.67127587271005,69.94234267537988,40.865173962455884,84.76775665966379,102.43163042632887,92.54000790498267,56.541039449886775,45.7587241337842,37.40754842126033,13.213787921258575,29.032770358814986,88.48001146713159,43.194968378312815,88.16700112165717,66.40210155892265,91.22663966069908,85.44220736261393,71.24408370739964,72.95277160006566,66.79847367048411,73.47217610039979,64.56006268345863,89.66450587356935,74.11805994563272,86.66932374350927,89.91593320159848,88.03130576320635,88.43185431595454,67.45444222903592,57.997949193464,72.2024321764586,45.59458153089175,76.4777547847207,71.79125875733138,74.33184918568705,92.74135135030056,76.9534625730652,80.65726426357111,69.30447202863722,34.45107911670705,38.3548098311156,14.744663886085641,11.653924113442681,73.03679602815431,92.59508124276496,78.59469258768323,88.73434002963842,63.802060882420996,47.80587906173304,45.27408432988836,55.21704633922415,55.05013904363786,53.79312491243381,61.28992594001754,92.99666555292747,44.23638904686987,66.7850533728041,38.27690817717844,36.30107840044474,54.62870828495605,80.35024571905257,85.01440057038704,84.50080410759657,43.75884629732556,48.94144228322711,49.90831626089525,67.02973157187546,64.35830159402205,69.51747052916019,69.27048136596552,71.50700460157461,73.39286826655801,88.38045624641657,66.13786647792091,52.313339408329824,47.785631674859786,49.33738561349341,54.45665561382771,56.38154951384812,52.22279973198988,77.25423316156841,84.31294221442943,80.81399774842652,78.3429868302417,32.39370582932136,25.758092543028617,89.90596542863284,86.00528630058471,58.852799881327655,52.10358739475599,54.86848055778007,50.103723591139754,79.6617566051268,75.67186869333023,84.83568229912468,28.383311479926213,24.732695375786207,41.57234012136869,28.608989655892103,75.95021457695483,70.75163674277873,57.74614877002221,59.25387188137126,60.078496272219525,61.05921932886284,67.46759523447999,48.11299784084006,50.121765817066404,44.32413886049709,33.61993947760749,31.329331440002072,40.30107886850143,18.199247641636084,15.45858051041738,1.7923553719008263,18.157572327180816,5.416388708663828,80.5368435426872,81.81711766700718,58.41233011942262,51.7583070803788,42.22374533322224,26.614290829248535,18.334157829143805,7.698466114558888,6.06338805349479,12.263653119866838,45.70924165860387,48.7437239888593,44.82079835075656,81.55629056201383,82.27716658519559,73.33312845182309,96.36127896460052,100.05363163766654,99.74451930396637,16.288727604347443,11.768067030678234,21.813956152285567,11.965150505985672,103.69268178401344,98.04544279461808,98.74150518856246,83.9836827284445,87.40770740814578,85.68075454602317,90.66123862142845,80.5025911563678,96.43165478289094,46.98820426901948,55.10560775118582,80.40478447236293,52.704187480348324,74.24787487489263,55.211539005445914,61.73280133204612,70.53065288670675
101,83.10486483675729,61.10799459333555,52.90832635696721,23.33659194296535,18.003767919744348,15.584582515931462,81.3089338719947,96.38082470935439,63.66345315231597,34.19190031383538,34.51541858533561,73.75976027192945,55.42089008066583,64.44523839376494,6.599916630925096,83.64559703008497,64.84411080145019,52.82302115358127,48.632485869997936,22.284167744028338,13.821224896759453,22.719116139312757,29.663195803068774,64.96145766162067,81.49667882480863,18.431892121501424,91.54246771182747,88.0649066247006,84.2728762219781,55.35880032168984,81.47658735840635,59.61400918919669,69.51367832056266,27.823278559727605,53.24670162191568,60.267076513270794,72.27233466474789,67.64992751951591,56.83162509048262,28.366892608845898,77.7281200215555,92.41027650454649,84.75388530633563,46.51968842377029,28.953618445444164,28.110965861511623,23.917676799667404,12.24693621794344,78.45865754534924,42.932654460256984,81.05090776689056,59.28600820415605,84.11054630593247,75.42085900941979,63.10300258799868,65.83667824529904,53.687756085586855,65.05791674726926,51.449339529973116,79.71975345173978,65.44853650716955,76.64796982172689,79.49138564764964,80.99167469368632,78.48710189412495,60.33834887426933,57.73563527540816,63.532908737995434,28.004023797112577,68.40530651548828,64.67516540256477,59.97146800607439,82.31679822776348,66.52890945052813,70.6359103417887,62.1883786738706,25.29359432282929,25.09643845587462,20.362716568006974,17.271977463594602,63.01544767496017,82.65032882093536,68.57333866590086,80.59236793611765,54.25213250461965,47.54356514367719,45.011767516166636,54.954732421168316,44.66021140283286,53.53081099437797,49.38936838479752,80.29314541514765,43.97407512881403,67.33050772896692,21.491074036306898,36.0387644823889,37.84287570328921,70.32889179727016,74.99304664860466,75.0420892053133,25.648934180506487,28.268478948721906,30.021375863496466,56.01297022623724,53.341540248383836,58.50070918352198,59.24912744418313,59.1315467033062,62.376112489508024,78.3591023246342,56.11651255613854,44.75729149744298,43.50081462363319,41.02917735064211,46.900610375863224,49.449041376473446,47.98037077451441,66.23747738451843,71.60942207664962,68.11047761064671,68.32163847704754,15.607870351988645,8.972259070387668,79.48141230609573,75.58073317804762,46.939735276900464,41.790286423922666,42.416362800754,36.99300043765423,66.55103345164127,62.561145539844716,70.39491297954991,15.643260066772008,6.6227825907365325,41.31002620331286,28.34667573783626,64.88664924708404,66.7382326828068,58.291608694773274,49.47920085042986,50.05714235043713,51.037870975668696,57.446246881285845,50.62952639937195,49.859446330422315,44.06182494244125,33.35762555955166,33.84586267145633,41.80839814583065,5.034255031767909,5.033472311003635,18.12777347499941,1.7923553719008263,12.806976265935003,72.39486588057815,74.59173519926634,58.150010632778546,51.49599316232296,29.417587649759838,27.09174982722557,18.07184257462679,21.486464581697938,17.143622840917097,15.189130557892256,35.399239964936285,38.43042301802596,38.91968185450256,68.93265182266545,72.2530729179947,63.311780098628944,86.33993061140639,90.03227771588413,89.72317095077223,20.798650603411467,8.629216660255969,24.181068350921183,22.66904072085569,96.57659399783508,90.92934943985148,91.6254062652076,76.86758937367787,80.29161405337918,78.56466119125656,83.54514526666185,73.3864978016012,86.00710722894212,30.202368791686755,38.319772273853104,63.61894899503022,39.593464326862815,57.46204496614817,38.425703528113196,45.399575139001186,54.01906481204739
102,91.79798795221957,71.14287461597466,67.5960792711484,29.299681257842103,30.783055605700774,8.21749952417212,92.90731755447278,107.97920282324421,78.24583167106195,36.03124399258691,47.29470493483086,85.35814395440752,64.33054218160095,76.043622076243,19.37920364865093,93.3646044528897,71.40568413838466,64.42140483605935,62.110073185913635,36.22401470766729,26.675896121046854,24.558459818064286,43.01506667067581,76.55984134409874,93.0950625072867,8.049102742600999,100.23559082728978,96.7580297401629,95.79465283591514,68.13808667118509,90.16971047386863,61.45335286794821,78.2068070046132,37.604896515881364,61.756233951397775,74.954829427452,83.87071834722595,79.24830563340572,71.51937243607557,37.333814744255754,86.34478085177122,104.00865461843631,94.11703766567835,58.11806921058246,41.732904794939415,34.0740522807225,16.758591270696417,25.026221230977505,90.0570412278273,44.7719981390085,89.74403088235287,67.97913131961833,92.80366942139476,87.01923712330961,72.82111346809533,74.52980136076133,68.37550343117981,75.04920586109549,66.1370924441543,91.24153563426506,75.69508970632842,88.24635350420496,91.49296296229416,89.60833552390204,90.00888407665025,69.03147198973161,59.57497895415968,73.7794619371543,38.817618096153126,78.0547845454164,73.36828851802707,72.75075435556963,94.318375542408,78.5304923337609,82.23429402426677,70.8815017893329,31.25668074204016,39.93183959181128,14.201580412055712,11.110841307643343,74.61382578885,94.17211100346066,80.17172234837892,90.31136979033411,65.37909064311668,49.38290882242872,46.85111119491815,56.794076099919835,56.62716880433355,55.37015467312949,62.86695570071323,94.57369531362312,45.813418807565554,68.3620831334998,34.27036172226333,37.87810816114042,50.62215915711857,81.92727547974823,86.59143033108273,86.07783386829226,38.42822053000174,41.04776529821716,42.80066221299172,68.60676133257115,65.93533135471775,71.09450028985589,70.84751112666122,73.0840343622703,74.96989802725369,89.95748600711227,67.7148962386166,53.89036916902552,49.36266143555548,50.914415374189105,56.03368537452339,57.95857927454381,53.79982949268556,78.8312629222641,85.88997197512509,82.39102750912221,79.92001659093737,28.38715670148388,21.751544751652325,91.4829951893285,87.58231606128041,60.42982964202335,53.68061715545167,56.445510318475755,51.680753351835435,81.23878636582246,77.24889845402589,86.4127120598204,21.60634804518758,19.402069608462376,43.14936988206438,30.18601941658779,77.52724433765053,72.32866650347442,59.3231785307179,60.83090164206695,61.655526032915205,62.63624908955853,69.04462499517567,49.690027601535746,51.69879557776209,45.901168621192774,35.196969238303176,32.90636120069776,41.878108629197115,17.813542049493748,8.682497580852676,5.40656081863499,12.826946559856975,1.7923553719008263,82.11387330338287,83.39414742770286,59.989354311530064,53.33533684107448,43.80077509391793,26.07120869167978,19.91118758983949,11.807021978402119,7.500462485729191,13.840682880562522,47.28626852363367,50.32075374955498,46.39782811145225,83.1333203227095,83.8541963458913,74.91015821251878,97.93831429388445,101.63065582977396,101.3215546332503,15.745645466778692,9.43448731127319,21.270872455512112,15.509953632679988,105.26971711329738,99.62246698672551,100.3185293806699,85.5607124891402,88.98473716884149,87.25778430671883,92.23826838212415,82.0796209170635,98.00869011217489,42.981655141182,51.099058623348355,76.39823534452546,54.28121724104401,70.24133131564341,51.20498987760844,58.17886148849644,66.79835116154264
110,16.369051816916432,10.989016634290099,36.47044701203707,90.93839839575605,75.44071659511559,88.15686629104405,18.869435478909864,34.36814056332693,30.871387448171774,46.70548704361943,70.47278411762346,18.290635079851057,18.630870253274693,22.664708359197995,66.00255535205928,11.288312215137918,20.216159566804777,19.90602974065977,37.353413501969754,50.23587732746423,60.68137947899393,58.92164433784963,42.975045226930476,13.907948753687684,27.525364656996125,84.88823306643019,28.812095670762552,25.169785004624124,13.184409608861731,46.87489463532949,13.332669038863406,21.086922606961622,6.854449671992414,84.82093110885317,20.10781577737169,39.275085862316374,21.220501901877846,13.732439325717923,36.74370031033624,85.36454226230558,8.139204505161054,31.95527684363781,12.396599154927381,25.901299927027303,70.66556307421446,88.57391457077392,93.5977222627562,66.16702917458076,23.475934726719245,39.157084804398394,16.005679159318344,14.180464325415628,19.01979293022022,15.766136535073713,10.3707362810073,9.68686619966228,36.48615599948741,6.947964533662027,39.93230468030184,9.618341380105791,8.956702439511826,20.16277083833957,8.080345195600062,11.01638958668672,13.18092367261788,12.983384909535204,22.807259986244475,11.398405877742352,84.68577590346251,5.128733481948123,13.04691960579003,42.164230934939646,10.905760671379795,5.652018620061204,18.528809167847623,16.345545246712835,92.01260691192302,48.250814831413734,92.74025990700376,89.6495208025914,12.416314630251087,14.44802808572906,19.97592376469491,8.235082452939995,19.83535455506506,33.24652398247415,34.98742326249455,27.535003883255094,28.708219225566324,27.261978897074126,34.83991692836767,27.038589410878572,41.669834964431615,21.089794662036915,57.63750004469662,45.499832001835586,67.47547478685227,22.434495793192742,24.805281923611496,26.58505284527557,78.1316032203109,73.84827855073503,72.47675197077922,30.632141295565525,28.488429720301966,27.083229887204652,23.150525808136727,29.897675244133914,28.6378071000805,17.50967398946294,17.519476041242307,28.51873954614109,33.643945661548784,32.15318179708373,26.18291724487642,23.656535180809744,27.937108967790632,25.83971134099373,28.416831708262634,27.987939041327202,25.909605365028877,67.30477528266843,66.86817012100819,7.726129524518576,4.169696289894528,32.0466852197446,33.14615017928652,34.157884703888335,38.995406413177896,37.14088833144794,35.92824471141165,32.85649716585063,83.24506518310152,70.15391004872289,38.48158163826922,51.50185131716087,9.910644818804675,15.953026598219651,29.196406220176762,24.177816295383785,23.370936099619087,26.106129308589054,20.177594420258316,36.92799830702405,32.08867237514181,36.79949489166853,49.06965902765958,50.88128227410775,42.82507757679754,69.02975129596268,77.41101676371807,80.62831317326473,72.42268654747,82.21178579056448,1.7923553719008263,4.9803900776356524,24.403413615448297,28.919020806653336,49.38876140867838,91.06651490560003,62.46370081407603,75.6171573137841,74.64178010185982,68.4630806185713,38.17741688385651,34.36628622344003,36.28032427204084,12.254176941871805,10.64673066118614,19.80150310709959,24.676739528138228,30.107739098649695,28.101730246528952,93.17619126948591,81.00675999925275,96.55860745779091,92.34908328827859,32.469931338195586,29.105986157112397,27.256953134807674,16.75948224481625,18.969959633980217,12.120714587308814,22.780228722422812,8.487886558727778,14.596066108661958,56.8411752193296,61.59452214864778,54.309466689231016,46.7306737682695,53.274154761983084,51.005350420294725,48.96308738575085,43.511645527777425
111,11.486537251036392,13.491966747235715,41.69819021579536,93.13130287961098,80.80257100533964,89.38148237581561,22.306170572661184,37.804875657078256,36.09913065193006,47.882725579568785,75.70053021704764,21.22702962376681,19.85548923371215,27.89245445862217,68.19546540450246,11.705037516749355,19.317837806147317,24.00687444623936,42.58115670572805,52.42878181131917,62.874283962848864,60.30658564689722,45.1679526064513,19.135693516650676,30.96209975074745,86.11284915120174,23.929582441343697,20.287271997948793,16.62114581633071,52.10264073475366,8.450153804752777,22.188529913774687,5.686554336150708,86.91911947518142,22.300723156892516,44.502829288818184,26.203969404123406,18.96018408868092,41.97144640976041,87.46273062863384,4.353459924853967,35.39201193738913,12.125713620351679,29.723431222157853,72.7637514405427,90.67209736851396,94.82234391611601,71.41263930510762,26.650400228377194,40.38170356209233,11.123165261668893,16.683413770130656,14.13727858708371,19.037012564290734,12.873685057491738,9.767741702467916,41.71389920324569,9.804925170898038,45.16004788406012,13.055076251113586,12.096353350180763,23.43364686755659,11.517080957581976,7.617010810344768,16.5508662232452,14.543498635591707,24.031877407477225,16.189368620682313,86.78396426979076,6.66844924650513,12.14859784513257,47.39197703436382,14.34249621061818,10.879762937537137,23.512278006554364,16.114457298634843,95.08831082806316,53.15929149217165,96.35321564881602,93.26247654440365,17.64405939321408,17.88476429319803,25.203669864119085,7.423977926129629,22.02826171184235,34.47114274016808,36.212042242932,28.75962286369254,32.53035052069687,28.486597654768048,40.067660354869474,30.30946388089089,41.32358304277673,20.191472678635925,62.545976705454514,45.15254989135465,72.70322088627644,27.417963295438305,29.788748089395867,31.568519011059948,80.22979158663915,75.94646691706328,74.57494033710748,35.859884722067335,33.716173146803776,32.31097598662882,28.378269234638537,35.1254184478922,33.865553199504674,20.946410419675445,19.818579071593284,30.099210694374637,35.22441970544823,33.73365294531729,28.37582462439724,25.23700632904329,29.517582788946534,31.067457440417904,33.400300546969376,32.97140498436805,30.893074203735615,72.66662412430424,69.06107460486312,9.395169068851942,7.606431829132912,35.21803253472666,38.054623944378534,37.980015999018875,43.9038830739358,42.124354274488795,41.155987915169945,37.839963331635005,85.43797523554471,72.34681453257781,40.48775465237155,52.8867870576202,15.138389581767669,15.054703501101013,28.298081563853412,26.37072345216108,27.418166660281152,31.333875408013228,25.405339183221308,38.152617287461496,33.31329135557927,38.024110976440085,50.294275112431144,52.10590392746756,44.04969655723501,71.22266134840586,79.60392124757303,81.85292925803628,74.61559103132494,83.43640187533603,5.018398142613682,1.7923553719008263,25.50502248146607,30.143639787090784,54.29723806943629,93.25942495804321,63.6883168988476,76.84177339855569,75.86639618663138,69.68770227193113,40.37032426337733,36.33780323994668,37.860795420274385,17.48192148209127,14.619379114738022,25.029247870062584,28.113477294811908,33.544473969657496,31.538465340280272,95.36910132192908,83.19967005169596,98.7515175102341,93.57369937305015,27.587415435854368,24.223473150437066,22.374438568927633,11.87696767893621,14.087445290843705,7.238200021428774,17.897714156542772,3.6053724383347987,17.39073874518032,58.939363585657844,66.82226824807195,59.53721278865518,51.95841429910542,58.501895292819015,56.23309095113065,54.19083348517503,48.7393916272016
113,33.9856037206418,13.468576003667692,38.44448370335461,78.93254440533632,67.82482017065122,66.00210986499934,40.11270733813774,55.18459260690917,34.8518949616912,26.591712876821333,65.18324339440052,32.56353106515011,8.176330951247508,28.856780695794626,53.99670693022779,35.69030450412154,16.166320233919834,17.835241501438794,33.50923327029567,36.491510085717024,47.14547233834679,38.354670616409365,29.23067798518327,23.850252333148916,42.08243126922821,62.733476640385476,42.42320102712374,38.94563993999689,38.12035556006934,48.84893132664702,32.35732334662497,4.158280906727676,20.394417204447166,77.6443294741733,10.240390776659023,41.24912255363391,33.37606315524398,26.398321375522954,38.71773700165377,78.18794619621394,28.532396620193445,51.21404440210127,36.304650538434686,22.449121801600416,62.97048132484977,81.39731293609405,71.4429658367115,57.21388083083295,38.92136646381962,17.0023283783537,31.93164665077508,10.304834712003139,34.991282294151084,33.75731098112126,15.146816192249537,16.717414233517665,38.46018979513905,17.374908585249692,41.90633847595349,33.567235685496904,18.020792430482615,35.45174328786991,33.81866858211426,31.795945723736004,32.33458412788208,11.306048168710877,3.86992381514907,16.105163324847318,77.82507471155827,20.329363397318026,15.599880764312555,44.13826762625718,36.64408383515047,20.85619238499275,31.739638832284818,13.113095372079572,80.88954678520025,38.02928129925749,72.9738375694115,69.88309846499914,20.278190966975906,36.49781105469249,30.036956773417074,32.63707541015422,12.759327192749769,11.091768892890627,14.331824122610799,3.6603266083285537,22.673615204730453,8.124966293239037,30.178880486452606,39.924363873458816,18.470337654772294,13.122717892573785,48.52110853643035,23.200637533789177,62.18593406362931,33.55128724875187,36.104546215373944,37.70184274162999,70.43652147094622,66.15319680137033,64.78167022141452,30.282394973412657,27.420572290404706,28.97767207375734,25.187663068569186,31.871709039785568,31.575964213548815,37.16287579077722,14.485820534970093,14.191327304628183,16.960316052937603,17.8257693328273,13.515155907909124,11.064304615646725,11.253480027410038,30.928170342546487,37.409753582206925,33.91080911620403,33.18168601382555,56.72934683011384,54.862316130588454,33.80869524056036,29.90801878543461,25.47905325879525,26.86683744351568,28.186745883325933,32.71609367740706,42.29535737810396,38.92083744793597,39.76922567776496,71.23921676127004,58.148056058303155,20.12612395907312,30.93487202713236,19.85294839826591,17.089304158214315,7.008857046164481,16.28055291679796,20.143538270988817,23.76945501332229,21.106337378519882,14.506017804549096,11.503890976711943,14.644736906419112,26.914902601614877,28.72652584806304,20.670321150752844,53.326232199287425,63.21477529133195,58.473556747220016,58.22644507508386,60.05702936451975,24.439573354614723,25.581757627536835,1.7923553719008263,6.908339127912967,42.11791141788474,84.84346718549673,40.308944388031335,53.462400887739406,52.48702367581511,46.30832708819249,24.433049642109296,20.429920963917866,19.596693104224947,25.459020373941353,26.179899070045483,25.833800173195687,45.14370140462705,48.83605118202716,48.526938848327006,74.51790685626153,66.81051852686664,80.04313250853379,70.19432686223388,47.45732998605369,41.81008275514773,42.50614225342621,27.748325361896516,31.172350041597802,29.445397179475187,34.42588125488048,24.26723378981981,40.33439016340675,49.146093469964896,56.31963238110785,56.28350338054856,40.550568327819896,55.24818588471237,45.412304931738326,48.80033982558655,45.48568221909496
115,38.61026881703695,17.955152807869684,35.638822905759845,72.28719722678437,61.17947299209927,59.35676268644741,44.599282805878545,59.67117074757234,37.81838505217025,19.946367034730574,62.95051793597722,37.05010920581328,11.14282170995716,31.823273459196052,47.35135975167586,40.176879749118825,20.34951054960279,20.80173159191785,31.276507811872367,32.81792912363827,40.50012515979486,31.709323437857442,25.557097023104518,28.33682780088973,46.56900940989138,56.088129461833546,47.047866123518915,43.57030793205793,42.60693370073252,48.80443273794954,36.98199133868602,8.26563440099619,25.01908230084233,70.99898229562136,13.206881535368673,43.21617066669899,37.86263862298479,30.88489951618613,40.15765430956103,71.54259901766201,33.157061716588615,55.700622542764435,40.929315857573386,18.983491303425204,60.73775586642647,74.75196575754214,64.79761865815956,50.56853365228102,43.4079446044828,10.356981868032353,36.556311747170255,14.791412184435718,39.615947613289784,38.24388912178442,19.633394332912708,21.34208088911754,39.766953693759376,21.86148538945168,39.083749170081866,38.053813826160074,22.50736923468461,39.93831875561072,38.30524382711154,36.42061371579706,36.821159372879364,15.843748622421923,6.387257146054706,20.59174012904931,71.17972753300634,24.86706541023378,20.180566709922086,46.10531863498815,41.13065930289128,25.34277052565592,36.22621430002563,17.693781317689105,74.24419960664831,34.355700337178746,66.3284959594478,63.23775685503543,25.150476036242594,40.98438919535566,33.00344664115261,37.12365065515149,15.725817060485301,4.446422605312811,7.686478280520042,3.722367363727944,20.440889746307157,4.100650250477937,27.94615502802931,44.410942014121986,11.824991812681533,18.844109539553564,44.8475275743516,16.555291691698425,59.953208605206015,36.708289657661055,40.59112435603713,40.8588453732827,68.82463791640023,63.92047134294703,62.54894476299122,30.56076869997851,27.88933604920274,31.944164837158766,28.154152936304726,34.83820180318699,34.54245408128435,41.649451258518035,17.452311961910333,11.808808158768855,11.44628326304579,15.593043874404007,13.840951732003184,12.937432919304728,8.32934528738321,33.89466021028203,40.37624634560834,36.87729920668309,36.14817877722697,53.929466227121516,48.21696895203652,38.29527048555764,34.39459425317541,23.246329136833133,24.63411198509238,25.954020424902634,30.483368218983756,45.26184724583949,41.08493562477901,42.73571576824401,64.59386958271811,51.50270887975122,12.83199036434936,24.28952774424631,24.339525202467897,22.243635326625288,12.730248024913667,18.68065075929809,22.208976433363716,24.57837865823084,24.072828805460123,8.15852060133554,4.858544911877656,7.999391287071882,20.26955542306294,22.081180005972286,14.024975308662086,46.68088502073549,56.56942811278002,51.828209568668086,51.581097896531915,53.41168218596782,28.926151495277896,30.206425619597887,6.91764691179935,1.7923553719008263,38.44433045580599,78.1981200069448,33.66359720947939,46.817053709187476,45.841679392929066,39.662979909640555,20.752506608258166,18.197195505494577,14.652679272466845,29.945598514604526,30.666474537786293,28.800290263674746,49.63027664962433,53.322623754102096,53.01351698899018,67.8725596777096,60.16517134831469,73.39778532998184,63.548979683681964,52.0819924095265,46.43475074720879,47.13081024548727,32.37299068103521,35.79701803365886,34.07006249861388,39.05054924694153,28.89190178188087,44.820965408404035,46.91336801154161,54.08690692268455,57.723417792789924,38.317842869396586,54.328355340571505,43.17957947331503,46.56761436716326,46.92559663133633
121,63.65168672534588,40.77414425035002,24.67494644272206,46.47283432224347,30.214213178892305,44.9674359851166,59.141024440505944,71.742110397446,35.43007034240493,22.17705438985475,27.52931011314228,51.26456820328414,38.80557034410472,39.945109537608566,23.00786837791351,61.43147945330627,48.584885577645764,30.10747180641374,20.748907963788152,7.637954270749135,17.306274398619998,19.198089547980352,13.047876066507671,40.219418194752684,57.222723748972314,46.40458280899824,74.74503286517216,71.26747177804529,61.557323979144684,30.36113770691893,61.49096311298174,40.9777291638099,51.03086012306325,37.324459515997496,35.84560686179698,32.03369370335976,48.77969150035938,42.90788537972557,28.59824228057159,37.86807356511579,57.39426967857,67.7715621926381,62.53976772955693,24.207758594398477,23.169091481358784,41.0774403049959,53.30053316451844,20.940523085435107,55.14130797044995,37.92907455371733,63.61460549619602,40.14494679117689,66.67423846664967,53.75262457009907,42.76914957209081,48.25119349541467,25.454370602753468,44.7240637313614,23.21595805652327,57.0042067774946,42.58303064704559,53.813667434484245,56.775833404816225,60.65781878211254,55.77155521987977,44.07912365046491,38.22147288115997,40.40203447778931,37.18930431060682,48.07145060391452,48.41594017876035,32.98774322229052,59.60125155351831,43.813360103360594,47.443987648609166,45.92915634573208,44.51613821473322,4.127633847184192,49.74556870073094,46.654829596318564,38.6229874725976,59.93478214669019,43.028158421649124,58.37825035933895,33.91827948871179,37.16296221526684,32.11191855815889,41.879639990965586,20.847785153197986,38.802312719979085,22.223064961633604,52.05976260523662,31.495904620293423,52.78161313136196,9.155175388959146,24.045442488451705,24.532000782371078,45.41711062339718,50.488958526203284,46.808706395402275,30.635131627455216,26.351809853545227,26.225636781000134,28.862736412298663,26.17524105734698,31.334407096819245,32.88605812794203,30.898163893395164,34.581503917752,56.19776382727921,33.400965881893356,28.141968865215986,28.938249141877016,24.413857614080996,30.285287966379755,32.833724535578234,33.09278639809668,38.37795288387831,43.37603926673859,39.877092127813334,42.042972252896035,22.078266297856896,21.124589874338817,56.765860063262316,52.86518650380245,19.77343319019773,17.42327600631904,15.250060714051273,13.145767615797439,38.31765064173024,34.32776272993368,42.1615301696389,38.77950110958895,25.68834307954442,26.455354856368878,19.980394004597652,42.17110257283886,50.479007459002375,49.099205956908605,29.1453449388561,27.26585463449541,24.830190218849122,31.083177565044736,42.617213314640104,35.05967012643664,35.13764996335282,30.23914374848293,34.19397739725224,37.484912817803234,25.65465044771581,34.41632555744525,42.14466291583277,29.42799534119716,43.728135533132516,49.37365382875893,54.25788485628084,42.107707091290266,38.42089783645434,1.7923553719008263,46.600950832087456,23.980050556644084,40.50097448087459,36.158132740093755,29.979433256805248,16.764653904094835,21.815103281464857,23.60768195610155,44.190609682875106,46.567611694240895,38.50865611433569,61.699066824433885,64.5281156926743,65.08445663886386,50.181505631801315,38.01207168864582,53.56392182010633,52.05189419004083,79.14028615855227,74.13191459319614,74.18910399451303,60.070154527022574,63.49417920672387,59.11147751125692,66.74771042000653,55.142198944569785,63.29155498610871,11.581487249269529,20.391932054883416,40.14344327234967,11.360081516951782,34.359684773442645,14.876345628870146,20.388696705110767,29.18654981897609
126,101.73806275992006,79.74118694791005,66.16276363598205,4.9753010562066855,22.485305151581024,19.450784954925513,100.6288445294318,113.22992491778363,76.91789043133082,53.9979709997603,37.00950306030181,92.75238829221001,74.05408243524033,82.24984709124614,26.839877012136547,102.27879495324774,83.47729758743645,71.4562135081558,62.35933433311389,40.91736009860284,32.95601897503616,49.33162212465573,48.29638815764329,83.59465001619517,98.7105438378982,24.63279490259974,110.17565449781372,106.69809341068688,102.90606300796436,66.21681792211479,100.10978528156912,76.22623835927962,88.14687067513717,17.691960389331694,71.87989397649017,73.52151379228563,90.267506020697,86.28311987409042,70.08606236949745,14.33570810154269,96.36131237613002,109.25937671297572,103.38707766091011,65.1528778826789,32.998613106552504,10.878082560347128,25.12433151441369,29.33498610734055,96.62912805937583,69.54516311852231,99.6841001214651,77.91920055873057,102.74373866050698,95.24044465902494,81.7361949425732,84.46987059987356,66.9421933646017,83.69110910184378,64.74756818697784,98.35295137490252,84.08172886174404,95.30148752341012,98.1245724336359,99.62486147967257,97.1202998172877,78.97153566025557,73.46998764521797,82.16610109256995,21.085320190007103,87.03849330147455,83.30835775713928,73.40606025211981,100.94998501374974,85.16210180510264,88.93180773753505,80.8215710284451,7.921612587563262,43.37673266734734,17.63820947988678,16.767442430346385,81.64863446094644,101.28352117550986,85.3328959752867,99.22556029069213,72.88532485919416,74.15607112902018,64.8178437706798,81.56723840651128,63.29340375740736,73.3368816803029,66.2823713429816,93.5475826941625,63.295297077412016,87.67402514115264,38.57912370296049,55.844837841236185,38.76912126109287,86.90493071232306,91.97677861512916,88.29652648432814,27.536997437848218,30.645995943128952,32.51365878879236,70.47316835021266,72.09969172326517,73.63914465045681,76.54154296311263,72.38598398232105,76.06932667960024,97.68557834761683,74.74970491071304,63.3904809563516,63.504230508513245,59.662366809550726,65.53380273043773,68.08223373104796,68.3412955935664,79.8657729728042,84.86385935566446,81.36491488966158,83.530789446156,30.957862055089983,25.987988813221335,98.11460466067027,94.21393110121038,65.24732670796962,59.578097363579104,60.723951336157285,55.3005918687234,80.33851827220022,75.81558281885957,83.64935025856478,8.215827611236248,20.91051663628378,60.644326092785306,48.15274642376119,83.51984160165856,85.3714250373813,84.09634083730934,68.11239320500437,68.69033470501165,69.67105776165496,76.07943923586035,74.4631899081272,68.94973068282503,70.67433360070657,59.97013154489462,57.67952618021157,66.65126804012266,32.05095632693156,22.17949209504662,26.602151306865785,27.064360837294785,26.066570057668393,91.02805823515266,93.22492755384086,84.76252218670976,78.10849914766592,46.58019670368356,1.7923553719008263,44.68435123289211,34.22517262862296,32.41358012078193,38.61384674635869,54.03242942384492,57.06361247693458,58.85619672015953,87.56584417723995,90.8862652725692,80.81339634089565,103.18688691335976,106.01594135018846,106.57227672778973,14.384011595218936,23.483354759189233,8.993143281013065,21.522058997785333,115.20978078382134,109.562541794426,110.25859305119384,95.50077615966416,98.92481197654193,97.19784797724282,102.17833762123637,92.0196901561757,104.64029958351664,42.85814118089755,45.83851353913776,74.313238963759,54.91635927954469,68.15633493487697,51.86029577415863,58.83416738504661,67.45365148950458
132,72.06009349222676,51.404980155981846,47.85818481115558,40.93445009593893,34.62910977869241,25.860529396790728,73.16942309447995,88.24130836325139,58.50793721106914,16.293349532594085,49.38776463138182,65.6202494944147,44.59264772160813,56.30572761625018,18.37115263380405,73.62670999289688,53.799339456919654,44.68350770314417,42.372181621586705,16.486120247674464,12.390956615826472,4.82056647178911,23.277172210682984,56.82194688410591,73.35716804729387,22.591894835715678,80.49769636729695,77.02013528017011,76.05675837592233,53.544376075352446,70.43181601387582,41.71546130362128,58.46891254462037,44.44862175513686,42.01834238707085,55.21693496745917,64.13282388723313,59.51041674200116,51.78148354467099,44.992235804255145,66.60689196036665,84.27076015844348,74.37914320568555,38.380174750589646,40.74412688676574,45.7088240144852,31.301385368502864,24.018173111796514,70.31914676783447,25.034103679015683,70.00613642236004,48.241236859625516,73.06577496140194,67.28134266331679,53.0832190081025,54.79190690076852,48.63760897118698,55.31131140110266,46.39919798416149,71.50364117427223,55.95719524633559,68.50845904421213,71.75506850230133,69.87044106390923,70.2709896166574,49.29357752973878,39.83708449416687,54.041567477161465,44.629366992521824,58.31689008542357,53.63039405803425,56.170984486389926,74.58048665100344,58.79259787376809,62.496399564273965,51.143607329340085,42.89145247580288,20.193945131818463,32.83225999686876,29.741520892456382,54.875931328857185,74.43421654346781,60.433827888386105,70.5734753303413,45.64119618312386,29.645011689513538,27.113219630591225,37.056184535592905,36.88927167141837,35.63225754021431,43.12906413638629,74.83580085363033,26.075524347572735,49.431956947725624,27.023259087429164,18.140213701147605,47.81858658011718,62.189381019755416,66.85353587108989,66.33993940829943,42.27427470299337,43.92684503620865,44.89372190954268,48.86886687257833,46.19743689472492,51.35660582986307,51.10961666666839,53.34613990227748,55.232003567260875,70.21959154711945,47.97700177862379,34.1524747090327,29.62476697556265,31.17652091419628,36.29579381019647,38.22068481455098,34.061935032692745,59.093368462271286,66.15207751513228,62.653133049129394,60.182122130944556,27.379105686637004,20.743495296010153,71.74510072933569,67.84442160128758,40.69193518203053,33.94272559112475,36.70761318556057,31.94285621892025,61.50089190582965,57.51100399403309,66.67481759982755,33.24111955620676,24.11324561897112,23.411475422071565,10.448124956594963,57.78934987765769,53.39854588628851,40.393057913531976,41.09300450915177,41.917631572922396,42.8983546295657,49.30673053518285,32.73097561813066,31.960898444846904,26.16327416119995,15.459074778310356,15.947313226676211,23.909847364589364,13.184650394617616,23.07319348666214,18.33197494255021,18.084863270414054,19.91544755984995,62.37597884339005,63.656252967710046,40.25146274720313,33.597442381081656,24.06288063392511,44.70188671728811,1.7923553719008263,16.6882862848485,12.345444544067663,6.166745729009745,27.548376959306744,30.582862185228052,26.659933651459426,63.39542586271668,64.11630188589844,55.172263752525964,78.20041426530338,81.89276693836939,81.58366017325747,34.37632371513056,26.66893805865801,39.90155204032516,30.052746394025256,85.53182265330454,79.88457809532095,80.58063492067707,65.82281802914736,69.24684270884866,67.51988984672602,72.50037392213133,62.341726457070656,78.27079008359382,34.86807171055444,43.678519411834216,63.32668164078319,34.54332010812883,57.54292314187616,38.91145437673647,43.571936632748994,52.36978818740961
133,85.20410009767636,64.54898119284319,64.3844739587922,38.366801897281505,38.00913414697273,15.395701571114753,91.19311119085204,106.26500202821173,75.03422635870575,32.8196386802307,52.767786326739774,83.64393759078679,57.73664875846947,72.83201676388681,21.75117432916201,86.77071102975822,63.26128414038732,61.209793955114904,58.898467873557436,33.01240939531108,23.46428791302477,21.34685450570808,39.8034613583196,73.34823603174254,89.88345719493051,12.127066787296176,93.64170297274654,90.16413631703143,89.20076498137189,70.07066522298908,83.57582261932541,54.859465013404986,71.61291358148172,47.828643450494816,58.70472555119939,71.74322411509579,80.65911303486976,76.03670032104952,68.30776712371937,46.40093827936106,79.750892997228,102.29445382340384,87.52314424254686,54.906463898226264,44.124148582123695,43.14117581582779,20.836555983622183,27.398194807154468,86.8454359154711,38.687711173815345,83.15014302780963,61.385243465075106,86.20977599826327,84.83771483383558,66.2272256135521,67.93590793762986,65.16389811882361,68.45531243796401,62.92548713179811,84.64764221113357,69.10119628319694,86.53214714058421,84.89907510775095,83.01444210077057,83.41499065351876,62.43757856660012,52.98108553102821,67.18556851402279,48.00938868787978,71.4608911222849,66.77439509489558,72.69727363402654,87.72448768786478,71.93659891062943,79.02268871191058,64.28760836620143,40.32380427714547,36.720234279455084,22.367430611988066,19.2766915075757,71.74430442121609,87.57821758032917,76.96011703602272,83.71748193579089,62.31964700466351,42.789015399297234,43.63950588256196,50.2001882453766,53.4155579233891,49.765476403721,59.65535038835702,91.36209000126695,39.579050147552124,60.217683135502455,36.64233262551794,34.666502848784226,52.994132733295544,78.71567016739205,83.3798250187265,82.86622855593606,45.65429639835132,47.3068667315666,48.27374070923474,65.39515602021496,62.72372604236155,67.88289497749969,67.635905814305,69.8724290499141,71.7582927148975,88.24327964349155,64.04614324254972,50.67876385666932,46.15105345027692,47.702810061832906,52.8220800621672,54.90706530575714,50.61564947745553,75.6196576099079,82.67836666276891,79.17941662817776,76.70841127858118,30.759127381994965,24.123516991368106,84.88910176619703,80.9884226381489,57.21822432966715,50.46901184309548,53.2338994375313,48.469148039479236,78.02718105346626,74.0372931416697,83.20110674746418,30.673471357549353,27.49326731432908,39.937764569708186,26.974414104231585,70.93335648310729,64.1842665054771,51.17878410130881,57.61929632971074,58.443920720559014,59.424643777202334,65.83301968281947,41.545627603538406,45.10490215463061,39.30727787098365,28.532797558547372,24.76196387562278,33.733708631199775,16.564672089975573,17.749621784188562,7.699354193012833,21.46488630223319,11.816377206660384,75.5199798802514,76.80025400457139,53.395466456986824,46.741443417943,40.589169781561736,34.237058891612136,16.699580941022116,1.7923553719008263,4.428812056347217,10.629076899975734,44.07466321127748,47.10914843719878,43.186220126173694,76.53942689957802,77.26030292275979,71.69855290016258,96.22410236167546,99.91645503474147,99.60734270104132,23.911495666711055,18.406997636362654,29.436724214649182,19.58791700914458,98.67581812157763,93.0285791321823,93.72464152612665,78.9668190660087,82.39084931429824,80.66389088358738,85.6443805275809,75.48572749393202,91.41479668904341,45.35362871735896,53.47103219952532,78.77020335211418,51.06961192868782,72.61329932323213,53.57696345378541,60.09822578038562,68.89607733504623
134,84.22886766904654,63.57374876421335,60.02695898797533,34.009228344916274,33.651616503233505,13.592660855619425,85.33819170271147,100.41007697148291,70.67670581930065,28.46212103649148,48.41027135592291,77.7890181026462,56.7614218984279,68.4744962244817,17.393656685422783,85.79547860112838,63.83655828662335,56.85227898429803,54.54095290274058,28.654891528828333,19.106771605746722,16.98933686196886,35.44594371458038,68.99071549233742,85.52593665552538,10.324026294544376,92.66646497552846,89.1889038884016,88.22553255274207,65.71315025217221,82.60059019069558,53.88423258477516,70.63768115285188,43.47112580675559,54.18711366822472,67.38570357569067,76.30159249546465,71.67918535023267,63.95025215290251,42.04336472699581,78.77566056859817,96.439528766675,86.54791181391704,50.548948927409405,39.76663071564094,38.783602263462555,19.033515490870386,23.040675604210534,82.48792094465423,37.20287496016955,82.17491059917981,60.41001103644527,85.23454356963344,79.45011684013654,65.25199318492227,66.96068107758828,60.80638314800674,67.48008557792241,58.567966592393006,83.67240978250373,68.12596942315534,80.67722765244363,83.92384267912111,82.03920967214071,82.43975822488892,61.4623461379703,52.005853102398376,66.21033608539298,43.65187104414056,70.48566426224335,65.79916266626576,68.33975309462143,86.74925525923493,70.96136648199959,74.66516817250549,63.31238150615985,35.96623072478022,32.36271663571586,20.564391232953923,17.473652128541556,67.04470550567693,86.60298515169934,72.60259649661762,82.74224950716105,57.80996479135537,41.813782970667404,39.281988238822734,49.22495581674678,49.05804295257224,47.80102882136818,55.29783541754016,87.00457503045007,38.244295628726604,60.79295728173848,32.28481475903518,30.308984982301475,48.636612193890414,74.35814962798693,79.0223044793214,78.50870801653095,41.296778531868576,42.949349087827386,43.91622573841787,61.03763548080984,58.36620550295643,63.52537443809457,63.2783852748999,65.51490851050897,67.40077774408063,82.38836015535097,60.14577595544354,46.32124621293009,41.79353558379415,43.34529241809368,48.46456509135034,50.38945342278249,46.23070364092425,71.26213707050279,78.3208461233638,74.8219016573609,72.3508963077643,26.40160973825574,19.765999124885354,83.9138693375672,80.01319020951908,52.860703790262036,46.111496872278614,48.87638446671444,44.11162750007412,73.66966051406118,69.67977260226459,78.84359177664732,26.315898027927638,23.135749670589856,35.580246925968964,22.61689490128765,69.95812405447745,64.75954065171312,51.75405824754483,53.261775790305634,54.086400181153905,55.067128806385455,61.4755047120026,42.12090174977443,44.12966972600077,38.332045442353824,27.627846282207752,25.33723802185881,34.3089827774358,12.207154223492816,13.39204823182332,6.064106401378906,17.10736865849396,7.458804545269258,74.54474745162157,75.82502157594155,52.420234028357,45.76621098931318,36.23165191507898,32.434019512578,12.342063074539357,4.420417075446606,1.7923553719008263,6.271559256236511,39.71714556753825,42.751630793459555,38.82870225969093,75.5641944709482,76.28507049412994,67.3410379293457,90.36918844212315,94.06154111518916,93.75242878148902,22.108454951215727,14.049424306740939,27.633682162692672,17.78487785285396,97.70059126153606,92.05334670355245,92.74940352890857,77.99158663737887,81.41561688566841,79.68865845495753,84.66914809895108,74.51050063389042,90.43956426041359,40.99611107361974,49.113511660120196,74.41268838129733,46.7120913892827,68.25578435241528,49.219442914380295,55.7407052409805,64.53856236422938
135,78.05345922141316,57.39834031657999,53.851550540341975,38.04415232554811,31.738812008301608,19.79959864991844,79.1627832550781,94.23466852384954,64.50130294025553,22.286712588858116,46.49746686099101,71.61360965501282,50.586013450794525,62.29908777684832,15.480853526952066,79.62007015349502,59.7926996175178,50.67687053666467,48.3655444551072,22.479483081194964,17.193967110814825,10.81392908256608,29.270535266947007,62.8153126132923,79.35052820789203,16.530964088843394,86.4910565278951,83.01349544076822,82.0501241051087,59.53774180453883,76.42518174306221,47.70882413714179,64.46227270521851,41.55832131182369,48.011705220591345,61.21029512805731,70.12618404783126,65.5037769025993,57.774843705269134,42.10193803386434,72.6002521209648,90.26412588762989,80.37250893487193,44.37353780685367,37.85382622070903,42.81852334842851,25.2404532851694,21.12787266848335,76.31251249702086,31.02746651253618,75.99950215154644,54.23460258881191,79.05914069058834,73.27470839250319,59.0765847372889,60.78527262995492,54.63097470037337,61.30467713028905,52.392558144759626,77.49700133487039,61.95056097552197,74.50181920481026,77.74843423148774,75.86380122450737,76.26434977725557,55.286937690336934,45.83044755043089,60.03492763775961,41.73906654920865,64.31025581460996,59.623754218632385,62.16434464698807,80.57384681160158,64.78595803436623,68.4897597248721,57.13697305852648,40.001151809746176,26.187308188082497,26.771330586457648,23.68059148204528,60.86929705804357,80.42757670406597,66.42718804898425,76.56684105952769,51.634556343722004,35.63837452303404,33.106582464111725,43.0495473691134,42.88263450493887,41.62562037373482,49.12242696990679,80.82916658281673,32.06888718109323,55.42532267691201,30.37201026410328,24.133576534668105,46.723813267546774,68.18274674894181,72.84689603168805,72.33329956889759,39.383976932602565,41.036544592895495,42.003421243485974,54.86222703317647,52.19079705532306,57.34996599046121,57.10297682726653,59.339500062875615,61.22536929644727,76.2129517077176,53.970367507810174,40.14583776529672,35.61813003182668,37.16988397046031,42.289156643716964,44.21404787081501,40.055298088956775,65.08673419145767,72.14543767573042,68.64649320972754,66.17548786013094,24.488807916246202,17.853195966414642,77.73846088993383,73.83778733047396,46.68529823829455,39.93608842464525,42.70097601908107,37.936219052440755,67.49425206642779,63.50436415463122,72.66818332901394,30.350819112893603,21.22294517565796,29.40483847833559,16.441488012858994,63.78271560684409,59.391906046886646,46.386420969796006,47.08636734267226,47.91099173352053,48.891720358752096,55.300096264369245,38.72433867439468,37.95426127836741,32.15663699472046,21.452437834574383,21.94067628294024,29.903210420853387,10.294350396791511,20.182894379810154,12.271044195677927,15.19456416356207,13.854518149438844,68.36933900398819,69.64961312830819,46.24482558072364,39.59080543734569,30.05624346744561,38.64095730687702,6.166655963367171,10.627355537976214,6.284513128964788,1.7923553719008263,33.541739792827244,36.57622501874855,32.653296707723456,69.38878602331481,70.1096620464966,61.165629481712344,84.19377999448977,87.88612709896753,87.57702033385563,28.31539430471945,20.445137242679934,33.840622629914044,23.991814310691794,91.52518281390269,85.8779382559191,86.57400064986345,71.81618375833375,75.24020843803504,73.51325000732419,78.49373965131772,68.33509218625704,84.26415581278022,39.083306578687846,47.20070716518829,69.32004736996959,40.53668294164933,63.53628887106255,44.90481721025697,49.56530236193538,58.363153916596
136,48.83357316025638,26.83670024391227,21.12294580434419,53.913061166140054,41.58432661894636,50.93678996177345,47.0376421954938,62.10952746426524,32.376156312082976,12.361478068841148,43.0681520224532,39.48846592250618,21.14959417203786,30.173944044341663,28.977223691031536,49.37430535358407,30.572813556361027,18.551725244953303,15.948447882217817,13.210540097848243,23.656045145043834,24.226797597621697,5.949710002006259,30.690165985119755,47.225381579719475,49.97672079894556,57.271170466738326,53.79360937961147,50.00157897688895,33.47637303103851,47.205295681905454,23.321752991743033,35.24238397113939,51.4038385953908,18.97540727249241,31.18623253210248,38.001040315324616,33.378630274426754,27.750781109314307,51.947449748843205,43.45682834505459,58.138979259457344,50.48258806124646,12.248393851603488,40.85538727998009,55.15682205731157,58.68620999527157,32.1943975916367,44.18736586884832,20.607719081657955,46.779616090389666,25.01471385473278,49.839249060843315,41.14956176433063,28.831708238575416,31.565383895875776,24.083077903504112,30.786622397846003,23.75569213609321,45.44845910231651,31.177242157746285,42.37667547230362,45.22008840256048,46.72037744859716,44.21580754470168,26.067051629180167,20.565498045554293,29.261611492906276,51.58458383277578,34.13400927039912,30.40386815747562,31.742701555821746,48.04550098267433,32.257612205438974,36.36461599236545,27.917084324447345,55.870063546004005,14.748314207054603,55.71492824597603,52.62418357297541,28.744150429871024,48.37903714443445,34.302044316477584,46.32107358669437,19.980836595991683,19.503685206829516,14.452640213260386,24.220362982528258,10.388915494204879,21.146336547912213,16.705329060556227,48.70401995464416,13.679572485343412,34.76953843715486,25.240138548561568,14.229867503899285,40.070842691682,36.0575974478469,40.72175229918139,40.20815583639091,48.32142453041064,44.03810542942301,42.66657617654484,22.73708463713099,20.06565332281641,25.22482225795455,24.97783309475987,27.214356330368958,29.100222668274718,44.08780797521092,21.845219543176448,10.48599492058442,11.278973024413808,6.7578814420141295,12.629313130774069,15.177748363511366,15.436810226029806,32.96158756328512,40.02029394322376,36.52134947722088,34.0503412319584,33.44838241083332,29.842835787058092,45.21011506100658,41.30943882862436,14.191579227560565,7.518991851755863,10.322073724760758,8.453760913476929,39.81961872849574,31.31338857184528,40.5430367008414,46.21973352207378,33.1285728191069,8.796077179700966,17.15784078317789,30.615354897660772,32.466938333383524,31.44322844838055,15.207903605340702,15.785849337475057,16.766573730579545,23.174950972657875,24.957933633280422,17.403693954369786,17.789946604621694,20.423568763930504,24.37840241269982,20.582529684085515,32.00441963493495,40.38568242976798,45.71680090578009,35.397352213519895,47.30027352307983,38.123574204077244,40.32044084984308,24.451732255684583,20.761619491555834,16.795881210533857,54.041183244572295,27.552188546591395,44.07310957515601,39.730267834375184,33.55157124675256,1.7923553719008263,4.159127777628578,5.948405615894821,34.66135457757629,37.9817812414938,29.0404828535398,52.06863336631723,55.76098047079499,55.451873705683084,56.150859608458155,43.981425665302666,59.53327579676318,57.43757102079397,62.30529675274592,56.65805219476232,57.35410902011844,42.59629502425463,46.02031970395592,44.29336394616741,49.273848021572704,39.11520345217792,51.735809983852974,27.030999425095224,34.20453833623818,41.97983270366335,17.493213242598994,39.00029563366049,23.29721222332983,27.993212494398968,29.664540728502665
138,44.864581487235824,23.06533331297696,21.21271701550579,56.91702495986878,44.58829041267508,53.94075375550217,43.266274150840836,58.33815652394639,28.604788267430017,15.367347656212193,45.92088699218237,35.71709765510968,17.180603835478486,26.40257577694517,31.981184811837885,45.60293441326521,26.603821883340473,14.78035720030034,16.038219093379414,16.214502555115782,26.660006043106662,27.23075849568453,8.953672459273797,26.918797940466792,43.454016207988865,52.98258904985543,53.302181466640135,49.82462037951328,46.23021360515835,33.5661442422001,43.2363040088849,19.352763991644835,31.2733949710412,54.407796820531274,15.006416713189513,31.62111989565969,34.22967494359401,29.60726490269615,28.562603315778205,54.95141354257193,39.41137438678748,54.367613887726726,46.71122268951586,8.477025806950522,43.708122026965725,58.16078028245204,61.692078246181424,35.198361385365416,40.41599782419536,18.683100938127644,42.81062441736911,21.04572329542988,45.87026006074511,37.378196392600024,25.060339971178927,27.596392000111702,24.17284911466571,27.015254130449506,23.845463347254807,41.6770937305859,27.405873890349795,38.605310100573014,41.44872035790752,42.67492616325241,40.44443927730519,22.09806129262079,16.596509045456095,25.490246121175673,54.58854762650449,30.362641225746152,26.434879157377427,31.832472766983344,44.274135610943716,28.48624683370837,32.59325062063485,23.948092428683267,58.874027339732734,17.752275105117434,58.718886471116505,55.62814736670413,24.972782385218057,44.607666204115596,30.530676049081094,42.549705319297885,16.209469887799894,15.63435856708427,10.813524580315676,21.70117954386278,6.617548117782503,17.17734621135284,14.07745101139799,44.93265190999121,11.808263773581636,30.800549437056667,28.244102342290283,15.006414040267153,42.92357766141117,32.2862320761163,36.950384031784886,36.43678756899442,51.17416217306217,46.89083750348628,45.51931092353047,18.965716369734505,16.29428505541992,21.453453990558053,21.20646482736338,23.442988062972468,25.328854623621748,40.31644260348033,18.073852834984663,6.517004361281518,8.192767419066687,2.788890882711228,8.660322794214697,11.208758695182583,11.467820557701025,29.190219518632155,36.24892567582727,32.74998120982438,30.278973187305425,36.452343531639684,32.84679668512092,41.438747016353624,37.53807056122787,10.420210960164074,6.26143333536459,10.411844935922353,12.893738880237446,36.04825046109925,29.48988463099618,36.77166865618844,49.22369174721426,36.132536612835615,8.790017219224909,20.16370903408776,26.84398952593017,28.49794643761945,27.47423944828236,11.436536897148917,12.014481070078563,12.995205685926583,19.40358292800491,22.454519100074847,13.434704954271592,15.86532846109138,22.384842250981414,26.339675899750727,18.711220749580217,35.00838342866366,43.38964332783081,48.72266915668996,38.40131311158272,50.3061417739897,34.352206159424284,36.5490725824466,20.48274191912521,18.24243761209507,21.840905223744677,57.04514146971276,30.558056797501266,47.078977826065895,42.73613898095094,36.55743949766243,4.156044116199831,1.7923553719008263,4.547297581442846,30.889986532923324,34.21041319684084,25.269114808886833,48.29726799458663,51.98961509906438,51.68050833395248,59.15482340218688,46.985386563365495,62.537239590491886,60.443439271703824,58.33630775264773,52.68906319466413,53.385120020020246,38.62730312849055,42.051330703857715,40.32437494606921,45.304859021474506,35.146211556413846,47.964444612122364,29.883734172080864,37.05727308322381,42.069603914824945,20.345948212328157,39.09006951774445,26.149945633854287,30.845944568462244,29.754314612586622
139,45.88287024020667,24.965969106123687,23.836553606056455,58.71743863817178,46.38870409097808,52.35233623183734,46.69600373783143,61.76788900660286,32.034517854420606,11.468458049683765,48.54472491919422,39.14683013776617,17.931768746607563,29.832308259601653,33.78160116306325,47.50357154287312,27.622110636311316,18.210088346495645,18.662057243134797,18.014917569879955,26.983825018372343,23.684617571349285,10.754086137576794,30.34852752745739,46.88374869064535,49.08369743863523,54.320470219610975,50.84290913248412,49.40607414954442,36.189979496289595,44.25458986618985,17.904901867511008,32.29168372401204,56.208216067422526,16.477175535741917,35.05085237831617,37.6594045305846,33.03699471243027,30.464387574565393,56.75182722087493,40.429663139758325,57.79734080179496,48.611854250535515,11.906756730402297,46.331957281055224,59.96119396075504,57.79318663496124,36.99877506366842,43.845730306851834,15.184301255419218,43.82891027467407,22.064012048400723,46.88854881371596,40.807926202334144,26.960974427864468,28.614680753082542,26.796684368755198,28.91588858713505,26.469298601344292,44.852954274971985,29.306508347035336,42.03503968756361,45.10438427592345,43.69321224330088,43.62029982169127,23.116348709130456,15.701579891503435,27.39088057786121,56.38896130480749,32.26327545968817,27.453165237425907,34.45631091673872,47.92979685603729,32.14190807880194,36.02298020762544,24.966381181654107,60.674441018035715,19.55269011988161,59.32406393624948,56.23332483183711,28.402514867874537,47.78352674850168,33.96040853173757,44.45033977598342,20.10002955453846,12.270590244363868,7.4497569258258665,18.105820540917275,10.206209445525683,14.66957704213657,19.41893819872967,48.3623814969818,8.309464090873217,31.81883529436162,30.044516020593285,10.499841103893711,45.54741291550065,35.715961663106896,40.38011651444137,39.8665200516509,53.79799742715166,49.51467832616403,48.14314617761997,22.395447515929803,19.724016201615218,24.88318380029218,24.63619731001986,26.87272054562895,28.758587106278227,43.74617219047092,21.50358375843644,8.613532620080989,5.164431919264009,5.637578602501044,10.75685105301417,12.679516849504397,9.643989406606414,32.61994910562275,39.678658158483756,36.1797110195585,33.708705669961915,38.25275720994267,34.647210363423916,45.09441093436955,41.193734701987324,14.008872510650782,10.232600321698717,13.035682194703611,14.389090147701996,39.47798027083337,32.91961711365266,40.20140113884492,51.0241109941055,37.93295029113861,4.283445173825585,16.26482031853345,30.273719112920766,29.51623519059029,26.579308957868523,15.554062420200054,15.444212216273863,16.424936609378356,22.83331407420021,18.803195785227224,10.932812204862689,12.36652877838296,17.87826998283856,21.833102295146702,15.212421066871796,34.01890098270472,43.907446970415144,44.82377754546977,38.91911675416705,46.40725305843539,36.2528403933663,37.47902414710171,19.587814101633732,14.647078609149563,23.64131890204768,58.845555148015755,26.659168081946955,43.180089110511574,38.83724736973073,32.658550559364585,5.949494386269258,4.614844556902816,1.7923553719008263,34.319719015579814,37.4656149865982,28.698847291543316,51.7270004772431,55.41934758172087,55.110240816608965,60.868127654511284,47.503187310283934,63.05504033741033,56.54454766048363,59.35459650561857,53.70735194763497,54.403408772991085,39.645591881461385,43.06961656116268,41.342661026117696,46.323147774445346,36.16450030938468,51.62010585721593,32.50756942617035,39.681111232979184,44.693442064580324,22.969784802878827,41.71390477183394,28.773783783609662,33.46978249547409,32.37814986667611
140,24.33513158633946,11.895725357081094,26.55554779181018,86.14611032881285,68.9205011631062,84.56679187834682,14.404061185837577,29.475946454609016,21.06946931492818,45.68515194583885,61.5232330818845,6.854887585772314,19.58313515104342,12.700481025057048,62.6072256076049,16.93925431571883,24.46252707537697,16.882038407921875,28.403859570564904,46.84054201442162,57.286044165951324,57.85679661852919,39.57970991388786,4.053449782762044,16.373787789850414,83.30039467594325,37.81255741319594,34.17024696980104,14.9827724874844,36.9599954151026,21.508179402946546,22.039185945525645,18.340255433276425,75.87137450452596,20.61296602824966,29.360186642089488,9.784755744260279,2.3777239231463767,26.82880109010935,76.41499122656663,19.156013295171157,25.505401145466998,19.0260798663533,22.877307257828228,61.71600646988725,79.62435796644672,92.00988387226928,63.1430351689205,13.21272298444184,40.10934947942361,25.006140901751728,15.132729000440827,28.020253558935952,9.062403376961946,13.934775316205318,15.332690099411803,26.57125677926052,11.582971166666113,30.017405460074954,10.42965261291196,9.176966611238534,9.74309780380035,11.749413596505377,18.4073861010789,9.196999718835958,17.50110682781367,23.759523324808498,10.098137180455621,75.73622486772352,13.631784420195487,18.546403233792,32.24933461037865,15.031844446339004,6.698480642931811,7.0930630102300585,21.269325947183606,83.06305587618405,45.22682372141938,89.34492459396114,86.25418548954877,7.705318151027476,13.360227982107546,9.926745612124208,15.058366072964125,18.788746635182335,34.19878865749936,35.93968816026328,28.487268781023815,25.684225219906075,28.214243572099328,25.89036321970633,16.470068680675052,40.64476923956177,27.242302179124636,54.613506039036366,44.31456356163122,58.52591818252505,10.998748967344586,13.369534429532747,15.149305351196823,69.18204661598368,64.89872751499604,63.52719536645199,21.682586027699482,21.363242860924792,17.168332003438945,15.501891653356664,19.98277602390703,18.722909216314797,11.454230306707657,14.751667833641662,28.85391019992405,34.149097471631464,30.87122863203492,26.32592415969814,24.161684095226526,28.44226055512978,16.037793207750134,16.98108555064507,16.552191547248455,14.473860766616019,64.28078127700817,63.472834807965576,12.878344629394942,9.571623597619318,25.487166691873995,30.122156173626273,28.991351199419164,34.68020981738729,25.705140837369193,25.22086856029778,21.420749671771873,79.84973543864714,66.75857473568027,37.56299288930788,50.48151332371441,5.573788864904419,21.452508667016915,31.748008420423012,21.769463132176327,20.34694209395883,19.546609221513737,13.618072996721825,37.88026320479277,33.04093727291054,37.751756893771365,50.021921029762424,51.83354984479883,43.77734247456628,65.63442155150831,74.01568145067546,79.04047478277779,69.02735123442739,80.62394740007753,12.276889654134632,17.16108727012704,25.355678513217022,29.871285704422057,44.199151897249024,87.67117959255741,60.8758624235891,76.56941931588696,73.05394171137289,66.87524222808437,34.78208446647979,30.970953806063303,34.39571621233582,1.7923553719008263,2.4664800920419507,9.999584305625405,19.43505525232689,23.127403693265833,22.818296928153927,89.78086152503155,77.61142468621014,93.16327771333654,90.76124489779167,41.470393303372504,38.10644812228931,35.663227132389174,26.27395252557053,29.088617730363868,20.952736335926268,32.389821627645944,20.790772610243888,18.618210179262427,47.89162418359062,51.67962849700913,44.39456746900414,37.78111716394228,43.359252868833835,41.09045120006785,39.04818816552397,33.59674630755054
141,21.91566775311413,12.62241097701124,28.92764654985098,88.5182064139313,71.29259724822464,86.9388935320535,14.723198314847055,30.205517939713303,21.931520187397766,47.93732558734989,63.895329167002934,7.584459070876608,20.309820548230043,13.489304962052708,64.97932169272335,14.51978892328879,25.189211136102408,19.254137388706205,30.775955655683344,49.21263809954006,59.658145819658,60.15348288158012,41.95180889467219,6.425548763546373,17.10335927495471,86.56717912925846,35.393092243509436,31.750781577371,12.563307317797886,39.33209439588694,19.088712674055323,22.765871342712266,17.482048223159815,78.24347615823265,21.33965164817981,29.511100952224737,10.863279248089606,4.8398847953988975,29.200900070893677,78.78708731168504,16.73654790274112,26.23497240782776,16.60661469666679,25.24940757507374,64.08810812359393,81.99645962015342,95.27667389417272,65.5151368226272,13.942292910341424,40.836033540149046,22.586675732065217,15.859414620370977,25.600788166505918,7.512179463635606,14.661460936135464,14.701855475293472,28.94335553730132,10.95213654254778,32.38950421811575,8.010186552251328,9.205488920249742,10.47266928890464,9.329947535844742,15.987919372187683,6.777534326405915,18.227792225000286,24.486210281199824,11.211128018110756,78.10832095284198,13.000949573333624,17.91556838693014,32.78634409109013,12.612379053908962,6.06764579606995,8.171586514059387,21.996011344370224,85.43515196130247,47.59892247946018,91.71702624766785,88.62628714325547,10.077416463581216,10.940761921446912,10.928779655996316,12.638900903277612,21.06719020312965,34.92547561389068,36.666374893911076,29.213955514671618,28.056323977946878,28.940927632824767,28.26246197774713,17.199640165779343,42.90167083523973,25.958441883972313,56.98560769274306,46.73167054556606,60.89801983623174,12.077272471173913,14.448058601592663,16.22782952325674,71.55414826969036,67.2708236001145,65.89929702015867,24.05468634494499,23.73534184170912,19.54043098422327,17.873989074936286,22.354874781947828,21.095008197099123,11.39894892646839,17.123766591682465,29.7505754169492,34.875781532356896,33.38501744514833,27.414753115684533,24.88837082887433,29.168947511521104,17.215378332632106,18.059609722704987,17.630714160103665,15.552383379471227,66.65287736212662,65.84493646167226,10.4588792369649,7.152158427932806,27.85926277699243,32.49425493166707,31.3634472845376,37.052308798171616,26.783665009429107,26.2993927323577,22.499273843831794,82.22183152376559,69.13067638938696,39.71341728633381,52.7336842923031,7.417232806555421,20.82167404289858,32.47469248114845,24.141561890217126,22.71904107474316,21.918708202298063,15.990171977506147,38.606947265518215,33.76762400655834,38.47844362741917,50.74860509048786,52.56023390552428,44.504026535291715,68.00651763662675,76.38778310438215,82.30725923609299,71.39945288813406,83.89073185339274,10.680071358237415,14.581792480518676,26.08236257394246,30.59797243806986,46.571250655289816,90.0432812462641,64.14265244549256,77.2961033766124,76.32073173327635,70.14203224998784,37.154183224520594,33.343052564104106,37.51215992010543,2.4681642558719683,1.7923553719008263,12.371682395435615,20.164626514687654,23.856976514831306,23.547866854053513,92.15295761014998,79.98352633991684,95.53537936704325,94.02802935110687,39.05092791094245,35.686982729859274,33.24376196270266,26.36088375672515,26.669152560677354,18.533270943496227,29.97035645795943,18.089288961610798,16.198744786832386,50.26372026870906,54.05172458212758,44.88883268906008,40.15321614472661,44.16607715597252,43.462547285186275,41.4202871463083,35.968845288334876
144,34.24895050044605,15.362770276671544,16.788946981702715,76.3795081822442,59.153899016537544,78.82964246308364,22.599043566566174,34.13541812322611,11.24382342715574,39.94800253057568,51.756630935315854,12.206366379627354,19.41912619426896,4.143992577511417,56.87007619234174,26.853068997698347,26.213742276500337,10.832819738598346,18.637257423996253,41.10339259915845,51.54889475068815,52.11964720326601,33.84256339429058,5.946332764605023,20.583569450883367,77.56324526068008,47.36961915254422,44.08406588390761,24.896587392207444,27.19339616419985,31.421995421387244,23.038084874213585,23.524760108486184,66.10477792654555,17.0958833338587,19.593585831982026,11.359226850027333,8.655920045601537,17.06220183920659,66.64838907999797,27.882121831754446,30.1648728140841,28.939897443998706,17.140159179026238,51.94940989190685,69.85775581987807,86.27273445700611,58.75424143790919,17.545551067089853,36.25843415163415,34.91995714293596,17.454553430052307,37.93407247304254,16.710965808325362,17.395966313084923,21.293500525233547,16.80465596915305,17.54378025602668,20.25080464996749,20.343468631352657,14.1047079144155,16.16013509157994,21.663229614946072,28.32120234226312,19.110815737276653,20.962297601949743,22.783473650167245,13.268103931038995,65.96962272115488,20.152513498784973,25.1348699563031,22.482732463810002,24.9456604647797,14.27881249894181,9.722802527068161,23.55801282184313,73.2964537296154,40.83802999040806,83.60778074728623,80.51704164287386,7.484078808126609,23.274044000548244,6.200165054527096,24.972183650609537,14.518700375657879,30.543472664877218,30.545817040530032,27.511217769921384,19.94707714110408,27.238192560996904,16.123762409598868,17.90752868195981,34.90761982429861,30.70349451246542,48.2553587994249,38.57741704203394,48.75932160454465,10.02764709473431,14.087711023874945,14.178203478586546,59.415450038003286,55.1321253684274,53.76059878847159,11.915985440335543,12.711161577318567,7.401731416075005,5.178964598132632,10.216175213799563,8.956309297181448,19.649212019205663,11.151173924100018,22.231828583076297,27.897120935574797,25.134082112437632,19.70384387931157,19.481614218676505,22.190285355534293,6.212147988208281,12.69373345530401,9.194787430096408,8.24138453563312,59.426247530618035,58.6272497828915,22.792160647835637,19.485439838803543,19.926917515181643,24.38500943128546,23.43110202272681,29.119963313617305,18.290165981976962,16.300680690395616,15.053202655196152,74.11258602338398,61.021425320417094,31.825843474044706,44.744366804117135,10.379425283367459,27.18990176370186,32.024708897591815,15.147381515328572,14.297724761096486,12.121936781057695,6.911857807455727,36.90421219369035,27.640626192239132,33.90084423890427,45.9558436935435,47.982631621343494,39.92642981969918,59.89727213624514,68.2785320354123,73.30332536751462,63.29020181916422,74.88679798481436,19.839110456467225,24.72330673599845,25.94060569581087,28.89523469331963,38.63890249781315,80.96887689339505,55.13871300832592,71.65963403689055,67.31679229610971,61.1380928128212,29.044935051216612,25.23380439080013,28.65856969273854,10.003293653629807,12.380297001456766,1.7923553719008263,24.094526920943984,27.786874025421746,27.477767260309843,84.04371210976836,71.87428083953523,87.42612829807338,85.02409548252851,51.3842093218132,48.02026414073001,45.5770433735734,32.69474081439463,36.11876549409591,30.866551017905785,39.372296707378595,28.352993412576474,28.53202619770313,38.12502203702198,41.913026350440504,34.62796821810137,28.01451791303952,33.592653395187554,31.323849053499202,29.281586018955316,23.830147056647785
148,32.319671448551354,31.590470385937376,38.73520299006842,98.60419493951943,81.37858577381277,102.15034989669707,6.148622869925246,11.779166563519606,26.351801389291087,63.26870706852319,71.35931450403552,13.171522336448916,39.27788129361736,21.118849996315312,80.19077805736688,20.924407591042595,44.15727054502854,34.46559375334975,40.52290068573314,64.42410003277185,74.86960218430156,75.44035463687942,57.1632679322381,21.523992634368902,4.670881037708639,100.8839526942935,47.813730771164074,41.301820999899775,13.383911187930401,38.72046560989577,28.320882037067044,41.73393231084311,31.29507905368267,88.32945911523254,38.74820007504151,31.897416538808685,12.78914564636181,19.642567134219934,34.30056017633747,88.87307583727319,28.774852952553466,7.808619695172883,22.81263634682709,40.460863939717285,74.17409664918208,92.08244257715332,109.59343632203124,81.0153634680974,6.83954968904289,59.804092949075184,34.624980559134045,34.82747402929712,36.18646839002686,13.081635744138797,33.629523017983956,34.34271995797041,36.59687891256397,30.592999688763534,38.514182826801026,15.382418928936257,28.173551224841766,10.5993462073145,17.469637176414047,26.386624667277765,14.624767948958317,37.195852970387605,43.45426969012597,29.29413204828024,87.68220539729036,29.56936241815132,37.5564330923506,31.69808892243691,17.956638061727453,25.708509833259818,16.18152804842776,40.96407208975754,95.52113491830238,62.72367035647905,106.92848818089965,103.83774350789902,25.25793865227115,10.458994840856946,18.325601581927504,23.409960766067847,36.372303317071385,53.89353769573918,54.75145667572802,48.182014923597755,41.44669896037314,47.908987041750905,38.00940433487456,9.602943342623279,58.228321689323764,46.93704564877621,70.48004555670013,61.898121579981456,68.36199960467606,19.57128920463316,11.376724022536177,16.724654734702504,80.11245586364518,76.24785005027387,74.7127963077989,33.80162870207242,34.59680350259427,29.287374677811883,27.064608528100102,31.99437390173381,29.83402628044822,9.039166326429598,32.33522451553072,46.43746821827429,52.10275767510689,48.454786650385145,43.90948217804838,42.29691925573603,46.3959236542711,22.951287289176936,18.44728637234393,21.82376644557554,21.099114919560975,81.65093428789325,81.55270439118149,22.12525137257932,20.381066402748505,41.812560776918524,45.905303186595866,45.31674528446369,51.00560657535418,25.117863487790757,28.685708096198113,21.104295265837223,95.62012214301602,84.3421327540305,55.14654801199224,68.06507134206464,24.775968875068934,40.46254008478023,51.44275189007459,39.353018254860665,37.93049743938671,34.00758004279458,30.097314701447623,57.5750093473667,51.84626293177122,57.446503036345305,69.27655112715689,71.52829331445042,63.472088617140216,83.21797956985854,91.5992394690257,96.62402723253979,86.61090925277762,98.20749984983951,24.493087487687298,27.855679501825982,45.05042465579096,49.566031846996,61.672766382134014,103.19356921925852,78.45942044193934,94.98033590191571,90.63749972972312,84.4588002464346,52.365639589164125,48.55450892874765,51.979274230686045,19.688725162215626,20.171107014948277,24.087446349613664,1.7923553719008263,5.430622911202306,5.121515255116281,107.36441954338176,95.19498270456039,110.74683573168679,108.3448029161419,48.93457621391614,45.570631032832964,43.6834560766887,39.0992104667269,38.707457387746175,30.571574656847396,42.00866128502825,31.363177319379293,18.943705299591045,60.349708794297214,60.94700670705791,43.74130524434132,50.54610894740243,43.01854993399729,51.98866843906206,47.54496285932768,37.94125038329546
149,37.74334275692718,35.27480429192488,42.421335550060334,102.29032193092308,85.0647183338047,105.83468380268457,11.572293510070484,8.465229309603911,30.037936844948895,66.95304097451069,75.04544706402743,16.855853569514053,42.96221252668249,24.80318256584163,83.87511196335439,26.348078899418418,47.84160155535016,38.149924763671365,44.207231918798286,68.1084283701711,78.55393052170079,79.12468297427867,60.84759626963735,25.20832520389522,8.357015602392325,104.5682754631045,53.237402079539905,46.72548941260972,18.807582496306225,42.40660106555357,33.74455067252051,45.41826332116472,36.7187503620585,92.01559724381272,42.432531085363124,35.58355177172296,16.473477993144602,23.326899703746257,37.98669563199529,92.55920839726511,34.1985242609293,3.3100015984848543,28.23630921440762,44.1451949500389,77.86022920917398,95.76858070573347,113.27777022801875,84.70149602808934,10.52388136759509,63.488426855062684,40.04865186750986,38.51180793528461,41.61013702548033,18.168265353080013,37.31385425104911,38.02705119103554,40.283014368221785,34.27733359475103,42.200318282458845,20.806088900850902,31.857882235163373,14.283678108610228,22.893307148328695,31.810295975653595,20.04843925733414,40.88018420345274,47.13860070044757,32.97846595426774,91.3683379572823,34.993033726527145,41.240764102672216,35.38422148242883,23.380308033642095,29.392840843581432,19.865859281492902,44.64840332282267,99.20727304688253,66.40800426246656,110.61281094971065,107.52207741388652,28.942272558258658,15.882664812771594,22.00993281499264,28.833632074443674,40.05663455013653,57.57786603313842,58.43578501312727,51.86634882958525,45.131029970694755,51.593320947738405,41.693735345196174,13.289078130050495,61.912655595311264,50.62137955476372,74.16618368528029,65.5824499173807,72.04813773325623,23.257423323829784,15.06285858721986,20.41078885389913,83.79859399222534,79.93398817885401,78.39893443637905,37.485959712394035,38.281137408581756,32.9717056881335,30.74893976116524,35.680509357391614,33.5201615133625,14.462836298344245,36.019555525852326,50.12179922859589,55.7870915810944,52.139114987784396,47.59381051544763,45.981250488801166,50.0802575602586,26.635618522242076,22.133420491540555,25.509900564772163,24.7852490387576,85.33707241647343,85.2388369511734,27.548922680955144,25.804737711124332,45.49689178724013,49.589637092583374,49.00107629478531,54.689934912753436,28.803998943448562,32.37184355185592,24.790430498751498,99.30626027159617,88.02646109142975,58.830881917979724,71.74939967946389,28.460300108134067,44.14687109510184,55.12708579606209,43.037352160848165,41.614831345374206,37.691911275859724,33.78164571176924,61.25934325335421,55.530596837758736,61.1308369423328,72.96087946455614,75.21262722043792,67.15641695453947,86.9023079072578,95.28356780642495,100.30836113852726,90.29524315876512,101.89183375582701,29.916758796063124,33.27935081020181,48.73475856177846,53.2503657529835,65.35890451071418,106.87969621066219,82.14374877933858,98.66466980790321,94.32182806712237,88.1431341524221,56.04997349515162,52.238842834735145,55.66360256808531,23.373057731741945,23.85543958447459,27.7717775826788,5.42209428418372,1.7923553719008263,3.198176327678519,111.04875344936929,98.87931661054787,114.43116963767429,112.02913682212939,54.35824752229196,50.99430234120878,49.10712448939864,44.52288177510272,44.131128696122005,35.99524596522322,47.432332593404084,36.78684573208923,24.367376607966868,64.03584135428912,64.63313926704983,47.42743780433324,54.232241507394335,46.704685166911574,55.67480656764223,51.23110098790785,41.627385616209736
151,35.913343169257416,34.90485780452712,42.051391958328466,101.92037833919122,84.69477474207284,105.4647402109527,9.742295258861907,7.4942200983020975,29.66799035755114,66.58309181419057,74.67550347229556,16.485908641321004,42.592268934950624,24.4332363011874,83.50516837162253,24.51807931174866,47.471657963618284,37.77998117193949,43.8372883270664,67.73848477843923,78.18398692996894,78.7547393825468,60.47765267790548,24.83837893924099,7.987070005968688,104.19833187137262,51.407402491870144,44.895492720605844,16.97758424509765,42.036654578155805,31.914553757773113,45.048319729432855,34.888750774388754,91.6456480834926,42.06258749363125,35.213605507068735,16.10353306495155,22.956954775553207,37.61674914459752,92.18926480553324,32.368524673259536,4.034857157572863,26.406309626737865,43.77524868538467,77.49028561744213,95.3986371140016,112.90782663628687,84.33155243635747,10.15393577117145,63.118483263330816,38.218652279840114,38.14186144788685,39.78014011073293,17.277742288893467,36.94390776365134,37.65710759930367,39.913067880824016,33.9073873300968,41.83037179506108,18.976090649642327,31.48793597050915,13.91373318041718,21.063308897120116,29.980299060906198,18.21844122886909,40.510240611720874,46.7686571087157,32.608519689613516,90.99839436555041,33.1630341388574,40.870817838017985,35.01427789069696,21.550309782433523,29.022897251849557,19.495914353299852,44.27845683542492,98.8373294551507,66.03806067073468,110.24286735797875,107.15213382215464,28.5723260708609,14.052666561563015,21.63998788679959,27.003632486773917,39.686690958404654,57.20792244140656,58.06584142139539,51.49639966926513,44.76108637896289,51.22337735600654,41.32379175346431,12.919133201857441,61.542712003579396,50.251435963031845,73.79623452496017,65.21250632564883,71.6781885729361,22.887478172893207,14.69291365902681,20.040843702962555,83.42864483190522,79.5640390185339,78.0289908446472,37.11601612066217,37.91119114392754,32.60176209640163,30.37899327376748,35.31056286999385,33.15021524870827,13.235271534723088,35.649609261198094,49.75185563686403,55.417147989362526,51.76917139605253,47.223866923715754,45.61130400140341,49.710308399938484,26.265674930510205,21.763475340603975,25.139954077374405,24.415302551359844,84.96712325615329,84.86889335944153,25.718923093285383,23.974738123454575,45.1269455225859,49.219687932263255,48.63113270305344,54.31999132102156,28.4340524560508,32.00189706445816,24.420484234097266,98.9363166798643,87.65651749969788,58.460932757659606,71.37945608773202,28.090356516402196,43.776924830447605,54.757142204330215,42.667405896193934,41.244884857976444,37.32196768412784,33.41169944711501,60.889394093034085,55.16065324602687,60.760887782012674,72.59093587282429,74.84267806011779,66.78647336280758,86.53236431552594,94.91362421469307,99.9384175467954,89.92529399844499,101.52189016409514,28.086759208393367,31.44935122253206,48.364809401458345,52.88041659266338,64.98895535039406,106.50975261893032,81.77380518760671,98.29472621617134,93.9518844753905,87.77318499210199,55.680024334831515,51.868893674415034,55.29365897635344,23.003111467087713,23.485493097076834,27.40183399094693,5.0521491332471395,3.197629492312471,1.7923553719008263,110.67879872046089,98.509373018816,114.06122604594242,111.65918209322103,52.528247934622215,49.164302753539026,47.277130470317125,42.69288218743296,42.301129108452244,34.165246377553466,45.60233300573432,34.95684904008536,22.537377020297114,63.66589776255726,64.26319567531795,47.05749421260137,53.862297915662474,46.33473890225734,55.3048574073221,50.86115739617598,41.25743935155551
152,106.24319543662877,81.82287001866837,73.62320178230003,19.24074337476273,32.96440816460499,9.12303127015081,102.02380929732753,117.09569456609896,84.37832857764877,50.476451476996104,51.274942483191964,94.47463012867402,76.13576550599868,85.16011381909775,27.31479138802733,104.36046688682954,85.85089162279385,73.5378965789141,69.3473557267425,42.99904316936116,34.53610032209228,39.00367019813936,50.37807122840161,85.67633308695349,102.21154868155321,14.305040549594448,114.68079831169898,111.20323722457209,104.98774607872267,76.07367574702269,104.61491795827784,75.89856592094566,92.6520144890224,31.957404044348912,73.96157704724851,80.9819519386036,92.98721009008071,88.36480294484873,77.5464949472272,28.601151979303438,98.44299544688832,113.12514636129107,105.46876073166845,67.23456095343722,43.76664788946238,25.143523542441994,10.905929733719034,32.96181030681509,99.1735385392703,59.21720829634006,104.1892439353503,82.42433880402753,107.2488824743922,96.13572886616437,83.81787801333151,88.97500884517052,74.40262594233144,85.7727921726021,72.16421495530594,100.43463444566083,86.16341193250238,97.36284524705971,100.20625550439422,101.70654455043089,99.20197175086952,83.4766794741408,74.02018643856889,84.24778416332826,35.35076250856315,89.12017637223283,87.81349600243625,80.68634343140721,103.03166808450806,87.24378487586094,91.35078576712154,85.3267092737421,22.187054237888717,45.81131098554155,3.419808590166233,4.798503056916115,83.73031753170474,103.36520424626818,89.28821409123367,101.30724336145047,74.9670079299525,63.82811630683791,61.29631867932736,71.23928358432903,65.37508682816566,69.81536215753867,70.1042382415421,101.00802084048048,60.25862896489711,82.80729061790899,42.20594812517855,52.32331831847198,53.03456625257128,91.04376722260301,95.70791650534923,95.75696463064612,41.80243975640426,44.91143826168499,46.77910378027076,76.72784565157006,74.05641567371666,79.21558460885481,79.96400286951598,79.84642212863902,83.09098791484087,99.07398331855528,76.83138798147135,65.47216402710993,63.807868919964676,61.74404988030904,67.61548023260781,70.16391680180627,68.24503697709477,86.95234724126303,92.32429750198244,88.8253474673913,89.03650833379211,36.322745777321465,29.687132491028727,100.19628773142855,96.29561417196871,67.6546107022333,62.505158953589586,63.13123533042095,57.707875862987066,87.26590887697408,83.27602096517754,91.10978840488275,18.694929956029625,26.134634911835512,57.59457736647358,44.63122690099698,85.60152467241686,86.77387398788363,73.76838601512709,70.19407070717443,70.77201777576997,71.75274083241327,78.16112230661868,64.13523508594494,66.14400306217128,60.34637877852433,49.64217672271237,47.35157135802932,56.32331321794042,25.749129788870142,15.877665556985203,16.274194925478824,20.76253429923338,15.738616571947317,93.10974130591097,95.30661062459919,74.43456736452751,67.78054432548367,50.13246307509267,14.350267286891377,34.35639641070986,23.8972178064407,22.085626635060848,28.285891924176426,56.11411249460322,59.145295547692896,59.63455727983539,89.64752167941002,92.96794834332752,84.02664995537353,107.05480603673921,110.74714757262872,110.43804637610506,1.7923553719008263,13.3445524061867,5.65543416934959,7.3036574398342005,119.71492459770656,114.0676744711347,114.76373686507908,100.0059199735494,103.42994465325069,101.70299179112806,106.68348143512159,96.52482840147266,106.72198265427494,50.91724421701957,59.034647699185925,84.33382442036304,60.308339752195636,78.17691482289274,59.140578953446024,66.11445056433402,74.73394023738021
153,91.68452239805865,69.68765215463688,61.48798391826854,24.360510538655895,26.583424144584505,7.0117687495881,89.88859143329606,104.96047113347923,72.24311071361731,42.771555202214365,43.095073473714606,82.33941783323078,64.00054207337892,73.02489595506627,15.17957196479114,92.22525459138632,73.42376279416328,61.402673146294376,57.212137862711025,30.86382240966379,22.400879785138436,31.298771027691735,38.24285069144776,73.541115222922,90.07633638610997,9.859078355158061,100.12212527312882,96.64456418600196,92.85252821469119,63.93845788299119,90.05624491970771,68.19366675049802,78.093335881864,32.66572579669515,61.82635918321702,68.84672850598389,80.85199222604923,76.22957951222901,65.4112770831957,32.39464402506955,86.30777758285684,100.98993406584785,93.3335372990487,55.09934308940573,37.533273333823146,29.134884457202176,15.344864369785226,20.82659110632242,87.03831510665056,51.512309125892436,89.63056532819192,67.8656657654574,92.69019829864556,84.00051100213288,71.68266014930003,74.41633023801214,62.26740807829995,73.63756873998236,60.02899709127446,88.2994110130411,74.02819406847088,85.22762738302822,88.07103764036273,89.5713266863994,87.06675945542628,68.9180008669824,66.31528726812125,72.11256073070852,33.87845004988928,76.98495850820137,73.25481739527785,68.55111999878747,90.89645578906485,75.10856144324123,79.21556790309006,70.76803066658371,26.317510022853952,33.67609312151008,11.789902801663615,8.699163697251244,71.59509966767328,91.22998638223669,77.15299622720218,89.17202549741899,62.83178449733275,56.123217136390295,53.591425077467974,63.53438998246965,53.23986339554595,62.110462987091054,57.96902037751062,88.87280297644901,52.55372979444949,75.91016529026825,30.07073026114706,44.61841914802436,46.42253036892466,78.9085493585715,83.572704209906,83.62174676661463,34.22858906888546,36.848133614357366,38.60103052913192,64.59262778753859,61.92119780968518,67.08036674482332,67.82878500548448,67.71120426460753,70.95576448222113,86.93875988593554,64.69617011743988,53.33694616307844,52.080466616346285,49.60883201627755,55.48026236857632,58.02869893777479,56.56002833581576,74.81712937723154,80.1890740693627,76.69012960335982,76.90129046976064,24.187525017624097,17.551913067792533,88.06106429880884,84.16039073934897,55.51939283820181,50.36994108955811,50.99601746638946,45.57265532603322,75.1306910129426,71.1407975325578,78.97456497226301,16.667178662462554,15.202438147346106,49.889683764614205,36.92633062621525,73.46630680838538,75.31789024410813,66.87126068748637,58.05885284314296,58.63679991173848,59.61752296838179,66.02589887399894,56.27559598523502,58.439103891723654,52.64147960807671,41.93728044793063,39.491929584397035,48.4636741172305,13.6139092519163,3.742446579236069,12.126852508020354,8.62731487599718,9.406583115557618,80.97452344187948,83.1713927605677,66.72966819407989,60.07564515503606,37.99724253813882,23.488138176495095,26.65149724026224,18.392591698562573,14.086032205889646,20.426252823466513,43.978894630571745,47.01007768366142,47.4993394158039,77.51230381537853,80.83273047929606,71.89143209134204,94.91958260411947,98.61193527718548,98.30282294348532,13.333966519925415,1.7923553719008263,18.859194845120015,14.096226954512325,105.15625155913642,99.50900143256459,100.20506382650893,85.44724136639098,88.87127161468052,87.14431318396966,92.12480282796321,81.96615536290253,94.58675922165523,38.782023680065734,46.89942983515444,72.19860098774332,48.173116319575904,66.04169695886125,47.005361089414535,53.97923270030253,62.59871680476049
155,107.19026751448358,85.19340283965009,72.49854185659743,13.876502935845766,28.532148706644605,14.648605738790963,105.39434211830925,120.46622738708069,83.25366865194619,56.00202795032802,45.91070471719736,97.84516294965574,79.50629275839214,88.53064664007947,30.68532131334316,107.73099970781126,88.92951347917648,76.90842383130756,68.69511255372926,46.369573094676994,37.90663047015163,44.529243775805405,53.748604049383324,89.04686590793521,105.04631648992532,19.83061568646519,115.62787038955378,112.15030930242692,108.3582788997044,75.12917078835065,105.56199003613264,81.42413682568932,93.59908099828894,26.59316360543195,77.33210986823022,79.85729201290101,96.35773734247417,91.7353301972422,76.42183502152457,23.236909981181768,101.81352826787005,116.49567918227278,108.83929355265013,70.60509377441895,39.334388654245515,19.77928443998621,16.431504870589777,36.33234045487444,102.54407136025202,64.74277920108372,105.13631601320512,83.3714164504706,108.195954552247,99.50626168714606,87.18841083431323,89.92208649161358,73.27796601662882,89.14331942499555,71.08334640759321,103.80515612946606,89.53394475348409,100.73337806804142,103.57678832537593,105.07707737141261,102.57250457185124,84.42375155199562,79.5457629119008,87.61831141572173,29.986522069646185,92.49070919321457,88.76056808029107,79.74183290414692,106.40220090548978,90.61431212825441,94.72131858810326,86.27378692018516,16.82281379897175,49.18184380652327,8.945383058806385,10.324077748299798,87.10085035268648,106.7357370672499,92.6587469122154,104.67777618243217,78.33753518234596,69.35368721158159,66.82189515265927,76.76486005766097,68.74561408055914,75.34093306228236,73.47477106252381,99.88335534618962,65.78419986964079,88.33286152265265,45.57648094616026,57.84888922321565,47.67032291798842,94.41430004358472,99.07844932633094,94.63231027353177,36.438199317487296,39.547197822768034,41.414860445687914,80.09837847255177,77.4269484946984,82.58611742983652,83.33453569049769,78.72176220293642,82.40509933162735,102.44450500236049,80.20192080245306,68.84269684809163,67.58621730135948,65.11458270129074,70.98601305358952,73.53444962278797,72.06577902082896,86.20155119341956,91.19963757627983,87.7006875416887,89.8665676667714,37.004705610153565,33.05766531201044,103.56682055241029,99.66613585577392,71.02514352321501,65.87569177457131,66.50176815140266,61.078408683968775,86.67429092422736,82.15136103947492,89.98512291059188,14.262672057273948,26.957360414090893,63.1201538398055,50.1568033743289,88.97205749339858,90.82364092912132,79.29396248845902,73.56460352815614,74.14255059675168,75.123273653395,81.53164955901215,69.6608059906886,71.66957396691495,65.87194968326801,55.167753196044295,52.87714226277299,61.84888969127235,29.119659936929498,19.248197041505733,21.799770062349562,24.133067120215088,21.26419014961335,96.48027969548093,98.6771434455809,79.96013826927118,73.3061207988156,53.502990327486124,8.986026625230885,39.88197021111942,29.422791606850264,27.61120177193159,33.81146550184246,59.484645315584935,62.51582836867462,63.0050901008171,93.01805450039174,96.33848116430924,87.39718277635527,110.42533885772093,112.35171400221554,113.80857919708679,5.691185174138549,18.870127543057446,1.7923553719008263,12.829232353961416,120.66199667556137,115.01475768616599,115.71080894293388,100.9529920514042,104.37701673110547,102.65006386898285,107.63055351297639,97.47190047932747,110.09251547525668,49.19391650584703,54.73971252311095,83.38931389310277,61.252137500160046,77.23240986422071,58.19606842618575,65.16994003707373,73.78942971011993
156,101.9366386168782,81.28152528063329,75.54507750748948,26.416171596526787,40.640520406727816,7.122011427614078,103.04596821913141,118.11785348790283,88.38448233572059,46.16989465724552,57.15216973585791,95.4967890504779,74.46919284625957,86.18227274090164,29.23666711321679,103.50324954896007,81.54433480304328,74.56005550071797,71.26923702052022,46.36266537232591,36.81454678570549,34.69711337838879,53.15371733533443,86.69849200875736,103.23370760335706,8.758953629280402,110.3742414919484,106.89668040482155,105.93330350057377,77.99555147221214,100.30836113852726,71.59200910119509,88.34545766927182,39.132830706908265,71.8948846160564,82.9038276637931,94.00937458047281,89.38696186665263,79.4683762410049,35.77657864186279,96.48343151642985,114.14730528309494,104.255688330337,68.25671987524109,51.59036959596645,32.31895020500134,3.6991679568521576,34.88368603200454,100.19569746107418,54.91065147658948,99.88268711559977,78.11778198427697,102.94232565464162,97.15788778796824,82.95976413275395,84.66845202541995,76.32450723610914,85.18785652575409,74.08609068049539,101.38018073033543,85.83374037098704,98.38500416886359,101.63161362695278,99.74698061997242,100.14752917272061,79.17012265439024,69.71362961881832,83.91811260181291,42.526189171122496,88.19343521007502,83.50693918268568,82.60821915659668,104.45703734424313,88.66914299841953,92.37294468892541,81.02015245399153,29.362480900448062,47.73318671073102,4.339250669590843,6.877450837126538,84.75247645350862,104.31076166811926,90.31037301303755,100.45002602358099,75.51774130777531,59.521559487087345,56.98976185957678,66.93272676457846,66.76581946899218,65.50880533778812,72.02611953531982,104.71234597828176,55.95207214514653,78.50073379815842,44.127826523290366,48.0167614987214,60.47962395814561,92.06592614440687,96.73007542715311,96.21648453295089,48.28568533102877,50.905227203578306,52.65812411835286,78.74541199722978,76.07398201937636,81.23315095451451,80.98616179131984,81.76829785382849,85.10854869191233,100.09614224035914,77.85354690327523,64.02901983368415,59.5013121002141,61.05306603884773,66.17234160777026,68.09722993920242,63.93848015734419,88.96991358692273,96.02862263978373,92.52967817378084,90.05866725559599,38.244621502510924,31.60901088914055,101.62164585398713,97.72097229452729,70.56848030668198,63.819273388698555,65.0531110556104,59.629751588176525,89.18778460216356,85.19789669036697,93.0316641300722,25.870357955050157,29.25953440948941,53.28802054672302,40.32467008124641,87.66589500230913,82.46731716813306,69.46182919537651,70.96955230672557,71.79417669757385,72.77489975421716,79.18328122842254,59.82867826619437,61.83744624242071,56.03982195877377,45.33561990296181,43.045011865356386,52.01675639818984,27.67100551405961,17.799542618635847,11.967638105728252,22.684411360884017,15.50326286252709,92.2525239680415,93.53279252377325,70.12801054477694,63.473987505733106,52.05433880028213,21.525693949450726,30.0498395909593,19.590659650228954,17.779069815310287,23.979335104425857,57.42491918829231,60.4594044142136,56.53647877611087,93.27197098736812,93.9928470105499,85.0488088771774,108.07696495854307,111.7693064944326,111.46020529790894,7.305633397688464,14.109029138896702,12.830861277396002,1.7923553719008263,115.40836777795599,109.76111765138414,110.4571800453285,95.69936315379883,99.12338783350012,97.39643497137749,102.37692461537104,92.21827158172209,108.14734077683353,52.83911994220904,60.95652342437539,86.25570014555248,62.2302154773851,80.09879611667046,61.06245467863548,68.03632628952349,76.65581596256968
161,16.98157001782273,38.342870777909816,69.40658323135852,115.06790429241414,102.73917241814283,111.34747479739684,44.002597437825244,58.002142340415475,60.94547534528944,69.84871800114999,99.827424445817,44.14352726923009,41.82148165529337,52.5032616791491,90.13206681730563,27.969278702104912,41.283831564189725,48.857779813374634,70.28954972129122,74.36538322412235,84.81088537565205,82.27257806847842,67.10455669217683,45.439504812412174,51.15936643408466,108.07884714137123,5.778573697760177,8.206677084282017,34.78614953590153,79.81103375031685,19.827958133409254,44.15452233535591,28.57722932418588,112.55867615307665,45.120171223609276,68.52505900578231,49.87723240128952,43.853840844264695,69.67983942532358,113.1022928751173,25.379859996316398,55.58927862072635,26.752394490745274,54.574336589293125,97.61465680767799,116.31165961499741,116.78833076910897,93.34924071791079,49.0102867397491,62.34769598367356,17.33075257610127,40.48847856884392,13.17439728719009,41.615048520315916,38.23037415810418,32.56301318644295,69.42229221880885,34.655830538033314,72.8684408996233,35.203236795749156,38.17979199811646,46.35014429027635,34.52453436429917,22.710505765418674,38.67050713179192,37.113844371245065,45.997869829058445,41.0402726513564,111.63486963692603,31.932835432994477,34.11458893025262,71.8003021446477,31.197598020718623,38.5881588487662,47.18554389938637,38.08045105667725,117.0249066722781,75.90316000625106,118.31920250180897,115.22846896598486,45.35245374523843,38.8369021172593,49.942735704862116,26.237275130440473,46.90619566987693,56.43713516174931,58.17803733743559,50.725617958196125,57.381255887832154,50.45259007634928,67.776056043355,53.22596419927652,63.289578137280316,42.15746510021715,86.39498167483565,67.11854498585825,96.83010954645755,51.091229188270304,51.06441086726328,55.2417875768143,105.08069695377444,100.79737228419856,99.42584013565448,63.568280410552866,61.42456883528931,60.01936900219199,56.086664923124076,62.833811463455376,61.57394621506784,43.403389499295145,44.669483102267385,52.06520311595587,57.19040923136356,55.69964803982087,50.98303708718112,47.20300142354688,51.48357521052777,56.229332154062604,57.07356354413549,56.644670877200056,54.566340096567615,94.60321996851917,90.99768158625454,28.494454932787345,32.83920959500347,60.06893500619606,62.90552931151382,62.83092136615416,68.7547855454052,65.79762016732079,65.31334789024937,61.51323189738936,107.37457664834788,94.283415945381,62.45374974687513,74.8527794792014,42.84678393379202,37.020695922682236,50.264076658357,51.221628819296356,52.26906913175054,54.7919959981805,53.11373487170684,60.11861238196508,55.27928645008285,59.99010607094367,72.26026753401237,74.07189634904879,66.01569165173859,93.15926276120904,101.5405226603762,103.81892167961752,96.55219244412811,105.40239429691724,32.89967043054486,28.014431488549896,47.471012007381404,52.10963488159437,79.14814343657157,115.1960263708464,85.65430932042884,98.80777138872517,97.8323886082126,91.65369469351235,62.306928349102876,58.303798334450256,59.826790514777976,41.48212075022482,39.06944346687027,51.385640448993186,48.31074397814912,53.741743548660594,51.73573202361749,117.30570830332053,105.13627146449912,120.68812449162552,115.53969736321963,1.7923553719008263,4.478164449306043,6.898742222924698,21.173955409165913,16.61007702209647,20.85333146709396,12.654952247533496,24.955397252704785,30.820423728517227,83.79026895279313,94.53066126363512,83.90278784695175,75.1947464835705,83.18002964094184,83.94148953528207,81.89922650073821,76.44778464276479
162,13.315577705066149,33.54586344379737,65.74059225506312,109.5834351375361,97.25470326326477,105.86300564251881,40.33660356586395,54.33615136412007,57.279484368994034,64.36424327768371,95.0304086474504,40.47753629293469,36.337009604749426,48.83727070285369,84.64759766242759,24.303284830143618,35.79935684072342,44.06076958359631,66.62355874499582,68.8809140692443,79.326416220774,76.78810334501213,61.62008196871054,41.77351383611677,47.493375457789256,102.59436684931667,4.723811582732721,4.540685439756024,31.12015855960613,76.14504277402145,16.16196715711385,38.6700505075555,24.911238347890475,107.0742069981986,39.635699395808864,64.8590680294869,46.21124432066,40.18784986796929,66.01384844902817,107.61782372023927,21.71386768355982,51.923287644430935,23.08640217798869,49.777326359514795,92.81764657789967,110.82719046011937,111.30386161423093,87.86477156303276,45.34429576345369,56.863221260207254,13.66476004060116,35.004006518299974,9.508405419920567,37.949057544020505,32.74590233030378,27.135622061116816,65.75630124251344,29.858823203920878,69.2024499233279,31.53724581945375,34.51380102182106,42.68415331398094,30.85854338800377,19.044514789123273,35.004516155496525,31.629369647778773,40.51339800125804,36.24326531724396,106.83786497573595,28.26684445669907,28.630116879708677,68.1343111683523,27.531607044423218,34.92216497680491,43.5195502501686,32.595979228876836,111.54043751740005,70.41868528278476,112.83473334693095,109.74399981110682,41.68646276894303,35.170911140963895,46.27674472856671,22.571284154145072,41.421720946410645,50.952666006871254,52.69356261396929,45.241143234729826,52.58424565805383,44.96811824854887,64.11006506705961,49.55997322298113,57.805103413814024,36.67299327241673,80.91051251995762,61.634070262391944,92.03310488526746,47.4252382119749,47.39841989096787,51.57579103193066,100.28369229258435,96.00036762300846,94.62883547446441,59.90228943425747,57.7585778589939,56.353378025896596,52.42067394682867,59.16782048715997,57.907955238772445,39.73739852299974,39.87247576815494,46.58073128815545,51.70594007648552,50.215173316354566,45.498562363714825,41.718526700080574,45.999103382727355,52.5633411777672,53.40757256784008,52.978679900904645,50.90034912027221,89.11875081364111,85.51320686278825,24.82846395649194,29.173218618708056,55.27193034500596,58.10851908173549,58.03391113637582,63.95778088421511,62.13162919102539,61.64735691395398,57.847235352505706,101.89010749346983,88.79894679050295,56.969275023408834,69.36830475573512,39.18079295749662,31.5362238721383,44.77960193489071,46.42462148518392,47.472064470560454,49.99498576840217,49.44774389541145,54.63413765849879,49.79481172661656,54.50563134747738,66.77579837913433,68.5874216255825,60.53121692827229,87.67479360633101,96.05605350549814,98.33445252473945,91.06772328925004,99.91792514203921,29.233679454249454,24.348440512254495,41.98654285250336,46.62516015812807,74.35113320679324,109.71155721596834,80.16984016555077,93.32329109667062,92.34791945333455,86.16921997004604,56.82245362563657,52.81932361098396,54.34231579131168,37.81612977392942,35.40345249057487,47.71964947269778,44.644753001853715,50.07575257236519,48.06974104732208,111.82122801126596,99.65180230962108,115.20364419957097,110.05521707116509,4.510192073248211,1.7923553719008263,3.9796245581666594,16.194885755175857,11.631007368106411,17.187340490798555,7.675883261774027,21.28940627640938,27.154429856555943,78.9932587230148,90.86467028733972,80.23679687065635,70.39773625379215,79.51403866464645,80.27549855898667,78.2332355244428,72.78179366646938
164,11.431873093118643,33.73989800566673,64.80361045911543,110.46493152017108,98.13619964589975,106.74450202515376,38.45290051312115,52.452448311377275,56.34250257304636,65.24573966031866,95.22445167357392,38.593830344526005,37.218505987384404,47.90028333831776,85.52909404506255,22.419580440939647,36.680856119024284,44.25480436820919,65.68657694904815,69.76241045187926,80.20791260340897,77.66959972764711,62.501578351345515,40.8365291445032,45.60967240504647,103.47586323195165,8.957423683061831,4.351262559930925,29.236452611197443,75.20806097807377,14.278261208705166,39.55154689019047,23.974253656276908,107.9557033808336,40.51719845136619,63.92208066495099,43.03128529532268,39.250865399099254,65.07686665308049,108.49932010287424,20.776884551150964,50.03958459168815,21.202696229580013,49.97136381705005,93.01167846684667,111.70868684275433,112.18535799686592,88.74626794566773,43.46059003778854,57.74471764284223,12.727776908192304,35.885502900934945,7.624700362486001,36.065354491277716,33.627401385861106,27.960037518533987,64.81931944656577,30.052855092867876,68.26546812738022,29.65353987104507,33.57681633020749,40.800447588315784,27.43534842795158,17.16080884071459,33.12081020708784,32.51086892607963,41.39489705681537,36.437299879113326,107.03189686468295,27.329859987829032,29.511616158009534,67.19732380381637,25.647901318758066,33.98518318085723,42.582568454220926,33.47747561151181,112.42193390003501,71.30018166541973,113.7162297295659,110.6254961937418,40.749478300072994,33.28720519255521,45.339760259696675,20.687579542197568,42.30321732904561,51.83416238950622,53.575058996604255,46.122642513030684,52.778283115589076,45.84961463118384,63.17308327111194,47.676264601650075,58.68659979644899,37.55448965505171,81.79200890259258,62.51556664502691,92.22713677421447,46.48825374310486,45.514716838225084,50.638809235982976,100.47772418153136,96.19439951195548,94.82286736341142,58.96530206972154,56.82159049445798,55.416396229948916,51.483692150881,58.2308386912123,56.97097344282477,37.853692574591065,40.0665103300243,47.462230343712775,52.58743645912048,51.096669698989544,46.380061642015676,42.60002308271555,46.88060243828468,51.626359381819526,52.470590771892404,52.04169810495698,49.96336175573629,90.00024719627608,86.39470324542322,22.944758230826793,28.236233927094496,55.46596223395297,58.30255653927074,58.22794859391108,64.15181277316212,61.19464739507771,60.710375118006304,56.91025355655803,102.7716038761048,89.68044317313792,57.850771406043805,70.24980113837009,38.24380848862658,32.41772315043916,45.66110121319156,46.61865337413093,47.66609635950746,50.18901765734917,48.51075653087551,55.51563404113375,50.67630810925153,55.38712773011235,67.65729476176931,69.46891800821746,61.412713310907264,88.55628998896596,96.9375498881331,99.21594890737443,91.94921967188502,100.79942152467419,28.29669498537942,23.411456043384455,42.868039235138326,47.506656540763046,74.54517066432848,110.5930535986033,81.05133654818574,94.20478747930557,93.22941583596952,87.05071635268102,57.70395000827153,53.70081999361892,55.22381217394664,36.87914508231586,34.466468021704834,46.78266210816186,42.76104727618856,48.19204395103414,46.18603532165692,112.70272439390095,100.53329869225604,116.08515171938244,110.93671345380005,6.973263298307673,3.861814614197394,1.7923553719008263,17.318540662071285,12.754662052258318,16.2503573583897,8.799538836900052,20.352422921256995,25.270726803813147,79.18729618055006,89.92768849139205,79.29981507470868,70.59176814273916,78.57705686869876,79.33851119445075,77.29624815990688,71.84481187052171
167,12.196700646888326,19.291501056652066,49.38544253008199,95.32907430959551,83.00033686673592,91.60864481457821,35.280868484528,49.28041895570648,43.78638296621671,50.109882449743104,80.77605338809806,32.733991120039235,22.082647440347653,35.57970387724292,70.39323126589873,20.254509097614232,21.544996012782825,29.80640875565571,50.26840902001469,54.626547672715446,65.07205539283339,62.533742517071545,47.365721140769935,26.82294293527144,42.43764037645331,88.34000602137608,16.196543858012866,13.126780289073173,27.022039566602636,59.789887480452066,11.979421238463068,24.415689679614907,10.13775768584702,92.81984617025802,25.381338567868266,52.19007870743894,35.6638592785272,27.769015562907313,49.65869872404706,93.36346289229866,10.940527372509866,46.86755523601735,18.712781513494633,35.5229655315742,78.56328574995906,96.57282963217878,97.04950078629034,73.61040516650391,38.36413454351026,42.60886043226665,9.282129400320274,20.749644353898198,11.665867398775536,30.75074665668027,18.49153994315847,12.881258337510332,49.401151517532334,15.604460816775566,52.84730019834677,24.76881056624665,19.03279714298627,35.147380959946126,22.802512653390473,14.20407781251361,28.264600315634738,17.375008819838172,26.259037173317438,21.988902930098657,92.58349857920709,13.589852950680765,14.375756051768079,55.07922934865047,23.0222491456947,19.688594411763535,32.97216788095816,18.341615505270347,97.28607668945946,56.16432445484416,98.58037251899034,95.48963898316622,25.33131037103955,30.115175836884422,32.890919505483375,15.973449506994504,27.16736011847004,36.6983025060083,38.4392017860287,30.98678240678923,38.329884830113215,30.71375452494238,42.885288048611265,42.02319819602394,43.55074258587344,22.418630885271433,66.65614612342878,47.37970943445134,77.77873848873861,36.52398052379674,39.077239490418826,40.6745362394184,86.0293258960555,81.74600122647962,80.37447464652382,43.54713703635398,39.39173954462163,39.998225627993115,36.06552154892519,42.81267076217885,41.552802840868964,32.66014317560379,25.618114940214333,32.32636756454897,37.45157657562255,35.960809815491615,31.24420153577423,27.464165872139986,31.744739659120867,38.75470685903866,42.506317775327815,42.0774222127265,38.94081197398502,74.86438998570053,71.25884603484766,18.068724165207367,19.320165476035385,41.017566844143005,43.85415825379489,43.77955030843522,49.70342005627451,50.4050900185856,48.8432402294566,46.94597766432756,87.63574109694098,74.54458596256237,42.71491419546823,55.11394392779452,22.82564055959314,17.281861707736525,30.525241106950105,32.17025776157743,33.2177009696975,35.74062226753921,33.092588601842074,40.379776830558185,35.54045089867596,40.251270519536774,52.52143198260548,54.333060797641885,46.27685342740933,73.42042720980216,81.80169267755754,84.08008612821061,76.81336246130945,85.66355874551036,16.732132012259683,11.84689173380354,27.732179351640397,32.37079933018747,60.096772378852634,95.45718525085124,65.91547933761018,79.06893026873001,78.09355862539397,71.91485914210546,42.568092797695975,38.564962783043356,40.087954963371075,26.290752956317665,26.33311320712756,32.71649728868334,39.589017920517776,45.02001459536336,43.014005965986144,97.56686718332534,85.39743591309222,100.94928337163037,95.80085624322447,21.1221577377352,16.133249947513928,17.36673523416139,1.7923553719008263,4.460955061437905,9.934184577794237,8.227398469387012,7.300775584043594,23.977806415579753,64.73889789507419,71.91243680621716,67.2244595343536,56.143375425851545,66.18914760710567,61.005109356847626,61.87808023087342,56.426643941488244
168,8.370055231379638,22.70472690727743,52.79866971716854,98.7422959280938,86.41356405382247,95.02186643307648,34.49666090719073,48.49620580978097,47.199610153303254,53.523109636829645,84.18927500659635,33.36828940604842,25.495873290973016,38.99293106432947,73.80645845298528,18.01423396998652,24.95822319986937,33.21963326981989,53.68163063851299,58.03977485980199,68.48527701133169,65.94696970415808,50.77894275926823,30.236170122357983,41.65343279911605,91.75323320846263,13.606344213408317,8.944418802065194,24.83110636298784,63.203114667538614,10.392338839516814,27.82891397103557,13.550984204702978,96.2330677887563,28.794562859288924,55.60330589452549,37.37100467224825,32.49334725178249,53.071920342545354,96.77668451079694,11.392623678448153,46.08334498575773,16.797349981370406,38.93619271866074,81.97651293704561,99.98605125067706,100.46272240478864,77.02363235359044,37.89430161576841,46.0220876193532,5.73160443782838,24.16287020452356,7.839221983266846,30.83981065713425,21.904765793783838,16.294484188135698,52.814378704618875,19.01768666740093,56.26052738543331,24.355612853919162,22.4460227708681,35.5749066498382,22.018303739592024,12.755461256043809,27.895269268610253,20.788234670463535,29.6722614647381,25.40212878072402,95.99672576629362,17.003078578562604,17.788981902393445,58.49245096714876,21.242554847804932,24.412924764177532,34.67931327467921,21.754841355895717,100.69929830795775,59.57754607334245,101.99359413748864,98.90286060166451,28.744537558126087,29.330965586624792,36.304146692569915,15.189240593196054,30.580584632634224,40.11152679742895,41.85242630019288,34.40000692095341,41.74311201719976,34.12698171202892,46.298515235697806,42.4507236631725,46.96396977295997,25.8318567358968,70.06937331051532,50.79293662153789,81.19196567582514,38.58499856356315,40.28917322682514,42.735556952107146,89.44255308314203,85.15922841356615,83.78770183361036,46.960361327774635,42.804963836042276,43.411452815079656,39.47874584034584,46.22589527634303,44.96603002795551,32.190313143527845,29.031339231634995,35.73959475163551,40.864803762709094,39.37403700257816,34.65742872286077,30.877390386304157,35.157966846207415,42.16793404612521,44.56733581509422,44.1384402524929,42.06010947186046,78.27761717278707,74.6720732219342,17.28451502866539,20.332981643218673,44.43079113556366,47.26738544088144,47.192777495521774,53.11664167477281,53.291389542613636,52.80711726554223,49.00700127268221,91.04896828402752,77.95780758106065,46.12813870963242,58.52717111488107,26.238864851013794,20.695087558361884,33.93846562111428,35.58348494866397,36.63092526111816,39.15384945462576,36.505815788928615,43.79300134472237,38.95367541284014,43.664497706623315,55.934659169692026,57.74628798472844,49.69007771882999,76.8336543968887,85.21491429605584,87.49331331529716,80.22658407980774,89.07678593259692,18.7244379051609,13.839198963165938,31.145406538726945,35.78402384435165,63.50999956593918,98.87041800652605,69.32870095610848,82.48215745581656,81.50678024389225,75.32808632919199,45.98131731186016,41.97818729720755,43.50117947753526,28.97589012551767,26.56321573782901,36.12972447576988,38.80480744751462,44.23580701802608,42.22979549298298,100.98009993900016,88.81066310017877,104.36251612730517,99.21408899889929,16.93979714170134,11.950889351480068,13.184373301666348,4.441479258152438,1.7923553719008263,8.347102178847985,4.99177449945184,10.780166063782005,22.062373546994344,68.15212508216075,75.32566399330369,70.63768672144013,59.55660261293809,69.6023747941922,64.41833654393417,65.29130741795996,59.83986555998655
171,4.642502398274256,18.330699735841197,47.38434806846273,97.04685013828384,84.718107126836,93.32641507467827,26.445634996952073,40.44518279520819,40.38821881034362,51.82765270984318,82.78543947762005,25.317263495809765,23.8004219325748,31.946005144203284,72.11100709458705,11.419273605346532,23.262769168548793,28.84560743484484,49.66606596630045,56.34432350140377,66.78982565293347,64.25151277717163,49.08349140087002,24.88224827746635,33.60240688887739,90.05778185006442,17.162950074268082,13.520639408129647,18.186804519822005,57.788793018832806,3.7216107039566744,26.13345993971498,10.440418030458392,91.75784956812102,27.0991115008907,47.96780247083649,29.31997876200959,23.296584309318874,47.65759869383954,92.30146629016167,4.792070892001497,38.03231907551907,9.373359581603099,34.562164210763335,77.6024815334823,95.5108330300418,98.76726547780217,75.32818099519224,29.843275705529756,44.32663358803262,4.356532894593277,21.522148095197316,7.370645997264564,22.788784746895587,17.712419382558394,14.541950568058496,47.40005705591307,14.643659495964698,50.84620573672751,16.304586943680498,17.754139245719657,27.52388073959954,13.967277829353359,5.2049694597682485,19.844242021910414,19.092781975604137,27.97681010633988,21.028101609287788,91.62269993131859,11.507183348828264,16.093529207534047,51.24304560970189,14.187014321657593,17.96467509377542,26.62828736444055,20.05938866103632,99.00384138097128,57.882094714944245,100.29814834767868,97.20740367467806,24.728972885913535,21.279939676386135,29.385479169916294,7.138213791983272,26.866996036909015,38.416075439030735,40.15697494179466,32.7045555625552,37.36908350930236,32.43152768070835,47.15257228836423,34.39969775293383,45.26851574163939,24.136402704576216,67.38470679839412,49.097479694551424,79.78813014684883,30.533972653324483,32.23814731658647,34.68452836894613,85.06852167957875,80.78520257859111,79.41367043004706,42.94479665556209,40.801085080298535,37.99713116637385,35.46318116813329,40.811573627637216,39.551708379249696,24.139284337623295,24.657313396659944,34.04414072031493,39.169349508645,37.678582748514046,32.96197469154019,29.18193613224006,33.462512814886836,35.672078514782676,36.51630990485556,36.087414342254235,34.00908356162179,76.58216581438884,72.97661629494775,9.233489118426728,12.281954396518831,40.05676530058861,42.89335693298403,42.81874898762436,48.74261583979775,45.24036652804086,44.756094250969454,40.95597268952119,89.35351692562931,76.26235622266243,44.43268735123421,56.831719756482855,22.22330151526242,18.99963464075896,32.243014262716066,31.20945644076656,32.2568994261431,34.77982072398481,32.49025111671607,42.09754709065827,37.25822405444192,41.96904367530274,54.2392078112938,56.05083105774197,47.994626360431766,75.13820303849047,83.51946293765762,85.79786195689894,78.53113272140952,87.38133457419869,12.103309853364902,7.218070243139349,29.44995228466284,34.088572485953435,59.135973730964125,97.17496107953957,67.63324959771026,80.78670609741835,79.81132888549405,73.63262940220554,44.285863057796035,40.28273593880933,41.805728119137044,20.92486421527901,18.512188268385636,30.828383914047365,30.753781537275955,36.184778434865066,34.178769582744316,99.28464301201367,87.11520617319229,102.6670592003187,97.5186320719128,20.820784405239927,17.456839224156738,15.013619793461313,10.020326628622215,8.439009054974825,1.7923553719008263,11.7402129522569,6.140606107538504,14.638383147227037,63.77809924718571,72.50842610073931,63.34553131200593,59.043329128266066,62.62277867458427,61.91924880379804,59.87698576925416,54.42554391128074
172,10.611180125574144,25.980513094868854,56.074453009094086,102.0180847886076,89.68934734574802,98.29765529359028,37.89552113659495,51.89506603918518,50.4753934452288,56.798892928755194,87.46506386711016,36.76714963545263,28.771659255820918,42.268717251920904,77.08224731349907,21.413094199390727,28.2340093874608,36.49542213033369,56.957419499026784,61.31556372031578,71.76106587184549,69.22275299608361,54.05473161978202,33.51195630994942,45.05229302852025,95.02901650038817,6.715874016955693,4.612321986426034,28.22996659239205,66.47890352805241,13.457568241160665,31.10470015862699,16.826770169550876,99.50885664927009,32.070349046880345,58.87909475503928,40.76986490165246,34.74647044896175,56.34770920305914,100.05247337131075,15.78885214300243,49.48220231949605,20.196210210774616,42.21197890625218,85.25229622897115,103.26184011119085,103.73851126530244,80.29942121410424,41.29316184517262,49.29787091127875,8.12623103100214,27.438656169371463,6.640068156891917,34.23867088653846,25.180551981375267,19.570270152983603,56.090161996544424,22.29347285499236,59.536310677358856,27.75447308332337,25.721810294920715,38.97376687924242,25.417163968996228,16.154321485448015,31.294129498014463,24.06402219451615,32.94804765232952,28.67791496831545,99.27251462680746,20.27886476615403,21.064767867241347,61.76823982766254,24.64141507720914,26.3776062272368,38.078173504083416,25.030628879948324,103.97508716847153,62.85333493385626,105.26938299800241,102.1786494621783,32.02032352297399,32.729825816029006,39.579932657417814,18.588100822600264,33.856370597482126,43.38731298502039,45.12821516070666,37.6757957814672,45.0188982047912,37.402767899620365,49.57430120054572,45.8495838925767,50.23975306488552,29.10764292348823,73.3451621710291,54.068719913463426,84.46775453633896,41.983858792967354,43.68803345622935,46.13441718151136,92.7183363750676,88.43501727407997,87.06348512553589,50.236150188288434,46.08075002363371,46.687238779927554,42.75453470085964,49.50168124119094,48.2418159928034,35.58917337293205,32.30712541922642,39.015380939226944,44.140589727557,42.64982296742606,37.93321491045221,34.15317635115207,38.43375303379885,45.44372023371663,47.966198717420795,47.537300481897105,45.45896970126467,81.5534004647126,77.94785651385973,20.6833752580696,23.731841872622883,47.70657999607745,50.543168732806976,50.46856078744732,56.39243053528659,56.69024977201785,55.532250708468666,52.40586150208642,94.32475714454131,81.23359644157443,49.40392467448031,61.80295440680662,29.514653711527583,23.97087352320979,37.21425448162809,38.8592711362554,39.90671412163195,42.429635419473655,39.78160197652005,47.068787309570276,42.22946137768804,46.94028099854886,59.21044803020581,61.02207127665398,52.96586657934377,80.10944325740248,88.49070315656964,90.76910217581096,83.50237294032155,92.3525747931107,23.120665701484583,18.23542675948962,34.421192503574844,39.059809809199564,66.78578285786472,102.14620686703981,72.60448981662225,85.75794631633036,84.78256910440604,78.60386962111754,49.25710327670805,45.25397615772134,46.776965442383165,32.37475035492188,29.96207596723322,39.40551066336131,42.203667676918826,47.6346672474303,45.62865572238719,104.25587766233744,92.0864463921043,107.63829385064247,102.48986672223657,12.607700103318649,7.4767645788333565,8.852277599744838,8.214921936043437,5.281358685136988,11.745962408252195,1.7923553719008263,15.176393860105687,24.450033836268652,71.42790837408629,78.60145285381748,73.91347558195393,62.83238590486363,72.87815808611775,67.69412540444796,68.56709627847376,63.115654420500334
173,10.64737750839714,14.339821951797493,44.99005559058392,91.80482617858931,79.47608873572972,88.08439668357201,25.7709141061001,41.269617854055994,39.39099602671862,46.585637214402794,78.99239559183621,24.691771820744552,18.55840198226382,31.184316937744835,66.8689887034808,14.801772654244687,18.020750777442515,24.854728314339958,45.87302208051661,51.10230511029749,61.54780726182719,59.00949438606534,43.841473009763746,22.427557332234528,34.42684194772518,84.81576345895813,21.12607111881304,17.483762011879318,20.08588801330844,55.394500540953985,9.01909913907209,20.891442885069893,5.087791216449947,87.7669760162044,21.85709310978443,47.79469176794085,29.668711601101137,22.252048127008294,45.26330911162661,88.3105871696568,5.487790929140321,38.85675413436687,13.26004484738156,30.571287763180813,73.61160798156567,91.51995390953691,93.52525265528415,70.08616260408596,30.11514242535493,39.08461519692635,9.25822345096746,17.225398895814358,12.31786065354817,22.501754761268472,14.967296044279339,9.299932176952222,45.005764578034245,10.652781711920998,48.451913258848684,16.519818448091325,13.763261461675958,26.898389064534328,14.981823154559713,8.751342037374652,20.01560842022294,13.850763584497862,22.734791715233605,17.037223825244084,87.63182081081374,7.516305787528092,10.851510816427771,50.683842409152376,17.56951270232516,14.171626975864518,26.977020203532106,14.817370269930041,93.76182855845323,52.64007632383796,95.05612438798414,91.96539085216003,20.93592343154146,21.349506490175774,28.495532565985283,10.520712840881426,22.87611825286531,33.17405704792446,34.91495655068839,27.462537171448922,33.37820706171983,27.18950928960207,43.35952572965803,33.77420607786862,40.02649735053312,18.894385649931124,63.131903561010816,43.855464199111026,75.99508069247676,30.88270549241604,33.25349028637361,35.033261208037686,81.07764812766212,76.79432345808624,75.42279687813043,39.15175009685589,37.00803852159234,35.60283868849502,31.670134609427095,38.41728382268076,37.15741590137088,24.411151280192,20.666434276155062,28.80212500213102,33.927331117538714,32.436564357407775,27.719956300433914,23.939920636799663,28.220494423780558,34.359319919540575,36.865042743947114,36.43614718134579,34.35781640071335,71.34014742328256,67.73459790384146,12.615987499094292,11.07117402611065,36.06588618008372,38.9024804854015,38.82787254004184,44.751739614958765,45.58909647146653,44.4478532899585,41.304705528612736,84.11149853452304,71.02033783155615,39.19066896012792,51.58970136537657,18.430253620095044,13.757617808857393,27.000995871609796,27.21857999318404,28.26602030563822,30.78894449914582,28.697201662343982,36.85553159521788,32.01620566333564,36.72702528419647,48.99718942018753,50.80881266663569,42.752607969325496,69.89618464738419,78.27744454655132,80.55584356579266,73.28911433030325,82.13931618309242,8.483140116847888,3.5979007293658647,24.207933893556557,28.846554094847164,55.14509461045925,91.93294825702154,62.39123120660398,75.54468770631208,74.56931049438776,68.39061101109925,39.043847562355666,35.04071754770305,36.563709728030766,20.773785520418645,18.084121311715762,28.321110349185254,31.578219491789653,37.00921616663523,35.003207537258014,94.04261905231917,81.87318778208602,97.42504637780067,92.27661368080655,24.783907008989594,21.419961827906413,19.832720612823298,7.305046022999963,11.222997575335192,6.107170298999937,15.033265772803674,1.7923553719008263,18.525068413005503,59.78722012668081,70.11413362286052,62.829072594855504,51.191697657458164,61.79376066760757,59.52495632591922,57.482693291375334,52.031257001990156
177,14.076530857875728,26.76587336997366,45.650668351735355,104.52323672134685,88.2940540311456,101.54697108556849,14.823861684623628,28.82340814641857,34.97106564588498,62.08078798031232,79.9785758649635,17.60426759804814,34.45328160473129,27.910766649707128,79.58739924623833,5.91115532440571,34.73607679036682,33.86221494222118,47.014588240143084,63.82071565305503,74.26622337317298,74.29694527454252,56.559889121109535,22.66417644764845,21.980633576548936,100.71064709080912,29.570590180488455,23.058680409224156,5.6074160101352195,52.83993852468164,12.159498245258158,36.9093323992135,21.700235779526345,95.2449329411536,35.48311404114223,42.55064930637784,21.867466053231077,21.078514038705684,42.818910476683584,95.78853852601777,13.555129907282566,26.41054442672944,6.651254782453501,39.857482232922834,81.08955933792666,98.99790526589788,109.42013071854691,80.12321437614219,19.831552545752196,54.979495933111465,17.224594346184144,30.002877013333404,17.943327799351238,15.591135185095787,24.936622646051624,24.206784091454907,44.384944948509926,21.51385089870635,47.133444187729026,9.165211989675555,22.91288630461206,18.70493537265184,7.312368048316765,10.225243548391242,11.926242779890142,27.54927060634894,38.62966977849636,25.354589742842585,95.10977216717471,19.648649591792516,27.566836829352066,45.20717774207702,3.8810373808328285,19.608202039674378,21.78312844773929,30.9114311662701,102.43660874422346,62.20700003297516,106.32509823259457,103.23436469677046,26.3724998318125,9.658167032288283,25.11751556239696,10.07868543347139,35.21065125963088,49.068935111187216,50.8098372868735,43.35741523471168,42.66440153146185,43.08439002578719,44.50108899361862,26.91269744066829,57.04513033253625,35.60971032639425,71.59368524625805,60.87512736994024,76.98126653419229,25.116819488865833,24.350896259672286,28.196226516191558,88.5555994840231,84.27228038303545,82.9007482344914,40.293313360816484,39.973968857580616,35.779059336555946,34.11261765001248,38.59350179781932,35.60264089224042,14.22465530529825,31.73184280873626,43.89403491424574,49.01924102965343,47.52847983811074,41.558212612981066,39.031830548914385,43.31240700881764,30.254922454658136,31.099156517653388,30.670261177795588,28.59193039716315,81.2609549156416,80.45301401518725,9.14884524058125,10.460354244620286,46.002870421306014,47.10233248518205,48.11406700978387,52.95158871907343,38.62695230743086,39.338938190844914,34.61338408547733,96.82990907728058,83.73874837431369,53.85687967929623,66.87714668526553,22.813230849308546,30.47294382178169,43.716321884534096,39.55311166348844,37.327118628258134,40.06231451015047,34.13377828535856,52.75040676281475,47.91108639952076,52.62190602038159,64.89206748345029,66.7036962984867,58.647486032588255,82.61459519014176,90.99586065789711,96.45072162905541,86.00753044164904,98.03419424635517,14.572374661328496,17.33638085961627,40.22582496690489,44.741432158109916,63.344946610239795,104.65135879977908,78.28610926986676,91.43956576957481,90.46418855765052,84.28549464295025,51.76226077803556,47.95113011761909,51.65562231306784,18.706792385461107,16.294116661311264,28.610312306972993,19.13200978415222,24.563006681741328,22.556997829620585,106.76104073225319,94.59160389343181,110.1434569205582,108.17149731265755,30.691435623240523,27.327490442157334,25.44031548601307,23.60249470477588,21.814068860511725,14.906416005414563,24.44456837827405,18.444031643884173,1.7923553719008263,67.2651714830418,69.56627363657415,57.25039406398143,56.39184583352045,56.52764142655976,58.904136696394886,56.16422978884393,49.58685836704713
181,68.30988318725397,45.46441021198392,23.305620791585767,38.290311769093705,21.06470260338707,45.730065282989116,57.77169745290847,70.37278340984852,34.06074625047335,33.42325137206573,16.03367378890708,49.89524121568667,45.87359564510625,39.39270291038869,23.77049633932485,64.62437430914595,54.64209517110656,35.82148373750246,19.502191488717614,18.56246304230202,25.41731432087895,30.105617466526837,25.205457380947003,43.71763874428321,55.85339676137484,48.5773735520979,79.40323489566849,75.92566823995338,61.698125733019815,25.93624838687782,66.14916514347807,48.04575713773377,55.689062153559576,28.015578617729183,41.90281912818014,30.66436671576229,47.410364512761916,46.42722758448443,27.228915292974122,28.559195339769833,62.052471709066324,66.40223520504063,66.71120275544631,29.90760960557007,13.860211919551652,31.768562079649953,54.06316246239096,20.7014802976717,53.77198098285248,47.49215593696273,68.27280752669236,46.202159057560046,71.332440497146,52.383303151089855,48.826361838473964,54.308408657463715,24.08504628807836,49.38226286619184,21.890424006120384,58.11477260633907,48.331759830200724,52.44434601547503,59.434533589932485,66.09251032663308,56.00394354468567,50.13633324392569,45.28950085508386,46.150763883687965,27.880426308004395,52.729652634410854,54.473149772221156,30.54891317559646,62.71696577622729,49.56208928651573,46.074660661011706,51.98636861211524,35.207257316464904,15.367815417625106,50.50819799860346,47.41745889419109,45.25538501054834,59.21665700610341,42.47575179442924,62.74348896205712,39.97548908217258,45.03054212281978,41.33707573210398,50.39417001702936,26.905500151728255,45.8703380209806,23.425224266458265,50.6904411862274,40.56400533126464,58.83882272482275,10.348780005772213,35.29164080712387,13.036363121674697,44.04778653146561,49.11963153860581,45.439382303470694,21.326252065648085,17.0429302917381,15.6714008161164,27.61602127368931,29.242544646741813,30.78200046959936,33.68439878225517,29.528839801463587,33.21217960307689,54.82843683968174,39.14969528779203,35.2099970618834,38.22030904621594,32.8164311733993,37.02875923846674,39.90174983657977,40.160811699098204,37.00862879194672,42.00671227914112,38.50776781313823,40.67364526529856,21.337053790389902,21.238822557216942,60.56346462282206,57.2567478231735,25.53637363330775,24.381551337982856,21.520753275212712,18.525192481151688,37.481371195676886,32.95843863800209,40.79220318204143,35.30624454117854,26.377486613961217,35.68051203031397,30.88792058668296,48.15073059481506,56.53622262105142,56.16723125791012,35.20255742798278,32.707796480916095,30.372291589181618,36.6252787126337,51.14751090970261,42.12769542743817,44.67438078700411,41.48534206715509,45.44017304300204,48.731111136475384,28.896596101774744,35.17895485531777,46.99249765055943,30.190624639069682,42.952459032992664,55.12238590757996,58.916081318188915,49.175735065214155,46.93543075818401,11.550020493535797,42.879683153166916,34.887578475190566,45.34880631993535,41.00596457915452,39.051473632590856,27.001521991827556,30.217676840783167,32.83283913004665,47.774600301538584,50.15160231290437,37.95624926437228,60.329739836836424,63.15878870507683,63.715129651266366,50.94412936108559,38.77469809085245,49.18825325159783,52.814523487913355,83.7984881890486,78.79011105510423,78.84730045642112,64.72835655751891,68.1523812372202,63.76967954175326,71.40591245050287,59.80040097506611,66.30333150915072,1.7923553719008263,8.896295953391743,34.19639149162994,12.059216435148404,28.039487462747886,9.003149365865866,15.977021644984452,24.59650998156947
182,75.83782376032593,52.66057986577066,25.561911179017514,41.13669008396491,25.78561807474326,54.623919299061924,58.50165027493606,71.1014832995201,34.78944614014492,40.61942392151837,10.566068992169264,52.3369112423877,53.069765298893,43.21027085882098,32.66435035539765,68.44194225757823,61.8382648248933,43.01765606421158,24.239159863534404,27.39416314926222,34.24901465058268,38.93731490056467,32.40162703473376,47.5352066927155,56.58209665104641,57.47122756817072,86.59940454945524,85.67293624812163,64.13980132830909,20.52622145617314,73.01086868126711,55.24192679152054,62.88523180734634,28.215880737044525,49.09898878196689,31.487704762725052,49.85203453946295,50.24479263725083,28.052253339936883,31.894648950448946,69.47099509163432,67.13093509471219,70.52877070387859,37.10377925935682,18.354531957085598,35.06479879621395,62.95701647846377,29.5953343137445,54.50068644111229,54.688325590749486,76.5088330757382,53.39832871134679,79.52294283725652,54.82497317779088,56.022531492260725,61.50457831125046,26.245045983970144,56.57843808856684,21.59601675478104,61.194680806607195,55.69358384721775,53.173045905146594,63.25210153836478,69.91007827506536,58.4456135713867,57.332502897712445,52.48567050887061,54.49537957651102,26.888958548962943,61.741388095126034,61.66932499459615,27.210898237066353,66.53453372465958,55.86768575882169,48.516330687712724,59.18253826590198,38.05363563133611,24.199514188124123,59.40205201467627,56.311312910263894,49.07295006331472,61.65833260139269,46.29331974286153,66.56105691048941,47.17166140888169,52.2267144495289,48.533248058813086,57.59034523940437,34.101672478437365,53.06650767476735,28.162193977736234,49.723015918322616,47.76017765797376,66.0349923786095,19.18047877627123,42.48781046091061,7.56875832493688,45.06965855960289,49.848336996865626,46.16808219314226,19.319214583905993,15.454608770534687,13.919555028059712,34.277202844298955,33.97951435801978,35.75840833840641,38.396432355354264,31.785131525356512,35.46847132696981,57.270112434971026,46.34586761450114,42.40616671567015,45.41647870000269,40.01260372285194,44.22493156517585,47.097922163288864,47.35698402580731,39.26492051583965,42.73541216881268,39.23646770280978,42.21165303246785,30.230907806462703,30.13267790975093,64.38103257125434,61.07431577160578,32.7325432870945,31.577723887435496,28.716925601921822,25.72136213493843,34.09012879499726,33.91148291538216,38.47740787000485,40.027160012534736,35.27134063003402,42.876681684100724,39.719620693643165,51.96829854324734,63.732392274838176,63.36340091169687,42.398729754691885,39.90396880762521,37.56846391589073,42.997110869238774,58.34368056348936,49.32386508122492,51.87055311371323,48.681511720941835,52.63634536971116,55.92728079026213,37.790453013513435,44.07280887139058,55.88635166663224,39.08447865514248,51.846313049065465,61.427982379885925,66.31217999587832,56.37190471900091,54.131600411970766,20.38171926403481,45.726061468038125,43.719278804894294,54.24266033600817,49.899818595227316,47.945327648663664,34.1976945412802,37.41384939023581,40.02901145675576,51.59216824997087,53.96917026133664,41.77381721280457,61.05843972650798,63.887488594748405,64.44382954093794,59.83798894574664,47.66855210692526,54.65229125619042,61.708377503986156,92.97308258169308,89.60913740060988,87.16591930637566,71.92452621130565,75.34855089100694,72.45542427778568,78.60208210428962,69.94186934537872,69.69959120784267,8.929680308174888,1.7923553719008263,28.622643834278563,16.88384686264161,22.465738468935335,12.407115322463792,12.497469898930348,22.603047381517182
183,66.83772108046284,48.491350000827865,21.84972453106986,69.61226460692237,55.25212844519264,79.91748845187234,45.39597515807,53.767899207665984,24.09134436138794,53.12870323692007,39.041645074331434,40.67307437363127,50.13720751228078,33.96830211695225,57.95792218113042,57.74669449167061,58.46543217696478,41.23988159280651,26.049349087136704,46.94088240607975,56.65564656463877,58.571446960048604,45.94977125942976,40.24233583106307,39.24851545485819,82.76479672098111,81.66561865510579,76.67283356825853,52.47596445955266,9.827102853201902,64.01076600140404,53.42345975011438,57.820762283970126,56.691458155667874,47.502942292400974,16.044508925178388,37.05387624439194,42.951924448520764,18.224833968178906,60.3702234734064,62.17812690290425,49.79735100285808,60.26702639597654,40.256293386137344,48.047639320561935,63.540376214837295,88.25058563127419,54.88890613947727,41.39500575565798,61.57332810177222,67.50873039587512,50.02549049483001,70.52284015739343,43.16113630903446,50.72984451667709,55.5895013642563,19.928987470805552,51.83978666363768,19.040849321594273,49.530843937850776,48.400710089899434,40.067365219692284,51.95041223779166,60.90997002661402,46.78177670263027,53.95967024978391,53.168847189606865,47.202511387780966,55.364535967586285,54.44851990639597,58.29648677807936,12.221925015194966,54.73042968649992,48.57481757009163,36.852493818956304,55.8097000493852,66.52921015429357,43.42809175676756,84.69562116748668,81.60488206307431,41.78008187458465,49.99449573263626,37.19321635522348,57.56095423062632,44.92576356632722,55.85836394209293,51.546800961506534,57.896589750156295,37.22487377941886,56.69816273591964,28.81929852829083,34.68136541082072,52.338381349685434,62.66215416209272,44.35359112374587,53.67127863295816,36.044335743560225,33.40582169084646,35.40662658587678,32.47453388775513,47.794792002529334,43.93018618915803,42.39513244668305,27.990241541196387,30.890390144199614,28.46553725401046,31.103564166624203,24.492260440960564,26.897381150061268,43.420253857435384,42.7091562752188,46.037821776822426,48.21728636156671,43.16450530492507,47.856586626328124,49.88867585014115,50.98863908695958,29.692573001747967,27.250613408457983,27.57263083405336,30.54781349078906,55.524476959273116,55.42624706256134,55.38092989139125,52.07420752315444,33.44389145578229,36.155924683481274,32.20856697580796,37.897428266698455,19.048478287495357,20.30981631610297,23.435757362502947,69.49367038298413,60.56491245576679,47.454885375812395,57.925067510461524,44.67543035451728,60.35955405832138,63.31747676440765,45.554443146793204,39.56061255185979,35.25959915033931,35.704242680508706,61.97533562464163,52.955520142377196,56.44875680542489,61.0497081801336,65.00454182890292,59.24133698922283,63.084019270657954,69.36637802420098,81.17992081944264,64.3780478079529,77.13988220187588,54.135114191155864,59.01931180714827,56.325980571711675,57.76325547312304,40.1405698808132,74.20163888666147,63.35341086437823,79.53622948881856,75.19338774803774,69.35279066887351,41.917400587881815,41.99205018628159,44.60721247554507,44.29929738831845,44.96906758147355,34.48094635115215,43.724858530319764,46.553910071482534,47.110251017672084,85.13155809855706,72.96212125973567,83.37567642048106,87.00194665679658,83.97297990182999,80.60903472074679,78.16581662651257,66.99074588554446,70.41477056524575,63.45532159792257,73.66830177852842,62.64899558806041,58.03575433908623,34.2232487927547,28.629340173019713,1.7923553719008263,31.170612642064132,6.240914646871856,26.722939554574126,21.21717455902732,13.895444377402864
184,61.93729659831294,36.88308764279613,13.531327088184124,50.33882938701113,33.11322311697039,55.15216114894718,47.997405085968,60.598491042908066,24.286450987866992,23.911545784005295,25.74731442910098,40.1209488487462,37.292273075918466,29.309743696807985,33.19259220528291,54.541420664153485,46.06077260191877,27.24016116831467,9.419234279828679,18.156647941531485,27.87141076362932,29.787211159039156,15.693750456425393,33.63468242636839,46.07910172151202,56.99370442005704,70.82190675789246,67.3443456707656,51.923833366079336,20.64481434365021,59.110341519254135,39.46443189562365,47.1077395843718,40.0641020269784,33.32149655899235,20.890074348821827,37.63606947289907,36.34426837090372,17.45462292603365,40.60771585335315,55.05259479105566,56.62794283810016,56.6282435418656,21.326285477177585,25.908733992339673,43.817082593233266,65.70319361638306,32.75000081125501,43.9976915115779,37.980447675979946,59.69148495750457,37.620833815449906,62.751117927958205,42.60900811122702,40.24503926928618,45.72708341535357,14.310753921137888,40.80094029700406,12.07233870198533,48.03181896134661,41.27518087371672,42.6700509756122,49.351579944940035,56.00955111305238,46.22964850482283,41.555010674737915,36.70817828589608,37.56944131450018,39.928946821587715,44.14833006522306,45.89183009869926,21.844125204213768,52.63401213123484,41.44928278532067,36.30036829407123,43.40504337000509,47.25578050297058,14.643855733014592,59.93029386456152,56.83955476014915,35.17242846988998,49.44236463916294,32.39279525377089,52.66052974847642,31.394166512984793,36.449219553632005,31.82536724837766,41.812847447841584,18.32417758254048,37.28901545179282,12.834891598827072,40.91614614636457,31.052299743204212,50.25750015563497,20.45012246562394,25.779935219063432,22.750003761868598,34.273491268859246,39.34534206733123,35.66508993653022,33.37477413843611,29.091452141782597,27.71992288890442,17.53306339656978,19.15958676962229,20.699043928941013,23.60144224159683,19.754545875318414,23.43788723613641,45.05414447274127,30.56837271860424,26.628674492695612,29.316593060354215,23.30472558533887,28.447436669278957,31.32042726739197,31.579489129910414,27.234336425006255,32.23241991220065,28.733475446197758,30.89935289835808,33.385574303973215,33.28734440726144,50.480510977829596,47.17378860959279,16.95504950491526,14.869845749922417,12.009047687152279,9.013486002117132,27.174034182858193,23.18414471185692,31.017910815100958,47.35476215909597,37.013540286782316,26.16880644225354,28.70790738462438,38.06777427690024,47.95490005186363,47.58590868872234,26.621234858794992,24.126473911728308,21.814376469326604,28.202120755481328,42.56618834051483,33.54637285825039,35.162675198943674,31.973636479094658,35.92846745494161,39.219405548414954,36.219788149186314,44.60104804835347,52.73378452689158,39.612717832105375,54.317257144191316,47.009582079307265,51.893779695299656,40.59441249602638,38.35410551607387,11.356332520599047,54.928203666750235,34.56917506336879,51.09009876485576,46.747257024074926,40.56855486786405,17.489816403767122,20.705972589183908,23.321133541986217,37.69164398362376,40.06864599498955,27.873292946457468,50.55544746989594,53.38449633813637,53.940837284325895,60.36622522704364,48.196793956810524,61.23677376518114,64.45455464190545,75.21716561986082,70.20878848591644,70.26597788723333,56.14703398833112,59.571058668032414,58.554902684360925,62.82458988131508,51.219078405878335,56.220377864158266,12.08434613745481,16.883700742885956,31.1634792805172,1.7923553719008263,24.64335851450803,5.976373293516431,10.672373341842043,18.04293180089933
189,66.1228535640017,47.472615760797105,18.699728742639056,63.45496520827464,49.09482904654491,73.76018905322462,44.68110764160887,53.05303169120485,23.376476844926813,48.38385954185806,32.884345675683704,39.958209752836034,49.11847884083828,33.25343460049112,51.80061721389444,57.03182697520948,57.44669793693401,40.221150025698115,23.12916047148662,41.15717959305522,50.871943751614225,52.78774414702407,40.16606555073934,39.223607159620556,38.53364793839707,76.60749732233339,80.64688998366327,75.9579660517974,51.76109694309153,5.639280140326397,63.2958984849429,52.40472551008362,56.802033612527616,50.534153188431894,46.48421362095847,15.329642745178438,36.33900872793082,41.93319310415589,17.206103737531684,54.21292407475868,61.1593926628735,49.0824890549852,59.55215887951542,39.23756471469483,41.89033724899184,57.38307681618956,82.09328623262644,48.73160674082955,40.68013823919685,56.34633933034989,66.79386287941398,49.00676182338751,69.80797264093232,42.44626879257333,49.71111584523459,54.57077269281379,16.77899168237474,50.821052423606915,14.939670277976214,48.81597642138965,47.38198141845693,39.352500376153515,51.23554472133053,60.19510807874114,46.06690918616913,52.94093600975315,52.15011294957611,46.18378004341609,49.20723656893856,53.429785666365206,57.2777525380486,11.507058835195014,54.01556217003879,47.55608333006087,36.13762919816106,54.79097137794269,60.37191075564584,37.644386048077145,78.53832176883895,75.44758266442658,40.76135053021979,49.27962821617513,36.47834883876235,56.84608671416518,43.90703199921883,52.42972847132148,48.62661100939528,56.87786107871379,34.304683827307606,53.26952169655995,27.028641016600027,33.96649789435959,49.41819139757417,61.6434254906502,38.196288829432255,50.25224897691619,29.88703367199014,32.69095417438533,34.69175906941565,31.75966637129399,41.63748993095925,37.77288411758795,36.23783037511298,26.971512869753877,29.87165879983474,27.446805909645587,30.084832599515806,23.47352909659569,26.182516306522494,42.70538634097425,41.69042493085392,42.609180737462744,45.29709930512135,40.244315352813814,44.427942914046085,48.86994717869864,47.55999804759989,28.977705485286833,26.535748564919217,26.85776331759223,29.83294864725028,49.36717756062538,49.268947663913615,54.66606237493012,51.359345575281566,32.93555730888709,33.235734731370016,29.288377023696697,33.48580065094402,18.333612107495405,19.594950136103023,22.720892518964177,63.33636541574815,54.40761305711906,44.534695423701145,50.36015151141642,43.65669901015241,59.34082538687886,62.29874252437688,44.53571180242834,38.541880984751394,34.24086780597444,34.68551111340031,58.546694585281955,49.526879103017514,53.52856685331364,56.445950236947425,60.400783885716734,56.321147037111565,56.92671987201024,63.20907862555326,75.0226214207949,58.220748409305166,70.98258280322815,53.116385519713354,58.00058313570577,55.307246331680915,54.33461443376335,34.356864172122776,68.04433391942548,57.56970805135369,73.37893009017084,69.03608834939,63.56908785584896,38.99721063577057,39.07186312983622,41.68702252343382,43.28056582121005,44.25420006501243,33.46221478404375,43.00999101385863,45.83904255502141,46.39538350121096,78.97425313132108,66.80482186108793,77.21837702183333,80.84464725814884,83.25811238536883,79.89416720428567,77.45094911005143,65.97201164551369,69.39604189380323,62.74045408146144,72.64956753849765,61.6302669166179,57.320886822625106,28.06594939410698,22.47203921516728,6.245204464515329,24.648284042186006,1.7923553719008263,20.9392672574132,15.150623770150649,9.582058463767293
190,65.24900842162083,41.76016036149575,14.973098513234763,47.28592327116223,30.060314105455603,54.72567411213531,49.43917383809628,62.040259795036334,25.728222635661155,29.71900152157756,21.277698208244164,41.562717600874485,42.16934579461808,32.62145552011586,32.76610516847103,57.853132487461366,50.93784242495251,32.11723366427076,13.338737463593603,22.47906276415393,32.14738200105068,34.03919848687221,21.50120597125413,36.94639135401038,47.52087314656266,57.57298238124409,75.69898214951445,75.08412647800475,53.36560768679586,16.933098130037834,62.42205334256201,44.34150439157973,51.98480940740553,37.01119034254125,38.19856638202609,23.926469600512526,39.07784089794971,39.655980194211594,20.49101684126317,37.55480416891601,58.88217975292921,58.06971159022844,59.939955365173475,26.20335685941602,22.855822307902542,40.764170908796125,63.05877129153714,29.697091799740235,45.43946026370618,43.78790319080868,65.92001773703308,42.49790631140599,68.93413306713967,44.05077953627766,45.12210909231991,50.60415591130967,15.752524009727345,45.67801301570367,12.887275308485103,50.42048716509399,45.10476850851262,44.11182240066283,52.663286199659666,59.321262936360256,47.67141992987347,46.43208339343753,41.585248108929804,43.9065671334718,36.87603781007293,51.15257275642092,50.768902594655344,21.545763141500004,55.94571838595447,45.27887042011659,37.74213704619952,48.28211586596118,44.202868818533446,18.9687416723584,59.50380682774964,56.413067723337264,38.484137620275504,50.884138959879465,35.70450707707877,55.972241571784295,36.27123900894088,41.32628937666573,37.63282298594993,46.68992016654119,23.201250078496564,42.166088170492436,17.26177157779543,42.357917571415214,36.85975525803295,55.134569978668694,19.16177522480413,31.58738806096981,18.28038754101178,35.715262916653415,40.787110819459514,37.10686136158086,30.321862453998975,26.03854045734546,24.66701120446728,21.45256724856529,23.079090621617798,25.1695929997013,27.807619689571517,21.1963161866514,24.879655988264695,46.49591612053544,35.44544521456033,31.505744315729345,34.51605630006189,29.112181322911134,33.32450916523505,36.19749976334806,36.4565616258665,28.676105177134538,33.67419155999481,30.175244198326034,32.34112432340873,30.33266261953608,30.2344327228243,53.79222280113747,50.48550043290067,21.8321208871537,20.67729992828998,17.81650186551984,14.820941071458808,28.47822249804161,24.625915023189904,32.865501573049194,44.30185337032472,35.37309811602975,31.97625928415992,31.69529349113593,41.37948610020812,52.83196987489737,52.46297851175608,31.49830468182872,29.003546407684404,26.668041515949923,32.40829820345602,47.44325816354855,38.42344557695,40.97013071377242,37.78108932100103,41.73592296977036,45.02685839032133,37.892207826586805,44.17456368446395,55.9881064797056,39.18623346821585,51.94806786213884,50.839167041180815,55.723364657173214,45.4714823190601,43.23117801202996,14.872244474996542,51.875291982313094,38.821159718279475,54.34441514908154,50.0015734083007,44.8205421956971,23.297272141339395,26.513426990294995,29.128589056814953,41.00335291126575,43.38035492263153,31.185001874099456,51.99721622202423,54.8262706588529,55.38260603645418,59.939743758820015,47.77030691999863,58.18386208074401,61.81013231705953,82.38426724298796,79.02032206190478,76.57710396767052,61.024103811364846,64.44812849106614,61.8666145076688,67.70165970434881,59.35305400667361,58.92539756632944,9.031435121248261,12.414084522029139,26.715402359007392,5.983424462700803,20.94485812001516,1.7923553719008263,6.973871610887991,15.593358611011833
192,63.21429639274254,43.16069082197454,14.960695930743132,54.2538197868591,37.0282079482301,61.69357062783216,44.98436182047111,57.58419194938925,21.272154790014085,34.41248880014171,22.939249337843854,38.81962278792277,44.806551229093344,30.58674059557169,39.73400168416788,55.81841488999484,53.134772998111444,34.73696486882076,15.255229700407494,27.18580885133887,36.90057033697552,38.81637340530773,26.194694809022984,34.91167665220974,43.06480530091558,64.54087889694094,76.33495947625246,73.04940888053824,50.62250997817826,11.429182128533213,60.387341313683734,48.09280057126105,52.49010310511679,40.58906108271911,42.172286009213536,19.906381898180634,36.3347431893321,37.62126526966743,16.470929138931282,44.52270068461286,56.84746772405094,53.61364374458135,57.9052433362952,29.432862287326756,29.823718823599386,47.73206742449298,70.02666780723398,36.66498564251473,40.9833924180591,48.48139336503871,63.88530013956655,44.69483421164256,66.89941546967313,41.30768182766004,45.399188233489646,50.258842185402976,12.621483695696023,46.509124811861994,9.168914432630526,47.67738945647638,43.07005380671199,39.655754555015754,50.62857417078138,57.28654533889373,44.92832222125586,48.62901107093058,44.814753759584065,41.871852208927635,39.26213889463753,49.11786072754265,52.96582759922603,17.13606626666325,53.91100635707619,43.2441583912383,34.99904223324779,50.479040870531875,51.170765334230296,23.6730153063608,66.47170334344649,63.380964239034114,36.44942269573133,48.14104125126185,33.66979237527813,53.93752954290602,39.59510438747389,44.55579480457647,40.75268291123851,49.91942559445194,26.430755729150825,45.39559359840318,19.1547102455209,37.90184972576813,41.55324543226299,57.33149498323939,26.1296704040398,36.28087823519985,19.941938670611467,31.55236720947206,36.33104297381243,32.650793515933785,31.69239492958058,27.827789116209274,26.2927353737343,22.3632151906836,24.782542704868597,23.13487941161831,25.772904987770872,19.161601262107233,23.484251301897316,43.75281841191782,37.378497096365464,34.73524974364008,37.423168311298674,32.37038458173469,36.55401481588932,39.42700541400232,39.68606727652077,27.280700490767153,29.218123714347733,25.71917635267895,28.69436168233701,37.30055913523293,37.20232923852115,51.757505203670945,48.45078283543414,25.061626315064437,25.37078876605883,21.414447366335224,19.514429909227662,24.015297047337686,20.31165395022513,28.402576122345273,51.269752558943935,42.34099195880424,36.66974945838996,36.38878366536596,39.34477117566395,55.02889487946805,55.692486835332694,34.727810109739465,32.233052058338664,28.576527682066505,30.373583501655375,50.67276648712519,41.652951004860746,45.66361821508009,42.47457949523107,46.429413144000385,49.72034856455137,44.86010434228366,51.142460200160784,61.76294410023778,46.15412998391271,58.915964377835685,48.804455012302526,53.68865262829494,48.700990642636725,46.46068366268422,20.385493430406427,58.84318849800995,43.59833463671498,60.11925833820196,55.77641659742113,49.59771711413261,27.990762315569427,31.20691716452503,33.82207655812263,38.96863820946511,41.3456402208309,29.150287172298817,47.541148376377144,50.37020281320581,50.92653819080709,66.90764027451687,54.73820343569548,65.15175859644086,68.77802883275638,80.34955521410969,76.98561003302649,74.54238637020401,61.66008670669112,65.08411138639242,59.831896910202275,68.33764259967508,57.318336409207085,56.18229985771183,15.99933096871452,12.526943100070952,21.29976385055246,10.67691396870025,15.14285982167041,6.967895847466259,1.7923553719008263,11.18366240440567
194,57.73876482200408,37.68515925123608,9.46439686698898,62.89460930995759,45.669003039916845,70.3343657195189,38.403209327253265,47.91878218848083,14.691000737591526,40.743375127352124,33.04608532137495,32.23847029470491,39.33101965835489,25.11120902483324,48.37479388018875,50.34288331925639,47.659241427372976,30.433690843214727,13.664020977568754,35.97542735964515,45.69018862253827,47.60598901794811,34.98431331732927,29.43614775439365,33.39939843567304,74.81248517463189,70.85943347410225,67.57387730979977,44.04135481203805,4.137425875504705,54.91180974294527,42.61726632760024,47.014571534378334,50.695898402711386,36.69675443847509,8.631649465090177,29.753590696114255,32.14573369892898,7.4186438868177085,53.16349577629961,51.371936153312475,43.94823687933882,52.429711765556746,29.450105532211442,38.46451101962025,56.37286251617972,78.6674573303325,45.30578073420148,34.402239924841254,46.88119827722733,58.40977413741635,39.21930264090412,61.42388389893469,34.7265293344422,39.923656662751185,44.7833135103304,7.543659361237606,41.03359324112353,6.8730592256898735,41.09623696325852,37.59452223597353,33.07460206179791,45.15304260004292,51.81101376815528,38.347169728038025,43.153476827269756,42.36265644001509,36.39632063818918,49.36897621462981,43.64232648388182,47.49029602848758,6.320131155866361,46.29582003898531,37.768626820499854,28.417889740029935,45.00350929979342,59.81156042591705,32.46263381466708,75.11249843513325,72.02175933072087,30.973891124992868,41.559888758044,28.194260804539677,48.461997972167566,34.11957281673544,45.05217608816703,39.16147285193858,47.09039900056452,24.83954544710739,45.891971986327846,16.535918573180265,28.832248391635567,39.95305324011749,51.85596341250093,34.77046549572655,41.285953196312576,30.048775990603744,24.97121471625421,29.5767519347577,25.061158553651524,41.79923224957285,37.934626436201555,36.39957269372657,17.18405212806578,20.084199394607822,17.659347840879857,20.297373417032418,13.686071027829957,17.202177882816166,37.17166591869997,31.902965525627017,35.231631027230634,35.83196092492112,30.779177195357132,37.05039320381398,39.082487996215235,40.18244566444544,20.998627071686002,21.14264056451961,19.138023859461107,22.113207852657982,45.941354226919685,45.843121657285536,46.28197363293249,42.97525416036157,21.16051150067172,23.77059657391333,19.823238643496488,25.512100157130508,13.199362604771387,11.782649604097571,17.586641679778985,59.910542082042426,50.98178415482511,35.06955726624446,45.53973650522769,33.86923960492549,49.553363308729594,52.51128601481586,34.74825239720142,28.754421802268006,24.45340840074752,24.898051930916917,51.16914487504985,42.14932939278542,44.06342580019107,48.66438274348802,52.61921639225733,46.85600598398899,53.50089653830452,59.78325529184755,70.55256528146643,54.79492507559946,67.55675946952245,43.32892344156408,48.213121057556485,45.519787149197526,46.957064723531246,29.17511193871271,67.48398358969669,52.387952922277734,68.90887395084235,64.56603221006152,58.38733272677301,29.532072255570352,29.606724749636,32.2218841432336,33.493106638726665,35.8701113230148,23.67475560156036,37.875741511134606,40.7047930522974,41.26113132556458,75.54842979761536,63.37899852738224,73.79255368812761,77.41882392444315,74.87402364337122,71.51007846228805,69.0668603680538,56.18455513595266,59.608579815653954,54.356365339463814,62.862111028936624,51.84280483846862,49.60114736449398,24.640126060401272,22.633780420063232,13.932916966934872,18.04845160831524,9.541619375903295,15.60869027092242,11.196683100192935,1.7923553719008263
