,166,85,107,130,60,159,20,146,58,63,12,19,25,35,43,48,76,82,108,122,123,124,137,143,147,158,163,165,175,191,71,118,106,127,28,186,2,142,188,125,112,145,47,78,8,129,157,41,24,93,170,86,169,21,88,105,185,104,193,179,68,22,180,49,176,87,116,84,131,103,72,187,178,70,6,77,128,119,160,154,69,174,4,44,26,90,94,117,51,114,109,150,65,75,120,62,10,1,3,5,7,9,11,13,14,15,16,17,18,23,27,29,30,31,32,33,34,36,37,38,39,40,42,45,46,50,52,53,54,55,56,57,59,61,64,66,67,73,74,79,80,81,83,89,91,92,95,96,97,98,99,100,101,102,110,111,113,115,121,126,132,133,134,135,136,138,139,140,141,144,148,149,151,152,153,155,156,161,162,164,167,168,171,172,173,177,181,182,183,184,189,190,192,194
166,3.9899999999999998,3.9899999999999998,3.9899999999999998,3.9899999999999998,3.9899999999999998,3.9899999999999998,3.9899999999999998,3.9899999999999998,3.9899999999999998,3.9899999999999998,3.9899999999999998,3.9899999999999998,3.9899999999999998,3.9899999999999998,3.9899999999999998,3.9899999999999998,3.9899999999999998,3.9899999999999998,3.9899999999999998,3.9899999999999998,3.9899999999999998,3.9899999999999998,3.9899999999999998,3.9899999999999998,3.9899999999999998,3.9899999999999998,3.9899999999999998,3.9899999999999998,3.9899999999999998,3.9899999999999998,3.9899999999999998,3.9899999999999998,3.9899999999999998,3.9899999999999998,3.9899999999999998,3.9899999999999998,3.9899999999999998,3.9899999999999998,3.9899999999999998,3.9899999999999998,3.9899999999999998,3.9899999999999998,3.9899999999999998,3.9899999999999998,3.9899999999999998,3.9899999999999998,3.9899999999999998,3.9899999999999998,3.9899999999999998,3.9899999999999998,3.9899999999999998,3.9899999999999998,3.9899999999999998,3.9899999999999998,3.9899999999999998,3.9899999999999998,3.9899999999999998,3.9899999999999998,3.9899999999999998,3.9899999999999998,3.9899999999999998,3.9899999999999998,3.9899999999999998,3.9899999999999998,3.9899999999999998,3.9899999999999998,3.9899999999999998,3.9899999999999998,3.9899999999999998,3.9899999999999998,3.9899999999999998,3.9899999999999998,3.9899999999999998,3.9899999999999998,3.9899999999999998,3.9899999999999998,3.9899999999999998,3.9899999999999998,3.9899999999999998,3.9899999999999998,3.9899999999999998,3.9899999999999998,3.9899999999999998,3.9899999999999998,3.9899999999999998,3.9899999999999998,3.9899999999999998,3.9899999999999998,3.9899999999999998,3.9899999999999998,3.9899999999999998,3.9899999999999998,3.9899999999999998,3.9899999999999998,3.9899999999999998,3.9899999999999998,3.9899999999999998,3.9899999999999998,3.9899999999999998,3.9899999999999998,3.9899999999999998,3.9899999999999998,3.9899999999999998,3.9899999999999998,3.9899999999999998,3.9899999999999998,3.9899999999999998,3.9899999999999998,3.9899999999999998,3.9899999999999998,3.9899999999999998,3.9899999999999998,3.9899999999999998,3.9899999999999998,3.9899999999999998,3.9899999999999998,3.9899999999999998,3.9899999999999998,3.9899999999999998,3.9899999999999998,3.9899999999999998,3.9899999999999998,3.9899999999999998,3.9899999999999998,3.9899999999999998,3.9899999999999998,3.9899999999999998,3.9899999999999998,3.9899999999999998,3.9899999999999998,3.9899999999999998,3.9899999999999998,3.9899999999999998,3.9899999999999998,3.9899999999999998,3.9899999999999998,3.9899999999999998,3.9899999999999998,3.9899999999999998,3.9899999999999998,3.9899999999999998,3.9899999999999998,3.9899999999999998,3.9899999999999998,3.9899999999999998,3.9899999999999998,3.9899999999999998,3.9899999999999998,3.9899999999999998,3.9899999999999998,3.9899999999999998,3.9899999999999998,3.9899999999999998,3.9899999999999998,3.9899999999999998,3.9899999999999998,3.9899999999999998,3.9899999999999998,3.9899999999999998,3.9899999999999998,3.9899999999999998,3.9899999999999998,3.9899999999999998,3.9899999999999998,3.9899999999999998,3.9899999999999998,3.9899999999999998,3.9899999999999998,3.9899999999999998,3.9899999999999998,3.9899999999999998,3.9899999999999998,3.9899999999999998,3.9899999999999998,3.9899999999999998,3.9899999999999998,3.9899999999999998,3.9899999999999998,3.9899999999999998,3.9899999999999998,3.9899999999999998,3.9899999999999998,3.9899999999999998,3.9899999999999998,3.9899999999999998,3.9899999999999998,3.9899999999999998,3.9899999999999998,3.9899999999999998,3.9899999999999998,3.9899999999999998,3.9899999999999998,3.9899999999999998,3.9899999999999998
85,3.79,3.79,3.79,3.79,3.79,3.79,3.79,3.79,3.79,3.79,3.79,3.79,3.79,3.79,3.79,3.79,3.79,3.79,3.79,3.79,3.79,3.79,3.79,3.79,3.79,3.79,3.79,3.79,3.79,3.79,3.79,3.79,3.79,3.79,3.79,3.79,3.79,3.79,3.79,3.79,3.79,3.79,3.79,3.79,3.79,3.79,3.79,3.79,3.79,3.79,3.79,3.79,3.79,3.79,3.79,3.79,3.79,3.79,3.79,3.79,3.79,3.79,3.79,3.79,3.79,3.79,3.79,3.79,3.79,3.79,3.79,3.79,3.79,3.79,3.79,3.79,3.79,3.79,3.79,3.79,3.79,3.79,3.79,3.79,3.79,3.79,3.79,3.79,3.79,3.79,3.79,3.79,3.79,3.79,3.79,3.79,3.79,3.79,3.79,3.79,3.79,3.79,3.79,3.79,3.79,3.79,3.79,3.79,3.79,3.79,3.79,3.79,3.79,3.79,3.79,3.79,3.79,3.79,3.79,3.79,3.79,3.79,3.79,3.79,3.79,3.79,3.79,3.79,3.79,3.79,3.79,3.79,3.79,3.79,3.79,3.79,3.79,3.79,3.79,3.79,3.79,3.79,3.79,3.79,3.79,3.79,3.79,3.79,3.79,3.79,3.79,3.79,3.79,3.79,3.79,3.79,3.79,3.79,3.79,3.79,3.79,3.79,3.79,3.79,3.79,3.79,3.79,3.79,3.79,3.79,3.79,3.79,3.79,3.79,3.79,3.79,3.79,3.79,3.79,3.79,3.79,3.79,3.79,3.79,3.79,3.79,3.79,3.79,3.79,3.79,3.79,3.79,3.79,3.79
107,3.24,3.24,3.24,3.24,3.24,3.24,3.24,3.24,3.24,3.24,3.24,3.24,3.24,3.24,3.24,3.24,3.24,3.24,3.24,3.24,3.24,3.24,3.24,3.24,3.24,3.24,3.24,3.24,3.24,3.24,3.24,3.24,3.24,3.24,3.24,3.24,3.24,3.24,3.24,3.24,3.24,3.24,3.24,3.24,3.24,3.24,3.24,3.24,3.24,3.24,3.24,3.24,3.24,3.24,3.24,3.24,3.24,3.24,3.24,3.24,3.24,3.24,3.24,3.24,3.24,3.24,3.24,3.24,3.24,3.24,3.24,3.24,3.24,3.24,3.24,3.24,3.24,3.24,3.24,3.24,3.24,3.24,3.24,3.24,3.24,3.24,3.24,3.24,3.24,3.24,3.24,3.24,3.24,3.24,3.24,3.24,3.24,3.24,3.24,3.24,3.24,3.24,3.24,3.24,3.24,3.24,3.24,3.24,3.24,3.24,3.24,3.24,3.24,3.24,3.24,3.24,3.24,3.24,3.24,3.24,3.24,3.24,3.24,3.24,3.24,3.24,3.24,3.24,3.24,3.24,3.24,3.24,3.24,3.24,3.24,3.24,3.24,3.24,3.24,3.24,3.24,3.24,3.24,3.24,3.24,3.24,3.24,3.24,3.24,3.24,3.24,3.24,3.24,3.24,3.24,3.24,3.24,3.24,3.24,3.24,3.24,3.24,3.24,3.24,3.24,3.24,3.24,3.24,3.24,3.24,3.24,3.24,3.24,3.24,3.24,3.24,3.24,3.24,3.24,3.24,3.24,3.24,3.24,3.24,3.24,3.24,3.24,3.24,3.24,3.24,3.24,3.24,3.24,3.24
130,5.08,5.08,5.08,5.08,5.08,5.08,5.08,5.08,5.08,5.08,5.08,5.08,5.08,5.08,5.08,5.08,5.08,5.08,5.08,5.08,5.08,5.08,5.08,5.08,5.08,5.08,5.08,5.08,5.08,5.08,5.08,5.08,5.08,5.08,5.08,5.08,5.08,5.08,5.08,5.08,5.08,5.08,5.08,5.08,5.08,5.08,5.08,5.08,5.08,5.08,5.08,5.08,5.08,5.08,5.08,5.08,5.08,5.08,5.08,5.08,5.08,5.08,5.08,5.08,5.08,5.08,5.08,5.08,5.08,5.08,5.08,5.08,5.08,5.08,5.08,5.08,5.08,5.08,5.08,5.08,5.08,5.08,5.08,5.08,5.08,5.08,5.08,5.08,5.08,5.08,5.08,5.08,5.08,5.08,5.08,5.08,5.08,5.08,5.08,5.08,5.08,5.08,5.08,5.08,5.08,5.08,5.08,5.08,5.08,5.08,5.08,5.08,5.08,5.08,5.08,5.08,5.08,5.08,5.08,5.08,5.08,5.08,5.08,5.08,5.08,5.08,5.08,5.08,5.08,5.08,5.08,5.08,5.08,5.08,5.08,5.08,5.08,5.08,5.08,5.08,5.08,5.08,5.08,5.08,5.08,5.08,5.08,5.08,5.08,5.08,5.08,5.08,5.08,5.08,5.08,5.08,5.08,5.08,5.08,5.08,5.08,5.08,5.08,5.08,5.08,5.08,5.08,5.08,5.08,5.08,5.08,5.08,5.08,5.08,5.08,5.08,5.08,5.08,5.08,5.08,5.08,5.08,5.08,5.08,5.08,5.08,5.08,5.08,5.08,5.08,5.08,5.08,5.08,5.08
60,3.965,3.965,3.965,3.965,3.965,3.965,3.965,3.965,3.965,3.965,3.965,3.965,3.965,3.965,3.965,3.965,3.965,3.965,3.965,3.965,3.965,3.965,3.965,3.965,3.965,3.965,3.965,3.965,3.965,3.965,3.965,3.965,3.965,3.965,3.965,3.965,3.965,3.965,3.965,3.965,3.965,3.965,3.965,3.965,3.965,3.965,3.965,3.965,3.965,3.965,3.965,3.965,3.965,3.965,3.965,3.965,3.965,3.965,3.965,3.965,3.965,3.965,3.965,3.965,3.965,3.965,3.965,3.965,3.965,3.965,3.965,3.965,3.965,3.965,3.965,3.965,3.965,3.965,3.965,3.965,3.965,3.965,3.965,3.965,3.965,3.965,3.965,3.965,3.965,3.965,3.965,3.965,3.965,3.965,3.965,3.965,3.965,3.965,3.965,3.965,3.965,3.965,3.965,3.965,3.965,3.965,3.965,3.965,3.965,3.965,3.965,3.965,3.965,3.965,3.965,3.965,3.965,3.965,3.965,3.965,3.965,3.965,3.965,3.965,3.965,3.965,3.965,3.965,3.965,3.965,3.965,3.965,3.965,3.965,3.965,3.965,3.965,3.965,3.965,3.965,3.965,3.965,3.965,3.965,3.965,3.965,3.965,3.965,3.965,3.965,3.965,3.965,3.965,3.965,3.965,3.965,3.965,3.965,3.965,3.965,3.965,3.965,3.965,3.965,3.965,3.965,3.965,3.965,3.965,3.965,3.965,3.965,3.965,3.965,3.965,3.965,3.965,3.965,3.965,3.965,3.965,3.965,3.965,3.965,3.965,3.965,3.965,3.965,3.965,3.965,3.965,3.965,3.965,3.965
159,4.710000000000001,4.710000000000001,4.710000000000001,4.710000000000001,4.710000000000001,4.710000000000001,4.710000000000001,4.710000000000001,4.710000000000001,4.710000000000001,4.710000000000001,4.710000000000001,4.710000000000001,4.710000000000001,4.710000000000001,4.710000000000001,4.710000000000001,4.710000000000001,4.710000000000001,4.710000000000001,4.710000000000001,4.710000000000001,4.710000000000001,4.710000000000001,4.710000000000001,4.710000000000001,4.710000000000001,4.710000000000001,4.710000000000001,4.710000000000001,4.710000000000001,4.710000000000001,4.710000000000001,4.710000000000001,4.710000000000001,4.710000000000001,4.710000000000001,4.710000000000001,4.710000000000001,4.710000000000001,4.710000000000001,4.710000000000001,4.710000000000001,4.710000000000001,4.710000000000001,4.710000000000001,4.710000000000001,4.710000000000001,4.710000000000001,4.710000000000001,4.710000000000001,4.710000000000001,4.710000000000001,4.710000000000001,4.710000000000001,4.710000000000001,4.710000000000001,4.710000000000001,4.710000000000001,4.710000000000001,4.710000000000001,4.710000000000001,4.710000000000001,4.710000000000001,4.710000000000001,4.710000000000001,4.710000000000001,4.710000000000001,4.710000000000001,4.710000000000001,4.710000000000001,4.710000000000001,4.710000000000001,4.710000000000001,4.710000000000001,4.710000000000001,4.710000000000001,4.710000000000001,4.710000000000001,4.710000000000001,4.710000000000001,4.710000000000001,4.710000000000001,4.710000000000001,4.710000000000001,4.710000000000001,4.710000000000001,4.710000000000001,4.710000000000001,4.710000000000001,4.710000000000001,4.710000000000001,4.710000000000001,4.710000000000001,4.710000000000001,4.710000000000001,4.710000000000001,4.710000000000001,4.710000000000001,4.710000000000001,4.710000000000001,4.710000000000001,4.710000000000001,4.710000000000001,4.710000000000001,4.710000000000001,4.710000000000001,4.710000000000001,4.710000000000001,4.710000000000001,4.710000000000001,4.710000000000001,4.710000000000001,4.710000000000001,4.710000000000001,4.710000000000001,4.710000000000001,4.710000000000001,4.710000000000001,4.710000000000001,4.710000000000001,4.710000000000001,4.710000000000001,4.710000000000001,4.710000000000001,4.710000000000001,4.710000000000001,4.710000000000001,4.710000000000001,4.710000000000001,4.710000000000001,4.710000000000001,4.710000000000001,4.710000000000001,4.710000000000001,4.710000000000001,4.710000000000001,4.710000000000001,4.710000000000001,4.710000000000001,4.710000000000001,4.710000000000001,4.710000000000001,4.710000000000001,4.710000000000001,4.710000000000001,4.710000000000001,4.710000000000001,4.710000000000001,4.710000000000001,4.710000000000001,4.710000000000001,4.710000000000001,4.710000000000001,4.710000000000001,4.710000000000001,4.710000000000001,4.710000000000001,4.710000000000001,4.710000000000001,4.710000000000001,4.710000000000001,4.710000000000001,4.710000000000001,4.710000000000001,4.710000000000001,4.710000000000001,4.710000000000001,4.710000000000001,4.710000000000001,4.710000000000001,4.710000000000001,4.710000000000001,4.710000000000001,4.710000000000001,4.710000000000001,4.710000000000001,4.710000000000001,4.710000000000001,4.710000000000001,4.710000000000001,4.710000000000001,4.710000000000001,4.710000000000001,4.710000000000001,4.710000000000001,4.710000000000001,4.710000000000001,4.710000000000001,4.710000000000001,4.710000000000001,4.710000000000001,4.710000000000001,4.710000000000001
20,3.565,3.565,3.565,3.565,3.565,3.565,3.565,3.565,3.565,3.565,3.565,3.565,3.565,3.565,3.565,3.565,3.565,3.565,3.565,3.565,3.565,3.565,3.565,3.565,3.565,3.565,3.565,3.565,3.565,3.565,3.565,3.565,3.565,3.565,3.565,3.565,3.565,3.565,3.565,3.565,3.565,3.565,3.565,3.565,3.565,3.565,3.565,3.565,3.565,3.565,3.565,3.565,3.565,3.565,3.565,3.565,3.565,3.565,3.565,3.565,3.565,3.565,3.565,3.565,3.565,3.565,3.565,3.565,3.565,3.565,3.565,3.565,3.565,3.565,3.565,3.565,3.565,3.565,3.565,3.565,3.565,3.565,3.565,3.565,3.565,3.565,3.565,3.565,3.565,3.565,3.565,3.565,3.565,3.565,3.565,3.565,3.565,3.565,3.565,3.565,3.565,3.565,3.565,3.565,3.565,3.565,3.565,3.565,3.565,3.565,3.565,3.565,3.565,3.565,3.565,3.565,3.565,3.565,3.565,3.565,3.565,3.565,3.565,3.565,3.565,3.565,3.565,3.565,3.565,3.565,3.565,3.565,3.565,3.565,3.565,3.565,3.565,3.565,3.565,3.565,3.565,3.565,3.565,3.565,3.565,3.565,3.565,3.565,3.565,3.565,3.565,3.565,3.565,3.565,3.565,3.565,3.565,3.565,3.565,3.565,3.565,3.565,3.565,3.565,3.565,3.565,3.565,3.565,3.565,3.565,3.565,3.565,3.565,3.565,3.565,3.565,3.565,3.565,3.565,3.565,3.565,3.565,3.565,3.565,3.565,3.565,3.565,3.565,3.565,3.565,3.565,3.565,3.565,3.565
146,3.67,3.67,3.67,3.67,3.67,3.67,3.67,3.67,3.67,3.67,3.67,3.67,3.67,3.67,3.67,3.67,3.67,3.67,3.67,3.67,3.67,3.67,3.67,3.67,3.67,3.67,3.67,3.67,3.67,3.67,3.67,3.67,3.67,3.67,3.67,3.67,3.67,3.67,3.67,3.67,3.67,3.67,3.67,3.67,3.67,3.67,3.67,3.67,3.67,3.67,3.67,3.67,3.67,3.67,3.67,3.67,3.67,3.67,3.67,3.67,3.67,3.67,3.67,3.67,3.67,3.67,3.67,3.67,3.67,3.67,3.67,3.67,3.67,3.67,3.67,3.67,3.67,3.67,3.67,3.67,3.67,3.67,3.67,3.67,3.67,3.67,3.67,3.67,3.67,3.67,3.67,3.67,3.67,3.67,3.67,3.67,3.67,3.67,3.67,3.67,3.67,3.67,3.67,3.67,3.67,3.67,3.67,3.67,3.67,3.67,3.67,3.67,3.67,3.67,3.67,3.67,3.67,3.67,3.67,3.67,3.67,3.67,3.67,3.67,3.67,3.67,3.67,3.67,3.67,3.67,3.67,3.67,3.67,3.67,3.67,3.67,3.67,3.67,3.67,3.67,3.67,3.67,3.67,3.67,3.67,3.67,3.67,3.67,3.67,3.67,3.67,3.67,3.67,3.67,3.67,3.67,3.67,3.67,3.67,3.67,3.67,3.67,3.67,3.67,3.67,3.67,3.67,3.67,3.67,3.67,3.67,3.67,3.67,3.67,3.67,3.67,3.67,3.67,3.67,3.67,3.67,3.67,3.67,3.67,3.67,3.67,3.67,3.67,3.67,3.67,3.67,3.67,3.67,3.67
58,3.295,3.295,3.295,3.295,3.295,3.295,3.295,3.295,3.295,3.295,3.295,3.295,3.295,3.295,3.295,3.295,3.295,3.295,3.295,3.295,3.295,3.295,3.295,3.295,3.295,3.295,3.295,3.295,3.295,3.295,3.295,3.295,3.295,3.295,3.295,3.295,3.295,3.295,3.295,3.295,3.295,3.295,3.295,3.295,3.295,3.295,3.295,3.295,3.295,3.295,3.295,3.295,3.295,3.295,3.295,3.295,3.295,3.295,3.295,3.295,3.295,3.295,3.295,3.295,3.295,3.295,3.295,3.295,3.295,3.295,3.295,3.295,3.295,3.295,3.295,3.295,3.295,3.295,3.295,3.295,3.295,3.295,3.295,3.295,3.295,3.295,3.295,3.295,3.295,3.295,3.295,3.295,3.295,3.295,3.295,3.295,3.295,3.295,3.295,3.295,3.295,3.295,3.295,3.295,3.295,3.295,3.295,3.295,3.295,3.295,3.295,3.295,3.295,3.295,3.295,3.295,3.295,3.295,3.295,3.295,3.295,3.295,3.295,3.295,3.295,3.295,3.295,3.295,3.295,3.295,3.295,3.295,3.295,3.295,3.295,3.295,3.295,3.295,3.295,3.295,3.295,3.295,3.295,3.295,3.295,3.295,3.295,3.295,3.295,3.295,3.295,3.295,3.295,3.295,3.295,3.295,3.295,3.295,3.295,3.295,3.295,3.295,3.295,3.295,3.295,3.295,3.295,3.295,3.295,3.295,3.295,3.295,3.295,3.295,3.295,3.295,3.295,3.295,3.295,3.295,3.295,3.295,3.295,3.295,3.295,3.295,3.295,3.295,3.295,3.295,3.295,3.295,3.295,3.295
63,3.38,3.38,3.38,3.38,3.38,3.38,3.38,3.38,3.38,3.38,3.38,3.38,3.38,3.38,3.38,3.38,3.38,3.38,3.38,3.38,3.38,3.38,3.38,3.38,3.38,3.38,3.38,3.38,3.38,3.38,3.38,3.38,3.38,3.38,3.38,3.38,3.38,3.38,3.38,3.38,3.38,3.38,3.38,3.38,3.38,3.38,3.38,3.38,3.38,3.38,3.38,3.38,3.38,3.38,3.38,3.38,3.38,3.38,3.38,3.38,3.38,3.38,3.38,3.38,3.38,3.38,3.38,3.38,3.38,3.38,3.38,3.38,3.38,3.38,3.38,3.38,3.38,3.38,3.38,3.38,3.38,3.38,3.38,3.38,3.38,3.38,3.38,3.38,3.38,3.38,3.38,3.38,3.38,3.38,3.38,3.38,3.38,3.38,3.38,3.38,3.38,3.38,3.38,3.38,3.38,3.38,3.38,3.38,3.38,3.38,3.38,3.38,3.38,3.38,3.38,3.38,3.38,3.38,3.38,3.38,3.38,3.38,3.38,3.38,3.38,3.38,3.38,3.38,3.38,3.38,3.38,3.38,3.38,3.38,3.38,3.38,3.38,3.38,3.38,3.38,3.38,3.38,3.38,3.38,3.38,3.38,3.38,3.38,3.38,3.38,3.38,3.38,3.38,3.38,3.38,3.38,3.38,3.38,3.38,3.38,3.38,3.38,3.38,3.38,3.38,3.38,3.38,3.38,3.38,3.38,3.38,3.38,3.38,3.38,3.38,3.38,3.38,3.38,3.38,3.38,3.38,3.38,3.38,3.38,3.38,3.38,3.38,3.38,3.38,3.38,3.38,3.38,3.38,3.38
12,3.5999999999999996,3.5999999999999996,3.5999999999999996,3.5999999999999996,3.5999999999999996,3.5999999999999996,3.5999999999999996,3.5999999999999996,3.5999999999999996,3.5999999999999996,3.5999999999999996,3.5999999999999996,3.5999999999999996,3.5999999999999996,3.5999999999999996,3.5999999999999996,3.5999999999999996,3.5999999999999996,3.5999999999999996,3.5999999999999996,3.5999999999999996,3.5999999999999996,3.5999999999999996,3.5999999999999996,3.5999999999999996,3.5999999999999996,3.5999999999999996,3.5999999999999996,3.5999999999999996,3.5999999999999996,3.5999999999999996,3.5999999999999996,3.5999999999999996,3.5999999999999996,3.5999999999999996,3.5999999999999996,3.5999999999999996,3.5999999999999996,3.5999999999999996,3.5999999999999996,3.5999999999999996,3.5999999999999996,3.5999999999999996,3.5999999999999996,3.5999999999999996,3.5999999999999996,3.5999999999999996,3.5999999999999996,3.5999999999999996,3.5999999999999996,3.5999999999999996,3.5999999999999996,3.5999999999999996,3.5999999999999996,3.5999999999999996,3.5999999999999996,3.5999999999999996,3.5999999999999996,3.5999999999999996,3.5999999999999996,3.5999999999999996,3.5999999999999996,3.5999999999999996,3.5999999999999996,3.5999999999999996,3.5999999999999996,3.5999999999999996,3.5999999999999996,3.5999999999999996,3.5999999999999996,3.5999999999999996,3.5999999999999996,3.5999999999999996,3.5999999999999996,3.5999999999999996,3.5999999999999996,3.5999999999999996,3.5999999999999996,3.5999999999999996,3.5999999999999996,3.5999999999999996,3.5999999999999996,3.5999999999999996,3.5999999999999996,3.5999999999999996,3.5999999999999996,3.5999999999999996,3.5999999999999996,3.5999999999999996,3.5999999999999996,3.5999999999999996,3.5999999999999996,3.5999999999999996,3.5999999999999996,3.5999999999999996,3.5999999999999996,3.5999999999999996,3.5999999999999996,3.5999999999999996,3.5999999999999996,3.5999999999999996,3.5999999999999996,3.5999999999999996,3.5999999999999996,3.5999999999999996,3.5999999999999996,3.5999999999999996,3.5999999999999996,3.5999999999999996,3.5999999999999996,3.5999999999999996,3.5999999999999996,3.5999999999999996,3.5999999999999996,3.5999999999999996,3.5999999999999996,3.5999999999999996,3.5999999999999996,3.5999999999999996,3.5999999999999996,3.5999999999999996,3.5999999999999996,3.5999999999999996,3.5999999999999996,3.5999999999999996,3.5999999999999996,3.5999999999999996,3.5999999999999996,3.5999999999999996,3.5999999999999996,3.5999999999999996,3.5999999999999996,3.5999999999999996,3.5999999999999996,3.5999999999999996,3.5999999999999996,3.5999999999999996,3.5999999999999996,3.5999999999999996,3.5999999999999996,3.5999999999999996,3.5999999999999996,3.5999999999999996,3.5999999999999996,3.5999999999999996,3.5999999999999996,3.5999999999999996,3.5999999999999996,3.5999999999999996,3.5999999999999996,3.5999999999999996,3.5999999999999996,3.5999999999999996,3.5999999999999996,3.5999999999999996,3.5999999999999996,3.5999999999999996,3.5999999999999996,3.5999999999999996,3.5999999999999996,3.5999999999999996,3.5999999999999996,3.5999999999999996,3.5999999999999996,3.5999999999999996,3.5999999999999996,3.5999999999999996,3.5999999999999996,3.5999999999999996,3.5999999999999996,3.5999999999999996,3.5999999999999996,3.5999999999999996,3.5999999999999996,3.5999999999999996,3.5999999999999996,3.5999999999999996,3.5999999999999996,3.5999999999999996,3.5999999999999996,3.5999999999999996,3.5999999999999996,3.5999999999999996,3.5999999999999996,3.5999999999999996,3.5999999999999996,3.5999999999999996,3.5999999999999996,3.5999999999999996,3.5999999999999996,3.5999999999999996,3.5999999999999996,3.5999999999999996,3.5999999999999996
19,3.59,3.59,3.59,3.59,3.59,3.59,3.59,3.59,3.59,3.59,3.59,3.59,3.59,3.59,3.59,3.59,3.59,3.59,3.59,3.59,3.59,3.59,3.59,3.59,3.59,3.59,3.59,3.59,3.59,3.59,3.59,3.59,3.59,3.59,3.59,3.59,3.59,3.59,3.59,3.59,3.59,3.59,3.59,3.59,3.59,3.59,3.59,3.59,3.59,3.59,3.59,3.59,3.59,3.59,3.59,3.59,3.59,3.59,3.59,3.59,3.59,3.59,3.59,3.59,3.59,3.59,3.59,3.59,3.59,3.59,3.59,3.59,3.59,3.59,3.59,3.59,3.59,3.59,3.59,3.59,3.59,3.59,3.59,3.59,3.59,3.59,3.59,3.59,3.59,3.59,3.59,3.59,3.59,3.59,3.59,3.59,3.59,3.59,3.59,3.59,3.59,3.59,3.59,3.59,3.59,3.59,3.59,3.59,3.59,3.59,3.59,3.59,3.59,3.59,3.59,3.59,3.59,3.59,3.59,3.59,3.59,3.59,3.59,3.59,3.59,3.59,3.59,3.59,3.59,3.59,3.59,3.59,3.59,3.59,3.59,3.59,3.59,3.59,3.59,3.59,3.59,3.59,3.59,3.59,3.59,3.59,3.59,3.59,3.59,3.59,3.59,3.59,3.59,3.59,3.59,3.59,3.59,3.59,3.59,3.59,3.59,3.59,3.59,3.59,3.59,3.59,3.59,3.59,3.59,3.59,3.59,3.59,3.59,3.59,3.59,3.59,3.59,3.59,3.59,3.59,3.59,3.59,3.59,3.59,3.59,3.59,3.59,3.59,3.59,3.59,3.59,3.59,3.59,3.59
25,3.685,3.685,3.685,3.685,3.685,3.685,3.685,3.685,3.685,3.685,3.685,3.685,3.685,3.685,3.685,3.685,3.685,3.685,3.685,3.685,3.685,3.685,3.685,3.685,3.685,3.685,3.685,3.685,3.685,3.685,3.685,3.685,3.685,3.685,3.685,3.685,3.685,3.685,3.685,3.685,3.685,3.685,3.685,3.685,3.685,3.685,3.685,3.685,3.685,3.685,3.685,3.685,3.685,3.685,3.685,3.685,3.685,3.685,3.685,3.685,3.685,3.685,3.685,3.685,3.685,3.685,3.685,3.685,3.685,3.685,3.685,3.685,3.685,3.685,3.685,3.685,3.685,3.685,3.685,3.685,3.685,3.685,3.685,3.685,3.685,3.685,3.685,3.685,3.685,3.685,3.685,3.685,3.685,3.685,3.685,3.685,3.685,3.685,3.685,3.685,3.685,3.685,3.685,3.685,3.685,3.685,3.685,3.685,3.685,3.685,3.685,3.685,3.685,3.685,3.685,3.685,3.685,3.685,3.685,3.685,3.685,3.685,3.685,3.685,3.685,3.685,3.685,3.685,3.685,3.685,3.685,3.685,3.685,3.685,3.685,3.685,3.685,3.685,3.685,3.685,3.685,3.685,3.685,3.685,3.685,3.685,3.685,3.685,3.685,3.685,3.685,3.685,3.685,3.685,3.685,3.685,3.685,3.685,3.685,3.685,3.685,3.685,3.685,3.685,3.685,3.685,3.685,3.685,3.685,3.685,3.685,3.685,3.685,3.685,3.685,3.685,3.685,3.685,3.685,3.685,3.685,3.685,3.685,3.685,3.685,3.685,3.685,3.685,3.685,3.685,3.685,3.685,3.685,3.685
35,3.31,3.31,3.31,3.31,3.31,3.31,3.31,3.31,3.31,3.31,3.31,3.31,3.31,3.31,3.31,3.31,3.31,3.31,3.31,3.31,3.31,3.31,3.31,3.31,3.31,3.31,3.31,3.31,3.31,3.31,3.31,3.31,3.31,3.31,3.31,3.31,3.31,3.31,3.31,3.31,3.31,3.31,3.31,3.31,3.31,3.31,3.31,3.31,3.31,3.31,3.31,3.31,3.31,3.31,3.31,3.31,3.31,3.31,3.31,3.31,3.31,3.31,3.31,3.31,3.31,3.31,3.31,3.31,3.31,3.31,3.31,3.31,3.31,3.31,3.31,3.31,3.31,3.31,3.31,3.31,3.31,3.31,3.31,3.31,3.31,3.31,3.31,3.31,3.31,3.31,3.31,3.31,3.31,3.31,3.31,3.31,3.31,3.31,3.31,3.31,3.31,3.31,3.31,3.31,3.31,3.31,3.31,3.31,3.31,3.31,3.31,3.31,3.31,3.31,3.31,3.31,3.31,3.31,3.31,3.31,3.31,3.31,3.31,3.31,3.31,3.31,3.31,3.31,3.31,3.31,3.31,3.31,3.31,3.31,3.31,3.31,3.31,3.31,3.31,3.31,3.31,3.31,3.31,3.31,3.31,3.31,3.31,3.31,3.31,3.31,3.31,3.31,3.31,3.31,3.31,3.31,3.31,3.31,3.31,3.31,3.31,3.31,3.31,3.31,3.31,3.31,3.31,3.31,3.31,3.31,3.31,3.31,3.31,3.31,3.31,3.31,3.31,3.31,3.31,3.31,3.31,3.31,3.31,3.31,3.31,3.31,3.31,3.31,3.31,3.31,3.31,3.31,3.31,3.31
43,3.645,3.645,3.645,3.645,3.645,3.645,3.645,3.645,3.645,3.645,3.645,3.645,3.645,3.645,3.645,3.645,3.645,3.645,3.645,3.645,3.645,3.645,3.645,3.645,3.645,3.645,3.645,3.645,3.645,3.645,3.645,3.645,3.645,3.645,3.645,3.645,3.645,3.645,3.645,3.645,3.645,3.645,3.645,3.645,3.645,3.645,3.645,3.645,3.645,3.645,3.645,3.645,3.645,3.645,3.645,3.645,3.645,3.645,3.645,3.645,3.645,3.645,3.645,3.645,3.645,3.645,3.645,3.645,3.645,3.645,3.645,3.645,3.645,3.645,3.645,3.645,3.645,3.645,3.645,3.645,3.645,3.645,3.645,3.645,3.645,3.645,3.645,3.645,3.645,3.645,3.645,3.645,3.645,3.645,3.645,3.645,3.645,3.645,3.645,3.645,3.645,3.645,3.645,3.645,3.645,3.645,3.645,3.645,3.645,3.645,3.645,3.645,3.645,3.645,3.645,3.645,3.645,3.645,3.645,3.645,3.645,3.645,3.645,3.645,3.645,3.645,3.645,3.645,3.645,3.645,3.645,3.645,3.645,3.645,3.645,3.645,3.645,3.645,3.645,3.645,3.645,3.645,3.645,3.645,3.645,3.645,3.645,3.645,3.645,3.645,3.645,3.645,3.645,3.645,3.645,3.645,3.645,3.645,3.645,3.645,3.645,3.645,3.645,3.645,3.645,3.645,3.645,3.645,3.645,3.645,3.645,3.645,3.645,3.645,3.645,3.645,3.645,3.645,3.645,3.645,3.645,3.645,3.645,3.645,3.645,3.645,3.645,3.645,3.645,3.645,3.645,3.645,3.645,3.645
48,3.46,3.46,3.46,3.46,3.46,3.46,3.46,3.46,3.46,3.46,3.46,3.46,3.46,3.46,3.46,3.46,3.46,3.46,3.46,3.46,3.46,3.46,3.46,3.46,3.46,3.46,3.46,3.46,3.46,3.46,3.46,3.46,3.46,3.46,3.46,3.46,3.46,3.46,3.46,3.46,3.46,3.46,3.46,3.46,3.46,3.46,3.46,3.46,3.46,3.46,3.46,3.46,3.46,3.46,3.46,3.46,3.46,3.46,3.46,3.46,3.46,3.46,3.46,3.46,3.46,3.46,3.46,3.46,3.46,3.46,3.46,3.46,3.46,3.46,3.46,3.46,3.46,3.46,3.46,3.46,3.46,3.46,3.46,3.46,3.46,3.46,3.46,3.46,3.46,3.46,3.46,3.46,3.46,3.46,3.46,3.46,3.46,3.46,3.46,3.46,3.46,3.46,3.46,3.46,3.46,3.46,3.46,3.46,3.46,3.46,3.46,3.46,3.46,3.46,3.46,3.46,3.46,3.46,3.46,3.46,3.46,3.46,3.46,3.46,3.46,3.46,3.46,3.46,3.46,3.46,3.46,3.46,3.46,3.46,3.46,3.46,3.46,3.46,3.46,3.46,3.46,3.46,3.46,3.46,3.46,3.46,3.46,3.46,3.46,3.46,3.46,3.46,3.46,3.46,3.46,3.46,3.46,3.46,3.46,3.46,3.46,3.46,3.46,3.46,3.46,3.46,3.46,3.46,3.46,3.46,3.46,3.46,3.46,3.46,3.46,3.46,3.46,3.46,3.46,3.46,3.46,3.46,3.46,3.46,3.46,3.46,3.46,3.46,3.46,3.46,3.46,3.46,3.46,3.46
76,3.8449999999999998,3.8449999999999998,3.8449999999999998,3.8449999999999998,3.8449999999999998,3.8449999999999998,3.8449999999999998,3.8449999999999998,3.8449999999999998,3.8449999999999998,3.8449999999999998,3.8449999999999998,3.8449999999999998,3.8449999999999998,3.8449999999999998,3.8449999999999998,3.8449999999999998,3.8449999999999998,3.8449999999999998,3.8449999999999998,3.8449999999999998,3.8449999999999998,3.8449999999999998,3.8449999999999998,3.8449999999999998,3.8449999999999998,3.8449999999999998,3.8449999999999998,3.8449999999999998,3.8449999999999998,3.8449999999999998,3.8449999999999998,3.8449999999999998,3.8449999999999998,3.8449999999999998,3.8449999999999998,3.8449999999999998,3.8449999999999998,3.8449999999999998,3.8449999999999998,3.8449999999999998,3.8449999999999998,3.8449999999999998,3.8449999999999998,3.8449999999999998,3.8449999999999998,3.8449999999999998,3.8449999999999998,3.8449999999999998,3.8449999999999998,3.8449999999999998,3.8449999999999998,3.8449999999999998,3.8449999999999998,3.8449999999999998,3.8449999999999998,3.8449999999999998,3.8449999999999998,3.8449999999999998,3.8449999999999998,3.8449999999999998,3.8449999999999998,3.8449999999999998,3.8449999999999998,3.8449999999999998,3.8449999999999998,3.8449999999999998,3.8449999999999998,3.8449999999999998,3.8449999999999998,3.8449999999999998,3.8449999999999998,3.8449999999999998,3.8449999999999998,3.8449999999999998,3.8449999999999998,3.8449999999999998,3.8449999999999998,3.8449999999999998,3.8449999999999998,3.8449999999999998,3.8449999999999998,3.8449999999999998,3.8449999999999998,3.8449999999999998,3.8449999999999998,3.8449999999999998,3.8449999999999998,3.8449999999999998,3.8449999999999998,3.8449999999999998,3.8449999999999998,3.8449999999999998,3.8449999999999998,3.8449999999999998,3.8449999999999998,3.8449999999999998,3.8449999999999998,3.8449999999999998,3.8449999999999998,3.8449999999999998,3.8449999999999998,3.8449999999999998,3.8449999999999998,3.8449999999999998,3.8449999999999998,3.8449999999999998,3.8449999999999998,3.8449999999999998,3.8449999999999998,3.8449999999999998,3.8449999999999998,3.8449999999999998,3.8449999999999998,3.8449999999999998,3.8449999999999998,3.8449999999999998,3.8449999999999998,3.8449999999999998,3.8449999999999998,3.8449999999999998,3.8449999999999998,3.8449999999999998,3.8449999999999998,3.8449999999999998,3.8449999999999998,3.8449999999999998,3.8449999999999998,3.8449999999999998,3.8449999999999998,3.8449999999999998,3.8449999999999998,3.8449999999999998,3.8449999999999998,3.8449999999999998,3.8449999999999998,3.8449999999999998,3.8449999999999998,3.8449999999999998,3.8449999999999998,3.8449999999999998,3.8449999999999998,3.8449999999999998,3.8449999999999998,3.8449999999999998,3.8449999999999998,3.8449999999999998,3.8449999999999998,3.8449999999999998,3.8449999999999998,3.8449999999999998,3.8449999999999998,3.8449999999999998,3.8449999999999998,3.8449999999999998,3.8449999999999998,3.8449999999999998,3.8449999999999998,3.8449999999999998,3.8449999999999998,3.8449999999999998,3.8449999999999998,3.8449999999999998,3.8449999999999998,3.8449999999999998,3.8449999999999998,3.8449999999999998,3.8449999999999998,3.8449999999999998,3.8449999999999998,3.8449999999999998,3.8449999999999998,3.8449999999999998,3.8449999999999998,3.8449999999999998,3.8449999999999998,3.8449999999999998,3.8449999999999998,3.8449999999999998,3.8449999999999998,3.8449999999999998,3.8449999999999998,3.8449999999999998,3.8449999999999998,3.8449999999999998,3.8449999999999998,3.8449999999999998,3.8449999999999998,3.8449999999999998,3.8449999999999998,3.8449999999999998,3.8449999999999998,3.8449999999999998,3.8449999999999998
82,3.62,3.62,3.62,3.62,3.62,3.62,3.62,3.62,3.62,3.62,3.62,3.62,3.62,3.62,3.62,3.62,3.62,3.62,3.62,3.62,3.62,3.62,3.62,3.62,3.62,3.62,3.62,3.62,3.62,3.62,3.62,3.62,3.62,3.62,3.62,3.62,3.62,3.62,3.62,3.62,3.62,3.62,3.62,3.62,3.62,3.62,3.62,3.62,3.62,3.62,3.62,3.62,3.62,3.62,3.62,3.62,3.62,3.62,3.62,3.62,3.62,3.62,3.62,3.62,3.62,3.62,3.62,3.62,3.62,3.62,3.62,3.62,3.62,3.62,3.62,3.62,3.62,3.62,3.62,3.62,3.62,3.62,3.62,3.62,3.62,3.62,3.62,3.62,3.62,3.62,3.62,3.62,3.62,3.62,3.62,3.62,3.62,3.62,3.62,3.62,3.62,3.62,3.62,3.62,3.62,3.62,3.62,3.62,3.62,3.62,3.62,3.62,3.62,3.62,3.62,3.62,3.62,3.62,3.62,3.62,3.62,3.62,3.62,3.62,3.62,3.62,3.62,3.62,3.62,3.62,3.62,3.62,3.62,3.62,3.62,3.62,3.62,3.62,3.62,3.62,3.62,3.62,3.62,3.62,3.62,3.62,3.62,3.62,3.62,3.62,3.62,3.62,3.62,3.62,3.62,3.62,3.62,3.62,3.62,3.62,3.62,3.62,3.62,3.62,3.62,3.62,3.62,3.62,3.62,3.62,3.62,3.62,3.62,3.62,3.62,3.62,3.62,3.62,3.62,3.62,3.62,3.62,3.62,3.62,3.62,3.62,3.62,3.62,3.62,3.62,3.62,3.62,3.62,3.62
108,3.23,3.23,3.23,3.23,3.23,3.23,3.23,3.23,3.23,3.23,3.23,3.23,3.23,3.23,3.23,3.23,3.23,3.23,3.23,3.23,3.23,3.23,3.23,3.23,3.23,3.23,3.23,3.23,3.23,3.23,3.23,3.23,3.23,3.23,3.23,3.23,3.23,3.23,3.23,3.23,3.23,3.23,3.23,3.23,3.23,3.23,3.23,3.23,3.23,3.23,3.23,3.23,3.23,3.23,3.23,3.23,3.23,3.23,3.23,3.23,3.23,3.23,3.23,3.23,3.23,3.23,3.23,3.23,3.23,3.23,3.23,3.23,3.23,3.23,3.23,3.23,3.23,3.23,3.23,3.23,3.23,3.23,3.23,3.23,3.23,3.23,3.23,3.23,3.23,3.23,3.23,3.23,3.23,3.23,3.23,3.23,3.23,3.23,3.23,3.23,3.23,3.23,3.23,3.23,3.23,3.23,3.23,3.23,3.23,3.23,3.23,3.23,3.23,3.23,3.23,3.23,3.23,3.23,3.23,3.23,3.23,3.23,3.23,3.23,3.23,3.23,3.23,3.23,3.23,3.23,3.23,3.23,3.23,3.23,3.23,3.23,3.23,3.23,3.23,3.23,3.23,3.23,3.23,3.23,3.23,3.23,3.23,3.23,3.23,3.23,3.23,3.23,3.23,3.23,3.23,3.23,3.23,3.23,3.23,3.23,3.23,3.23,3.23,3.23,3.23,3.23,3.23,3.23,3.23,3.23,3.23,3.23,3.23,3.23,3.23,3.23,3.23,3.23,3.23,3.23,3.23,3.23,3.23,3.23,3.23,3.23,3.23,3.23,3.23,3.23,3.23,3.23,3.23,3.23
122,3.435,3.435,3.435,3.435,3.435,3.435,3.435,3.435,3.435,3.435,3.435,3.435,3.435,3.435,3.435,3.435,3.435,3.435,3.435,3.435,3.435,3.435,3.435,3.435,3.435,3.435,3.435,3.435,3.435,3.435,3.435,3.435,3.435,3.435,3.435,3.435,3.435,3.435,3.435,3.435,3.435,3.435,3.435,3.435,3.435,3.435,3.435,3.435,3.435,3.435,3.435,3.435,3.435,3.435,3.435,3.435,3.435,3.435,3.435,3.435,3.435,3.435,3.435,3.435,3.435,3.435,3.435,3.435,3.435,3.435,3.435,3.435,3.435,3.435,3.435,3.435,3.435,3.435,3.435,3.435,3.435,3.435,3.435,3.435,3.435,3.435,3.435,3.435,3.435,3.435,3.435,3.435,3.435,3.435,3.435,3.435,3.435,3.435,3.435,3.435,3.435,3.435,3.435,3.435,3.435,3.435,3.435,3.435,3.435,3.435,3.435,3.435,3.435,3.435,3.435,3.435,3.435,3.435,3.435,3.435,3.435,3.435,3.435,3.435,3.435,3.435,3.435,3.435,3.435,3.435,3.435,3.435,3.435,3.435,3.435,3.435,3.435,3.435,3.435,3.435,3.435,3.435,3.435,3.435,3.435,3.435,3.435,3.435,3.435,3.435,3.435,3.435,3.435,3.435,3.435,3.435,3.435,3.435,3.435,3.435,3.435,3.435,3.435,3.435,3.435,3.435,3.435,3.435,3.435,3.435,3.435,3.435,3.435,3.435,3.435,3.435,3.435,3.435,3.435,3.435,3.435,3.435,3.435,3.435,3.435,3.435,3.435,3.435,3.435,3.435,3.435,3.435,3.435,3.435
123,3.39,3.39,3.39,3.39,3.39,3.39,3.39,3.39,3.39,3.39,3.39,3.39,3.39,3.39,3.39,3.39,3.39,3.39,3.39,3.39,3.39,3.39,3.39,3.39,3.39,3.39,3.39,3.39,3.39,3.39,3.39,3.39,3.39,3.39,3.39,3.39,3.39,3.39,3.39,3.39,3.39,3.39,3.39,3.39,3.39,3.39,3.39,3.39,3.39,3.39,3.39,3.39,3.39,3.39,3.39,3.39,3.39,3.39,3.39,3.39,3.39,3.39,3.39,3.39,3.39,3.39,3.39,3.39,3.39,3.39,3.39,3.39,3.39,3.39,3.39,3.39,3.39,3.39,3.39,3.39,3.39,3.39,3.39,3.39,3.39,3.39,3.39,3.39,3.39,3.39,3.39,3.39,3.39,3.39,3.39,3.39,3.39,3.39,3.39,3.39,3.39,3.39,3.39,3.39,3.39,3.39,3.39,3.39,3.39,3.39,3.39,3.39,3.39,3.39,3.39,3.39,3.39,3.39,3.39,3.39,3.39,3.39,3.39,3.39,3.39,3.39,3.39,3.39,3.39,3.39,3.39,3.39,3.39,3.39,3.39,3.39,3.39,3.39,3.39,3.39,3.39,3.39,3.39,3.39,3.39,3.39,3.39,3.39,3.39,3.39,3.39,3.39,3.39,3.39,3.39,3.39,3.39,3.39,3.39,3.39,3.39,3.39,3.39,3.39,3.39,3.39,3.39,3.39,3.39,3.39,3.39,3.39,3.39,3.39,3.39,3.39,3.39,3.39,3.39,3.39,3.39,3.39,3.39,3.39,3.39,3.39,3.39,3.39,3.39,3.39,3.39,3.39,3.39,3.39
124,3.34,3.34,3.34,3.34,3.34,3.34,3.34,3.34,3.34,3.34,3.34,3.34,3.34,3.34,3.34,3.34,3.34,3.34,3.34,3.34,3.34,3.34,3.34,3.34,3.34,3.34,3.34,3.34,3.34,3.34,3.34,3.34,3.34,3.34,3.34,3.34,3.34,3.34,3.34,3.34,3.34,3.34,3.34,3.34,3.34,3.34,3.34,3.34,3.34,3.34,3.34,3.34,3.34,3.34,3.34,3.34,3.34,3.34,3.34,3.34,3.34,3.34,3.34,3.34,3.34,3.34,3.34,3.34,3.34,3.34,3.34,3.34,3.34,3.34,3.34,3.34,3.34,3.34,3.34,3.34,3.34,3.34,3.34,3.34,3.34,3.34,3.34,3.34,3.34,3.34,3.34,3.34,3.34,3.34,3.34,3.34,3.34,3.34,3.34,3.34,3.34,3.34,3.34,3.34,3.34,3.34,3.34,3.34,3.34,3.34,3.34,3.34,3.34,3.34,3.34,3.34,3.34,3.34,3.34,3.34,3.34,3.34,3.34,3.34,3.34,3.34,3.34,3.34,3.34,3.34,3.34,3.34,3.34,3.34,3.34,3.34,3.34,3.34,3.34,3.34,3.34,3.34,3.34,3.34,3.34,3.34,3.34,3.34,3.34,3.34,3.34,3.34,3.34,3.34,3.34,3.34,3.34,3.34,3.34,3.34,3.34,3.34,3.34,3.34,3.34,3.34,3.34,3.34,3.34,3.34,3.34,3.34,3.34,3.34,3.34,3.34,3.34,3.34,3.34,3.34,3.34,3.34,3.34,3.34,3.34,3.34,3.34,3.34,3.34,3.34,3.34,3.34,3.34,3.34
137,3.44,3.44,3.44,3.44,3.44,3.44,3.44,3.44,3.44,3.44,3.44,3.44,3.44,3.44,3.44,3.44,3.44,3.44,3.44,3.44,3.44,3.44,3.44,3.44,3.44,3.44,3.44,3.44,3.44,3.44,3.44,3.44,3.44,3.44,3.44,3.44,3.44,3.44,3.44,3.44,3.44,3.44,3.44,3.44,3.44,3.44,3.44,3.44,3.44,3.44,3.44,3.44,3.44,3.44,3.44,3.44,3.44,3.44,3.44,3.44,3.44,3.44,3.44,3.44,3.44,3.44,3.44,3.44,3.44,3.44,3.44,3.44,3.44,3.44,3.44,3.44,3.44,3.44,3.44,3.44,3.44,3.44,3.44,3.44,3.44,3.44,3.44,3.44,3.44,3.44,3.44,3.44,3.44,3.44,3.44,3.44,3.44,3.44,3.44,3.44,3.44,3.44,3.44,3.44,3.44,3.44,3.44,3.44,3.44,3.44,3.44,3.44,3.44,3.44,3.44,3.44,3.44,3.44,3.44,3.44,3.44,3.44,3.44,3.44,3.44,3.44,3.44,3.44,3.44,3.44,3.44,3.44,3.44,3.44,3.44,3.44,3.44,3.44,3.44,3.44,3.44,3.44,3.44,3.44,3.44,3.44,3.44,3.44,3.44,3.44,3.44,3.44,3.44,3.44,3.44,3.44,3.44,3.44,3.44,3.44,3.44,3.44,3.44,3.44,3.44,3.44,3.44,3.44,3.44,3.44,3.44,3.44,3.44,3.44,3.44,3.44,3.44,3.44,3.44,3.44,3.44,3.44,3.44,3.44,3.44,3.44,3.44,3.44,3.44,3.44,3.44,3.44,3.44,3.44
143,3.585,3.585,3.585,3.585,3.585,3.585,3.585,3.585,3.585,3.585,3.585,3.585,3.585,3.585,3.585,3.585,3.585,3.585,3.585,3.585,3.585,3.585,3.585,3.585,3.585,3.585,3.585,3.585,3.585,3.585,3.585,3.585,3.585,3.585,3.585,3.585,3.585,3.585,3.585,3.585,3.585,3.585,3.585,3.585,3.585,3.585,3.585,3.585,3.585,3.585,3.585,3.585,3.585,3.585,3.585,3.585,3.585,3.585,3.585,3.585,3.585,3.585,3.585,3.585,3.585,3.585,3.585,3.585,3.585,3.585,3.585,3.585,3.585,3.585,3.585,3.585,3.585,3.585,3.585,3.585,3.585,3.585,3.585,3.585,3.585,3.585,3.585,3.585,3.585,3.585,3.585,3.585,3.585,3.585,3.585,3.585,3.585,3.585,3.585,3.585,3.585,3.585,3.585,3.585,3.585,3.585,3.585,3.585,3.585,3.585,3.585,3.585,3.585,3.585,3.585,3.585,3.585,3.585,3.585,3.585,3.585,3.585,3.585,3.585,3.585,3.585,3.585,3.585,3.585,3.585,3.585,3.585,3.585,3.585,3.585,3.585,3.585,3.585,3.585,3.585,3.585,3.585,3.585,3.585,3.585,3.585,3.585,3.585,3.585,3.585,3.585,3.585,3.585,3.585,3.585,3.585,3.585,3.585,3.585,3.585,3.585,3.585,3.585,3.585,3.585,3.585,3.585,3.585,3.585,3.585,3.585,3.585,3.585,3.585,3.585,3.585,3.585,3.585,3.585,3.585,3.585,3.585,3.585,3.585,3.585,3.585,3.585,3.585,3.585,3.585,3.585,3.585,3.585,3.585
147,3.615,3.615,3.615,3.615,3.615,3.615,3.615,3.615,3.615,3.615,3.615,3.615,3.615,3.615,3.615,3.615,3.615,3.615,3.615,3.615,3.615,3.615,3.615,3.615,3.615,3.615,3.615,3.615,3.615,3.615,3.615,3.615,3.615,3.615,3.615,3.615,3.615,3.615,3.615,3.615,3.615,3.615,3.615,3.615,3.615,3.615,3.615,3.615,3.615,3.615,3.615,3.615,3.615,3.615,3.615,3.615,3.615,3.615,3.615,3.615,3.615,3.615,3.615,3.615,3.615,3.615,3.615,3.615,3.615,3.615,3.615,3.615,3.615,3.615,3.615,3.615,3.615,3.615,3.615,3.615,3.615,3.615,3.615,3.615,3.615,3.615,3.615,3.615,3.615,3.615,3.615,3.615,3.615,3.615,3.615,3.615,3.615,3.615,3.615,3.615,3.615,3.615,3.615,3.615,3.615,3.615,3.615,3.615,3.615,3.615,3.615,3.615,3.615,3.615,3.615,3.615,3.615,3.615,3.615,3.615,3.615,3.615,3.615,3.615,3.615,3.615,3.615,3.615,3.615,3.615,3.615,3.615,3.615,3.615,3.615,3.615,3.615,3.615,3.615,3.615,3.615,3.615,3.615,3.615,3.615,3.615,3.615,3.615,3.615,3.615,3.615,3.615,3.615,3.615,3.615,3.615,3.615,3.615,3.615,3.615,3.615,3.615,3.615,3.615,3.615,3.615,3.615,3.615,3.615,3.615,3.615,3.615,3.615,3.615,3.615,3.615,3.615,3.615,3.615,3.615,3.615,3.615,3.615,3.615,3.615,3.615,3.615,3.615,3.615,3.615,3.615,3.615,3.615,3.615
158,4.78,4.78,4.78,4.78,4.78,4.78,4.78,4.78,4.78,4.78,4.78,4.78,4.78,4.78,4.78,4.78,4.78,4.78,4.78,4.78,4.78,4.78,4.78,4.78,4.78,4.78,4.78,4.78,4.78,4.78,4.78,4.78,4.78,4.78,4.78,4.78,4.78,4.78,4.78,4.78,4.78,4.78,4.78,4.78,4.78,4.78,4.78,4.78,4.78,4.78,4.78,4.78,4.78,4.78,4.78,4.78,4.78,4.78,4.78,4.78,4.78,4.78,4.78,4.78,4.78,4.78,4.78,4.78,4.78,4.78,4.78,4.78,4.78,4.78,4.78,4.78,4.78,4.78,4.78,4.78,4.78,4.78,4.78,4.78,4.78,4.78,4.78,4.78,4.78,4.78,4.78,4.78,4.78,4.78,4.78,4.78,4.78,4.78,4.78,4.78,4.78,4.78,4.78,4.78,4.78,4.78,4.78,4.78,4.78,4.78,4.78,4.78,4.78,4.78,4.78,4.78,4.78,4.78,4.78,4.78,4.78,4.78,4.78,4.78,4.78,4.78,4.78,4.78,4.78,4.78,4.78,4.78,4.78,4.78,4.78,4.78,4.78,4.78,4.78,4.78,4.78,4.78,4.78,4.78,4.78,4.78,4.78,4.78,4.78,4.78,4.78,4.78,4.78,4.78,4.78,4.78,4.78,4.78,4.78,4.78,4.78,4.78,4.78,4.78,4.78,4.78,4.78,4.78,4.78,4.78,4.78,4.78,4.78,4.78,4.78,4.78,4.78,4.78,4.78,4.78,4.78,4.78,4.78,4.78,4.78,4.78,4.78,4.78,4.78,4.78,4.78,4.78,4.78,4.78
163,4.18,4.18,4.18,4.18,4.18,4.18,4.18,4.18,4.18,4.18,4.18,4.18,4.18,4.18,4.18,4.18,4.18,4.18,4.18,4.18,4.18,4.18,4.18,4.18,4.18,4.18,4.18,4.18,4.18,4.18,4.18,4.18,4.18,4.18,4.18,4.18,4.18,4.18,4.18,4.18,4.18,4.18,4.18,4.18,4.18,4.18,4.18,4.18,4.18,4.18,4.18,4.18,4.18,4.18,4.18,4.18,4.18,4.18,4.18,4.18,4.18,4.18,4.18,4.18,4.18,4.18,4.18,4.18,4.18,4.18,4.18,4.18,4.18,4.18,4.18,4.18,4.18,4.18,4.18,4.18,4.18,4.18,4.18,4.18,4.18,4.18,4.18,4.18,4.18,4.18,4.18,4.18,4.18,4.18,4.18,4.18,4.18,4.18,4.18,4.18,4.18,4.18,4.18,4.18,4.18,4.18,4.18,4.18,4.18,4.18,4.18,4.18,4.18,4.18,4.18,4.18,4.18,4.18,4.18,4.18,4.18,4.18,4.18,4.18,4.18,4.18,4.18,4.18,4.18,4.18,4.18,4.18,4.18,4.18,4.18,4.18,4.18,4.18,4.18,4.18,4.18,4.18,4.18,4.18,4.18,4.18,4.18,4.18,4.18,4.18,4.18,4.18,4.18,4.18,4.18,4.18,4.18,4.18,4.18,4.18,4.18,4.18,4.18,4.18,4.18,4.18,4.18,4.18,4.18,4.18,4.18,4.18,4.18,4.18,4.18,4.18,4.18,4.18,4.18,4.18,4.18,4.18,4.18,4.18,4.18,4.18,4.18,4.18,4.18,4.18,4.18,4.18,4.18,4.18
165,3.9400000000000004,3.9400000000000004,3.9400000000000004,3.9400000000000004,3.9400000000000004,3.9400000000000004,3.9400000000000004,3.9400000000000004,3.9400000000000004,3.9400000000000004,3.9400000000000004,3.9400000000000004,3.9400000000000004,3.9400000000000004,3.9400000000000004,3.9400000000000004,3.9400000000000004,3.9400000000000004,3.9400000000000004,3.9400000000000004,3.9400000000000004,3.9400000000000004,3.9400000000000004,3.9400000000000004,3.9400000000000004,3.9400000000000004,3.9400000000000004,3.9400000000000004,3.9400000000000004,3.9400000000000004,3.9400000000000004,3.9400000000000004,3.9400000000000004,3.9400000000000004,3.9400000000000004,3.9400000000000004,3.9400000000000004,3.9400000000000004,3.9400000000000004,3.9400000000000004,3.9400000000000004,3.9400000000000004,3.9400000000000004,3.9400000000000004,3.9400000000000004,3.9400000000000004,3.9400000000000004,3.9400000000000004,3.9400000000000004,3.9400000000000004,3.9400000000000004,3.9400000000000004,3.9400000000000004,3.9400000000000004,3.9400000000000004,3.9400000000000004,3.9400000000000004,3.9400000000000004,3.9400000000000004,3.9400000000000004,3.9400000000000004,3.9400000000000004,3.9400000000000004,3.9400000000000004,3.9400000000000004,3.9400000000000004,3.9400000000000004,3.9400000000000004,3.9400000000000004,3.9400000000000004,3.9400000000000004,3.9400000000000004,3.9400000000000004,3.9400000000000004,3.9400000000000004,3.9400000000000004,3.9400000000000004,3.9400000000000004,3.9400000000000004,3.9400000000000004,3.9400000000000004,3.9400000000000004,3.9400000000000004,3.9400000000000004,3.9400000000000004,3.9400000000000004,3.9400000000000004,3.9400000000000004,3.9400000000000004,3.9400000000000004,3.9400000000000004,3.9400000000000004,3.9400000000000004,3.9400000000000004,3.9400000000000004,3.9400000000000004,3.9400000000000004,3.9400000000000004,3.9400000000000004,3.9400000000000004,3.9400000000000004,3.9400000000000004,3.9400000000000004,3.9400000000000004,3.9400000000000004,3.9400000000000004,3.9400000000000004,3.9400000000000004,3.9400000000000004,3.9400000000000004,3.9400000000000004,3.9400000000000004,3.9400000000000004,3.9400000000000004,3.9400000000000004,3.9400000000000004,3.9400000000000004,3.9400000000000004,3.9400000000000004,3.9400000000000004,3.9400000000000004,3.9400000000000004,3.9400000000000004,3.9400000000000004,3.9400000000000004,3.9400000000000004,3.9400000000000004,3.9400000000000004,3.9400000000000004,3.9400000000000004,3.9400000000000004,3.9400000000000004,3.9400000000000004,3.9400000000000004,3.9400000000000004,3.9400000000000004,3.9400000000000004,3.9400000000000004,3.9400000000000004,3.9400000000000004,3.9400000000000004,3.9400000000000004,3.9400000000000004,3.9400000000000004,3.9400000000000004,3.9400000000000004,3.9400000000000004,3.9400000000000004,3.9400000000000004,3.9400000000000004,3.9400000000000004,3.9400000000000004,3.9400000000000004,3.9400000000000004,3.9400000000000004,3.9400000000000004,3.9400000000000004,3.9400000000000004,3.9400000000000004,3.9400000000000004,3.9400000000000004,3.9400000000000004,3.9400000000000004,3.9400000000000004,3.9400000000000004,3.9400000000000004,3.9400000000000004,3.9400000000000004,3.9400000000000004,3.9400000000000004,3.9400000000000004,3.9400000000000004,3.9400000000000004,3.9400000000000004,3.9400000000000004,3.9400000000000004,3.9400000000000004,3.9400000000000004,3.9400000000000004,3.9400000000000004,3.9400000000000004,3.9400000000000004,3.9400000000000004,3.9400000000000004,3.9400000000000004,3.9400000000000004,3.9400000000000004,3.9400000000000004,3.9400000000000004,3.9400000000000004,3.9400000000000004,3.9400000000000004,3.9400000000000004,3.9400000000000004
175,3.41,3.41,3.41,3.41,3.41,3.41,3.41,3.41,3.41,3.41,3.41,3.41,3.41,3.41,3.41,3.41,3.41,3.41,3.41,3.41,3.41,3.41,3.41,3.41,3.41,3.41,3.41,3.41,3.41,3.41,3.41,3.41,3.41,3.41,3.41,3.41,3.41,3.41,3.41,3.41,3.41,3.41,3.41,3.41,3.41,3.41,3.41,3.41,3.41,3.41,3.41,3.41,3.41,3.41,3.41,3.41,3.41,3.41,3.41,3.41,3.41,3.41,3.41,3.41,3.41,3.41,3.41,3.41,3.41,3.41,3.41,3.41,3.41,3.41,3.41,3.41,3.41,3.41,3.41,3.41,3.41,3.41,3.41,3.41,3.41,3.41,3.41,3.41,3.41,3.41,3.41,3.41,3.41,3.41,3.41,3.41,3.41,3.41,3.41,3.41,3.41,3.41,3.41,3.41,3.41,3.41,3.41,3.41,3.41,3.41,3.41,3.41,3.41,3.41,3.41,3.41,3.41,3.41,3.41,3.41,3.41,3.41,3.41,3.41,3.41,3.41,3.41,3.41,3.41,3.41,3.41,3.41,3.41,3.41,3.41,3.41,3.41,3.41,3.41,3.41,3.41,3.41,3.41,3.41,3.41,3.41,3.41,3.41,3.41,3.41,3.41,3.41,3.41,3.41,3.41,3.41,3.41,3.41,3.41,3.41,3.41,3.41,3.41,3.41,3.41,3.41,3.41,3.41,3.41,3.41,3.41,3.41,3.41,3.41,3.41,3.41,3.41,3.41,3.41,3.41,3.41,3.41,3.41,3.41,3.41,3.41,3.41,3.41,3.41,3.41,3.41,3.41,3.41,3.41
191,3.31,3.31,3.31,3.31,3.31,3.31,3.31,3.31,3.31,3.31,3.31,3.31,3.31,3.31,3.31,3.31,3.31,3.31,3.31,3.31,3.31,3.31,3.31,3.31,3.31,3.31,3.31,3.31,3.31,3.31,3.31,3.31,3.31,3.31,3.31,3.31,3.31,3.31,3.31,3.31,3.31,3.31,3.31,3.31,3.31,3.31,3.31,3.31,3.31,3.31,3.31,3.31,3.31,3.31,3.31,3.31,3.31,3.31,3.31,3.31,3.31,3.31,3.31,3.31,3.31,3.31,3.31,3.31,3.31,3.31,3.31,3.31,3.31,3.31,3.31,3.31,3.31,3.31,3.31,3.31,3.31,3.31,3.31,3.31,3.31,3.31,3.31,3.31,3.31,3.31,3.31,3.31,3.31,3.31,3.31,3.31,3.31,3.31,3.31,3.31,3.31,3.31,3.31,3.31,3.31,3.31,3.31,3.31,3.31,3.31,3.31,3.31,3.31,3.31,3.31,3.31,3.31,3.31,3.31,3.31,3.31,3.31,3.31,3.31,3.31,3.31,3.31,3.31,3.31,3.31,3.31,3.31,3.31,3.31,3.31,3.31,3.31,3.31,3.31,3.31,3.31,3.31,3.31,3.31,3.31,3.31,3.31,3.31,3.31,3.31,3.31,3.31,3.31,3.31,3.31,3.31,3.31,3.31,3.31,3.31,3.31,3.31,3.31,3.31,3.31,3.31,3.31,3.31,3.31,3.31,3.31,3.31,3.31,3.31,3.31,3.31,3.31,3.31,3.31,3.31,3.31,3.31,3.31,3.31,3.31,3.31,3.31,3.31,3.31,3.31,3.31,3.31,3.31,3.31
71,3.825,3.825,3.825,3.825,3.825,3.825,3.825,3.825,3.825,3.825,3.825,3.825,3.825,3.825,3.825,3.825,3.825,3.825,3.825,3.825,3.825,3.825,3.825,3.825,3.825,3.825,3.825,3.825,3.825,3.825,3.825,3.825,3.825,3.825,3.825,3.825,3.825,3.825,3.825,3.825,3.825,3.825,3.825,3.825,3.825,3.825,3.825,3.825,3.825,3.825,3.825,3.825,3.825,3.825,3.825,3.825,3.825,3.825,3.825,3.825,3.825,3.825,3.825,3.825,3.825,3.825,3.825,3.825,3.825,3.825,3.825,3.825,3.825,3.825,3.825,3.825,3.825,3.825,3.825,3.825,3.825,3.825,3.825,3.825,3.825,3.825,3.825,3.825,3.825,3.825,3.825,3.825,3.825,3.825,3.825,3.825,3.825,3.825,3.825,3.825,3.825,3.825,3.825,3.825,3.825,3.825,3.825,3.825,3.825,3.825,3.825,3.825,3.825,3.825,3.825,3.825,3.825,3.825,3.825,3.825,3.825,3.825,3.825,3.825,3.825,3.825,3.825,3.825,3.825,3.825,3.825,3.825,3.825,3.825,3.825,3.825,3.825,3.825,3.825,3.825,3.825,3.825,3.825,3.825,3.825,3.825,3.825,3.825,3.825,3.825,3.825,3.825,3.825,3.825,3.825,3.825,3.825,3.825,3.825,3.825,3.825,3.825,3.825,3.825,3.825,3.825,3.825,3.825,3.825,3.825,3.825,3.825,3.825,3.825,3.825,3.825,3.825,3.825,3.825,3.825,3.825,3.825,3.825,3.825,3.825,3.825,3.825,3.825,3.825,3.825,3.825,3.825,3.825,3.825
118,3.745,3.745,3.745,3.745,3.745,3.745,3.745,3.745,3.745,3.745,3.745,3.745,3.745,3.745,3.745,3.745,3.745,3.745,3.745,3.745,3.745,3.745,3.745,3.745,3.745,3.745,3.745,3.745,3.745,3.745,3.745,3.745,3.745,3.745,3.745,3.745,3.745,3.745,3.745,3.745,3.745,3.745,3.745,3.745,3.745,3.745,3.745,3.745,3.745,3.745,3.745,3.745,3.745,3.745,3.745,3.745,3.745,3.745,3.745,3.745,3.745,3.745,3.745,3.745,3.745,3.745,3.745,3.745,3.745,3.745,3.745,3.745,3.745,3.745,3.745,3.745,3.745,3.745,3.745,3.745,3.745,3.745,3.745,3.745,3.745,3.745,3.745,3.745,3.745,3.745,3.745,3.745,3.745,3.745,3.745,3.745,3.745,3.745,3.745,3.745,3.745,3.745,3.745,3.745,3.745,3.745,3.745,3.745,3.745,3.745,3.745,3.745,3.745,3.745,3.745,3.745,3.745,3.745,3.745,3.745,3.745,3.745,3.745,3.745,3.745,3.745,3.745,3.745,3.745,3.745,3.745,3.745,3.745,3.745,3.745,3.745,3.745,3.745,3.745,3.745,3.745,3.745,3.745,3.745,3.745,3.745,3.745,3.745,3.745,3.745,3.745,3.745,3.745,3.745,3.745,3.745,3.745,3.745,3.745,3.745,3.745,3.745,3.745,3.745,3.745,3.745,3.745,3.745,3.745,3.745,3.745,3.745,3.745,3.745,3.745,3.745,3.745,3.745,3.745,3.745,3.745,3.745,3.745,3.745,3.745,3.745,3.745,3.745,3.745,3.745,3.745,3.745,3.745,3.745
106,3.795,3.795,3.795,3.795,3.795,3.795,3.795,3.795,3.795,3.795,3.795,3.795,3.795,3.795,3.795,3.795,3.795,3.795,3.795,3.795,3.795,3.795,3.795,3.795,3.795,3.795,3.795,3.795,3.795,3.795,3.795,3.795,3.795,3.795,3.795,3.795,3.795,3.795,3.795,3.795,3.795,3.795,3.795,3.795,3.795,3.795,3.795,3.795,3.795,3.795,3.795,3.795,3.795,3.795,3.795,3.795,3.795,3.795,3.795,3.795,3.795,3.795,3.795,3.795,3.795,3.795,3.795,3.795,3.795,3.795,3.795,3.795,3.795,3.795,3.795,3.795,3.795,3.795,3.795,3.795,3.795,3.795,3.795,3.795,3.795,3.795,3.795,3.795,3.795,3.795,3.795,3.795,3.795,3.795,3.795,3.795,3.795,3.795,3.795,3.795,3.795,3.795,3.795,3.795,3.795,3.795,3.795,3.795,3.795,3.795,3.795,3.795,3.795,3.795,3.795,3.795,3.795,3.795,3.795,3.795,3.795,3.795,3.795,3.795,3.795,3.795,3.795,3.795,3.795,3.795,3.795,3.795,3.795,3.795,3.795,3.795,3.795,3.795,3.795,3.795,3.795,3.795,3.795,3.795,3.795,3.795,3.795,3.795,3.795,3.795,3.795,3.795,3.795,3.795,3.795,3.795,3.795,3.795,3.795,3.795,3.795,3.795,3.795,3.795,3.795,3.795,3.795,3.795,3.795,3.795,3.795,3.795,3.795,3.795,3.795,3.795,3.795,3.795,3.795,3.795,3.795,3.795,3.795,3.795,3.795,3.795,3.795,3.795,3.795,3.795,3.795,3.795,3.795,3.795
127,4.4399999999999995,4.4399999999999995,4.4399999999999995,4.4399999999999995,4.4399999999999995,4.4399999999999995,4.4399999999999995,4.4399999999999995,4.4399999999999995,4.4399999999999995,4.4399999999999995,4.4399999999999995,4.4399999999999995,4.4399999999999995,4.4399999999999995,4.4399999999999995,4.4399999999999995,4.4399999999999995,4.4399999999999995,4.4399999999999995,4.4399999999999995,4.4399999999999995,4.4399999999999995,4.4399999999999995,4.4399999999999995,4.4399999999999995,4.4399999999999995,4.4399999999999995,4.4399999999999995,4.4399999999999995,4.4399999999999995,4.4399999999999995,4.4399999999999995,4.4399999999999995,4.4399999999999995,4.4399999999999995,4.4399999999999995,4.4399999999999995,4.4399999999999995,4.4399999999999995,4.4399999999999995,4.4399999999999995,4.4399999999999995,4.4399999999999995,4.4399999999999995,4.4399999999999995,4.4399999999999995,4.4399999999999995,4.4399999999999995,4.4399999999999995,4.4399999999999995,4.4399999999999995,4.4399999999999995,4.4399999999999995,4.4399999999999995,4.4399999999999995,4.4399999999999995,4.4399999999999995,4.4399999999999995,4.4399999999999995,4.4399999999999995,4.4399999999999995,4.4399999999999995,4.4399999999999995,4.4399999999999995,4.4399999999999995,4.4399999999999995,4.4399999999999995,4.4399999999999995,4.4399999999999995,4.4399999999999995,4.4399999999999995,4.4399999999999995,4.4399999999999995,4.4399999999999995,4.4399999999999995,4.4399999999999995,4.4399999999999995,4.4399999999999995,4.4399999999999995,4.4399999999999995,4.4399999999999995,4.4399999999999995,4.4399999999999995,4.4399999999999995,4.4399999999999995,4.4399999999999995,4.4399999999999995,4.4399999999999995,4.4399999999999995,4.4399999999999995,4.4399999999999995,4.4399999999999995,4.4399999999999995,4.4399999999999995,4.4399999999999995,4.4399999999999995,4.4399999999999995,4.4399999999999995,4.4399999999999995,4.4399999999999995,4.4399999999999995,4.4399999999999995,4.4399999999999995,4.4399999999999995,4.4399999999999995,4.4399999999999995,4.4399999999999995,4.4399999999999995,4.4399999999999995,4.4399999999999995,4.4399999999999995,4.4399999999999995,4.4399999999999995,4.4399999999999995,4.4399999999999995,4.4399999999999995,4.4399999999999995,4.4399999999999995,4.4399999999999995,4.4399999999999995,4.4399999999999995,4.4399999999999995,4.4399999999999995,4.4399999999999995,4.4399999999999995,4.4399999999999995,4.4399999999999995,4.4399999999999995,4.4399999999999995,4.4399999999999995,4.4399999999999995,4.4399999999999995,4.4399999999999995,4.4399999999999995,4.4399999999999995,4.4399999999999995,4.4399999999999995,4.4399999999999995,4.4399999999999995,4.4399999999999995,4.4399999999999995,4.4399999999999995,4.4399999999999995,4.4399999999999995,4.4399999999999995,4.4399999999999995,4.4399999999999995,4.4399999999999995,4.4399999999999995,4.4399999999999995,4.4399999999999995,4.4399999999999995,4.4399999999999995,4.4399999999999995,4.4399999999999995,4.4399999999999995,4.4399999999999995,4.4399999999999995,4.4399999999999995,4.4399999999999995,4.4399999999999995,4.4399999999999995,4.4399999999999995,4.4399999999999995,4.4399999999999995,4.4399999999999995,4.4399999999999995,4.4399999999999995,4.4399999999999995,4.4399999999999995,4.4399999999999995,4.4399999999999995,4.4399999999999995,4.4399999999999995,4.4399999999999995,4.4399999999999995,4.4399999999999995,4.4399999999999995,4.4399999999999995,4.4399999999999995,4.4399999999999995,4.4399999999999995,4.4399999999999995,4.4399999999999995,4.4399999999999995,4.4399999999999995,4.4399999999999995,4.4399999999999995,4.4399999999999995,4.4399999999999995,4.4399999999999995,4.4399999999999995,4.4399999999999995
28,3.8099999999999996,3.8099999999999996,3.8099999999999996,3.8099999999999996,3.8099999999999996,3.8099999999999996,3.8099999999999996,3.8099999999999996,3.8099999999999996,3.8099999999999996,3.8099999999999996,3.8099999999999996,3.8099999999999996,3.8099999999999996,3.8099999999999996,3.8099999999999996,3.8099999999999996,3.8099999999999996,3.8099999999999996,3.8099999999999996,3.8099999999999996,3.8099999999999996,3.8099999999999996,3.8099999999999996,3.8099999999999996,3.8099999999999996,3.8099999999999996,3.8099999999999996,3.8099999999999996,3.8099999999999996,3.8099999999999996,3.8099999999999996,3.8099999999999996,3.8099999999999996,3.8099999999999996,3.8099999999999996,3.8099999999999996,3.8099999999999996,3.8099999999999996,3.8099999999999996,3.8099999999999996,3.8099999999999996,3.8099999999999996,3.8099999999999996,3.8099999999999996,3.8099999999999996,3.8099999999999996,3.8099999999999996,3.8099999999999996,3.8099999999999996,3.8099999999999996,3.8099999999999996,3.8099999999999996,3.8099999999999996,3.8099999999999996,3.8099999999999996,3.8099999999999996,3.8099999999999996,3.8099999999999996,3.8099999999999996,3.8099999999999996,3.8099999999999996,3.8099999999999996,3.8099999999999996,3.8099999999999996,3.8099999999999996,3.8099999999999996,3.8099999999999996,3.8099999999999996,3.8099999999999996,3.8099999999999996,3.8099999999999996,3.8099999999999996,3.8099999999999996,3.8099999999999996,3.8099999999999996,3.8099999999999996,3.8099999999999996,3.8099999999999996,3.8099999999999996,3.8099999999999996,3.8099999999999996,3.8099999999999996,3.8099999999999996,3.8099999999999996,3.8099999999999996,3.8099999999999996,3.8099999999999996,3.8099999999999996,3.8099999999999996,3.8099999999999996,3.8099999999999996,3.8099999999999996,3.8099999999999996,3.8099999999999996,3.8099999999999996,3.8099999999999996,3.8099999999999996,3.8099999999999996,3.8099999999999996,3.8099999999999996,3.8099999999999996,3.8099999999999996,3.8099999999999996,3.8099999999999996,3.8099999999999996,3.8099999999999996,3.8099999999999996,3.8099999999999996,3.8099999999999996,3.8099999999999996,3.8099999999999996,3.8099999999999996,3.8099999999999996,3.8099999999999996,3.8099999999999996,3.8099999999999996,3.8099999999999996,3.8099999999999996,3.8099999999999996,3.8099999999999996,3.8099999999999996,3.8099999999999996,3.8099999999999996,3.8099999999999996,3.8099999999999996,3.8099999999999996,3.8099999999999996,3.8099999999999996,3.8099999999999996,3.8099999999999996,3.8099999999999996,3.8099999999999996,3.8099999999999996,3.8099999999999996,3.8099999999999996,3.8099999999999996,3.8099999999999996,3.8099999999999996,3.8099999999999996,3.8099999999999996,3.8099999999999996,3.8099999999999996,3.8099999999999996,3.8099999999999996,3.8099999999999996,3.8099999999999996,3.8099999999999996,3.8099999999999996,3.8099999999999996,3.8099999999999996,3.8099999999999996,3.8099999999999996,3.8099999999999996,3.8099999999999996,3.8099999999999996,3.8099999999999996,3.8099999999999996,3.8099999999999996,3.8099999999999996,3.8099999999999996,3.8099999999999996,3.8099999999999996,3.8099999999999996,3.8099999999999996,3.8099999999999996,3.8099999999999996,3.8099999999999996,3.8099999999999996,3.8099999999999996,3.8099999999999996,3.8099999999999996,3.8099999999999996,3.8099999999999996,3.8099999999999996,3.8099999999999996,3.8099999999999996,3.8099999999999996,3.8099999999999996,3.8099999999999996,3.8099999999999996,3.8099999999999996,3.8099999999999996,3.8099999999999996,3.8099999999999996,3.8099999999999996,3.8099999999999996,3.8099999999999996,3.8099999999999996,3.8099999999999996,3.8099999999999996,3.8099999999999996,3.8099999999999996,3.8099999999999996
186,3.16,3.16,3.16,3.16,3.16,3.16,3.16,3.16,3.16,3.16,3.16,3.16,3.16,3.16,3.16,3.16,3.16,3.16,3.16,3.16,3.16,3.16,3.16,3.16,3.16,3.16,3.16,3.16,3.16,3.16,3.16,3.16,3.16,3.16,3.16,3.16,3.16,3.16,3.16,3.16,3.16,3.16,3.16,3.16,3.16,3.16,3.16,3.16,3.16,3.16,3.16,3.16,3.16,3.16,3.16,3.16,3.16,3.16,3.16,3.16,3.16,3.16,3.16,3.16,3.16,3.16,3.16,3.16,3.16,3.16,3.16,3.16,3.16,3.16,3.16,3.16,3.16,3.16,3.16,3.16,3.16,3.16,3.16,3.16,3.16,3.16,3.16,3.16,3.16,3.16,3.16,3.16,3.16,3.16,3.16,3.16,3.16,3.16,3.16,3.16,3.16,3.16,3.16,3.16,3.16,3.16,3.16,3.16,3.16,3.16,3.16,3.16,3.16,3.16,3.16,3.16,3.16,3.16,3.16,3.16,3.16,3.16,3.16,3.16,3.16,3.16,3.16,3.16,3.16,3.16,3.16,3.16,3.16,3.16,3.16,3.16,3.16,3.16,3.16,3.16,3.16,3.16,3.16,3.16,3.16,3.16,3.16,3.16,3.16,3.16,3.16,3.16,3.16,3.16,3.16,3.16,3.16,3.16,3.16,3.16,3.16,3.16,3.16,3.16,3.16,3.16,3.16,3.16,3.16,3.16,3.16,3.16,3.16,3.16,3.16,3.16,3.16,3.16,3.16,3.16,3.16,3.16,3.16,3.16,3.16,3.16,3.16,3.16,3.16,3.16,3.16,3.16,3.16,3.16
2,3.79,3.79,3.79,3.79,3.79,3.79,3.79,3.79,3.79,3.79,3.79,3.79,3.79,3.79,3.79,3.79,3.79,3.79,3.79,3.79,3.79,3.79,3.79,3.79,3.79,3.79,3.79,3.79,3.79,3.79,3.79,3.79,3.79,3.79,3.79,3.79,3.79,3.79,3.79,3.79,3.79,3.79,3.79,3.79,3.79,3.79,3.79,3.79,3.79,3.79,3.79,3.79,3.79,3.79,3.79,3.79,3.79,3.79,3.79,3.79,3.79,3.79,3.79,3.79,3.79,3.79,3.79,3.79,3.79,3.79,3.79,3.79,3.79,3.79,3.79,3.79,3.79,3.79,3.79,3.79,3.79,3.79,3.79,3.79,3.79,3.79,3.79,3.79,3.79,3.79,3.79,3.79,3.79,3.79,3.79,3.79,3.79,3.79,3.79,3.79,3.79,3.79,3.79,3.79,3.79,3.79,3.79,3.79,3.79,3.79,3.79,3.79,3.79,3.79,3.79,3.79,3.79,3.79,3.79,3.79,3.79,3.79,3.79,3.79,3.79,3.79,3.79,3.79,3.79,3.79,3.79,3.79,3.79,3.79,3.79,3.79,3.79,3.79,3.79,3.79,3.79,3.79,3.79,3.79,3.79,3.79,3.79,3.79,3.79,3.79,3.79,3.79,3.79,3.79,3.79,3.79,3.79,3.79,3.79,3.79,3.79,3.79,3.79,3.79,3.79,3.79,3.79,3.79,3.79,3.79,3.79,3.79,3.79,3.79,3.79,3.79,3.79,3.79,3.79,3.79,3.79,3.79,3.79,3.79,3.79,3.79,3.79,3.79,3.79,3.79,3.79,3.79,3.79,3.79
142,3.3,3.3,3.3,3.3,3.3,3.3,3.3,3.3,3.3,3.3,3.3,3.3,3.3,3.3,3.3,3.3,3.3,3.3,3.3,3.3,3.3,3.3,3.3,3.3,3.3,3.3,3.3,3.3,3.3,3.3,3.3,3.3,3.3,3.3,3.3,3.3,3.3,3.3,3.3,3.3,3.3,3.3,3.3,3.3,3.3,3.3,3.3,3.3,3.3,3.3,3.3,3.3,3.3,3.3,3.3,3.3,3.3,3.3,3.3,3.3,3.3,3.3,3.3,3.3,3.3,3.3,3.3,3.3,3.3,3.3,3.3,3.3,3.3,3.3,3.3,3.3,3.3,3.3,3.3,3.3,3.3,3.3,3.3,3.3,3.3,3.3,3.3,3.3,3.3,3.3,3.3,3.3,3.3,3.3,3.3,3.3,3.3,3.3,3.3,3.3,3.3,3.3,3.3,3.3,3.3,3.3,3.3,3.3,3.3,3.3,3.3,3.3,3.3,3.3,3.3,3.3,3.3,3.3,3.3,3.3,3.3,3.3,3.3,3.3,3.3,3.3,3.3,3.3,3.3,3.3,3.3,3.3,3.3,3.3,3.3,3.3,3.3,3.3,3.3,3.3,3.3,3.3,3.3,3.3,3.3,3.3,3.3,3.3,3.3,3.3,3.3,3.3,3.3,3.3,3.3,3.3,3.3,3.3,3.3,3.3,3.3,3.3,3.3,3.3,3.3,3.3,3.3,3.3,3.3,3.3,3.3,3.3,3.3,3.3,3.3,3.3,3.3,3.3,3.3,3.3,3.3,3.3,3.3,3.3,3.3,3.3,3.3,3.3,3.3,3.3,3.3,3.3,3.3,3.3
188,4.015000000000001,4.015000000000001,4.015000000000001,4.015000000000001,4.015000000000001,4.015000000000001,4.015000000000001,4.015000000000001,4.015000000000001,4.015000000000001,4.015000000000001,4.015000000000001,4.015000000000001,4.015000000000001,4.015000000000001,4.015000000000001,4.015000000000001,4.015000000000001,4.015000000000001,4.015000000000001,4.015000000000001,4.015000000000001,4.015000000000001,4.015000000000001,4.015000000000001,4.015000000000001,4.015000000000001,4.015000000000001,4.015000000000001,4.015000000000001,4.015000000000001,4.015000000000001,4.015000000000001,4.015000000000001,4.015000000000001,4.015000000000001,4.015000000000001,4.015000000000001,4.015000000000001,4.015000000000001,4.015000000000001,4.015000000000001,4.015000000000001,4.015000000000001,4.015000000000001,4.015000000000001,4.015000000000001,4.015000000000001,4.015000000000001,4.015000000000001,4.015000000000001,4.015000000000001,4.015000000000001,4.015000000000001,4.015000000000001,4.015000000000001,4.015000000000001,4.015000000000001,4.015000000000001,4.015000000000001,4.015000000000001,4.015000000000001,4.015000000000001,4.015000000000001,4.015000000000001,4.015000000000001,4.015000000000001,4.015000000000001,4.015000000000001,4.015000000000001,4.015000000000001,4.015000000000001,4.015000000000001,4.015000000000001,4.015000000000001,4.015000000000001,4.015000000000001,4.015000000000001,4.015000000000001,4.015000000000001,4.015000000000001,4.015000000000001,4.015000000000001,4.015000000000001,4.015000000000001,4.015000000000001,4.015000000000001,4.015000000000001,4.015000000000001,4.015000000000001,4.015000000000001,4.015000000000001,4.015000000000001,4.015000000000001,4.015000000000001,4.015000000000001,4.015000000000001,4.015000000000001,4.015000000000001,4.015000000000001,4.015000000000001,4.015000000000001,4.015000000000001,4.015000000000001,4.015000000000001,4.015000000000001,4.015000000000001,4.015000000000001,4.015000000000001,4.015000000000001,4.015000000000001,4.015000000000001,4.015000000000001,4.015000000000001,4.015000000000001,4.015000000000001,4.015000000000001,4.015000000000001,4.015000000000001,4.015000000000001,4.015000000000001,4.015000000000001,4.015000000000001,4.015000000000001,4.015000000000001,4.015000000000001,4.015000000000001,4.015000000000001,4.015000000000001,4.015000000000001,4.015000000000001,4.015000000000001,4.015000000000001,4.015000000000001,4.015000000000001,4.015000000000001,4.015000000000001,4.015000000000001,4.015000000000001,4.015000000000001,4.015000000000001,4.015000000000001,4.015000000000001,4.015000000000001,4.015000000000001,4.015000000000001,4.015000000000001,4.015000000000001,4.015000000000001,4.015000000000001,4.015000000000001,4.015000000000001,4.015000000000001,4.015000000000001,4.015000000000001,4.015000000000001,4.015000000000001,4.015000000000001,4.015000000000001,4.015000000000001,4.015000000000001,4.015000000000001,4.015000000000001,4.015000000000001,4.015000000000001,4.015000000000001,4.015000000000001,4.015000000000001,4.015000000000001,4.015000000000001,4.015000000000001,4.015000000000001,4.015000000000001,4.015000000000001,4.015000000000001,4.015000000000001,4.015000000000001,4.015000000000001,4.015000000000001,4.015000000000001,4.015000000000001,4.015000000000001,4.015000000000001,4.015000000000001,4.015000000000001,4.015000000000001,4.015000000000001,4.015000000000001,4.015000000000001,4.015000000000001,4.015000000000001,4.015000000000001,4.015000000000001,4.015000000000001
125,5.135,5.135,5.135,5.135,5.135,5.135,5.135,5.135,5.135,5.135,5.135,5.135,5.135,5.135,5.135,5.135,5.135,5.135,5.135,5.135,5.135,5.135,5.135,5.135,5.135,5.135,5.135,5.135,5.135,5.135,5.135,5.135,5.135,5.135,5.135,5.135,5.135,5.135,5.135,5.135,5.135,5.135,5.135,5.135,5.135,5.135,5.135,5.135,5.135,5.135,5.135,5.135,5.135,5.135,5.135,5.135,5.135,5.135,5.135,5.135,5.135,5.135,5.135,5.135,5.135,5.135,5.135,5.135,5.135,5.135,5.135,5.135,5.135,5.135,5.135,5.135,5.135,5.135,5.135,5.135,5.135,5.135,5.135,5.135,5.135,5.135,5.135,5.135,5.135,5.135,5.135,5.135,5.135,5.135,5.135,5.135,5.135,5.135,5.135,5.135,5.135,5.135,5.135,5.135,5.135,5.135,5.135,5.135,5.135,5.135,5.135,5.135,5.135,5.135,5.135,5.135,5.135,5.135,5.135,5.135,5.135,5.135,5.135,5.135,5.135,5.135,5.135,5.135,5.135,5.135,5.135,5.135,5.135,5.135,5.135,5.135,5.135,5.135,5.135,5.135,5.135,5.135,5.135,5.135,5.135,5.135,5.135,5.135,5.135,5.135,5.135,5.135,5.135,5.135,5.135,5.135,5.135,5.135,5.135,5.135,5.135,5.135,5.135,5.135,5.135,5.135,5.135,5.135,5.135,5.135,5.135,5.135,5.135,5.135,5.135,5.135,5.135,5.135,5.135,5.135,5.135,5.135,5.135,5.135,5.135,5.135,5.135,5.135,5.135,5.135,5.135,5.135,5.135,5.135
112,3.785,3.785,3.785,3.785,3.785,3.785,3.785,3.785,3.785,3.785,3.785,3.785,3.785,3.785,3.785,3.785,3.785,3.785,3.785,3.785,3.785,3.785,3.785,3.785,3.785,3.785,3.785,3.785,3.785,3.785,3.785,3.785,3.785,3.785,3.785,3.785,3.785,3.785,3.785,3.785,3.785,3.785,3.785,3.785,3.785,3.785,3.785,3.785,3.785,3.785,3.785,3.785,3.785,3.785,3.785,3.785,3.785,3.785,3.785,3.785,3.785,3.785,3.785,3.785,3.785,3.785,3.785,3.785,3.785,3.785,3.785,3.785,3.785,3.785,3.785,3.785,3.785,3.785,3.785,3.785,3.785,3.785,3.785,3.785,3.785,3.785,3.785,3.785,3.785,3.785,3.785,3.785,3.785,3.785,3.785,3.785,3.785,3.785,3.785,3.785,3.785,3.785,3.785,3.785,3.785,3.785,3.785,3.785,3.785,3.785,3.785,3.785,3.785,3.785,3.785,3.785,3.785,3.785,3.785,3.785,3.785,3.785,3.785,3.785,3.785,3.785,3.785,3.785,3.785,3.785,3.785,3.785,3.785,3.785,3.785,3.785,3.785,3.785,3.785,3.785,3.785,3.785,3.785,3.785,3.785,3.785,3.785,3.785,3.785,3.785,3.785,3.785,3.785,3.785,3.785,3.785,3.785,3.785,3.785,3.785,3.785,3.785,3.785,3.785,3.785,3.785,3.785,3.785,3.785,3.785,3.785,3.785,3.785,3.785,3.785,3.785,3.785,3.785,3.785,3.785,3.785,3.785,3.785,3.785,3.785,3.785,3.785,3.785,3.785,3.785,3.785,3.785,3.785,3.785
145,3.7249999999999996,3.7249999999999996,3.7249999999999996,3.7249999999999996,3.7249999999999996,3.7249999999999996,3.7249999999999996,3.7249999999999996,3.7249999999999996,3.7249999999999996,3.7249999999999996,3.7249999999999996,3.7249999999999996,3.7249999999999996,3.7249999999999996,3.7249999999999996,3.7249999999999996,3.7249999999999996,3.7249999999999996,3.7249999999999996,3.7249999999999996,3.7249999999999996,3.7249999999999996,3.7249999999999996,3.7249999999999996,3.7249999999999996,3.7249999999999996,3.7249999999999996,3.7249999999999996,3.7249999999999996,3.7249999999999996,3.7249999999999996,3.7249999999999996,3.7249999999999996,3.7249999999999996,3.7249999999999996,3.7249999999999996,3.7249999999999996,3.7249999999999996,3.7249999999999996,3.7249999999999996,3.7249999999999996,3.7249999999999996,3.7249999999999996,3.7249999999999996,3.7249999999999996,3.7249999999999996,3.7249999999999996,3.7249999999999996,3.7249999999999996,3.7249999999999996,3.7249999999999996,3.7249999999999996,3.7249999999999996,3.7249999999999996,3.7249999999999996,3.7249999999999996,3.7249999999999996,3.7249999999999996,3.7249999999999996,3.7249999999999996,3.7249999999999996,3.7249999999999996,3.7249999999999996,3.7249999999999996,3.7249999999999996,3.7249999999999996,3.7249999999999996,3.7249999999999996,3.7249999999999996,3.7249999999999996,3.7249999999999996,3.7249999999999996,3.7249999999999996,3.7249999999999996,3.7249999999999996,3.7249999999999996,3.7249999999999996,3.7249999999999996,3.7249999999999996,3.7249999999999996,3.7249999999999996,3.7249999999999996,3.7249999999999996,3.7249999999999996,3.7249999999999996,3.7249999999999996,3.7249999999999996,3.7249999999999996,3.7249999999999996,3.7249999999999996,3.7249999999999996,3.7249999999999996,3.7249999999999996,3.7249999999999996,3.7249999999999996,3.7249999999999996,3.7249999999999996,3.7249999999999996,3.7249999999999996,3.7249999999999996,3.7249999999999996,3.7249999999999996,3.7249999999999996,3.7249999999999996,3.7249999999999996,3.7249999999999996,3.7249999999999996,3.7249999999999996,3.7249999999999996,3.7249999999999996,3.7249999999999996,3.7249999999999996,3.7249999999999996,3.7249999999999996,3.7249999999999996,3.7249999999999996,3.7249999999999996,3.7249999999999996,3.7249999999999996,3.7249999999999996,3.7249999999999996,3.7249999999999996,3.7249999999999996,3.7249999999999996,3.7249999999999996,3.7249999999999996,3.7249999999999996,3.7249999999999996,3.7249999999999996,3.7249999999999996,3.7249999999999996,3.7249999999999996,3.7249999999999996,3.7249999999999996,3.7249999999999996,3.7249999999999996,3.7249999999999996,3.7249999999999996,3.7249999999999996,3.7249999999999996,3.7249999999999996,3.7249999999999996,3.7249999999999996,3.7249999999999996,3.7249999999999996,3.7249999999999996,3.7249999999999996,3.7249999999999996,3.7249999999999996,3.7249999999999996,3.7249999999999996,3.7249999999999996,3.7249999999999996,3.7249999999999996,3.7249999999999996,3.7249999999999996,3.7249999999999996,3.7249999999999996,3.7249999999999996,3.7249999999999996,3.7249999999999996,3.7249999999999996,3.7249999999999996,3.7249999999999996,3.7249999999999996,3.7249999999999996,3.7249999999999996,3.7249999999999996,3.7249999999999996,3.7249999999999996,3.7249999999999996,3.7249999999999996,3.7249999999999996,3.7249999999999996,3.7249999999999996,3.7249999999999996,3.7249999999999996,3.7249999999999996,3.7249999999999996,3.7249999999999996,3.7249999999999996,3.7249999999999996,3.7249999999999996,3.7249999999999996,3.7249999999999996,3.7249999999999996,3.7249999999999996,3.7249999999999996,3.7249999999999996,3.7249999999999996,3.7249999999999996,3.7249999999999996,3.7249999999999996
47,3.76,3.76,3.76,3.76,3.76,3.76,3.76,3.76,3.76,3.76,3.76,3.76,3.76,3.76,3.76,3.76,3.76,3.76,3.76,3.76,3.76,3.76,3.76,3.76,3.76,3.76,3.76,3.76,3.76,3.76,3.76,3.76,3.76,3.76,3.76,3.76,3.76,3.76,3.76,3.76,3.76,3.76,3.76,3.76,3.76,3.76,3.76,3.76,3.76,3.76,3.76,3.76,3.76,3.76,3.76,3.76,3.76,3.76,3.76,3.76,3.76,3.76,3.76,3.76,3.76,3.76,3.76,3.76,3.76,3.76,3.76,3.76,3.76,3.76,3.76,3.76,3.76,3.76,3.76,3.76,3.76,3.76,3.76,3.76,3.76,3.76,3.76,3.76,3.76,3.76,3.76,3.76,3.76,3.76,3.76,3.76,3.76,3.76,3.76,3.76,3.76,3.76,3.76,3.76,3.76,3.76,3.76,3.76,3.76,3.76,3.76,3.76,3.76,3.76,3.76,3.76,3.76,3.76,3.76,3.76,3.76,3.76,3.76,3.76,3.76,3.76,3.76,3.76,3.76,3.76,3.76,3.76,3.76,3.76,3.76,3.76,3.76,3.76,3.76,3.76,3.76,3.76,3.76,3.76,3.76,3.76,3.76,3.76,3.76,3.76,3.76,3.76,3.76,3.76,3.76,3.76,3.76,3.76,3.76,3.76,3.76,3.76,3.76,3.76,3.76,3.76,3.76,3.76,3.76,3.76,3.76,3.76,3.76,3.76,3.76,3.76,3.76,3.76,3.76,3.76,3.76,3.76,3.76,3.76,3.76,3.76,3.76,3.76,3.76,3.76,3.76,3.76,3.76,3.76
78,4.23,4.23,4.23,4.23,4.23,4.23,4.23,4.23,4.23,4.23,4.23,4.23,4.23,4.23,4.23,4.23,4.23,4.23,4.23,4.23,4.23,4.23,4.23,4.23,4.23,4.23,4.23,4.23,4.23,4.23,4.23,4.23,4.23,4.23,4.23,4.23,4.23,4.23,4.23,4.23,4.23,4.23,4.23,4.23,4.23,4.23,4.23,4.23,4.23,4.23,4.23,4.23,4.23,4.23,4.23,4.23,4.23,4.23,4.23,4.23,4.23,4.23,4.23,4.23,4.23,4.23,4.23,4.23,4.23,4.23,4.23,4.23,4.23,4.23,4.23,4.23,4.23,4.23,4.23,4.23,4.23,4.23,4.23,4.23,4.23,4.23,4.23,4.23,4.23,4.23,4.23,4.23,4.23,4.23,4.23,4.23,4.23,4.23,4.23,4.23,4.23,4.23,4.23,4.23,4.23,4.23,4.23,4.23,4.23,4.23,4.23,4.23,4.23,4.23,4.23,4.23,4.23,4.23,4.23,4.23,4.23,4.23,4.23,4.23,4.23,4.23,4.23,4.23,4.23,4.23,4.23,4.23,4.23,4.23,4.23,4.23,4.23,4.23,4.23,4.23,4.23,4.23,4.23,4.23,4.23,4.23,4.23,4.23,4.23,4.23,4.23,4.23,4.23,4.23,4.23,4.23,4.23,4.23,4.23,4.23,4.23,4.23,4.23,4.23,4.23,4.23,4.23,4.23,4.23,4.23,4.23,4.23,4.23,4.23,4.23,4.23,4.23,4.23,4.23,4.23,4.23,4.23,4.23,4.23,4.23,4.23,4.23,4.23,4.23,4.23,4.23,4.23,4.23,4.23
8,3.66,3.66,3.66,3.66,3.66,3.66,3.66,3.66,3.66,3.66,3.66,3.66,3.66,3.66,3.66,3.66,3.66,3.66,3.66,3.66,3.66,3.66,3.66,3.66,3.66,3.66,3.66,3.66,3.66,3.66,3.66,3.66,3.66,3.66,3.66,3.66,3.66,3.66,3.66,3.66,3.66,3.66,3.66,3.66,3.66,3.66,3.66,3.66,3.66,3.66,3.66,3.66,3.66,3.66,3.66,3.66,3.66,3.66,3.66,3.66,3.66,3.66,3.66,3.66,3.66,3.66,3.66,3.66,3.66,3.66,3.66,3.66,3.66,3.66,3.66,3.66,3.66,3.66,3.66,3.66,3.66,3.66,3.66,3.66,3.66,3.66,3.66,3.66,3.66,3.66,3.66,3.66,3.66,3.66,3.66,3.66,3.66,3.66,3.66,3.66,3.66,3.66,3.66,3.66,3.66,3.66,3.66,3.66,3.66,3.66,3.66,3.66,3.66,3.66,3.66,3.66,3.66,3.66,3.66,3.66,3.66,3.66,3.66,3.66,3.66,3.66,3.66,3.66,3.66,3.66,3.66,3.66,3.66,3.66,3.66,3.66,3.66,3.66,3.66,3.66,3.66,3.66,3.66,3.66,3.66,3.66,3.66,3.66,3.66,3.66,3.66,3.66,3.66,3.66,3.66,3.66,3.66,3.66,3.66,3.66,3.66,3.66,3.66,3.66,3.66,3.66,3.66,3.66,3.66,3.66,3.66,3.66,3.66,3.66,3.66,3.66,3.66,3.66,3.66,3.66,3.66,3.66,3.66,3.66,3.66,3.66,3.66,3.66,3.66,3.66,3.66,3.66,3.66,3.66
129,5.125,5.125,5.125,5.125,5.125,5.125,5.125,5.125,5.125,5.125,5.125,5.125,5.125,5.125,5.125,5.125,5.125,5.125,5.125,5.125,5.125,5.125,5.125,5.125,5.125,5.125,5.125,5.125,5.125,5.125,5.125,5.125,5.125,5.125,5.125,5.125,5.125,5.125,5.125,5.125,5.125,5.125,5.125,5.125,5.125,5.125,5.125,5.125,5.125,5.125,5.125,5.125,5.125,5.125,5.125,5.125,5.125,5.125,5.125,5.125,5.125,5.125,5.125,5.125,5.125,5.125,5.125,5.125,5.125,5.125,5.125,5.125,5.125,5.125,5.125,5.125,5.125,5.125,5.125,5.125,5.125,5.125,5.125,5.125,5.125,5.125,5.125,5.125,5.125,5.125,5.125,5.125,5.125,5.125,5.125,5.125,5.125,5.125,5.125,5.125,5.125,5.125,5.125,5.125,5.125,5.125,5.125,5.125,5.125,5.125,5.125,5.125,5.125,5.125,5.125,5.125,5.125,5.125,5.125,5.125,5.125,5.125,5.125,5.125,5.125,5.125,5.125,5.125,5.125,5.125,5.125,5.125,5.125,5.125,5.125,5.125,5.125,5.125,5.125,5.125,5.125,5.125,5.125,5.125,5.125,5.125,5.125,5.125,5.125,5.125,5.125,5.125,5.125,5.125,5.125,5.125,5.125,5.125,5.125,5.125,5.125,5.125,5.125,5.125,5.125,5.125,5.125,5.125,5.125,5.125,5.125,5.125,5.125,5.125,5.125,5.125,5.125,5.125,5.125,5.125,5.125,5.125,5.125,5.125,5.125,5.125,5.125,5.125,5.125,5.125,5.125,5.125,5.125,5.125
157,4.38,4.38,4.38,4.38,4.38,4.38,4.38,4.38,4.38,4.38,4.38,4.38,4.38,4.38,4.38,4.38,4.38,4.38,4.38,4.38,4.38,4.38,4.38,4.38,4.38,4.38,4.38,4.38,4.38,4.38,4.38,4.38,4.38,4.38,4.38,4.38,4.38,4.38,4.38,4.38,4.38,4.38,4.38,4.38,4.38,4.38,4.38,4.38,4.38,4.38,4.38,4.38,4.38,4.38,4.38,4.38,4.38,4.38,4.38,4.38,4.38,4.38,4.38,4.38,4.38,4.38,4.38,4.38,4.38,4.38,4.38,4.38,4.38,4.38,4.38,4.38,4.38,4.38,4.38,4.38,4.38,4.38,4.38,4.38,4.38,4.38,4.38,4.38,4.38,4.38,4.38,4.38,4.38,4.38,4.38,4.38,4.38,4.38,4.38,4.38,4.38,4.38,4.38,4.38,4.38,4.38,4.38,4.38,4.38,4.38,4.38,4.38,4.38,4.38,4.38,4.38,4.38,4.38,4.38,4.38,4.38,4.38,4.38,4.38,4.38,4.38,4.38,4.38,4.38,4.38,4.38,4.38,4.38,4.38,4.38,4.38,4.38,4.38,4.38,4.38,4.38,4.38,4.38,4.38,4.38,4.38,4.38,4.38,4.38,4.38,4.38,4.38,4.38,4.38,4.38,4.38,4.38,4.38,4.38,4.38,4.38,4.38,4.38,4.38,4.38,4.38,4.38,4.38,4.38,4.38,4.38,4.38,4.38,4.38,4.38,4.38,4.38,4.38,4.38,4.38,4.38,4.38,4.38,4.38,4.38,4.38,4.38,4.38,4.38,4.38,4.38,4.38,4.38,4.38
41,3.32,3.32,3.32,3.32,3.32,3.32,3.32,3.32,3.32,3.32,3.32,3.32,3.32,3.32,3.32,3.32,3.32,3.32,3.32,3.32,3.32,3.32,3.32,3.32,3.32,3.32,3.32,3.32,3.32,3.32,3.32,3.32,3.32,3.32,3.32,3.32,3.32,3.32,3.32,3.32,3.32,3.32,3.32,3.32,3.32,3.32,3.32,3.32,3.32,3.32,3.32,3.32,3.32,3.32,3.32,3.32,3.32,3.32,3.32,3.32,3.32,3.32,3.32,3.32,3.32,3.32,3.32,3.32,3.32,3.32,3.32,3.32,3.32,3.32,3.32,3.32,3.32,3.32,3.32,3.32,3.32,3.32,3.32,3.32,3.32,3.32,3.32,3.32,3.32,3.32,3.32,3.32,3.32,3.32,3.32,3.32,3.32,3.32,3.32,3.32,3.32,3.32,3.32,3.32,3.32,3.32,3.32,3.32,3.32,3.32,3.32,3.32,3.32,3.32,3.32,3.32,3.32,3.32,3.32,3.32,3.32,3.32,3.32,3.32,3.32,3.32,3.32,3.32,3.32,3.32,3.32,3.32,3.32,3.32,3.32,3.32,3.32,3.32,3.32,3.32,3.32,3.32,3.32,3.32,3.32,3.32,3.32,3.32,3.32,3.32,3.32,3.32,3.32,3.32,3.32,3.32,3.32,3.32,3.32,3.32,3.32,3.32,3.32,3.32,3.32,3.32,3.32,3.32,3.32,3.32,3.32,3.32,3.32,3.32,3.32,3.32,3.32,3.32,3.32,3.32,3.32,3.32,3.32,3.32,3.32,3.32,3.32,3.32,3.32,3.32,3.32,3.32,3.32,3.32
24,4.035,4.035,4.035,4.035,4.035,4.035,4.035,4.035,4.035,4.035,4.035,4.035,4.035,4.035,4.035,4.035,4.035,4.035,4.035,4.035,4.035,4.035,4.035,4.035,4.035,4.035,4.035,4.035,4.035,4.035,4.035,4.035,4.035,4.035,4.035,4.035,4.035,4.035,4.035,4.035,4.035,4.035,4.035,4.035,4.035,4.035,4.035,4.035,4.035,4.035,4.035,4.035,4.035,4.035,4.035,4.035,4.035,4.035,4.035,4.035,4.035,4.035,4.035,4.035,4.035,4.035,4.035,4.035,4.035,4.035,4.035,4.035,4.035,4.035,4.035,4.035,4.035,4.035,4.035,4.035,4.035,4.035,4.035,4.035,4.035,4.035,4.035,4.035,4.035,4.035,4.035,4.035,4.035,4.035,4.035,4.035,4.035,4.035,4.035,4.035,4.035,4.035,4.035,4.035,4.035,4.035,4.035,4.035,4.035,4.035,4.035,4.035,4.035,4.035,4.035,4.035,4.035,4.035,4.035,4.035,4.035,4.035,4.035,4.035,4.035,4.035,4.035,4.035,4.035,4.035,4.035,4.035,4.035,4.035,4.035,4.035,4.035,4.035,4.035,4.035,4.035,4.035,4.035,4.035,4.035,4.035,4.035,4.035,4.035,4.035,4.035,4.035,4.035,4.035,4.035,4.035,4.035,4.035,4.035,4.035,4.035,4.035,4.035,4.035,4.035,4.035,4.035,4.035,4.035,4.035,4.035,4.035,4.035,4.035,4.035,4.035,4.035,4.035,4.035,4.035,4.035,4.035,4.035,4.035,4.035,4.035,4.035,4.035,4.035,4.035,4.035,4.035,4.035,4.035
93,3.475,3.475,3.475,3.475,3.475,3.475,3.475,3.475,3.475,3.475,3.475,3.475,3.475,3.475,3.475,3.475,3.475,3.475,3.475,3.475,3.475,3.475,3.475,3.475,3.475,3.475,3.475,3.475,3.475,3.475,3.475,3.475,3.475,3.475,3.475,3.475,3.475,3.475,3.475,3.475,3.475,3.475,3.475,3.475,3.475,3.475,3.475,3.475,3.475,3.475,3.475,3.475,3.475,3.475,3.475,3.475,3.475,3.475,3.475,3.475,3.475,3.475,3.475,3.475,3.475,3.475,3.475,3.475,3.475,3.475,3.475,3.475,3.475,3.475,3.475,3.475,3.475,3.475,3.475,3.475,3.475,3.475,3.475,3.475,3.475,3.475,3.475,3.475,3.475,3.475,3.475,3.475,3.475,3.475,3.475,3.475,3.475,3.475,3.475,3.475,3.475,3.475,3.475,3.475,3.475,3.475,3.475,3.475,3.475,3.475,3.475,3.475,3.475,3.475,3.475,3.475,3.475,3.475,3.475,3.475,3.475,3.475,3.475,3.475,3.475,3.475,3.475,3.475,3.475,3.475,3.475,3.475,3.475,3.475,3.475,3.475,3.475,3.475,3.475,3.475,3.475,3.475,3.475,3.475,3.475,3.475,3.475,3.475,3.475,3.475,3.475,3.475,3.475,3.475,3.475,3.475,3.475,3.475,3.475,3.475,3.475,3.475,3.475,3.475,3.475,3.475,3.475,3.475,3.475,3.475,3.475,3.475,3.475,3.475,3.475,3.475,3.475,3.475,3.475,3.475,3.475,3.475,3.475,3.475,3.475,3.475,3.475,3.475,3.475,3.475,3.475,3.475,3.475,3.475
170,4.145,4.145,4.145,4.145,4.145,4.145,4.145,4.145,4.145,4.145,4.145,4.145,4.145,4.145,4.145,4.145,4.145,4.145,4.145,4.145,4.145,4.145,4.145,4.145,4.145,4.145,4.145,4.145,4.145,4.145,4.145,4.145,4.145,4.145,4.145,4.145,4.145,4.145,4.145,4.145,4.145,4.145,4.145,4.145,4.145,4.145,4.145,4.145,4.145,4.145,4.145,4.145,4.145,4.145,4.145,4.145,4.145,4.145,4.145,4.145,4.145,4.145,4.145,4.145,4.145,4.145,4.145,4.145,4.145,4.145,4.145,4.145,4.145,4.145,4.145,4.145,4.145,4.145,4.145,4.145,4.145,4.145,4.145,4.145,4.145,4.145,4.145,4.145,4.145,4.145,4.145,4.145,4.145,4.145,4.145,4.145,4.145,4.145,4.145,4.145,4.145,4.145,4.145,4.145,4.145,4.145,4.145,4.145,4.145,4.145,4.145,4.145,4.145,4.145,4.145,4.145,4.145,4.145,4.145,4.145,4.145,4.145,4.145,4.145,4.145,4.145,4.145,4.145,4.145,4.145,4.145,4.145,4.145,4.145,4.145,4.145,4.145,4.145,4.145,4.145,4.145,4.145,4.145,4.145,4.145,4.145,4.145,4.145,4.145,4.145,4.145,4.145,4.145,4.145,4.145,4.145,4.145,4.145,4.145,4.145,4.145,4.145,4.145,4.145,4.145,4.145,4.145,4.145,4.145,4.145,4.145,4.145,4.145,4.145,4.145,4.145,4.145,4.145,4.145,4.145,4.145,4.145,4.145,4.145,4.145,4.145,4.145,4.145,4.145,4.145,4.145,4.145,4.145,4.145
86,3.795,3.795,3.795,3.795,3.795,3.795,3.795,3.795,3.795,3.795,3.795,3.795,3.795,3.795,3.795,3.795,3.795,3.795,3.795,3.795,3.795,3.795,3.795,3.795,3.795,3.795,3.795,3.795,3.795,3.795,3.795,3.795,3.795,3.795,3.795,3.795,3.795,3.795,3.795,3.795,3.795,3.795,3.795,3.795,3.795,3.795,3.795,3.795,3.795,3.795,3.795,3.795,3.795,3.795,3.795,3.795,3.795,3.795,3.795,3.795,3.795,3.795,3.795,3.795,3.795,3.795,3.795,3.795,3.795,3.795,3.795,3.795,3.795,3.795,3.795,3.795,3.795,3.795,3.795,3.795,3.795,3.795,3.795,3.795,3.795,3.795,3.795,3.795,3.795,3.795,3.795,3.795,3.795,3.795,3.795,3.795,3.795,3.795,3.795,3.795,3.795,3.795,3.795,3.795,3.795,3.795,3.795,3.795,3.795,3.795,3.795,3.795,3.795,3.795,3.795,3.795,3.795,3.795,3.795,3.795,3.795,3.795,3.795,3.795,3.795,3.795,3.795,3.795,3.795,3.795,3.795,3.795,3.795,3.795,3.795,3.795,3.795,3.795,3.795,3.795,3.795,3.795,3.795,3.795,3.795,3.795,3.795,3.795,3.795,3.795,3.795,3.795,3.795,3.795,3.795,3.795,3.795,3.795,3.795,3.795,3.795,3.795,3.795,3.795,3.795,3.795,3.795,3.795,3.795,3.795,3.795,3.795,3.795,3.795,3.795,3.795,3.795,3.795,3.795,3.795,3.795,3.795,3.795,3.795,3.795,3.795,3.795,3.795,3.795,3.795,3.795,3.795,3.795,3.795
169,4.005,4.005,4.005,4.005,4.005,4.005,4.005,4.005,4.005,4.005,4.005,4.005,4.005,4.005,4.005,4.005,4.005,4.005,4.005,4.005,4.005,4.005,4.005,4.005,4.005,4.005,4.005,4.005,4.005,4.005,4.005,4.005,4.005,4.005,4.005,4.005,4.005,4.005,4.005,4.005,4.005,4.005,4.005,4.005,4.005,4.005,4.005,4.005,4.005,4.005,4.005,4.005,4.005,4.005,4.005,4.005,4.005,4.005,4.005,4.005,4.005,4.005,4.005,4.005,4.005,4.005,4.005,4.005,4.005,4.005,4.005,4.005,4.005,4.005,4.005,4.005,4.005,4.005,4.005,4.005,4.005,4.005,4.005,4.005,4.005,4.005,4.005,4.005,4.005,4.005,4.005,4.005,4.005,4.005,4.005,4.005,4.005,4.005,4.005,4.005,4.005,4.005,4.005,4.005,4.005,4.005,4.005,4.005,4.005,4.005,4.005,4.005,4.005,4.005,4.005,4.005,4.005,4.005,4.005,4.005,4.005,4.005,4.005,4.005,4.005,4.005,4.005,4.005,4.005,4.005,4.005,4.005,4.005,4.005,4.005,4.005,4.005,4.005,4.005,4.005,4.005,4.005,4.005,4.005,4.005,4.005,4.005,4.005,4.005,4.005,4.005,4.005,4.005,4.005,4.005,4.005,4.005,4.005,4.005,4.005,4.005,4.005,4.005,4.005,4.005,4.005,4.005,4.005,4.005,4.005,4.005,4.005,4.005,4.005,4.005,4.005,4.005,4.005,4.005,4.005,4.005,4.005,4.005,4.005,4.005,4.005,4.005,4.005,4.005,4.005,4.005,4.005,4.005,4.005
21,3.5549999999999997,3.5549999999999997,3.5549999999999997,3.5549999999999997,3.5549999999999997,3.5549999999999997,3.5549999999999997,3.5549999999999997,3.5549999999999997,3.5549999999999997,3.5549999999999997,3.5549999999999997,3.5549999999999997,3.5549999999999997,3.5549999999999997,3.5549999999999997,3.5549999999999997,3.5549999999999997,3.5549999999999997,3.5549999999999997,3.5549999999999997,3.5549999999999997,3.5549999999999997,3.5549999999999997,3.5549999999999997,3.5549999999999997,3.5549999999999997,3.5549999999999997,3.5549999999999997,3.5549999999999997,3.5549999999999997,3.5549999999999997,3.5549999999999997,3.5549999999999997,3.5549999999999997,3.5549999999999997,3.5549999999999997,3.5549999999999997,3.5549999999999997,3.5549999999999997,3.5549999999999997,3.5549999999999997,3.5549999999999997,3.5549999999999997,3.5549999999999997,3.5549999999999997,3.5549999999999997,3.5549999999999997,3.5549999999999997,3.5549999999999997,3.5549999999999997,3.5549999999999997,3.5549999999999997,3.5549999999999997,3.5549999999999997,3.5549999999999997,3.5549999999999997,3.5549999999999997,3.5549999999999997,3.5549999999999997,3.5549999999999997,3.5549999999999997,3.5549999999999997,3.5549999999999997,3.5549999999999997,3.5549999999999997,3.5549999999999997,3.5549999999999997,3.5549999999999997,3.5549999999999997,3.5549999999999997,3.5549999999999997,3.5549999999999997,3.5549999999999997,3.5549999999999997,3.5549999999999997,3.5549999999999997,3.5549999999999997,3.5549999999999997,3.5549999999999997,3.5549999999999997,3.5549999999999997,3.5549999999999997,3.5549999999999997,3.5549999999999997,3.5549999999999997,3.5549999999999997,3.5549999999999997,3.5549999999999997,3.5549999999999997,3.5549999999999997,3.5549999999999997,3.5549999999999997,3.5549999999999997,3.5549999999999997,3.5549999999999997,3.5549999999999997,3.5549999999999997,3.5549999999999997,3.5549999999999997,3.5549999999999997,3.5549999999999997,3.5549999999999997,3.5549999999999997,3.5549999999999997,3.5549999999999997,3.5549999999999997,3.5549999999999997,3.5549999999999997,3.5549999999999997,3.5549999999999997,3.5549999999999997,3.5549999999999997,3.5549999999999997,3.5549999999999997,3.5549999999999997,3.5549999999999997,3.5549999999999997,3.5549999999999997,3.5549999999999997,3.5549999999999997,3.5549999999999997,3.5549999999999997,3.5549999999999997,3.5549999999999997,3.5549999999999997,3.5549999999999997,3.5549999999999997,3.5549999999999997,3.5549999999999997,3.5549999999999997,3.5549999999999997,3.5549999999999997,3.5549999999999997,3.5549999999999997,3.5549999999999997,3.5549999999999997,3.5549999999999997,3.5549999999999997,3.5549999999999997,3.5549999999999997,3.5549999999999997,3.5549999999999997,3.5549999999999997,3.5549999999999997,3.5549999999999997,3.5549999999999997,3.5549999999999997,3.5549999999999997,3.5549999999999997,3.5549999999999997,3.5549999999999997,3.5549999999999997,3.5549999999999997,3.5549999999999997,3.5549999999999997,3.5549999999999997,3.5549999999999997,3.5549999999999997,3.5549999999999997,3.5549999999999997,3.5549999999999997,3.5549999999999997,3.5549999999999997,3.5549999999999997,3.5549999999999997,3.5549999999999997,3.5549999999999997,3.5549999999999997,3.5549999999999997,3.5549999999999997,3.5549999999999997,3.5549999999999997,3.5549999999999997,3.5549999999999997,3.5549999999999997,3.5549999999999997,3.5549999999999997,3.5549999999999997,3.5549999999999997,3.5549999999999997,3.5549999999999997,3.5549999999999997,3.5549999999999997,3.5549999999999997,3.5549999999999997,3.5549999999999997,3.5549999999999997,3.5549999999999997,3.5549999999999997,3.5549999999999997,3.5549999999999997,3.5549999999999997,3.5549999999999997
88,3.86,3.86,3.86,3.86,3.86,3.86,3.86,3.86,3.86,3.86,3.86,3.86,3.86,3.86,3.86,3.86,3.86,3.86,3.86,3.86,3.86,3.86,3.86,3.86,3.86,3.86,3.86,3.86,3.86,3.86,3.86,3.86,3.86,3.86,3.86,3.86,3.86,3.86,3.86,3.86,3.86,3.86,3.86,3.86,3.86,3.86,3.86,3.86,3.86,3.86,3.86,3.86,3.86,3.86,3.86,3.86,3.86,3.86,3.86,3.86,3.86,3.86,3.86,3.86,3.86,3.86,3.86,3.86,3.86,3.86,3.86,3.86,3.86,3.86,3.86,3.86,3.86,3.86,3.86,3.86,3.86,3.86,3.86,3.86,3.86,3.86,3.86,3.86,3.86,3.86,3.86,3.86,3.86,3.86,3.86,3.86,3.86,3.86,3.86,3.86,3.86,3.86,3.86,3.86,3.86,3.86,3.86,3.86,3.86,3.86,3.86,3.86,3.86,3.86,3.86,3.86,3.86,3.86,3.86,3.86,3.86,3.86,3.86,3.86,3.86,3.86,3.86,3.86,3.86,3.86,3.86,3.86,3.86,3.86,3.86,3.86,3.86,3.86,3.86,3.86,3.86,3.86,3.86,3.86,3.86,3.86,3.86,3.86,3.86,3.86,3.86,3.86,3.86,3.86,3.86,3.86,3.86,3.86,3.86,3.86,3.86,3.86,3.86,3.86,3.86,3.86,3.86,3.86,3.86,3.86,3.86,3.86,3.86,3.86,3.86,3.86,3.86,3.86,3.86,3.86,3.86,3.86,3.86,3.86,3.86,3.86,3.86,3.86,3.86,3.86,3.86,3.86,3.86,3.86
105,3.78,3.78,3.78,3.78,3.78,3.78,3.78,3.78,3.78,3.78,3.78,3.78,3.78,3.78,3.78,3.78,3.78,3.78,3.78,3.78,3.78,3.78,3.78,3.78,3.78,3.78,3.78,3.78,3.78,3.78,3.78,3.78,3.78,3.78,3.78,3.78,3.78,3.78,3.78,3.78,3.78,3.78,3.78,3.78,3.78,3.78,3.78,3.78,3.78,3.78,3.78,3.78,3.78,3.78,3.78,3.78,3.78,3.78,3.78,3.78,3.78,3.78,3.78,3.78,3.78,3.78,3.78,3.78,3.78,3.78,3.78,3.78,3.78,3.78,3.78,3.78,3.78,3.78,3.78,3.78,3.78,3.78,3.78,3.78,3.78,3.78,3.78,3.78,3.78,3.78,3.78,3.78,3.78,3.78,3.78,3.78,3.78,3.78,3.78,3.78,3.78,3.78,3.78,3.78,3.78,3.78,3.78,3.78,3.78,3.78,3.78,3.78,3.78,3.78,3.78,3.78,3.78,3.78,3.78,3.78,3.78,3.78,3.78,3.78,3.78,3.78,3.78,3.78,3.78,3.78,3.78,3.78,3.78,3.78,3.78,3.78,3.78,3.78,3.78,3.78,3.78,3.78,3.78,3.78,3.78,3.78,3.78,3.78,3.78,3.78,3.78,3.78,3.78,3.78,3.78,3.78,3.78,3.78,3.78,3.78,3.78,3.78,3.78,3.78,3.78,3.78,3.78,3.78,3.78,3.78,3.78,3.78,3.78,3.78,3.78,3.78,3.78,3.78,3.78,3.78,3.78,3.78,3.78,3.78,3.78,3.78,3.78,3.78,3.78,3.78,3.78,3.78,3.78,3.78
185,3.3200000000000003,3.3200000000000003,3.3200000000000003,3.3200000000000003,3.3200000000000003,3.3200000000000003,3.3200000000000003,3.3200000000000003,3.3200000000000003,3.3200000000000003,3.3200000000000003,3.3200000000000003,3.3200000000000003,3.3200000000000003,3.3200000000000003,3.3200000000000003,3.3200000000000003,3.3200000000000003,3.3200000000000003,3.3200000000000003,3.3200000000000003,3.3200000000000003,3.3200000000000003,3.3200000000000003,3.3200000000000003,3.3200000000000003,3.3200000000000003,3.3200000000000003,3.3200000000000003,3.3200000000000003,3.3200000000000003,3.3200000000000003,3.3200000000000003,3.3200000000000003,3.3200000000000003,3.3200000000000003,3.3200000000000003,3.3200000000000003,3.3200000000000003,3.3200000000000003,3.3200000000000003,3.3200000000000003,3.3200000000000003,3.3200000000000003,3.3200000000000003,3.3200000000000003,3.3200000000000003,3.3200000000000003,3.3200000000000003,3.3200000000000003,3.3200000000000003,3.3200000000000003,3.3200000000000003,3.3200000000000003,3.3200000000000003,3.3200000000000003,3.3200000000000003,3.3200000000000003,3.3200000000000003,3.3200000000000003,3.3200000000000003,3.3200000000000003,3.3200000000000003,3.3200000000000003,3.3200000000000003,3.3200000000000003,3.3200000000000003,3.3200000000000003,3.3200000000000003,3.3200000000000003,3.3200000000000003,3.3200000000000003,3.3200000000000003,3.3200000000000003,3.3200000000000003,3.3200000000000003,3.3200000000000003,3.3200000000000003,3.3200000000000003,3.3200000000000003,3.3200000000000003,3.3200000000000003,3.3200000000000003,3.3200000000000003,3.3200000000000003,3.3200000000000003,3.3200000000000003,3.3200000000000003,3.3200000000000003,3.3200000000000003,3.3200000000000003,3.3200000000000003,3.3200000000000003,3.3200000000000003,3.3200000000000003,3.3200000000000003,3.3200000000000003,3.3200000000000003,3.3200000000000003,3.3200000000000003,3.3200000000000003,3.3200000000000003,3.3200000000000003,3.3200000000000003,3.3200000000000003,3.3200000000000003,3.3200000000000003,3.3200000000000003,3.3200000000000003,3.3200000000000003,3.3200000000000003,3.3200000000000003,3.3200000000000003,3.3200000000000003,3.3200000000000003,3.3200000000000003,3.3200000000000003,3.3200000000000003,3.3200000000000003,3.3200000000000003,3.3200000000000003,3.3200000000000003,3.3200000000000003,3.3200000000000003,3.3200000000000003,3.3200000000000003,3.3200000000000003,3.3200000000000003,3.3200000000000003,3.3200000000000003,3.3200000000000003,3.3200000000000003,3.3200000000000003,3.3200000000000003,3.3200000000000003,3.3200000000000003,3.3200000000000003,3.3200000000000003,3.3200000000000003,3.3200000000000003,3.3200000000000003,3.3200000000000003,3.3200000000000003,3.3200000000000003,3.3200000000000003,3.3200000000000003,3.3200000000000003,3.3200000000000003,3.3200000000000003,3.3200000000000003,3.3200000000000003,3.3200000000000003,3.3200000000000003,3.3200000000000003,3.3200000000000003,3.3200000000000003,3.3200000000000003,3.3200000000000003,3.3200000000000003,3.3200000000000003,3.3200000000000003,3.3200000000000003,3.3200000000000003,3.3200000000000003,3.3200000000000003,3.3200000000000003,3.3200000000000003,3.3200000000000003,3.3200000000000003,3.3200000000000003,3.3200000000000003,3.3200000000000003,3.3200000000000003,3.3200000000000003,3.3200000000000003,3.3200000000000003,3.3200000000000003,3.3200000000000003,3.3200000000000003,3.3200000000000003,3.3200000000000003,3.3200000000000003,3.3200000000000003,3.3200000000000003,3.3200000000000003,3.3200000000000003,3.3200000000000003,3.3200000000000003,3.3200000000000003,3.3200000000000003,3.3200000000000003,3.3200000000000003,3.3200000000000003,3.3200000000000003
104,3.575,3.575,3.575,3.575,3.575,3.575,3.575,3.575,3.575,3.575,3.575,3.575,3.575,3.575,3.575,3.575,3.575,3.575,3.575,3.575,3.575,3.575,3.575,3.575,3.575,3.575,3.575,3.575,3.575,3.575,3.575,3.575,3.575,3.575,3.575,3.575,3.575,3.575,3.575,3.575,3.575,3.575,3.575,3.575,3.575,3.575,3.575,3.575,3.575,3.575,3.575,3.575,3.575,3.575,3.575,3.575,3.575,3.575,3.575,3.575,3.575,3.575,3.575,3.575,3.575,3.575,3.575,3.575,3.575,3.575,3.575,3.575,3.575,3.575,3.575,3.575,3.575,3.575,3.575,3.575,3.575,3.575,3.575,3.575,3.575,3.575,3.575,3.575,3.575,3.575,3.575,3.575,3.575,3.575,3.575,3.575,3.575,3.575,3.575,3.575,3.575,3.575,3.575,3.575,3.575,3.575,3.575,3.575,3.575,3.575,3.575,3.575,3.575,3.575,3.575,3.575,3.575,3.575,3.575,3.575,3.575,3.575,3.575,3.575,3.575,3.575,3.575,3.575,3.575,3.575,3.575,3.575,3.575,3.575,3.575,3.575,3.575,3.575,3.575,3.575,3.575,3.575,3.575,3.575,3.575,3.575,3.575,3.575,3.575,3.575,3.575,3.575,3.575,3.575,3.575,3.575,3.575,3.575,3.575,3.575,3.575,3.575,3.575,3.575,3.575,3.575,3.575,3.575,3.575,3.575,3.575,3.575,3.575,3.575,3.575,3.575,3.575,3.575,3.575,3.575,3.575,3.575,3.575,3.575,3.575,3.575,3.575,3.575,3.575,3.575,3.575,3.575,3.575,3.575
193,3.29,3.29,3.29,3.29,3.29,3.29,3.29,3.29,3.29,3.29,3.29,3.29,3.29,3.29,3.29,3.29,3.29,3.29,3.29,3.29,3.29,3.29,3.29,3.29,3.29,3.29,3.29,3.29,3.29,3.29,3.29,3.29,3.29,3.29,3.29,3.29,3.29,3.29,3.29,3.29,3.29,3.29,3.29,3.29,3.29,3.29,3.29,3.29,3.29,3.29,3.29,3.29,3.29,3.29,3.29,3.29,3.29,3.29,3.29,3.29,3.29,3.29,3.29,3.29,3.29,3.29,3.29,3.29,3.29,3.29,3.29,3.29,3.29,3.29,3.29,3.29,3.29,3.29,3.29,3.29,3.29,3.29,3.29,3.29,3.29,3.29,3.29,3.29,3.29,3.29,3.29,3.29,3.29,3.29,3.29,3.29,3.29,3.29,3.29,3.29,3.29,3.29,3.29,3.29,3.29,3.29,3.29,3.29,3.29,3.29,3.29,3.29,3.29,3.29,3.29,3.29,3.29,3.29,3.29,3.29,3.29,3.29,3.29,3.29,3.29,3.29,3.29,3.29,3.29,3.29,3.29,3.29,3.29,3.29,3.29,3.29,3.29,3.29,3.29,3.29,3.29,3.29,3.29,3.29,3.29,3.29,3.29,3.29,3.29,3.29,3.29,3.29,3.29,3.29,3.29,3.29,3.29,3.29,3.29,3.29,3.29,3.29,3.29,3.29,3.29,3.29,3.29,3.29,3.29,3.29,3.29,3.29,3.29,3.29,3.29,3.29,3.29,3.29,3.29,3.29,3.29,3.29,3.29,3.29,3.29,3.29,3.29,3.29,3.29,3.29,3.29,3.29,3.29,3.29
179,3.49,3.49,3.49,3.49,3.49,3.49,3.49,3.49,3.49,3.49,3.49,3.49,3.49,3.49,3.49,3.49,3.49,3.49,3.49,3.49,3.49,3.49,3.49,3.49,3.49,3.49,3.49,3.49,3.49,3.49,3.49,3.49,3.49,3.49,3.49,3.49,3.49,3.49,3.49,3.49,3.49,3.49,3.49,3.49,3.49,3.49,3.49,3.49,3.49,3.49,3.49,3.49,3.49,3.49,3.49,3.49,3.49,3.49,3.49,3.49,3.49,3.49,3.49,3.49,3.49,3.49,3.49,3.49,3.49,3.49,3.49,3.49,3.49,3.49,3.49,3.49,3.49,3.49,3.49,3.49,3.49,3.49,3.49,3.49,3.49,3.49,3.49,3.49,3.49,3.49,3.49,3.49,3.49,3.49,3.49,3.49,3.49,3.49,3.49,3.49,3.49,3.49,3.49,3.49,3.49,3.49,3.49,3.49,3.49,3.49,3.49,3.49,3.49,3.49,3.49,3.49,3.49,3.49,3.49,3.49,3.49,3.49,3.49,3.49,3.49,3.49,3.49,3.49,3.49,3.49,3.49,3.49,3.49,3.49,3.49,3.49,3.49,3.49,3.49,3.49,3.49,3.49,3.49,3.49,3.49,3.49,3.49,3.49,3.49,3.49,3.49,3.49,3.49,3.49,3.49,3.49,3.49,3.49,3.49,3.49,3.49,3.49,3.49,3.49,3.49,3.49,3.49,3.49,3.49,3.49,3.49,3.49,3.49,3.49,3.49,3.49,3.49,3.49,3.49,3.49,3.49,3.49,3.49,3.49,3.49,3.49,3.49,3.49,3.49,3.49,3.49,3.49,3.49,3.49
68,3.575,3.575,3.575,3.575,3.575,3.575,3.575,3.575,3.575,3.575,3.575,3.575,3.575,3.575,3.575,3.575,3.575,3.575,3.575,3.575,3.575,3.575,3.575,3.575,3.575,3.575,3.575,3.575,3.575,3.575,3.575,3.575,3.575,3.575,3.575,3.575,3.575,3.575,3.575,3.575,3.575,3.575,3.575,3.575,3.575,3.575,3.575,3.575,3.575,3.575,3.575,3.575,3.575,3.575,3.575,3.575,3.575,3.575,3.575,3.575,3.575,3.575,3.575,3.575,3.575,3.575,3.575,3.575,3.575,3.575,3.575,3.575,3.575,3.575,3.575,3.575,3.575,3.575,3.575,3.575,3.575,3.575,3.575,3.575,3.575,3.575,3.575,3.575,3.575,3.575,3.575,3.575,3.575,3.575,3.575,3.575,3.575,3.575,3.575,3.575,3.575,3.575,3.575,3.575,3.575,3.575,3.575,3.575,3.575,3.575,3.575,3.575,3.575,3.575,3.575,3.575,3.575,3.575,3.575,3.575,3.575,3.575,3.575,3.575,3.575,3.575,3.575,3.575,3.575,3.575,3.575,3.575,3.575,3.575,3.575,3.575,3.575,3.575,3.575,3.575,3.575,3.575,3.575,3.575,3.575,3.575,3.575,3.575,3.575,3.575,3.575,3.575,3.575,3.575,3.575,3.575,3.575,3.575,3.575,3.575,3.575,3.575,3.575,3.575,3.575,3.575,3.575,3.575,3.575,3.575,3.575,3.575,3.575,3.575,3.575,3.575,3.575,3.575,3.575,3.575,3.575,3.575,3.575,3.575,3.575,3.575,3.575,3.575,3.575,3.575,3.575,3.575,3.575,3.575
22,3.58,3.58,3.58,3.58,3.58,3.58,3.58,3.58,3.58,3.58,3.58,3.58,3.58,3.58,3.58,3.58,3.58,3.58,3.58,3.58,3.58,3.58,3.58,3.58,3.58,3.58,3.58,3.58,3.58,3.58,3.58,3.58,3.58,3.58,3.58,3.58,3.58,3.58,3.58,3.58,3.58,3.58,3.58,3.58,3.58,3.58,3.58,3.58,3.58,3.58,3.58,3.58,3.58,3.58,3.58,3.58,3.58,3.58,3.58,3.58,3.58,3.58,3.58,3.58,3.58,3.58,3.58,3.58,3.58,3.58,3.58,3.58,3.58,3.58,3.58,3.58,3.58,3.58,3.58,3.58,3.58,3.58,3.58,3.58,3.58,3.58,3.58,3.58,3.58,3.58,3.58,3.58,3.58,3.58,3.58,3.58,3.58,3.58,3.58,3.58,3.58,3.58,3.58,3.58,3.58,3.58,3.58,3.58,3.58,3.58,3.58,3.58,3.58,3.58,3.58,3.58,3.58,3.58,3.58,3.58,3.58,3.58,3.58,3.58,3.58,3.58,3.58,3.58,3.58,3.58,3.58,3.58,3.58,3.58,3.58,3.58,3.58,3.58,3.58,3.58,3.58,3.58,3.58,3.58,3.58,3.58,3.58,3.58,3.58,3.58,3.58,3.58,3.58,3.58,3.58,3.58,3.58,3.58,3.58,3.58,3.58,3.58,3.58,3.58,3.58,3.58,3.58,3.58,3.58,3.58,3.58,3.58,3.58,3.58,3.58,3.58,3.58,3.58,3.58,3.58,3.58,3.58,3.58,3.58,3.58,3.58,3.58,3.58,3.58,3.58,3.58,3.58,3.58,3.58
180,3.54,3.54,3.54,3.54,3.54,3.54,3.54,3.54,3.54,3.54,3.54,3.54,3.54,3.54,3.54,3.54,3.54,3.54,3.54,3.54,3.54,3.54,3.54,3.54,3.54,3.54,3.54,3.54,3.54,3.54,3.54,3.54,3.54,3.54,3.54,3.54,3.54,3.54,3.54,3.54,3.54,3.54,3.54,3.54,3.54,3.54,3.54,3.54,3.54,3.54,3.54,3.54,3.54,3.54,3.54,3.54,3.54,3.54,3.54,3.54,3.54,3.54,3.54,3.54,3.54,3.54,3.54,3.54,3.54,3.54,3.54,3.54,3.54,3.54,3.54,3.54,3.54,3.54,3.54,3.54,3.54,3.54,3.54,3.54,3.54,3.54,3.54,3.54,3.54,3.54,3.54,3.54,3.54,3.54,3.54,3.54,3.54,3.54,3.54,3.54,3.54,3.54,3.54,3.54,3.54,3.54,3.54,3.54,3.54,3.54,3.54,3.54,3.54,3.54,3.54,3.54,3.54,3.54,3.54,3.54,3.54,3.54,3.54,3.54,3.54,3.54,3.54,3.54,3.54,3.54,3.54,3.54,3.54,3.54,3.54,3.54,3.54,3.54,3.54,3.54,3.54,3.54,3.54,3.54,3.54,3.54,3.54,3.54,3.54,3.54,3.54,3.54,3.54,3.54,3.54,3.54,3.54,3.54,3.54,3.54,3.54,3.54,3.54,3.54,3.54,3.54,3.54,3.54,3.54,3.54,3.54,3.54,3.54,3.54,3.54,3.54,3.54,3.54,3.54,3.54,3.54,3.54,3.54,3.54,3.54,3.54,3.54,3.54,3.54,3.54,3.54,3.54,3.54,3.54
49,3.54,3.54,3.54,3.54,3.54,3.54,3.54,3.54,3.54,3.54,3.54,3.54,3.54,3.54,3.54,3.54,3.54,3.54,3.54,3.54,3.54,3.54,3.54,3.54,3.54,3.54,3.54,3.54,3.54,3.54,3.54,3.54,3.54,3.54,3.54,3.54,3.54,3.54,3.54,3.54,3.54,3.54,3.54,3.54,3.54,3.54,3.54,3.54,3.54,3.54,3.54,3.54,3.54,3.54,3.54,3.54,3.54,3.54,3.54,3.54,3.54,3.54,3.54,3.54,3.54,3.54,3.54,3.54,3.54,3.54,3.54,3.54,3.54,3.54,3.54,3.54,3.54,3.54,3.54,3.54,3.54,3.54,3.54,3.54,3.54,3.54,3.54,3.54,3.54,3.54,3.54,3.54,3.54,3.54,3.54,3.54,3.54,3.54,3.54,3.54,3.54,3.54,3.54,3.54,3.54,3.54,3.54,3.54,3.54,3.54,3.54,3.54,3.54,3.54,3.54,3.54,3.54,3.54,3.54,3.54,3.54,3.54,3.54,3.54,3.54,3.54,3.54,3.54,3.54,3.54,3.54,3.54,3.54,3.54,3.54,3.54,3.54,3.54,3.54,3.54,3.54,3.54,3.54,3.54,3.54,3.54,3.54,3.54,3.54,3.54,3.54,3.54,3.54,3.54,3.54,3.54,3.54,3.54,3.54,3.54,3.54,3.54,3.54,3.54,3.54,3.54,3.54,3.54,3.54,3.54,3.54,3.54,3.54,3.54,3.54,3.54,3.54,3.54,3.54,3.54,3.54,3.54,3.54,3.54,3.54,3.54,3.54,3.54,3.54,3.54,3.54,3.54,3.54,3.54
176,3.4400000000000004,3.4400000000000004,3.4400000000000004,3.4400000000000004,3.4400000000000004,3.4400000000000004,3.4400000000000004,3.4400000000000004,3.4400000000000004,3.4400000000000004,3.4400000000000004,3.4400000000000004,3.4400000000000004,3.4400000000000004,3.4400000000000004,3.4400000000000004,3.4400000000000004,3.4400000000000004,3.4400000000000004,3.4400000000000004,3.4400000000000004,3.4400000000000004,3.4400000000000004,3.4400000000000004,3.4400000000000004,3.4400000000000004,3.4400000000000004,3.4400000000000004,3.4400000000000004,3.4400000000000004,3.4400000000000004,3.4400000000000004,3.4400000000000004,3.4400000000000004,3.4400000000000004,3.4400000000000004,3.4400000000000004,3.4400000000000004,3.4400000000000004,3.4400000000000004,3.4400000000000004,3.4400000000000004,3.4400000000000004,3.4400000000000004,3.4400000000000004,3.4400000000000004,3.4400000000000004,3.4400000000000004,3.4400000000000004,3.4400000000000004,3.4400000000000004,3.4400000000000004,3.4400000000000004,3.4400000000000004,3.4400000000000004,3.4400000000000004,3.4400000000000004,3.4400000000000004,3.4400000000000004,3.4400000000000004,3.4400000000000004,3.4400000000000004,3.4400000000000004,3.4400000000000004,3.4400000000000004,3.4400000000000004,3.4400000000000004,3.4400000000000004,3.4400000000000004,3.4400000000000004,3.4400000000000004,3.4400000000000004,3.4400000000000004,3.4400000000000004,3.4400000000000004,3.4400000000000004,3.4400000000000004,3.4400000000000004,3.4400000000000004,3.4400000000000004,3.4400000000000004,3.4400000000000004,3.4400000000000004,3.4400000000000004,3.4400000000000004,3.4400000000000004,3.4400000000000004,3.4400000000000004,3.4400000000000004,3.4400000000000004,3.4400000000000004,3.4400000000000004,3.4400000000000004,3.4400000000000004,3.4400000000000004,3.4400000000000004,3.4400000000000004,3.4400000000000004,3.4400000000000004,3.4400000000000004,3.4400000000000004,3.4400000000000004,3.4400000000000004,3.4400000000000004,3.4400000000000004,3.4400000000000004,3.4400000000000004,3.4400000000000004,3.4400000000000004,3.4400000000000004,3.4400000000000004,3.4400000000000004,3.4400000000000004,3.4400000000000004,3.4400000000000004,3.4400000000000004,3.4400000000000004,3.4400000000000004,3.4400000000000004,3.4400000000000004,3.4400000000000004,3.4400000000000004,3.4400000000000004,3.4400000000000004,3.4400000000000004,3.4400000000000004,3.4400000000000004,3.4400000000000004,3.4400000000000004,3.4400000000000004,3.4400000000000004,3.4400000000000004,3.4400000000000004,3.4400000000000004,3.4400000000000004,3.4400000000000004,3.4400000000000004,3.4400000000000004,3.4400000000000004,3.4400000000000004,3.4400000000000004,3.4400000000000004,3.4400000000000004,3.4400000000000004,3.4400000000000004,3.4400000000000004,3.4400000000000004,3.4400000000000004,3.4400000000000004,3.4400000000000004,3.4400000000000004,3.4400000000000004,3.4400000000000004,3.4400000000000004,3.4400000000000004,3.4400000000000004,3.4400000000000004,3.4400000000000004,3.4400000000000004,3.4400000000000004,3.4400000000000004,3.4400000000000004,3.4400000000000004,3.4400000000000004,3.4400000000000004,3.4400000000000004,3.4400000000000004,3.4400000000000004,3.4400000000000004,3.4400000000000004,3.4400000000000004,3.4400000000000004,3.4400000000000004,3.4400000000000004,3.4400000000000004,3.4400000000000004,3.4400000000000004,3.4400000000000004,3.4400000000000004,3.4400000000000004,3.4400000000000004,3.4400000000000004,3.4400000000000004,3.4400000000000004,3.4400000000000004,3.4400000000000004,3.4400000000000004,3.4400000000000004,3.4400000000000004,3.4400000000000004,3.4400000000000004,3.4400000000000004,3.4400000000000004,3.4400000000000004
87,3.925,3.925,3.925,3.925,3.925,3.925,3.925,3.925,3.925,3.925,3.925,3.925,3.925,3.925,3.925,3.925,3.925,3.925,3.925,3.925,3.925,3.925,3.925,3.925,3.925,3.925,3.925,3.925,3.925,3.925,3.925,3.925,3.925,3.925,3.925,3.925,3.925,3.925,3.925,3.925,3.925,3.925,3.925,3.925,3.925,3.925,3.925,3.925,3.925,3.925,3.925,3.925,3.925,3.925,3.925,3.925,3.925,3.925,3.925,3.925,3.925,3.925,3.925,3.925,3.925,3.925,3.925,3.925,3.925,3.925,3.925,3.925,3.925,3.925,3.925,3.925,3.925,3.925,3.925,3.925,3.925,3.925,3.925,3.925,3.925,3.925,3.925,3.925,3.925,3.925,3.925,3.925,3.925,3.925,3.925,3.925,3.925,3.925,3.925,3.925,3.925,3.925,3.925,3.925,3.925,3.925,3.925,3.925,3.925,3.925,3.925,3.925,3.925,3.925,3.925,3.925,3.925,3.925,3.925,3.925,3.925,3.925,3.925,3.925,3.925,3.925,3.925,3.925,3.925,3.925,3.925,3.925,3.925,3.925,3.925,3.925,3.925,3.925,3.925,3.925,3.925,3.925,3.925,3.925,3.925,3.925,3.925,3.925,3.925,3.925,3.925,3.925,3.925,3.925,3.925,3.925,3.925,3.925,3.925,3.925,3.925,3.925,3.925,3.925,3.925,3.925,3.925,3.925,3.925,3.925,3.925,3.925,3.925,3.925,3.925,3.925,3.925,3.925,3.925,3.925,3.925,3.925,3.925,3.925,3.925,3.925,3.925,3.925,3.925,3.925,3.925,3.925,3.925,3.925
116,3.6500000000000004,3.6500000000000004,3.6500000000000004,3.6500000000000004,3.6500000000000004,3.6500000000000004,3.6500000000000004,3.6500000000000004,3.6500000000000004,3.6500000000000004,3.6500000000000004,3.6500000000000004,3.6500000000000004,3.6500000000000004,3.6500000000000004,3.6500000000000004,3.6500000000000004,3.6500000000000004,3.6500000000000004,3.6500000000000004,3.6500000000000004,3.6500000000000004,3.6500000000000004,3.6500000000000004,3.6500000000000004,3.6500000000000004,3.6500000000000004,3.6500000000000004,3.6500000000000004,3.6500000000000004,3.6500000000000004,3.6500000000000004,3.6500000000000004,3.6500000000000004,3.6500000000000004,3.6500000000000004,3.6500000000000004,3.6500000000000004,3.6500000000000004,3.6500000000000004,3.6500000000000004,3.6500000000000004,3.6500000000000004,3.6500000000000004,3.6500000000000004,3.6500000000000004,3.6500000000000004,3.6500000000000004,3.6500000000000004,3.6500000000000004,3.6500000000000004,3.6500000000000004,3.6500000000000004,3.6500000000000004,3.6500000000000004,3.6500000000000004,3.6500000000000004,3.6500000000000004,3.6500000000000004,3.6500000000000004,3.6500000000000004,3.6500000000000004,3.6500000000000004,3.6500000000000004,3.6500000000000004,3.6500000000000004,3.6500000000000004,3.6500000000000004,3.6500000000000004,3.6500000000000004,3.6500000000000004,3.6500000000000004,3.6500000000000004,3.6500000000000004,3.6500000000000004,3.6500000000000004,3.6500000000000004,3.6500000000000004,3.6500000000000004,3.6500000000000004,3.6500000000000004,3.6500000000000004,3.6500000000000004,3.6500000000000004,3.6500000000000004,3.6500000000000004,3.6500000000000004,3.6500000000000004,3.6500000000000004,3.6500000000000004,3.6500000000000004,3.6500000000000004,3.6500000000000004,3.6500000000000004,3.6500000000000004,3.6500000000000004,3.6500000000000004,3.6500000000000004,3.6500000000000004,3.6500000000000004,3.6500000000000004,3.6500000000000004,3.6500000000000004,3.6500000000000004,3.6500000000000004,3.6500000000000004,3.6500000000000004,3.6500000000000004,3.6500000000000004,3.6500000000000004,3.6500000000000004,3.6500000000000004,3.6500000000000004,3.6500000000000004,3.6500000000000004,3.6500000000000004,3.6500000000000004,3.6500000000000004,3.6500000000000004,3.6500000000000004,3.6500000000000004,3.6500000000000004,3.6500000000000004,3.6500000000000004,3.6500000000000004,3.6500000000000004,3.6500000000000004,3.6500000000000004,3.6500000000000004,3.6500000000000004,3.6500000000000004,3.6500000000000004,3.6500000000000004,3.6500000000000004,3.6500000000000004,3.6500000000000004,3.6500000000000004,3.6500000000000004,3.6500000000000004,3.6500000000000004,3.6500000000000004,3.6500000000000004,3.6500000000000004,3.6500000000000004,3.6500000000000004,3.6500000000000004,3.6500000000000004,3.6500000000000004,3.6500000000000004,3.6500000000000004,3.6500000000000004,3.6500000000000004,3.6500000000000004,3.6500000000000004,3.6500000000000004,3.6500000000000004,3.6500000000000004,3.6500000000000004,3.6500000000000004,3.6500000000000004,3.6500000000000004,3.6500000000000004,3.6500000000000004,3.6500000000000004,3.6500000000000004,3.6500000000000004,3.6500000000000004,3.6500000000000004,3.6500000000000004,3.6500000000000004,3.6500000000000004,3.6500000000000004,3.6500000000000004,3.6500000000000004,3.6500000000000004,3.6500000000000004,3.6500000000000004,3.6500000000000004,3.6500000000000004,3.6500000000000004,3.6500000000000004,3.6500000000000004,3.6500000000000004,3.6500000000000004,3.6500000000000004,3.6500000000000004,3.6500000000000004,3.6500000000000004,3.6500000000000004,3.6500000000000004,3.6500000000000004,3.6500000000000004,3.6500000000000004,3.6500000000000004
84,3.8099999999999996,3.8099999999999996,3.8099999999999996,3.8099999999999996,3.8099999999999996,3.8099999999999996,3.8099999999999996,3.8099999999999996,3.8099999999999996,3.8099999999999996,3.8099999999999996,3.8099999999999996,3.8099999999999996,3.8099999999999996,3.8099999999999996,3.8099999999999996,3.8099999999999996,3.8099999999999996,3.8099999999999996,3.8099999999999996,3.8099999999999996,3.8099999999999996,3.8099999999999996,3.8099999999999996,3.8099999999999996,3.8099999999999996,3.8099999999999996,3.8099999999999996,3.8099999999999996,3.8099999999999996,3.8099999999999996,3.8099999999999996,3.8099999999999996,3.8099999999999996,3.8099999999999996,3.8099999999999996,3.8099999999999996,3.8099999999999996,3.8099999999999996,3.8099999999999996,3.8099999999999996,3.8099999999999996,3.8099999999999996,3.8099999999999996,3.8099999999999996,3.8099999999999996,3.8099999999999996,3.8099999999999996,3.8099999999999996,3.8099999999999996,3.8099999999999996,3.8099999999999996,3.8099999999999996,3.8099999999999996,3.8099999999999996,3.8099999999999996,3.8099999999999996,3.8099999999999996,3.8099999999999996,3.8099999999999996,3.8099999999999996,3.8099999999999996,3.8099999999999996,3.8099999999999996,3.8099999999999996,3.8099999999999996,3.8099999999999996,3.8099999999999996,3.8099999999999996,3.8099999999999996,3.8099999999999996,3.8099999999999996,3.8099999999999996,3.8099999999999996,3.8099999999999996,3.8099999999999996,3.8099999999999996,3.8099999999999996,3.8099999999999996,3.8099999999999996,3.8099999999999996,3.8099999999999996,3.8099999999999996,3.8099999999999996,3.8099999999999996,3.8099999999999996,3.8099999999999996,3.8099999999999996,3.8099999999999996,3.8099999999999996,3.8099999999999996,3.8099999999999996,3.8099999999999996,3.8099999999999996,3.8099999999999996,3.8099999999999996,3.8099999999999996,3.8099999999999996,3.8099999999999996,3.8099999999999996,3.8099999999999996,3.8099999999999996,3.8099999999999996,3.8099999999999996,3.8099999999999996,3.8099999999999996,3.8099999999999996,3.8099999999999996,3.8099999999999996,3.8099999999999996,3.8099999999999996,3.8099999999999996,3.8099999999999996,3.8099999999999996,3.8099999999999996,3.8099999999999996,3.8099999999999996,3.8099999999999996,3.8099999999999996,3.8099999999999996,3.8099999999999996,3.8099999999999996,3.8099999999999996,3.8099999999999996,3.8099999999999996,3.8099999999999996,3.8099999999999996,3.8099999999999996,3.8099999999999996,3.8099999999999996,3.8099999999999996,3.8099999999999996,3.8099999999999996,3.8099999999999996,3.8099999999999996,3.8099999999999996,3.8099999999999996,3.8099999999999996,3.8099999999999996,3.8099999999999996,3.8099999999999996,3.8099999999999996,3.8099999999999996,3.8099999999999996,3.8099999999999996,3.8099999999999996,3.8099999999999996,3.8099999999999996,3.8099999999999996,3.8099999999999996,3.8099999999999996,3.8099999999999996,3.8099999999999996,3.8099999999999996,3.8099999999999996,3.8099999999999996,3.8099999999999996,3.8099999999999996,3.8099999999999996,3.8099999999999996,3.8099999999999996,3.8099999999999996,3.8099999999999996,3.8099999999999996,3.8099999999999996,3.8099999999999996,3.8099999999999996,3.8099999999999996,3.8099999999999996,3.8099999999999996,3.8099999999999996,3.8099999999999996,3.8099999999999996,3.8099999999999996,3.8099999999999996,3.8099999999999996,3.8099999999999996,3.8099999999999996,3.8099999999999996,3.8099999999999996,3.8099999999999996,3.8099999999999996,3.8099999999999996,3.8099999999999996,3.8099999999999996,3.8099999999999996,3.8099999999999996,3.8099999999999996,3.8099999999999996,3.8099999999999996,3.8099999999999996,3.8099999999999996,3.8099999999999996,3.8099999999999996
131,4.68,4.68,4.68,4.68,4.68,4.68,4.68,4.68,4.68,4.68,4.68,4.68,4.68,4.68,4.68,4.68,4.68,4.68,4.68,4.68,4.68,4.68,4.68,4.68,4.68,4.68,4.68,4.68,4.68,4.68,4.68,4.68,4.68,4.68,4.68,4.68,4.68,4.68,4.68,4.68,4.68,4.68,4.68,4.68,4.68,4.68,4.68,4.68,4.68,4.68,4.68,4.68,4.68,4.68,4.68,4.68,4.68,4.68,4.68,4.68,4.68,4.68,4.68,4.68,4.68,4.68,4.68,4.68,4.68,4.68,4.68,4.68,4.68,4.68,4.68,4.68,4.68,4.68,4.68,4.68,4.68,4.68,4.68,4.68,4.68,4.68,4.68,4.68,4.68,4.68,4.68,4.68,4.68,4.68,4.68,4.68,4.68,4.68,4.68,4.68,4.68,4.68,4.68,4.68,4.68,4.68,4.68,4.68,4.68,4.68,4.68,4.68,4.68,4.68,4.68,4.68,4.68,4.68,4.68,4.68,4.68,4.68,4.68,4.68,4.68,4.68,4.68,4.68,4.68,4.68,4.68,4.68,4.68,4.68,4.68,4.68,4.68,4.68,4.68,4.68,4.68,4.68,4.68,4.68,4.68,4.68,4.68,4.68,4.68,4.68,4.68,4.68,4.68,4.68,4.68,4.68,4.68,4.68,4.68,4.68,4.68,4.68,4.68,4.68,4.68,4.68,4.68,4.68,4.68,4.68,4.68,4.68,4.68,4.68,4.68,4.68,4.68,4.68,4.68,4.68,4.68,4.68,4.68,4.68,4.68,4.68,4.68,4.68,4.68,4.68,4.68,4.68,4.68,4.68
103,3.815,3.815,3.815,3.815,3.815,3.815,3.815,3.815,3.815,3.815,3.815,3.815,3.815,3.815,3.815,3.815,3.815,3.815,3.815,3.815,3.815,3.815,3.815,3.815,3.815,3.815,3.815,3.815,3.815,3.815,3.815,3.815,3.815,3.815,3.815,3.815,3.815,3.815,3.815,3.815,3.815,3.815,3.815,3.815,3.815,3.815,3.815,3.815,3.815,3.815,3.815,3.815,3.815,3.815,3.815,3.815,3.815,3.815,3.815,3.815,3.815,3.815,3.815,3.815,3.815,3.815,3.815,3.815,3.815,3.815,3.815,3.815,3.815,3.815,3.815,3.815,3.815,3.815,3.815,3.815,3.815,3.815,3.815,3.815,3.815,3.815,3.815,3.815,3.815,3.815,3.815,3.815,3.815,3.815,3.815,3.815,3.815,3.815,3.815,3.815,3.815,3.815,3.815,3.815,3.815,3.815,3.815,3.815,3.815,3.815,3.815,3.815,3.815,3.815,3.815,3.815,3.815,3.815,3.815,3.815,3.815,3.815,3.815,3.815,3.815,3.815,3.815,3.815,3.815,3.815,3.815,3.815,3.815,3.815,3.815,3.815,3.815,3.815,3.815,3.815,3.815,3.815,3.815,3.815,3.815,3.815,3.815,3.815,3.815,3.815,3.815,3.815,3.815,3.815,3.815,3.815,3.815,3.815,3.815,3.815,3.815,3.815,3.815,3.815,3.815,3.815,3.815,3.815,3.815,3.815,3.815,3.815,3.815,3.815,3.815,3.815,3.815,3.815,3.815,3.815,3.815,3.815,3.815,3.815,3.815,3.815,3.815,3.815,3.815,3.815,3.815,3.815,3.815,3.815
72,3.87,3.87,3.87,3.87,3.87,3.87,3.87,3.87,3.87,3.87,3.87,3.87,3.87,3.87,3.87,3.87,3.87,3.87,3.87,3.87,3.87,3.87,3.87,3.87,3.87,3.87,3.87,3.87,3.87,3.87,3.87,3.87,3.87,3.87,3.87,3.87,3.87,3.87,3.87,3.87,3.87,3.87,3.87,3.87,3.87,3.87,3.87,3.87,3.87,3.87,3.87,3.87,3.87,3.87,3.87,3.87,3.87,3.87,3.87,3.87,3.87,3.87,3.87,3.87,3.87,3.87,3.87,3.87,3.87,3.87,3.87,3.87,3.87,3.87,3.87,3.87,3.87,3.87,3.87,3.87,3.87,3.87,3.87,3.87,3.87,3.87,3.87,3.87,3.87,3.87,3.87,3.87,3.87,3.87,3.87,3.87,3.87,3.87,3.87,3.87,3.87,3.87,3.87,3.87,3.87,3.87,3.87,3.87,3.87,3.87,3.87,3.87,3.87,3.87,3.87,3.87,3.87,3.87,3.87,3.87,3.87,3.87,3.87,3.87,3.87,3.87,3.87,3.87,3.87,3.87,3.87,3.87,3.87,3.87,3.87,3.87,3.87,3.87,3.87,3.87,3.87,3.87,3.87,3.87,3.87,3.87,3.87,3.87,3.87,3.87,3.87,3.87,3.87,3.87,3.87,3.87,3.87,3.87,3.87,3.87,3.87,3.87,3.87,3.87,3.87,3.87,3.87,3.87,3.87,3.87,3.87,3.87,3.87,3.87,3.87,3.87,3.87,3.87,3.87,3.87,3.87,3.87,3.87,3.87,3.87,3.87,3.87,3.87,3.87,3.87,3.87,3.87,3.87,3.87
187,3.29,3.29,3.29,3.29,3.29,3.29,3.29,3.29,3.29,3.29,3.29,3.29,3.29,3.29,3.29,3.29,3.29,3.29,3.29,3.29,3.29,3.29,3.29,3.29,3.29,3.29,3.29,3.29,3.29,3.29,3.29,3.29,3.29,3.29,3.29,3.29,3.29,3.29,3.29,3.29,3.29,3.29,3.29,3.29,3.29,3.29,3.29,3.29,3.29,3.29,3.29,3.29,3.29,3.29,3.29,3.29,3.29,3.29,3.29,3.29,3.29,3.29,3.29,3.29,3.29,3.29,3.29,3.29,3.29,3.29,3.29,3.29,3.29,3.29,3.29,3.29,3.29,3.29,3.29,3.29,3.29,3.29,3.29,3.29,3.29,3.29,3.29,3.29,3.29,3.29,3.29,3.29,3.29,3.29,3.29,3.29,3.29,3.29,3.29,3.29,3.29,3.29,3.29,3.29,3.29,3.29,3.29,3.29,3.29,3.29,3.29,3.29,3.29,3.29,3.29,3.29,3.29,3.29,3.29,3.29,3.29,3.29,3.29,3.29,3.29,3.29,3.29,3.29,3.29,3.29,3.29,3.29,3.29,3.29,3.29,3.29,3.29,3.29,3.29,3.29,3.29,3.29,3.29,3.29,3.29,3.29,3.29,3.29,3.29,3.29,3.29,3.29,3.29,3.29,3.29,3.29,3.29,3.29,3.29,3.29,3.29,3.29,3.29,3.29,3.29,3.29,3.29,3.29,3.29,3.29,3.29,3.29,3.29,3.29,3.29,3.29,3.29,3.29,3.29,3.29,3.29,3.29,3.29,3.29,3.29,3.29,3.29,3.29,3.29,3.29,3.29,3.29,3.29,3.29
178,3.67,3.67,3.67,3.67,3.67,3.67,3.67,3.67,3.67,3.67,3.67,3.67,3.67,3.67,3.67,3.67,3.67,3.67,3.67,3.67,3.67,3.67,3.67,3.67,3.67,3.67,3.67,3.67,3.67,3.67,3.67,3.67,3.67,3.67,3.67,3.67,3.67,3.67,3.67,3.67,3.67,3.67,3.67,3.67,3.67,3.67,3.67,3.67,3.67,3.67,3.67,3.67,3.67,3.67,3.67,3.67,3.67,3.67,3.67,3.67,3.67,3.67,3.67,3.67,3.67,3.67,3.67,3.67,3.67,3.67,3.67,3.67,3.67,3.67,3.67,3.67,3.67,3.67,3.67,3.67,3.67,3.67,3.67,3.67,3.67,3.67,3.67,3.67,3.67,3.67,3.67,3.67,3.67,3.67,3.67,3.67,3.67,3.67,3.67,3.67,3.67,3.67,3.67,3.67,3.67,3.67,3.67,3.67,3.67,3.67,3.67,3.67,3.67,3.67,3.67,3.67,3.67,3.67,3.67,3.67,3.67,3.67,3.67,3.67,3.67,3.67,3.67,3.67,3.67,3.67,3.67,3.67,3.67,3.67,3.67,3.67,3.67,3.67,3.67,3.67,3.67,3.67,3.67,3.67,3.67,3.67,3.67,3.67,3.67,3.67,3.67,3.67,3.67,3.67,3.67,3.67,3.67,3.67,3.67,3.67,3.67,3.67,3.67,3.67,3.67,3.67,3.67,3.67,3.67,3.67,3.67,3.67,3.67,3.67,3.67,3.67,3.67,3.67,3.67,3.67,3.67,3.67,3.67,3.67,3.67,3.67,3.67,3.67,3.67,3.67,3.67,3.67,3.67,3.67
70,3.335,3.335,3.335,3.335,3.335,3.335,3.335,3.335,3.335,3.335,3.335,3.335,3.335,3.335,3.335,3.335,3.335,3.335,3.335,3.335,3.335,3.335,3.335,3.335,3.335,3.335,3.335,3.335,3.335,3.335,3.335,3.335,3.335,3.335,3.335,3.335,3.335,3.335,3.335,3.335,3.335,3.335,3.335,3.335,3.335,3.335,3.335,3.335,3.335,3.335,3.335,3.335,3.335,3.335,3.335,3.335,3.335,3.335,3.335,3.335,3.335,3.335,3.335,3.335,3.335,3.335,3.335,3.335,3.335,3.335,3.335,3.335,3.335,3.335,3.335,3.335,3.335,3.335,3.335,3.335,3.335,3.335,3.335,3.335,3.335,3.335,3.335,3.335,3.335,3.335,3.335,3.335,3.335,3.335,3.335,3.335,3.335,3.335,3.335,3.335,3.335,3.335,3.335,3.335,3.335,3.335,3.335,3.335,3.335,3.335,3.335,3.335,3.335,3.335,3.335,3.335,3.335,3.335,3.335,3.335,3.335,3.335,3.335,3.335,3.335,3.335,3.335,3.335,3.335,3.335,3.335,3.335,3.335,3.335,3.335,3.335,3.335,3.335,3.335,3.335,3.335,3.335,3.335,3.335,3.335,3.335,3.335,3.335,3.335,3.335,3.335,3.335,3.335,3.335,3.335,3.335,3.335,3.335,3.335,3.335,3.335,3.335,3.335,3.335,3.335,3.335,3.335,3.335,3.335,3.335,3.335,3.335,3.335,3.335,3.335,3.335,3.335,3.335,3.335,3.335,3.335,3.335,3.335,3.335,3.335,3.335,3.335,3.335,3.335,3.335,3.335,3.335,3.335,3.335
6,3.38,3.38,3.38,3.38,3.38,3.38,3.38,3.38,3.38,3.38,3.38,3.38,3.38,3.38,3.38,3.38,3.38,3.38,3.38,3.38,3.38,3.38,3.38,3.38,3.38,3.38,3.38,3.38,3.38,3.38,3.38,3.38,3.38,3.38,3.38,3.38,3.38,3.38,3.38,3.38,3.38,3.38,3.38,3.38,3.38,3.38,3.38,3.38,3.38,3.38,3.38,3.38,3.38,3.38,3.38,3.38,3.38,3.38,3.38,3.38,3.38,3.38,3.38,3.38,3.38,3.38,3.38,3.38,3.38,3.38,3.38,3.38,3.38,3.38,3.38,3.38,3.38,3.38,3.38,3.38,3.38,3.38,3.38,3.38,3.38,3.38,3.38,3.38,3.38,3.38,3.38,3.38,3.38,3.38,3.38,3.38,3.38,3.38,3.38,3.38,3.38,3.38,3.38,3.38,3.38,3.38,3.38,3.38,3.38,3.38,3.38,3.38,3.38,3.38,3.38,3.38,3.38,3.38,3.38,3.38,3.38,3.38,3.38,3.38,3.38,3.38,3.38,3.38,3.38,3.38,3.38,3.38,3.38,3.38,3.38,3.38,3.38,3.38,3.38,3.38,3.38,3.38,3.38,3.38,3.38,3.38,3.38,3.38,3.38,3.38,3.38,3.38,3.38,3.38,3.38,3.38,3.38,3.38,3.38,3.38,3.38,3.38,3.38,3.38,3.38,3.38,3.38,3.38,3.38,3.38,3.38,3.38,3.38,3.38,3.38,3.38,3.38,3.38,3.38,3.38,3.38,3.38,3.38,3.38,3.38,3.38,3.38,3.38,3.38,3.38,3.38,3.38,3.38,3.38
77,3.74,3.74,3.74,3.74,3.74,3.74,3.74,3.74,3.74,3.74,3.74,3.74,3.74,3.74,3.74,3.74,3.74,3.74,3.74,3.74,3.74,3.74,3.74,3.74,3.74,3.74,3.74,3.74,3.74,3.74,3.74,3.74,3.74,3.74,3.74,3.74,3.74,3.74,3.74,3.74,3.74,3.74,3.74,3.74,3.74,3.74,3.74,3.74,3.74,3.74,3.74,3.74,3.74,3.74,3.74,3.74,3.74,3.74,3.74,3.74,3.74,3.74,3.74,3.74,3.74,3.74,3.74,3.74,3.74,3.74,3.74,3.74,3.74,3.74,3.74,3.74,3.74,3.74,3.74,3.74,3.74,3.74,3.74,3.74,3.74,3.74,3.74,3.74,3.74,3.74,3.74,3.74,3.74,3.74,3.74,3.74,3.74,3.74,3.74,3.74,3.74,3.74,3.74,3.74,3.74,3.74,3.74,3.74,3.74,3.74,3.74,3.74,3.74,3.74,3.74,3.74,3.74,3.74,3.74,3.74,3.74,3.74,3.74,3.74,3.74,3.74,3.74,3.74,3.74,3.74,3.74,3.74,3.74,3.74,3.74,3.74,3.74,3.74,3.74,3.74,3.74,3.74,3.74,3.74,3.74,3.74,3.74,3.74,3.74,3.74,3.74,3.74,3.74,3.74,3.74,3.74,3.74,3.74,3.74,3.74,3.74,3.74,3.74,3.74,3.74,3.74,3.74,3.74,3.74,3.74,3.74,3.74,3.74,3.74,3.74,3.74,3.74,3.74,3.74,3.74,3.74,3.74,3.74,3.74,3.74,3.74,3.74,3.74,3.74,3.74,3.74,3.74,3.74,3.74
128,5.175,5.175,5.175,5.175,5.175,5.175,5.175,5.175,5.175,5.175,5.175,5.175,5.175,5.175,5.175,5.175,5.175,5.175,5.175,5.175,5.175,5.175,5.175,5.175,5.175,5.175,5.175,5.175,5.175,5.175,5.175,5.175,5.175,5.175,5.175,5.175,5.175,5.175,5.175,5.175,5.175,5.175,5.175,5.175,5.175,5.175,5.175,5.175,5.175,5.175,5.175,5.175,5.175,5.175,5.175,5.175,5.175,5.175,5.175,5.175,5.175,5.175,5.175,5.175,5.175,5.175,5.175,5.175,5.175,5.175,5.175,5.175,5.175,5.175,5.175,5.175,5.175,5.175,5.175,5.175,5.175,5.175,5.175,5.175,5.175,5.175,5.175,5.175,5.175,5.175,5.175,5.175,5.175,5.175,5.175,5.175,5.175,5.175,5.175,5.175,5.175,5.175,5.175,5.175,5.175,5.175,5.175,5.175,5.175,5.175,5.175,5.175,5.175,5.175,5.175,5.175,5.175,5.175,5.175,5.175,5.175,5.175,5.175,5.175,5.175,5.175,5.175,5.175,5.175,5.175,5.175,5.175,5.175,5.175,5.175,5.175,5.175,5.175,5.175,5.175,5.175,5.175,5.175,5.175,5.175,5.175,5.175,5.175,5.175,5.175,5.175,5.175,5.175,5.175,5.175,5.175,5.175,5.175,5.175,5.175,5.175,5.175,5.175,5.175,5.175,5.175,5.175,5.175,5.175,5.175,5.175,5.175,5.175,5.175,5.175,5.175,5.175,5.175,5.175,5.175,5.175,5.175,5.175,5.175,5.175,5.175,5.175,5.175,5.175,5.175,5.175,5.175,5.175,5.175
119,3.525,3.525,3.525,3.525,3.525,3.525,3.525,3.525,3.525,3.525,3.525,3.525,3.525,3.525,3.525,3.525,3.525,3.525,3.525,3.525,3.525,3.525,3.525,3.525,3.525,3.525,3.525,3.525,3.525,3.525,3.525,3.525,3.525,3.525,3.525,3.525,3.525,3.525,3.525,3.525,3.525,3.525,3.525,3.525,3.525,3.525,3.525,3.525,3.525,3.525,3.525,3.525,3.525,3.525,3.525,3.525,3.525,3.525,3.525,3.525,3.525,3.525,3.525,3.525,3.525,3.525,3.525,3.525,3.525,3.525,3.525,3.525,3.525,3.525,3.525,3.525,3.525,3.525,3.525,3.525,3.525,3.525,3.525,3.525,3.525,3.525,3.525,3.525,3.525,3.525,3.525,3.525,3.525,3.525,3.525,3.525,3.525,3.525,3.525,3.525,3.525,3.525,3.525,3.525,3.525,3.525,3.525,3.525,3.525,3.525,3.525,3.525,3.525,3.525,3.525,3.525,3.525,3.525,3.525,3.525,3.525,3.525,3.525,3.525,3.525,3.525,3.525,3.525,3.525,3.525,3.525,3.525,3.525,3.525,3.525,3.525,3.525,3.525,3.525,3.525,3.525,3.525,3.525,3.525,3.525,3.525,3.525,3.525,3.525,3.525,3.525,3.525,3.525,3.525,3.525,3.525,3.525,3.525,3.525,3.525,3.525,3.525,3.525,3.525,3.525,3.525,3.525,3.525,3.525,3.525,3.525,3.525,3.525,3.525,3.525,3.525,3.525,3.525,3.525,3.525,3.525,3.525,3.525,3.525,3.525,3.525,3.525,3.525,3.525,3.525,3.525,3.525,3.525,3.525
160,4.45,4.45,4.45,4.45,4.45,4.45,4.45,4.45,4.45,4.45,4.45,4.45,4.45,4.45,4.45,4.45,4.45,4.45,4.45,4.45,4.45,4.45,4.45,4.45,4.45,4.45,4.45,4.45,4.45,4.45,4.45,4.45,4.45,4.45,4.45,4.45,4.45,4.45,4.45,4.45,4.45,4.45,4.45,4.45,4.45,4.45,4.45,4.45,4.45,4.45,4.45,4.45,4.45,4.45,4.45,4.45,4.45,4.45,4.45,4.45,4.45,4.45,4.45,4.45,4.45,4.45,4.45,4.45,4.45,4.45,4.45,4.45,4.45,4.45,4.45,4.45,4.45,4.45,4.45,4.45,4.45,4.45,4.45,4.45,4.45,4.45,4.45,4.45,4.45,4.45,4.45,4.45,4.45,4.45,4.45,4.45,4.45,4.45,4.45,4.45,4.45,4.45,4.45,4.45,4.45,4.45,4.45,4.45,4.45,4.45,4.45,4.45,4.45,4.45,4.45,4.45,4.45,4.45,4.45,4.45,4.45,4.45,4.45,4.45,4.45,4.45,4.45,4.45,4.45,4.45,4.45,4.45,4.45,4.45,4.45,4.45,4.45,4.45,4.45,4.45,4.45,4.45,4.45,4.45,4.45,4.45,4.45,4.45,4.45,4.45,4.45,4.45,4.45,4.45,4.45,4.45,4.45,4.45,4.45,4.45,4.45,4.45,4.45,4.45,4.45,4.45,4.45,4.45,4.45,4.45,4.45,4.45,4.45,4.45,4.45,4.45,4.45,4.45,4.45,4.45,4.45,4.45,4.45,4.45,4.45,4.45,4.45,4.45,4.45,4.45,4.45,4.45,4.45,4.45
154,4.03,4.03,4.03,4.03,4.03,4.03,4.03,4.03,4.03,4.03,4.03,4.03,4.03,4.03,4.03,4.03,4.03,4.03,4.03,4.03,4.03,4.03,4.03,4.03,4.03,4.03,4.03,4.03,4.03,4.03,4.03,4.03,4.03,4.03,4.03,4.03,4.03,4.03,4.03,4.03,4.03,4.03,4.03,4.03,4.03,4.03,4.03,4.03,4.03,4.03,4.03,4.03,4.03,4.03,4.03,4.03,4.03,4.03,4.03,4.03,4.03,4.03,4.03,4.03,4.03,4.03,4.03,4.03,4.03,4.03,4.03,4.03,4.03,4.03,4.03,4.03,4.03,4.03,4.03,4.03,4.03,4.03,4.03,4.03,4.03,4.03,4.03,4.03,4.03,4.03,4.03,4.03,4.03,4.03,4.03,4.03,4.03,4.03,4.03,4.03,4.03,4.03,4.03,4.03,4.03,4.03,4.03,4.03,4.03,4.03,4.03,4.03,4.03,4.03,4.03,4.03,4.03,4.03,4.03,4.03,4.03,4.03,4.03,4.03,4.03,4.03,4.03,4.03,4.03,4.03,4.03,4.03,4.03,4.03,4.03,4.03,4.03,4.03,4.03,4.03,4.03,4.03,4.03,4.03,4.03,4.03,4.03,4.03,4.03,4.03,4.03,4.03,4.03,4.03,4.03,4.03,4.03,4.03,4.03,4.03,4.03,4.03,4.03,4.03,4.03,4.03,4.03,4.03,4.03,4.03,4.03,4.03,4.03,4.03,4.03,4.03,4.03,4.03,4.03,4.03,4.03,4.03,4.03,4.03,4.03,4.03,4.03,4.03,4.03,4.03,4.03,4.03,4.03,4.03
69,3.5549999999999997,3.5549999999999997,3.5549999999999997,3.5549999999999997,3.5549999999999997,3.5549999999999997,3.5549999999999997,3.5549999999999997,3.5549999999999997,3.5549999999999997,3.5549999999999997,3.5549999999999997,3.5549999999999997,3.5549999999999997,3.5549999999999997,3.5549999999999997,3.5549999999999997,3.5549999999999997,3.5549999999999997,3.5549999999999997,3.5549999999999997,3.5549999999999997,3.5549999999999997,3.5549999999999997,3.5549999999999997,3.5549999999999997,3.5549999999999997,3.5549999999999997,3.5549999999999997,3.5549999999999997,3.5549999999999997,3.5549999999999997,3.5549999999999997,3.5549999999999997,3.5549999999999997,3.5549999999999997,3.5549999999999997,3.5549999999999997,3.5549999999999997,3.5549999999999997,3.5549999999999997,3.5549999999999997,3.5549999999999997,3.5549999999999997,3.5549999999999997,3.5549999999999997,3.5549999999999997,3.5549999999999997,3.5549999999999997,3.5549999999999997,3.5549999999999997,3.5549999999999997,3.5549999999999997,3.5549999999999997,3.5549999999999997,3.5549999999999997,3.5549999999999997,3.5549999999999997,3.5549999999999997,3.5549999999999997,3.5549999999999997,3.5549999999999997,3.5549999999999997,3.5549999999999997,3.5549999999999997,3.5549999999999997,3.5549999999999997,3.5549999999999997,3.5549999999999997,3.5549999999999997,3.5549999999999997,3.5549999999999997,3.5549999999999997,3.5549999999999997,3.5549999999999997,3.5549999999999997,3.5549999999999997,3.5549999999999997,3.5549999999999997,3.5549999999999997,3.5549999999999997,3.5549999999999997,3.5549999999999997,3.5549999999999997,3.5549999999999997,3.5549999999999997,3.5549999999999997,3.5549999999999997,3.5549999999999997,3.5549999999999997,3.5549999999999997,3.5549999999999997,3.5549999999999997,3.5549999999999997,3.5549999999999997,3.5549999999999997,3.5549999999999997,3.5549999999999997,3.5549999999999997,3.5549999999999997,3.5549999999999997,3.5549999999999997,3.5549999999999997,3.5549999999999997,3.5549999999999997,3.5549999999999997,3.5549999999999997,3.5549999999999997,3.5549999999999997,3.5549999999999997,3.5549999999999997,3.5549999999999997,3.5549999999999997,3.5549999999999997,3.5549999999999997,3.5549999999999997,3.5549999999999997,3.5549999999999997,3.5549999999999997,3.5549999999999997,3.5549999999999997,3.5549999999999997,3.5549999999999997,3.5549999999999997,3.5549999999999997,3.5549999999999997,3.5549999999999997,3.5549999999999997,3.5549999999999997,3.5549999999999997,3.5549999999999997,3.5549999999999997,3.5549999999999997,3.5549999999999997,3.5549999999999997,3.5549999999999997,3.5549999999999997,3.5549999999999997,3.5549999999999997,3.5549999999999997,3.5549999999999997,3.5549999999999997,3.5549999999999997,3.5549999999999997,3.5549999999999997,3.5549999999999997,3.5549999999999997,3.5549999999999997,3.5549999999999997,3.5549999999999997,3.5549999999999997,3.5549999999999997,3.5549999999999997,3.5549999999999997,3.5549999999999997,3.5549999999999997,3.5549999999999997,3.5549999999999997,3.5549999999999997,3.5549999999999997,3.5549999999999997,3.5549999999999997,3.5549999999999997,3.5549999999999997,3.5549999999999997,3.5549999999999997,3.5549999999999997,3.5549999999999997,3.5549999999999997,3.5549999999999997,3.5549999999999997,3.5549999999999997,3.5549999999999997,3.5549999999999997,3.5549999999999997,3.5549999999999997,3.5549999999999997,3.5549999999999997,3.5549999999999997,3.5549999999999997,3.5549999999999997,3.5549999999999997,3.5549999999999997,3.5549999999999997,3.5549999999999997,3.5549999999999997,3.5549999999999997,3.5549999999999997,3.5549999999999997,3.5549999999999997,3.5549999999999997,3.5549999999999997,3.5549999999999997,3.5549999999999997
174,3.53,3.53,3.53,3.53,3.53,3.53,3.53,3.53,3.53,3.53,3.53,3.53,3.53,3.53,3.53,3.53,3.53,3.53,3.53,3.53,3.53,3.53,3.53,3.53,3.53,3.53,3.53,3.53,3.53,3.53,3.53,3.53,3.53,3.53,3.53,3.53,3.53,3.53,3.53,3.53,3.53,3.53,3.53,3.53,3.53,3.53,3.53,3.53,3.53,3.53,3.53,3.53,3.53,3.53,3.53,3.53,3.53,3.53,3.53,3.53,3.53,3.53,3.53,3.53,3.53,3.53,3.53,3.53,3.53,3.53,3.53,3.53,3.53,3.53,3.53,3.53,3.53,3.53,3.53,3.53,3.53,3.53,3.53,3.53,3.53,3.53,3.53,3.53,3.53,3.53,3.53,3.53,3.53,3.53,3.53,3.53,3.53,3.53,3.53,3.53,3.53,3.53,3.53,3.53,3.53,3.53,3.53,3.53,3.53,3.53,3.53,3.53,3.53,3.53,3.53,3.53,3.53,3.53,3.53,3.53,3.53,3.53,3.53,3.53,3.53,3.53,3.53,3.53,3.53,3.53,3.53,3.53,3.53,3.53,3.53,3.53,3.53,3.53,3.53,3.53,3.53,3.53,3.53,3.53,3.53,3.53,3.53,3.53,3.53,3.53,3.53,3.53,3.53,3.53,3.53,3.53,3.53,3.53,3.53,3.53,3.53,3.53,3.53,3.53,3.53,3.53,3.53,3.53,3.53,3.53,3.53,3.53,3.53,3.53,3.53,3.53,3.53,3.53,3.53,3.53,3.53,3.53,3.53,3.53,3.53,3.53,3.53,3.53,3.53,3.53,3.53,3.53,3.53,3.53
4,3.545,3.545,3.545,3.545,3.545,3.545,3.545,3.545,3.545,3.545,3.545,3.545,3.545,3.545,3.545,3.545,3.545,3.545,3.545,3.545,3.545,3.545,3.545,3.545,3.545,3.545,3.545,3.545,3.545,3.545,3.545,3.545,3.545,3.545,3.545,3.545,3.545,3.545,3.545,3.545,3.545,3.545,3.545,3.545,3.545,3.545,3.545,3.545,3.545,3.545,3.545,3.545,3.545,3.545,3.545,3.545,3.545,3.545,3.545,3.545,3.545,3.545,3.545,3.545,3.545,3.545,3.545,3.545,3.545,3.545,3.545,3.545,3.545,3.545,3.545,3.545,3.545,3.545,3.545,3.545,3.545,3.545,3.545,3.545,3.545,3.545,3.545,3.545,3.545,3.545,3.545,3.545,3.545,3.545,3.545,3.545,3.545,3.545,3.545,3.545,3.545,3.545,3.545,3.545,3.545,3.545,3.545,3.545,3.545,3.545,3.545,3.545,3.545,3.545,3.545,3.545,3.545,3.545,3.545,3.545,3.545,3.545,3.545,3.545,3.545,3.545,3.545,3.545,3.545,3.545,3.545,3.545,3.545,3.545,3.545,3.545,3.545,3.545,3.545,3.545,3.545,3.545,3.545,3.545,3.545,3.545,3.545,3.545,3.545,3.545,3.545,3.545,3.545,3.545,3.545,3.545,3.545,3.545,3.545,3.545,3.545,3.545,3.545,3.545,3.545,3.545,3.545,3.545,3.545,3.545,3.545,3.545,3.545,3.545,3.545,3.545,3.545,3.545,3.545,3.545,3.545,3.545,3.545,3.545,3.545,3.545,3.545,3.545,3.545,3.545,3.545,3.545,3.545,3.545
44,3.635,3.635,3.635,3.635,3.635,3.635,3.635,3.635,3.635,3.635,3.635,3.635,3.635,3.635,3.635,3.635,3.635,3.635,3.635,3.635,3.635,3.635,3.635,3.635,3.635,3.635,3.635,3.635,3.635,3.635,3.635,3.635,3.635,3.635,3.635,3.635,3.635,3.635,3.635,3.635,3.635,3.635,3.635,3.635,3.635,3.635,3.635,3.635,3.635,3.635,3.635,3.635,3.635,3.635,3.635,3.635,3.635,3.635,3.635,3.635,3.635,3.635,3.635,3.635,3.635,3.635,3.635,3.635,3.635,3.635,3.635,3.635,3.635,3.635,3.635,3.635,3.635,3.635,3.635,3.635,3.635,3.635,3.635,3.635,3.635,3.635,3.635,3.635,3.635,3.635,3.635,3.635,3.635,3.635,3.635,3.635,3.635,3.635,3.635,3.635,3.635,3.635,3.635,3.635,3.635,3.635,3.635,3.635,3.635,3.635,3.635,3.635,3.635,3.635,3.635,3.635,3.635,3.635,3.635,3.635,3.635,3.635,3.635,3.635,3.635,3.635,3.635,3.635,3.635,3.635,3.635,3.635,3.635,3.635,3.635,3.635,3.635,3.635,3.635,3.635,3.635,3.635,3.635,3.635,3.635,3.635,3.635,3.635,3.635,3.635,3.635,3.635,3.635,3.635,3.635,3.635,3.635,3.635,3.635,3.635,3.635,3.635,3.635,3.635,3.635,3.635,3.635,3.635,3.635,3.635,3.635,3.635,3.635,3.635,3.635,3.635,3.635,3.635,3.635,3.635,3.635,3.635,3.635,3.635,3.635,3.635,3.635,3.635,3.635,3.635,3.635,3.635,3.635,3.635
26,4.075,4.075,4.075,4.075,4.075,4.075,4.075,4.075,4.075,4.075,4.075,4.075,4.075,4.075,4.075,4.075,4.075,4.075,4.075,4.075,4.075,4.075,4.075,4.075,4.075,4.075,4.075,4.075,4.075,4.075,4.075,4.075,4.075,4.075,4.075,4.075,4.075,4.075,4.075,4.075,4.075,4.075,4.075,4.075,4.075,4.075,4.075,4.075,4.075,4.075,4.075,4.075,4.075,4.075,4.075,4.075,4.075,4.075,4.075,4.075,4.075,4.075,4.075,4.075,4.075,4.075,4.075,4.075,4.075,4.075,4.075,4.075,4.075,4.075,4.075,4.075,4.075,4.075,4.075,4.075,4.075,4.075,4.075,4.075,4.075,4.075,4.075,4.075,4.075,4.075,4.075,4.075,4.075,4.075,4.075,4.075,4.075,4.075,4.075,4.075,4.075,4.075,4.075,4.075,4.075,4.075,4.075,4.075,4.075,4.075,4.075,4.075,4.075,4.075,4.075,4.075,4.075,4.075,4.075,4.075,4.075,4.075,4.075,4.075,4.075,4.075,4.075,4.075,4.075,4.075,4.075,4.075,4.075,4.075,4.075,4.075,4.075,4.075,4.075,4.075,4.075,4.075,4.075,4.075,4.075,4.075,4.075,4.075,4.075,4.075,4.075,4.075,4.075,4.075,4.075,4.075,4.075,4.075,4.075,4.075,4.075,4.075,4.075,4.075,4.075,4.075,4.075,4.075,4.075,4.075,4.075,4.075,4.075,4.075,4.075,4.075,4.075,4.075,4.075,4.075,4.075,4.075,4.075,4.075,4.075,4.075,4.075,4.075,4.075,4.075,4.075,4.075,4.075,4.075
90,3.63,3.63,3.63,3.63,3.63,3.63,3.63,3.63,3.63,3.63,3.63,3.63,3.63,3.63,3.63,3.63,3.63,3.63,3.63,3.63,3.63,3.63,3.63,3.63,3.63,3.63,3.63,3.63,3.63,3.63,3.63,3.63,3.63,3.63,3.63,3.63,3.63,3.63,3.63,3.63,3.63,3.63,3.63,3.63,3.63,3.63,3.63,3.63,3.63,3.63,3.63,3.63,3.63,3.63,3.63,3.63,3.63,3.63,3.63,3.63,3.63,3.63,3.63,3.63,3.63,3.63,3.63,3.63,3.63,3.63,3.63,3.63,3.63,3.63,3.63,3.63,3.63,3.63,3.63,3.63,3.63,3.63,3.63,3.63,3.63,3.63,3.63,3.63,3.63,3.63,3.63,3.63,3.63,3.63,3.63,3.63,3.63,3.63,3.63,3.63,3.63,3.63,3.63,3.63,3.63,3.63,3.63,3.63,3.63,3.63,3.63,3.63,3.63,3.63,3.63,3.63,3.63,3.63,3.63,3.63,3.63,3.63,3.63,3.63,3.63,3.63,3.63,3.63,3.63,3.63,3.63,3.63,3.63,3.63,3.63,3.63,3.63,3.63,3.63,3.63,3.63,3.63,3.63,3.63,3.63,3.63,3.63,3.63,3.63,3.63,3.63,3.63,3.63,3.63,3.63,3.63,3.63,3.63,3.63,3.63,3.63,3.63,3.63,3.63,3.63,3.63,3.63,3.63,3.63,3.63,3.63,3.63,3.63,3.63,3.63,3.63,3.63,3.63,3.63,3.63,3.63,3.63,3.63,3.63,3.63,3.63,3.63,3.63,3.63,3.63,3.63,3.63,3.63,3.63
94,3.32,3.32,3.32,3.32,3.32,3.32,3.32,3.32,3.32,3.32,3.32,3.32,3.32,3.32,3.32,3.32,3.32,3.32,3.32,3.32,3.32,3.32,3.32,3.32,3.32,3.32,3.32,3.32,3.32,3.32,3.32,3.32,3.32,3.32,3.32,3.32,3.32,3.32,3.32,3.32,3.32,3.32,3.32,3.32,3.32,3.32,3.32,3.32,3.32,3.32,3.32,3.32,3.32,3.32,3.32,3.32,3.32,3.32,3.32,3.32,3.32,3.32,3.32,3.32,3.32,3.32,3.32,3.32,3.32,3.32,3.32,3.32,3.32,3.32,3.32,3.32,3.32,3.32,3.32,3.32,3.32,3.32,3.32,3.32,3.32,3.32,3.32,3.32,3.32,3.32,3.32,3.32,3.32,3.32,3.32,3.32,3.32,3.32,3.32,3.32,3.32,3.32,3.32,3.32,3.32,3.32,3.32,3.32,3.32,3.32,3.32,3.32,3.32,3.32,3.32,3.32,3.32,3.32,3.32,3.32,3.32,3.32,3.32,3.32,3.32,3.32,3.32,3.32,3.32,3.32,3.32,3.32,3.32,3.32,3.32,3.32,3.32,3.32,3.32,3.32,3.32,3.32,3.32,3.32,3.32,3.32,3.32,3.32,3.32,3.32,3.32,3.32,3.32,3.32,3.32,3.32,3.32,3.32,3.32,3.32,3.32,3.32,3.32,3.32,3.32,3.32,3.32,3.32,3.32,3.32,3.32,3.32,3.32,3.32,3.32,3.32,3.32,3.32,3.32,3.32,3.32,3.32,3.32,3.32,3.32,3.32,3.32,3.32,3.32,3.32,3.32,3.32,3.32,3.32
117,3.625,3.625,3.625,3.625,3.625,3.625,3.625,3.625,3.625,3.625,3.625,3.625,3.625,3.625,3.625,3.625,3.625,3.625,3.625,3.625,3.625,3.625,3.625,3.625,3.625,3.625,3.625,3.625,3.625,3.625,3.625,3.625,3.625,3.625,3.625,3.625,3.625,3.625,3.625,3.625,3.625,3.625,3.625,3.625,3.625,3.625,3.625,3.625,3.625,3.625,3.625,3.625,3.625,3.625,3.625,3.625,3.625,3.625,3.625,3.625,3.625,3.625,3.625,3.625,3.625,3.625,3.625,3.625,3.625,3.625,3.625,3.625,3.625,3.625,3.625,3.625,3.625,3.625,3.625,3.625,3.625,3.625,3.625,3.625,3.625,3.625,3.625,3.625,3.625,3.625,3.625,3.625,3.625,3.625,3.625,3.625,3.625,3.625,3.625,3.625,3.625,3.625,3.625,3.625,3.625,3.625,3.625,3.625,3.625,3.625,3.625,3.625,3.625,3.625,3.625,3.625,3.625,3.625,3.625,3.625,3.625,3.625,3.625,3.625,3.625,3.625,3.625,3.625,3.625,3.625,3.625,3.625,3.625,3.625,3.625,3.625,3.625,3.625,3.625,3.625,3.625,3.625,3.625,3.625,3.625,3.625,3.625,3.625,3.625,3.625,3.625,3.625,3.625,3.625,3.625,3.625,3.625,3.625,3.625,3.625,3.625,3.625,3.625,3.625,3.625,3.625,3.625,3.625,3.625,3.625,3.625,3.625,3.625,3.625,3.625,3.625,3.625,3.625,3.625,3.625,3.625,3.625,3.625,3.625,3.625,3.625,3.625,3.625,3.625,3.625,3.625,3.625,3.625,3.625
51,3.395,3.395,3.395,3.395,3.395,3.395,3.395,3.395,3.395,3.395,3.395,3.395,3.395,3.395,3.395,3.395,3.395,3.395,3.395,3.395,3.395,3.395,3.395,3.395,3.395,3.395,3.395,3.395,3.395,3.395,3.395,3.395,3.395,3.395,3.395,3.395,3.395,3.395,3.395,3.395,3.395,3.395,3.395,3.395,3.395,3.395,3.395,3.395,3.395,3.395,3.395,3.395,3.395,3.395,3.395,3.395,3.395,3.395,3.395,3.395,3.395,3.395,3.395,3.395,3.395,3.395,3.395,3.395,3.395,3.395,3.395,3.395,3.395,3.395,3.395,3.395,3.395,3.395,3.395,3.395,3.395,3.395,3.395,3.395,3.395,3.395,3.395,3.395,3.395,3.395,3.395,3.395,3.395,3.395,3.395,3.395,3.395,3.395,3.395,3.395,3.395,3.395,3.395,3.395,3.395,3.395,3.395,3.395,3.395,3.395,3.395,3.395,3.395,3.395,3.395,3.395,3.395,3.395,3.395,3.395,3.395,3.395,3.395,3.395,3.395,3.395,3.395,3.395,3.395,3.395,3.395,3.395,3.395,3.395,3.395,3.395,3.395,3.395,3.395,3.395,3.395,3.395,3.395,3.395,3.395,3.395,3.395,3.395,3.395,3.395,3.395,3.395,3.395,3.395,3.395,3.395,3.395,3.395,3.395,3.395,3.395,3.395,3.395,3.395,3.395,3.395,3.395,3.395,3.395,3.395,3.395,3.395,3.395,3.395,3.395,3.395,3.395,3.395,3.395,3.395,3.395,3.395,3.395,3.395,3.395,3.395,3.395,3.395,3.395,3.395,3.395,3.395,3.395,3.395
114,3.69,3.69,3.69,3.69,3.69,3.69,3.69,3.69,3.69,3.69,3.69,3.69,3.69,3.69,3.69,3.69,3.69,3.69,3.69,3.69,3.69,3.69,3.69,3.69,3.69,3.69,3.69,3.69,3.69,3.69,3.69,3.69,3.69,3.69,3.69,3.69,3.69,3.69,3.69,3.69,3.69,3.69,3.69,3.69,3.69,3.69,3.69,3.69,3.69,3.69,3.69,3.69,3.69,3.69,3.69,3.69,3.69,3.69,3.69,3.69,3.69,3.69,3.69,3.69,3.69,3.69,3.69,3.69,3.69,3.69,3.69,3.69,3.69,3.69,3.69,3.69,3.69,3.69,3.69,3.69,3.69,3.69,3.69,3.69,3.69,3.69,3.69,3.69,3.69,3.69,3.69,3.69,3.69,3.69,3.69,3.69,3.69,3.69,3.69,3.69,3.69,3.69,3.69,3.69,3.69,3.69,3.69,3.69,3.69,3.69,3.69,3.69,3.69,3.69,3.69,3.69,3.69,3.69,3.69,3.69,3.69,3.69,3.69,3.69,3.69,3.69,3.69,3.69,3.69,3.69,3.69,3.69,3.69,3.69,3.69,3.69,3.69,3.69,3.69,3.69,3.69,3.69,3.69,3.69,3.69,3.69,3.69,3.69,3.69,3.69,3.69,3.69,3.69,3.69,3.69,3.69,3.69,3.69,3.69,3.69,3.69,3.69,3.69,3.69,3.69,3.69,3.69,3.69,3.69,3.69,3.69,3.69,3.69,3.69,3.69,3.69,3.69,3.69,3.69,3.69,3.69,3.69,3.69,3.69,3.69,3.69,3.69,3.69,3.69,3.69,3.69,3.69,3.69,3.69
109,3.4050000000000002,3.4050000000000002,3.4050000000000002,3.4050000000000002,3.4050000000000002,3.4050000000000002,3.4050000000000002,3.4050000000000002,3.4050000000000002,3.4050000000000002,3.4050000000000002,3.4050000000000002,3.4050000000000002,3.4050000000000002,3.4050000000000002,3.4050000000000002,3.4050000000000002,3.4050000000000002,3.4050000000000002,3.4050000000000002,3.4050000000000002,3.4050000000000002,3.4050000000000002,3.4050000000000002,3.4050000000000002,3.4050000000000002,3.4050000000000002,3.4050000000000002,3.4050000000000002,3.4050000000000002,3.4050000000000002,3.4050000000000002,3.4050000000000002,3.4050000000000002,3.4050000000000002,3.4050000000000002,3.4050000000000002,3.4050000000000002,3.4050000000000002,3.4050000000000002,3.4050000000000002,3.4050000000000002,3.4050000000000002,3.4050000000000002,3.4050000000000002,3.4050000000000002,3.4050000000000002,3.4050000000000002,3.4050000000000002,3.4050000000000002,3.4050000000000002,3.4050000000000002,3.4050000000000002,3.4050000000000002,3.4050000000000002,3.4050000000000002,3.4050000000000002,3.4050000000000002,3.4050000000000002,3.4050000000000002,3.4050000000000002,3.4050000000000002,3.4050000000000002,3.4050000000000002,3.4050000000000002,3.4050000000000002,3.4050000000000002,3.4050000000000002,3.4050000000000002,3.4050000000000002,3.4050000000000002,3.4050000000000002,3.4050000000000002,3.4050000000000002,3.4050000000000002,3.4050000000000002,3.4050000000000002,3.4050000000000002,3.4050000000000002,3.4050000000000002,3.4050000000000002,3.4050000000000002,3.4050000000000002,3.4050000000000002,3.4050000000000002,3.4050000000000002,3.4050000000000002,3.4050000000000002,3.4050000000000002,3.4050000000000002,3.4050000000000002,3.4050000000000002,3.4050000000000002,3.4050000000000002,3.4050000000000002,3.4050000000000002,3.4050000000000002,3.4050000000000002,3.4050000000000002,3.4050000000000002,3.4050000000000002,3.4050000000000002,3.4050000000000002,3.4050000000000002,3.4050000000000002,3.4050000000000002,3.4050000000000002,3.4050000000000002,3.4050000000000002,3.4050000000000002,3.4050000000000002,3.4050000000000002,3.4050000000000002,3.4050000000000002,3.4050000000000002,3.4050000000000002,3.4050000000000002,3.4050000000000002,3.4050000000000002,3.4050000000000002,3.4050000000000002,3.4050000000000002,3.4050000000000002,3.4050000000000002,3.4050000000000002,3.4050000000000002,3.4050000000000002,3.4050000000000002,3.4050000000000002,3.4050000000000002,3.4050000000000002,3.4050000000000002,3.4050000000000002,3.4050000000000002,3.4050000000000002,3.4050000000000002,3.4050000000000002,3.4050000000000002,3.4050000000000002,3.4050000000000002,3.4050000000000002,3.4050000000000002,3.4050000000000002,3.4050000000000002,3.4050000000000002,3.4050000000000002,3.4050000000000002,3.4050000000000002,3.4050000000000002,3.4050000000000002,3.4050000000000002,3.4050000000000002,3.4050000000000002,3.4050000000000002,3.4050000000000002,3.4050000000000002,3.4050000000000002,3.4050000000000002,3.4050000000000002,3.4050000000000002,3.4050000000000002,3.4050000000000002,3.4050000000000002,3.4050000000000002,3.4050000000000002,3.4050000000000002,3.4050000000000002,3.4050000000000002,3.4050000000000002,3.4050000000000002,3.4050000000000002,3.4050000000000002,3.4050000000000002,3.4050000000000002,3.4050000000000002,3.4050000000000002,3.4050000000000002,3.4050000000000002,3.4050000000000002,3.4050000000000002,3.4050000000000002,3.4050000000000002,3.4050000000000002,3.4050000000000002,3.4050000000000002,3.4050000000000002,3.4050000000000002,3.4050000000000002,3.4050000000000002,3.4050000000000002,3.4050000000000002,3.4050000000000002,3.4050000000000002,3.4050000000000002
150,3.4400000000000004,3.4400000000000004,3.4400000000000004,3.4400000000000004,3.4400000000000004,3.4400000000000004,3.4400000000000004,3.4400000000000004,3.4400000000000004,3.4400000000000004,3.4400000000000004,3.4400000000000004,3.4400000000000004,3.4400000000000004,3.4400000000000004,3.4400000000000004,3.4400000000000004,3.4400000000000004,3.4400000000000004,3.4400000000000004,3.4400000000000004,3.4400000000000004,3.4400000000000004,3.4400000000000004,3.4400000000000004,3.4400000000000004,3.4400000000000004,3.4400000000000004,3.4400000000000004,3.4400000000000004,3.4400000000000004,3.4400000000000004,3.4400000000000004,3.4400000000000004,3.4400000000000004,3.4400000000000004,3.4400000000000004,3.4400000000000004,3.4400000000000004,3.4400000000000004,3.4400000000000004,3.4400000000000004,3.4400000000000004,3.4400000000000004,3.4400000000000004,3.4400000000000004,3.4400000000000004,3.4400000000000004,3.4400000000000004,3.4400000000000004,3.4400000000000004,3.4400000000000004,3.4400000000000004,3.4400000000000004,3.4400000000000004,3.4400000000000004,3.4400000000000004,3.4400000000000004,3.4400000000000004,3.4400000000000004,3.4400000000000004,3.4400000000000004,3.4400000000000004,3.4400000000000004,3.4400000000000004,3.4400000000000004,3.4400000000000004,3.4400000000000004,3.4400000000000004,3.4400000000000004,3.4400000000000004,3.4400000000000004,3.4400000000000004,3.4400000000000004,3.4400000000000004,3.4400000000000004,3.4400000000000004,3.4400000000000004,3.4400000000000004,3.4400000000000004,3.4400000000000004,3.4400000000000004,3.4400000000000004,3.4400000000000004,3.4400000000000004,3.4400000000000004,3.4400000000000004,3.4400000000000004,3.4400000000000004,3.4400000000000004,3.4400000000000004,3.4400000000000004,3.4400000000000004,3.4400000000000004,3.4400000000000004,3.4400000000000004,3.4400000000000004,3.4400000000000004,3.4400000000000004,3.4400000000000004,3.4400000000000004,3.4400000000000004,3.4400000000000004,3.4400000000000004,3.4400000000000004,3.4400000000000004,3.4400000000000004,3.4400000000000004,3.4400000000000004,3.4400000000000004,3.4400000000000004,3.4400000000000004,3.4400000000000004,3.4400000000000004,3.4400000000000004,3.4400000000000004,3.4400000000000004,3.4400000000000004,3.4400000000000004,3.4400000000000004,3.4400000000000004,3.4400000000000004,3.4400000000000004,3.4400000000000004,3.4400000000000004,3.4400000000000004,3.4400000000000004,3.4400000000000004,3.4400000000000004,3.4400000000000004,3.4400000000000004,3.4400000000000004,3.4400000000000004,3.4400000000000004,3.4400000000000004,3.4400000000000004,3.4400000000000004,3.4400000000000004,3.4400000000000004,3.4400000000000004,3.4400000000000004,3.4400000000000004,3.4400000000000004,3.4400000000000004,3.4400000000000004,3.4400000000000004,3.4400000000000004,3.4400000000000004,3.4400000000000004,3.4400000000000004,3.4400000000000004,3.4400000000000004,3.4400000000000004,3.4400000000000004,3.4400000000000004,3.4400000000000004,3.4400000000000004,3.4400000000000004,3.4400000000000004,3.4400000000000004,3.4400000000000004,3.4400000000000004,3.4400000000000004,3.4400000000000004,3.4400000000000004,3.4400000000000004,3.4400000000000004,3.4400000000000004,3.4400000000000004,3.4400000000000004,3.4400000000000004,3.4400000000000004,3.4400000000000004,3.4400000000000004,3.4400000000000004,3.4400000000000004,3.4400000000000004,3.4400000000000004,3.4400000000000004,3.4400000000000004,3.4400000000000004,3.4400000000000004,3.4400000000000004,3.4400000000000004,3.4400000000000004,3.4400000000000004,3.4400000000000004,3.4400000000000004,3.4400000000000004,3.4400000000000004,3.4400000000000004,3.4400000000000004,3.4400000000000004,3.4400000000000004
65,3.3,3.3,3.3,3.3,3.3,3.3,3.3,3.3,3.3,3.3,3.3,3.3,3.3,3.3,3.3,3.3,3.3,3.3,3.3,3.3,3.3,3.3,3.3,3.3,3.3,3.3,3.3,3.3,3.3,3.3,3.3,3.3,3.3,3.3,3.3,3.3,3.3,3.3,3.3,3.3,3.3,3.3,3.3,3.3,3.3,3.3,3.3,3.3,3.3,3.3,3.3,3.3,3.3,3.3,3.3,3.3,3.3,3.3,3.3,3.3,3.3,3.3,3.3,3.3,3.3,3.3,3.3,3.3,3.3,3.3,3.3,3.3,3.3,3.3,3.3,3.3,3.3,3.3,3.3,3.3,3.3,3.3,3.3,3.3,3.3,3.3,3.3,3.3,3.3,3.3,3.3,3.3,3.3,3.3,3.3,3.3,3.3,3.3,3.3,3.3,3.3,3.3,3.3,3.3,3.3,3.3,3.3,3.3,3.3,3.3,3.3,3.3,3.3,3.3,3.3,3.3,3.3,3.3,3.3,3.3,3.3,3.3,3.3,3.3,3.3,3.3,3.3,3.3,3.3,3.3,3.3,3.3,3.3,3.3,3.3,3.3,3.3,3.3,3.3,3.3,3.3,3.3,3.3,3.3,3.3,3.3,3.3,3.3,3.3,3.3,3.3,3.3,3.3,3.3,3.3,3.3,3.3,3.3,3.3,3.3,3.3,3.3,3.3,3.3,3.3,3.3,3.3,3.3,3.3,3.3,3.3,3.3,3.3,3.3,3.3,3.3,3.3,3.3,3.3,3.3,3.3,3.3,3.3,3.3,3.3,3.3,3.3,3.3,3.3,3.3,3.3,3.3,3.3,3.3
75,3.42,3.42,3.42,3.42,3.42,3.42,3.42,3.42,3.42,3.42,3.42,3.42,3.42,3.42,3.42,3.42,3.42,3.42,3.42,3.42,3.42,3.42,3.42,3.42,3.42,3.42,3.42,3.42,3.42,3.42,3.42,3.42,3.42,3.42,3.42,3.42,3.42,3.42,3.42,3.42,3.42,3.42,3.42,3.42,3.42,3.42,3.42,3.42,3.42,3.42,3.42,3.42,3.42,3.42,3.42,3.42,3.42,3.42,3.42,3.42,3.42,3.42,3.42,3.42,3.42,3.42,3.42,3.42,3.42,3.42,3.42,3.42,3.42,3.42,3.42,3.42,3.42,3.42,3.42,3.42,3.42,3.42,3.42,3.42,3.42,3.42,3.42,3.42,3.42,3.42,3.42,3.42,3.42,3.42,3.42,3.42,3.42,3.42,3.42,3.42,3.42,3.42,3.42,3.42,3.42,3.42,3.42,3.42,3.42,3.42,3.42,3.42,3.42,3.42,3.42,3.42,3.42,3.42,3.42,3.42,3.42,3.42,3.42,3.42,3.42,3.42,3.42,3.42,3.42,3.42,3.42,3.42,3.42,3.42,3.42,3.42,3.42,3.42,3.42,3.42,3.42,3.42,3.42,3.42,3.42,3.42,3.42,3.42,3.42,3.42,3.42,3.42,3.42,3.42,3.42,3.42,3.42,3.42,3.42,3.42,3.42,3.42,3.42,3.42,3.42,3.42,3.42,3.42,3.42,3.42,3.42,3.42,3.42,3.42,3.42,3.42,3.42,3.42,3.42,3.42,3.42,3.42,3.42,3.42,3.42,3.42,3.42,3.42,3.42,3.42,3.42,3.42,3.42,3.42
120,3.7199999999999998,3.7199999999999998,3.7199999999999998,3.7199999999999998,3.7199999999999998,3.7199999999999998,3.7199999999999998,3.7199999999999998,3.7199999999999998,3.7199999999999998,3.7199999999999998,3.7199999999999998,3.7199999999999998,3.7199999999999998,3.7199999999999998,3.7199999999999998,3.7199999999999998,3.7199999999999998,3.7199999999999998,3.7199999999999998,3.7199999999999998,3.7199999999999998,3.7199999999999998,3.7199999999999998,3.7199999999999998,3.7199999999999998,3.7199999999999998,3.7199999999999998,3.7199999999999998,3.7199999999999998,3.7199999999999998,3.7199999999999998,3.7199999999999998,3.7199999999999998,3.7199999999999998,3.7199999999999998,3.7199999999999998,3.7199999999999998,3.7199999999999998,3.7199999999999998,3.7199999999999998,3.7199999999999998,3.7199999999999998,3.7199999999999998,3.7199999999999998,3.7199999999999998,3.7199999999999998,3.7199999999999998,3.7199999999999998,3.7199999999999998,3.7199999999999998,3.7199999999999998,3.7199999999999998,3.7199999999999998,3.7199999999999998,3.7199999999999998,3.7199999999999998,3.7199999999999998,3.7199999999999998,3.7199999999999998,3.7199999999999998,3.7199999999999998,3.7199999999999998,3.7199999999999998,3.7199999999999998,3.7199999999999998,3.7199999999999998,3.7199999999999998,3.7199999999999998,3.7199999999999998,3.7199999999999998,3.7199999999999998,3.7199999999999998,3.7199999999999998,3.7199999999999998,3.7199999999999998,3.7199999999999998,3.7199999999999998,3.7199999999999998,3.7199999999999998,3.7199999999999998,3.7199999999999998,3.7199999999999998,3.7199999999999998,3.7199999999999998,3.7199999999999998,3.7199999999999998,3.7199999999999998,3.7199999999999998,3.7199999999999998,3.7199999999999998,3.7199999999999998,3.7199999999999998,3.7199999999999998,3.7199999999999998,3.7199999999999998,3.7199999999999998,3.7199999999999998,3.7199999999999998,3.7199999999999998,3.7199999999999998,3.7199999999999998,3.7199999999999998,3.7199999999999998,3.7199999999999998,3.7199999999999998,3.7199999999999998,3.7199999999999998,3.7199999999999998,3.7199999999999998,3.7199999999999998,3.7199999999999998,3.7199999999999998,3.7199999999999998,3.7199999999999998,3.7199999999999998,3.7199999999999998,3.7199999999999998,3.7199999999999998,3.7199999999999998,3.7199999999999998,3.7199999999999998,3.7199999999999998,3.7199999999999998,3.7199999999999998,3.7199999999999998,3.7199999999999998,3.7199999999999998,3.7199999999999998,3.7199999999999998,3.7199999999999998,3.7199999999999998,3.7199999999999998,3.7199999999999998,3.7199999999999998,3.7199999999999998,3.7199999999999998,3.7199999999999998,3.7199999999999998,3.7199999999999998,3.7199999999999998,3.7199999999999998,3.7199999999999998,3.7199999999999998,3.7199999999999998,3.7199999999999998,3.7199999999999998,3.7199999999999998,3.7199999999999998,3.7199999999999998,3.7199999999999998,3.7199999999999998,3.7199999999999998,3.7199999999999998,3.7199999999999998,3.7199999999999998,3.7199999999999998,3.7199999999999998,3.7199999999999998,3.7199999999999998,3.7199999999999998,3.7199999999999998,3.7199999999999998,3.7199999999999998,3.7199999999999998,3.7199999999999998,3.7199999999999998,3.7199999999999998,3.7199999999999998,3.7199999999999998,3.7199999999999998,3.7199999999999998,3.7199999999999998,3.7199999999999998,3.7199999999999998,3.7199999999999998,3.7199999999999998,3.7199999999999998,3.7199999999999998,3.7199999999999998,3.7199999999999998,3.7199999999999998,3.7199999999999998,3.7199999999999998,3.7199999999999998,3.7199999999999998,3.7199999999999998,3.7199999999999998,3.7199999999999998,3.7199999999999998,3.7199999999999998,3.7199999999999998,3.7199999999999998,3.7199999999999998
62,3.26,3.26,3.26,3.26,3.26,3.26,3.26,3.26,3.26,3.26,3.26,3.26,3.26,3.26,3.26,3.26,3.26,3.26,3.26,3.26,3.26,3.26,3.26,3.26,3.26,3.26,3.26,3.26,3.26,3.26,3.26,3.26,3.26,3.26,3.26,3.26,3.26,3.26,3.26,3.26,3.26,3.26,3.26,3.26,3.26,3.26,3.26,3.26,3.26,3.26,3.26,3.26,3.26,3.26,3.26,3.26,3.26,3.26,3.26,3.26,3.26,3.26,3.26,3.26,3.26,3.26,3.26,3.26,3.26,3.26,3.26,3.26,3.26,3.26,3.26,3.26,3.26,3.26,3.26,3.26,3.26,3.26,3.26,3.26,3.26,3.26,3.26,3.26,3.26,3.26,3.26,3.26,3.26,3.26,3.26,3.26,3.26,3.26,3.26,3.26,3.26,3.26,3.26,3.26,3.26,3.26,3.26,3.26,3.26,3.26,3.26,3.26,3.26,3.26,3.26,3.26,3.26,3.26,3.26,3.26,3.26,3.26,3.26,3.26,3.26,3.26,3.26,3.26,3.26,3.26,3.26,3.26,3.26,3.26,3.26,3.26,3.26,3.26,3.26,3.26,3.26,3.26,3.26,3.26,3.26,3.26,3.26,3.26,3.26,3.26,3.26,3.26,3.26,3.26,3.26,3.26,3.26,3.26,3.26,3.26,3.26,3.26,3.26,3.26,3.26,3.26,3.26,3.26,3.26,3.26,3.26,3.26,3.26,3.26,3.26,3.26,3.26,3.26,3.26,3.26,3.26,3.26,3.26,3.26,3.26,3.26,3.26,3.26,3.26,3.26,3.26,3.26,3.26,3.26
10,3.41,3.41,3.41,3.41,3.41,3.41,3.41,3.41,3.41,3.41,3.41,3.41,3.41,3.41,3.41,3.41,3.41,3.41,3.41,3.41,3.41,3.41,3.41,3.41,3.41,3.41,3.41,3.41,3.41,3.41,3.41,3.41,3.41,3.41,3.41,3.41,3.41,3.41,3.41,3.41,3.41,3.41,3.41,3.41,3.41,3.41,3.41,3.41,3.41,3.41,3.41,3.41,3.41,3.41,3.41,3.41,3.41,3.41,3.41,3.41,3.41,3.41,3.41,3.41,3.41,3.41,3.41,3.41,3.41,3.41,3.41,3.41,3.41,3.41,3.41,3.41,3.41,3.41,3.41,3.41,3.41,3.41,3.41,3.41,3.41,3.41,3.41,3.41,3.41,3.41,3.41,3.41,3.41,3.41,3.41,3.41,3.41,3.41,3.41,3.41,3.41,3.41,3.41,3.41,3.41,3.41,3.41,3.41,3.41,3.41,3.41,3.41,3.41,3.41,3.41,3.41,3.41,3.41,3.41,3.41,3.41,3.41,3.41,3.41,3.41,3.41,3.41,3.41,3.41,3.41,3.41,3.41,3.41,3.41,3.41,3.41,3.41,3.41,3.41,3.41,3.41,3.41,3.41,3.41,3.41,3.41,3.41,3.41,3.41,3.41,3.41,3.41,3.41,3.41,3.41,3.41,3.41,3.41,3.41,3.41,3.41,3.41,3.41,3.41,3.41,3.41,3.41,3.41,3.41,3.41,3.41,3.41,3.41,3.41,3.41,3.41,3.41,3.41,3.41,3.41,3.41,3.41,3.41,3.41,3.41,3.41,3.41,3.41,3.41,3.41,3.41,3.41,3.41,3.41
1,3.415,3.415,3.415,3.415,3.415,3.415,3.415,3.415,3.415,3.415,3.415,3.415,3.415,3.415,3.415,3.415,3.415,3.415,3.415,3.415,3.415,3.415,3.415,3.415,3.415,3.415,3.415,3.415,3.415,3.415,3.415,3.415,3.415,3.415,3.415,3.415,3.415,3.415,3.415,3.415,3.415,3.415,3.415,3.415,3.415,3.415,3.415,3.415,3.415,3.415,3.415,3.415,3.415,3.415,3.415,3.415,3.415,3.415,3.415,3.415,3.415,3.415,3.415,3.415,3.415,3.415,3.415,3.415,3.415,3.415,3.415,3.415,3.415,3.415,3.415,3.415,3.415,3.415,3.415,3.415,3.415,3.415,3.415,3.415,3.415,3.415,3.415,3.415,3.415,3.415,3.415,3.415,3.415,3.415,3.415,3.415,3.415,3.415,3.415,3.415,3.415,3.415,3.415,3.415,3.415,3.415,3.415,3.415,3.415,3.415,3.415,3.415,3.415,3.415,3.415,3.415,3.415,3.415,3.415,3.415,3.415,3.415,3.415,3.415,3.415,3.415,3.415,3.415,3.415,3.415,3.415,3.415,3.415,3.415,3.415,3.415,3.415,3.415,3.415,3.415,3.415,3.415,3.415,3.415,3.415,3.415,3.415,3.415,3.415,3.415,3.415,3.415,3.415,3.415,3.415,3.415,3.415,3.415,3.415,3.415,3.415,3.415,3.415,3.415,3.415,3.415,3.415,3.415,3.415,3.415,3.415,3.415,3.415,3.415,3.415,3.415,3.415,3.415,3.415,3.415,3.415,3.415,3.415,3.415,3.415,3.415,3.415,3.415,3.415,3.415,3.415,3.415,3.415,3.415
3,3.5149999999999997,3.5149999999999997,3.5149999999999997,3.5149999999999997,3.5149999999999997,3.5149999999999997,3.5149999999999997,3.5149999999999997,3.5149999999999997,3.5149999999999997,3.5149999999999997,3.5149999999999997,3.5149999999999997,3.5149999999999997,3.5149999999999997,3.5149999999999997,3.5149999999999997,3.5149999999999997,3.5149999999999997,3.5149999999999997,3.5149999999999997,3.5149999999999997,3.5149999999999997,3.5149999999999997,3.5149999999999997,3.5149999999999997,3.5149999999999997,3.5149999999999997,3.5149999999999997,3.5149999999999997,3.5149999999999997,3.5149999999999997,3.5149999999999997,3.5149999999999997,3.5149999999999997,3.5149999999999997,3.5149999999999997,3.5149999999999997,3.5149999999999997,3.5149999999999997,3.5149999999999997,3.5149999999999997,3.5149999999999997,3.5149999999999997,3.5149999999999997,3.5149999999999997,3.5149999999999997,3.5149999999999997,3.5149999999999997,3.5149999999999997,3.5149999999999997,3.5149999999999997,3.5149999999999997,3.5149999999999997,3.5149999999999997,3.5149999999999997,3.5149999999999997,3.5149999999999997,3.5149999999999997,3.5149999999999997,3.5149999999999997,3.5149999999999997,3.5149999999999997,3.5149999999999997,3.5149999999999997,3.5149999999999997,3.5149999999999997,3.5149999999999997,3.5149999999999997,3.5149999999999997,3.5149999999999997,3.5149999999999997,3.5149999999999997,3.5149999999999997,3.5149999999999997,3.5149999999999997,3.5149999999999997,3.5149999999999997,3.5149999999999997,3.5149999999999997,3.5149999999999997,3.5149999999999997,3.5149999999999997,3.5149999999999997,3.5149999999999997,3.5149999999999997,3.5149999999999997,3.5149999999999997,3.5149999999999997,3.5149999999999997,3.5149999999999997,3.5149999999999997,3.5149999999999997,3.5149999999999997,3.5149999999999997,3.5149999999999997,3.5149999999999997,3.5149999999999997,3.5149999999999997,3.5149999999999997,3.5149999999999997,3.5149999999999997,3.5149999999999997,3.5149999999999997,3.5149999999999997,3.5149999999999997,3.5149999999999997,3.5149999999999997,3.5149999999999997,3.5149999999999997,3.5149999999999997,3.5149999999999997,3.5149999999999997,3.5149999999999997,3.5149999999999997,3.5149999999999997,3.5149999999999997,3.5149999999999997,3.5149999999999997,3.5149999999999997,3.5149999999999997,3.5149999999999997,3.5149999999999997,3.5149999999999997,3.5149999999999997,3.5149999999999997,3.5149999999999997,3.5149999999999997,3.5149999999999997,3.5149999999999997,3.5149999999999997,3.5149999999999997,3.5149999999999997,3.5149999999999997,3.5149999999999997,3.5149999999999997,3.5149999999999997,3.5149999999999997,3.5149999999999997,3.5149999999999997,3.5149999999999997,3.5149999999999997,3.5149999999999997,3.5149999999999997,3.5149999999999997,3.5149999999999997,3.5149999999999997,3.5149999999999997,3.5149999999999997,3.5149999999999997,3.5149999999999997,3.5149999999999997,3.5149999999999997,3.5149999999999997,3.5149999999999997,3.5149999999999997,3.5149999999999997,3.5149999999999997,3.5149999999999997,3.5149999999999997,3.5149999999999997,3.5149999999999997,3.5149999999999997,3.5149999999999997,3.5149999999999997,3.5149999999999997,3.5149999999999997,3.5149999999999997,3.5149999999999997,3.5149999999999997,3.5149999999999997,3.5149999999999997,3.5149999999999997,3.5149999999999997,3.5149999999999997,3.5149999999999997,3.5149999999999997,3.5149999999999997,3.5149999999999997,3.5149999999999997,3.5149999999999997,3.5149999999999997,3.5149999999999997,3.5149999999999997,3.5149999999999997,3.5149999999999997,3.5149999999999997,3.5149999999999997,3.5149999999999997,3.5149999999999997,3.5149999999999997,3.5149999999999997,3.5149999999999997,3.5149999999999997
5,3.455,3.455,3.455,3.455,3.455,3.455,3.455,3.455,3.455,3.455,3.455,3.455,3.455,3.455,3.455,3.455,3.455,3.455,3.455,3.455,3.455,3.455,3.455,3.455,3.455,3.455,3.455,3.455,3.455,3.455,3.455,3.455,3.455,3.455,3.455,3.455,3.455,3.455,3.455,3.455,3.455,3.455,3.455,3.455,3.455,3.455,3.455,3.455,3.455,3.455,3.455,3.455,3.455,3.455,3.455,3.455,3.455,3.455,3.455,3.455,3.455,3.455,3.455,3.455,3.455,3.455,3.455,3.455,3.455,3.455,3.455,3.455,3.455,3.455,3.455,3.455,3.455,3.455,3.455,3.455,3.455,3.455,3.455,3.455,3.455,3.455,3.455,3.455,3.455,3.455,3.455,3.455,3.455,3.455,3.455,3.455,3.455,3.455,3.455,3.455,3.455,3.455,3.455,3.455,3.455,3.455,3.455,3.455,3.455,3.455,3.455,3.455,3.455,3.455,3.455,3.455,3.455,3.455,3.455,3.455,3.455,3.455,3.455,3.455,3.455,3.455,3.455,3.455,3.455,3.455,3.455,3.455,3.455,3.455,3.455,3.455,3.455,3.455,3.455,3.455,3.455,3.455,3.455,3.455,3.455,3.455,3.455,3.455,3.455,3.455,3.455,3.455,3.455,3.455,3.455,3.455,3.455,3.455,3.455,3.455,3.455,3.455,3.455,3.455,3.455,3.455,3.455,3.455,3.455,3.455,3.455,3.455,3.455,3.455,3.455,3.455,3.455,3.455,3.455,3.455,3.455,3.455,3.455,3.455,3.455,3.455,3.455,3.455,3.455,3.455,3.455,3.455,3.455,3.455
7,3.675,3.675,3.675,3.675,3.675,3.675,3.675,3.675,3.675,3.675,3.675,3.675,3.675,3.675,3.675,3.675,3.675,3.675,3.675,3.675,3.675,3.675,3.675,3.675,3.675,3.675,3.675,3.675,3.675,3.675,3.675,3.675,3.675,3.675,3.675,3.675,3.675,3.675,3.675,3.675,3.675,3.675,3.675,3.675,3.675,3.675,3.675,3.675,3.675,3.675,3.675,3.675,3.675,3.675,3.675,3.675,3.675,3.675,3.675,3.675,3.675,3.675,3.675,3.675,3.675,3.675,3.675,3.675,3.675,3.675,3.675,3.675,3.675,3.675,3.675,3.675,3.675,3.675,3.675,3.675,3.675,3.675,3.675,3.675,3.675,3.675,3.675,3.675,3.675,3.675,3.675,3.675,3.675,3.675,3.675,3.675,3.675,3.675,3.675,3.675,3.675,3.675,3.675,3.675,3.675,3.675,3.675,3.675,3.675,3.675,3.675,3.675,3.675,3.675,3.675,3.675,3.675,3.675,3.675,3.675,3.675,3.675,3.675,3.675,3.675,3.675,3.675,3.675,3.675,3.675,3.675,3.675,3.675,3.675,3.675,3.675,3.675,3.675,3.675,3.675,3.675,3.675,3.675,3.675,3.675,3.675,3.675,3.675,3.675,3.675,3.675,3.675,3.675,3.675,3.675,3.675,3.675,3.675,3.675,3.675,3.675,3.675,3.675,3.675,3.675,3.675,3.675,3.675,3.675,3.675,3.675,3.675,3.675,3.675,3.675,3.675,3.675,3.675,3.675,3.675,3.675,3.675,3.675,3.675,3.675,3.675,3.675,3.675,3.675,3.675,3.675,3.675,3.675,3.675
9,3.5650000000000004,3.5650000000000004,3.5650000000000004,3.5650000000000004,3.5650000000000004,3.5650000000000004,3.5650000000000004,3.5650000000000004,3.5650000000000004,3.5650000000000004,3.5650000000000004,3.5650000000000004,3.5650000000000004,3.5650000000000004,3.5650000000000004,3.5650000000000004,3.5650000000000004,3.5650000000000004,3.5650000000000004,3.5650000000000004,3.5650000000000004,3.5650000000000004,3.5650000000000004,3.5650000000000004,3.5650000000000004,3.5650000000000004,3.5650000000000004,3.5650000000000004,3.5650000000000004,3.5650000000000004,3.5650000000000004,3.5650000000000004,3.5650000000000004,3.5650000000000004,3.5650000000000004,3.5650000000000004,3.5650000000000004,3.5650000000000004,3.5650000000000004,3.5650000000000004,3.5650000000000004,3.5650000000000004,3.5650000000000004,3.5650000000000004,3.5650000000000004,3.5650000000000004,3.5650000000000004,3.5650000000000004,3.5650000000000004,3.5650000000000004,3.5650000000000004,3.5650000000000004,3.5650000000000004,3.5650000000000004,3.5650000000000004,3.5650000000000004,3.5650000000000004,3.5650000000000004,3.5650000000000004,3.5650000000000004,3.5650000000000004,3.5650000000000004,3.5650000000000004,3.5650000000000004,3.5650000000000004,3.5650000000000004,3.5650000000000004,3.5650000000000004,3.5650000000000004,3.5650000000000004,3.5650000000000004,3.5650000000000004,3.5650000000000004,3.5650000000000004,3.5650000000000004,3.5650000000000004,3.5650000000000004,3.5650000000000004,3.5650000000000004,3.5650000000000004,3.5650000000000004,3.5650000000000004,3.5650000000000004,3.5650000000000004,3.5650000000000004,3.5650000000000004,3.5650000000000004,3.5650000000000004,3.5650000000000004,3.5650000000000004,3.5650000000000004,3.5650000000000004,3.5650000000000004,3.5650000000000004,3.5650000000000004,3.5650000000000004,3.5650000000000004,3.5650000000000004,3.5650000000000004,3.5650000000000004,3.5650000000000004,3.5650000000000004,3.5650000000000004,3.5650000000000004,3.5650000000000004,3.5650000000000004,3.5650000000000004,3.5650000000000004,3.5650000000000004,3.5650000000000004,3.5650000000000004,3.5650000000000004,3.5650000000000004,3.5650000000000004,3.5650000000000004,3.5650000000000004,3.5650000000000004,3.5650000000000004,3.5650000000000004,3.5650000000000004,3.5650000000000004,3.5650000000000004,3.5650000000000004,3.5650000000000004,3.5650000000000004,3.5650000000000004,3.5650000000000004,3.5650000000000004,3.5650000000000004,3.5650000000000004,3.5650000000000004,3.5650000000000004,3.5650000000000004,3.5650000000000004,3.5650000000000004,3.5650000000000004,3.5650000000000004,3.5650000000000004,3.5650000000000004,3.5650000000000004,3.5650000000000004,3.5650000000000004,3.5650000000000004,3.5650000000000004,3.5650000000000004,3.5650000000000004,3.5650000000000004,3.5650000000000004,3.5650000000000004,3.5650000000000004,3.5650000000000004,3.5650000000000004,3.5650000000000004,3.5650000000000004,3.5650000000000004,3.5650000000000004,3.5650000000000004,3.5650000000000004,3.5650000000000004,3.5650000000000004,3.5650000000000004,3.5650000000000004,3.5650000000000004,3.5650000000000004,3.5650000000000004,3.5650000000000004,3.5650000000000004,3.5650000000000004,3.5650000000000004,3.5650000000000004,3.5650000000000004,3.5650000000000004,3.5650000000000004,3.5650000000000004,3.5650000000000004,3.5650000000000004,3.5650000000000004,3.5650000000000004,3.5650000000000004,3.5650000000000004,3.5650000000000004,3.5650000000000004,3.5650000000000004,3.5650000000000004,3.5650000000000004,3.5650000000000004,3.5650000000000004,3.5650000000000004,3.5650000000000004,3.5650000000000004,3.5650000000000004,3.5650000000000004,3.5650000000000004,3.5650000000000004
11,3.62,3.62,3.62,3.62,3.62,3.62,3.62,3.62,3.62,3.62,3.62,3.62,3.62,3.62,3.62,3.62,3.62,3.62,3.62,3.62,3.62,3.62,3.62,3.62,3.62,3.62,3.62,3.62,3.62,3.62,3.62,3.62,3.62,3.62,3.62,3.62,3.62,3.62,3.62,3.62,3.62,3.62,3.62,3.62,3.62,3.62,3.62,3.62,3.62,3.62,3.62,3.62,3.62,3.62,3.62,3.62,3.62,3.62,3.62,3.62,3.62,3.62,3.62,3.62,3.62,3.62,3.62,3.62,3.62,3.62,3.62,3.62,3.62,3.62,3.62,3.62,3.62,3.62,3.62,3.62,3.62,3.62,3.62,3.62,3.62,3.62,3.62,3.62,3.62,3.62,3.62,3.62,3.62,3.62,3.62,3.62,3.62,3.62,3.62,3.62,3.62,3.62,3.62,3.62,3.62,3.62,3.62,3.62,3.62,3.62,3.62,3.62,3.62,3.62,3.62,3.62,3.62,3.62,3.62,3.62,3.62,3.62,3.62,3.62,3.62,3.62,3.62,3.62,3.62,3.62,3.62,3.62,3.62,3.62,3.62,3.62,3.62,3.62,3.62,3.62,3.62,3.62,3.62,3.62,3.62,3.62,3.62,3.62,3.62,3.62,3.62,3.62,3.62,3.62,3.62,3.62,3.62,3.62,3.62,3.62,3.62,3.62,3.62,3.62,3.62,3.62,3.62,3.62,3.62,3.62,3.62,3.62,3.62,3.62,3.62,3.62,3.62,3.62,3.62,3.62,3.62,3.62,3.62,3.62,3.62,3.62,3.62,3.62,3.62,3.62,3.62,3.62,3.62,3.62
13,3.25,3.25,3.25,3.25,3.25,3.25,3.25,3.25,3.25,3.25,3.25,3.25,3.25,3.25,3.25,3.25,3.25,3.25,3.25,3.25,3.25,3.25,3.25,3.25,3.25,3.25,3.25,3.25,3.25,3.25,3.25,3.25,3.25,3.25,3.25,3.25,3.25,3.25,3.25,3.25,3.25,3.25,3.25,3.25,3.25,3.25,3.25,3.25,3.25,3.25,3.25,3.25,3.25,3.25,3.25,3.25,3.25,3.25,3.25,3.25,3.25,3.25,3.25,3.25,3.25,3.25,3.25,3.25,3.25,3.25,3.25,3.25,3.25,3.25,3.25,3.25,3.25,3.25,3.25,3.25,3.25,3.25,3.25,3.25,3.25,3.25,3.25,3.25,3.25,3.25,3.25,3.25,3.25,3.25,3.25,3.25,3.25,3.25,3.25,3.25,3.25,3.25,3.25,3.25,3.25,3.25,3.25,3.25,3.25,3.25,3.25,3.25,3.25,3.25,3.25,3.25,3.25,3.25,3.25,3.25,3.25,3.25,3.25,3.25,3.25,3.25,3.25,3.25,3.25,3.25,3.25,3.25,3.25,3.25,3.25,3.25,3.25,3.25,3.25,3.25,3.25,3.25,3.25,3.25,3.25,3.25,3.25,3.25,3.25,3.25,3.25,3.25,3.25,3.25,3.25,3.25,3.25,3.25,3.25,3.25,3.25,3.25,3.25,3.25,3.25,3.25,3.25,3.25,3.25,3.25,3.25,3.25,3.25,3.25,3.25,3.25,3.25,3.25,3.25,3.25,3.25,3.25,3.25,3.25,3.25,3.25,3.25,3.25,3.25,3.25,3.25,3.25,3.25,3.25
14,3.42,3.42,3.42,3.42,3.42,3.42,3.42,3.42,3.42,3.42,3.42,3.42,3.42,3.42,3.42,3.42,3.42,3.42,3.42,3.42,3.42,3.42,3.42,3.42,3.42,3.42,3.42,3.42,3.42,3.42,3.42,3.42,3.42,3.42,3.42,3.42,3.42,3.42,3.42,3.42,3.42,3.42,3.42,3.42,3.42,3.42,3.42,3.42,3.42,3.42,3.42,3.42,3.42,3.42,3.42,3.42,3.42,3.42,3.42,3.42,3.42,3.42,3.42,3.42,3.42,3.42,3.42,3.42,3.42,3.42,3.42,3.42,3.42,3.42,3.42,3.42,3.42,3.42,3.42,3.42,3.42,3.42,3.42,3.42,3.42,3.42,3.42,3.42,3.42,3.42,3.42,3.42,3.42,3.42,3.42,3.42,3.42,3.42,3.42,3.42,3.42,3.42,3.42,3.42,3.42,3.42,3.42,3.42,3.42,3.42,3.42,3.42,3.42,3.42,3.42,3.42,3.42,3.42,3.42,3.42,3.42,3.42,3.42,3.42,3.42,3.42,3.42,3.42,3.42,3.42,3.42,3.42,3.42,3.42,3.42,3.42,3.42,3.42,3.42,3.42,3.42,3.42,3.42,3.42,3.42,3.42,3.42,3.42,3.42,3.42,3.42,3.42,3.42,3.42,3.42,3.42,3.42,3.42,3.42,3.42,3.42,3.42,3.42,3.42,3.42,3.42,3.42,3.42,3.42,3.42,3.42,3.42,3.42,3.42,3.42,3.42,3.42,3.42,3.42,3.42,3.42,3.42,3.42,3.42,3.42,3.42,3.42,3.42,3.42,3.42,3.42,3.42,3.42,3.42
15,3.3200000000000003,3.3200000000000003,3.3200000000000003,3.3200000000000003,3.3200000000000003,3.3200000000000003,3.3200000000000003,3.3200000000000003,3.3200000000000003,3.3200000000000003,3.3200000000000003,3.3200000000000003,3.3200000000000003,3.3200000000000003,3.3200000000000003,3.3200000000000003,3.3200000000000003,3.3200000000000003,3.3200000000000003,3.3200000000000003,3.3200000000000003,3.3200000000000003,3.3200000000000003,3.3200000000000003,3.3200000000000003,3.3200000000000003,3.3200000000000003,3.3200000000000003,3.3200000000000003,3.3200000000000003,3.3200000000000003,3.3200000000000003,3.3200000000000003,3.3200000000000003,3.3200000000000003,3.3200000000000003,3.3200000000000003,3.3200000000000003,3.3200000000000003,3.3200000000000003,3.3200000000000003,3.3200000000000003,3.3200000000000003,3.3200000000000003,3.3200000000000003,3.3200000000000003,3.3200000000000003,3.3200000000000003,3.3200000000000003,3.3200000000000003,3.3200000000000003,3.3200000000000003,3.3200000000000003,3.3200000000000003,3.3200000000000003,3.3200000000000003,3.3200000000000003,3.3200000000000003,3.3200000000000003,3.3200000000000003,3.3200000000000003,3.3200000000000003,3.3200000000000003,3.3200000000000003,3.3200000000000003,3.3200000000000003,3.3200000000000003,3.3200000000000003,3.3200000000000003,3.3200000000000003,3.3200000000000003,3.3200000000000003,3.3200000000000003,3.3200000000000003,3.3200000000000003,3.3200000000000003,3.3200000000000003,3.3200000000000003,3.3200000000000003,3.3200000000000003,3.3200000000000003,3.3200000000000003,3.3200000000000003,3.3200000000000003,3.3200000000000003,3.3200000000000003,3.3200000000000003,3.3200000000000003,3.3200000000000003,3.3200000000000003,3.3200000000000003,3.3200000000000003,3.3200000000000003,3.3200000000000003,3.3200000000000003,3.3200000000000003,3.3200000000000003,3.3200000000000003,3.3200000000000003,3.3200000000000003,3.3200000000000003,3.3200000000000003,3.3200000000000003,3.3200000000000003,3.3200000000000003,3.3200000000000003,3.3200000000000003,3.3200000000000003,3.3200000000000003,3.3200000000000003,3.3200000000000003,3.3200000000000003,3.3200000000000003,3.3200000000000003,3.3200000000000003,3.3200000000000003,3.3200000000000003,3.3200000000000003,3.3200000000000003,3.3200000000000003,3.3200000000000003,3.3200000000000003,3.3200000000000003,3.3200000000000003,3.3200000000000003,3.3200000000000003,3.3200000000000003,3.3200000000000003,3.3200000000000003,3.3200000000000003,3.3200000000000003,3.3200000000000003,3.3200000000000003,3.3200000000000003,3.3200000000000003,3.3200000000000003,3.3200000000000003,3.3200000000000003,3.3200000000000003,3.3200000000000003,3.3200000000000003,3.3200000000000003,3.3200000000000003,3.3200000000000003,3.3200000000000003,3.3200000000000003,3.3200000000000003,3.3200000000000003,3.3200000000000003,3.3200000000000003,3.3200000000000003,3.3200000000000003,3.3200000000000003,3.3200000000000003,3.3200000000000003,3.3200000000000003,3.3200000000000003,3.3200000000000003,3.3200000000000003,3.3200000000000003,3.3200000000000003,3.3200000000000003,3.3200000000000003,3.3200000000000003,3.3200000000000003,3.3200000000000003,3.3200000000000003,3.3200000000000003,3.3200000000000003,3.3200000000000003,3.3200000000000003,3.3200000000000003,3.3200000000000003,3.3200000000000003,3.3200000000000003,3.3200000000000003,3.3200000000000003,3.3200000000000003,3.3200000000000003,3.3200000000000003,3.3200000000000003,3.3200000000000003,3.3200000000000003,3.3200000000000003,3.3200000000000003,3.3200000000000003,3.3200000000000003,3.3200000000000003,3.3200000000000003,3.3200000000000003,3.3200000000000003,3.3200000000000003,3.3200000000000003,3.3200000000000003
16,3.425,3.425,3.425,3.425,3.425,3.425,3.425,3.425,3.425,3.425,3.425,3.425,3.425,3.425,3.425,3.425,3.425,3.425,3.425,3.425,3.425,3.425,3.425,3.425,3.425,3.425,3.425,3.425,3.425,3.425,3.425,3.425,3.425,3.425,3.425,3.425,3.425,3.425,3.425,3.425,3.425,3.425,3.425,3.425,3.425,3.425,3.425,3.425,3.425,3.425,3.425,3.425,3.425,3.425,3.425,3.425,3.425,3.425,3.425,3.425,3.425,3.425,3.425,3.425,3.425,3.425,3.425,3.425,3.425,3.425,3.425,3.425,3.425,3.425,3.425,3.425,3.425,3.425,3.425,3.425,3.425,3.425,3.425,3.425,3.425,3.425,3.425,3.425,3.425,3.425,3.425,3.425,3.425,3.425,3.425,3.425,3.425,3.425,3.425,3.425,3.425,3.425,3.425,3.425,3.425,3.425,3.425,3.425,3.425,3.425,3.425,3.425,3.425,3.425,3.425,3.425,3.425,3.425,3.425,3.425,3.425,3.425,3.425,3.425,3.425,3.425,3.425,3.425,3.425,3.425,3.425,3.425,3.425,3.425,3.425,3.425,3.425,3.425,3.425,3.425,3.425,3.425,3.425,3.425,3.425,3.425,3.425,3.425,3.425,3.425,3.425,3.425,3.425,3.425,3.425,3.425,3.425,3.425,3.425,3.425,3.425,3.425,3.425,3.425,3.425,3.425,3.425,3.425,3.425,3.425,3.425,3.425,3.425,3.425,3.425,3.425,3.425,3.425,3.425,3.425,3.425,3.425,3.425,3.425,3.425,3.425,3.425,3.425,3.425,3.425,3.425,3.425,3.425,3.425
17,3.29,3.29,3.29,3.29,3.29,3.29,3.29,3.29,3.29,3.29,3.29,3.29,3.29,3.29,3.29,3.29,3.29,3.29,3.29,3.29,3.29,3.29,3.29,3.29,3.29,3.29,3.29,3.29,3.29,3.29,3.29,3.29,3.29,3.29,3.29,3.29,3.29,3.29,3.29,3.29,3.29,3.29,3.29,3.29,3.29,3.29,3.29,3.29,3.29,3.29,3.29,3.29,3.29,3.29,3.29,3.29,3.29,3.29,3.29,3.29,3.29,3.29,3.29,3.29,3.29,3.29,3.29,3.29,3.29,3.29,3.29,3.29,3.29,3.29,3.29,3.29,3.29,3.29,3.29,3.29,3.29,3.29,3.29,3.29,3.29,3.29,3.29,3.29,3.29,3.29,3.29,3.29,3.29,3.29,3.29,3.29,3.29,3.29,3.29,3.29,3.29,3.29,3.29,3.29,3.29,3.29,3.29,3.29,3.29,3.29,3.29,3.29,3.29,3.29,3.29,3.29,3.29,3.29,3.29,3.29,3.29,3.29,3.29,3.29,3.29,3.29,3.29,3.29,3.29,3.29,3.29,3.29,3.29,3.29,3.29,3.29,3.29,3.29,3.29,3.29,3.29,3.29,3.29,3.29,3.29,3.29,3.29,3.29,3.29,3.29,3.29,3.29,3.29,3.29,3.29,3.29,3.29,3.29,3.29,3.29,3.29,3.29,3.29,3.29,3.29,3.29,3.29,3.29,3.29,3.29,3.29,3.29,3.29,3.29,3.29,3.29,3.29,3.29,3.29,3.29,3.29,3.29,3.29,3.29,3.29,3.29,3.29,3.29,3.29,3.29,3.29,3.29,3.29,3.29
18,3.23,3.23,3.23,3.23,3.23,3.23,3.23,3.23,3.23,3.23,3.23,3.23,3.23,3.23,3.23,3.23,3.23,3.23,3.23,3.23,3.23,3.23,3.23,3.23,3.23,3.23,3.23,3.23,3.23,3.23,3.23,3.23,3.23,3.23,3.23,3.23,3.23,3.23,3.23,3.23,3.23,3.23,3.23,3.23,3.23,3.23,3.23,3.23,3.23,3.23,3.23,3.23,3.23,3.23,3.23,3.23,3.23,3.23,3.23,3.23,3.23,3.23,3.23,3.23,3.23,3.23,3.23,3.23,3.23,3.23,3.23,3.23,3.23,3.23,3.23,3.23,3.23,3.23,3.23,3.23,3.23,3.23,3.23,3.23,3.23,3.23,3.23,3.23,3.23,3.23,3.23,3.23,3.23,3.23,3.23,3.23,3.23,3.23,3.23,3.23,3.23,3.23,3.23,3.23,3.23,3.23,3.23,3.23,3.23,3.23,3.23,3.23,3.23,3.23,3.23,3.23,3.23,3.23,3.23,3.23,3.23,3.23,3.23,3.23,3.23,3.23,3.23,3.23,3.23,3.23,3.23,3.23,3.23,3.23,3.23,3.23,3.23,3.23,3.23,3.23,3.23,3.23,3.23,3.23,3.23,3.23,3.23,3.23,3.23,3.23,3.23,3.23,3.23,3.23,3.23,3.23,3.23,3.23,3.23,3.23,3.23,3.23,3.23,3.23,3.23,3.23,3.23,3.23,3.23,3.23,3.23,3.23,3.23,3.23,3.23,3.23,3.23,3.23,3.23,3.23,3.23,3.23,3.23,3.23,3.23,3.23,3.23,3.23,3.23,3.23,3.23,3.23,3.23,3.23
23,3.505,3.505,3.505,3.505,3.505,3.505,3.505,3.505,3.505,3.505,3.505,3.505,3.505,3.505,3.505,3.505,3.505,3.505,3.505,3.505,3.505,3.505,3.505,3.505,3.505,3.505,3.505,3.505,3.505,3.505,3.505,3.505,3.505,3.505,3.505,3.505,3.505,3.505,3.505,3.505,3.505,3.505,3.505,3.505,3.505,3.505,3.505,3.505,3.505,3.505,3.505,3.505,3.505,3.505,3.505,3.505,3.505,3.505,3.505,3.505,3.505,3.505,3.505,3.505,3.505,3.505,3.505,3.505,3.505,3.505,3.505,3.505,3.505,3.505,3.505,3.505,3.505,3.505,3.505,3.505,3.505,3.505,3.505,3.505,3.505,3.505,3.505,3.505,3.505,3.505,3.505,3.505,3.505,3.505,3.505,3.505,3.505,3.505,3.505,3.505,3.505,3.505,3.505,3.505,3.505,3.505,3.505,3.505,3.505,3.505,3.505,3.505,3.505,3.505,3.505,3.505,3.505,3.505,3.505,3.505,3.505,3.505,3.505,3.505,3.505,3.505,3.505,3.505,3.505,3.505,3.505,3.505,3.505,3.505,3.505,3.505,3.505,3.505,3.505,3.505,3.505,3.505,3.505,3.505,3.505,3.505,3.505,3.505,3.505,3.505,3.505,3.505,3.505,3.505,3.505,3.505,3.505,3.505,3.505,3.505,3.505,3.505,3.505,3.505,3.505,3.505,3.505,3.505,3.505,3.505,3.505,3.505,3.505,3.505,3.505,3.505,3.505,3.505,3.505,3.505,3.505,3.505,3.505,3.505,3.505,3.505,3.505,3.505,3.505,3.505,3.505,3.505,3.505,3.505
27,3.8200000000000003,3.8200000000000003,3.8200000000000003,3.8200000000000003,3.8200000000000003,3.8200000000000003,3.8200000000000003,3.8200000000000003,3.8200000000000003,3.8200000000000003,3.8200000000000003,3.8200000000000003,3.8200000000000003,3.8200000000000003,3.8200000000000003,3.8200000000000003,3.8200000000000003,3.8200000000000003,3.8200000000000003,3.8200000000000003,3.8200000000000003,3.8200000000000003,3.8200000000000003,3.8200000000000003,3.8200000000000003,3.8200000000000003,3.8200000000000003,3.8200000000000003,3.8200000000000003,3.8200000000000003,3.8200000000000003,3.8200000000000003,3.8200000000000003,3.8200000000000003,3.8200000000000003,3.8200000000000003,3.8200000000000003,3.8200000000000003,3.8200000000000003,3.8200000000000003,3.8200000000000003,3.8200000000000003,3.8200000000000003,3.8200000000000003,3.8200000000000003,3.8200000000000003,3.8200000000000003,3.8200000000000003,3.8200000000000003,3.8200000000000003,3.8200000000000003,3.8200000000000003,3.8200000000000003,3.8200000000000003,3.8200000000000003,3.8200000000000003,3.8200000000000003,3.8200000000000003,3.8200000000000003,3.8200000000000003,3.8200000000000003,3.8200000000000003,3.8200000000000003,3.8200000000000003,3.8200000000000003,3.8200000000000003,3.8200000000000003,3.8200000000000003,3.8200000000000003,3.8200000000000003,3.8200000000000003,3.8200000000000003,3.8200000000000003,3.8200000000000003,3.8200000000000003,3.8200000000000003,3.8200000000000003,3.8200000000000003,3.8200000000000003,3.8200000000000003,3.8200000000000003,3.8200000000000003,3.8200000000000003,3.8200000000000003,3.8200000000000003,3.8200000000000003,3.8200000000000003,3.8200000000000003,3.8200000000000003,3.8200000000000003,3.8200000000000003,3.8200000000000003,3.8200000000000003,3.8200000000000003,3.8200000000000003,3.8200000000000003,3.8200000000000003,3.8200000000000003,3.8200000000000003,3.8200000000000003,3.8200000000000003,3.8200000000000003,3.8200000000000003,3.8200000000000003,3.8200000000000003,3.8200000000000003,3.8200000000000003,3.8200000000000003,3.8200000000000003,3.8200000000000003,3.8200000000000003,3.8200000000000003,3.8200000000000003,3.8200000000000003,3.8200000000000003,3.8200000000000003,3.8200000000000003,3.8200000000000003,3.8200000000000003,3.8200000000000003,3.8200000000000003,3.8200000000000003,3.8200000000000003,3.8200000000000003,3.8200000000000003,3.8200000000000003,3.8200000000000003,3.8200000000000003,3.8200000000000003,3.8200000000000003,3.8200000000000003,3.8200000000000003,3.8200000000000003,3.8200000000000003,3.8200000000000003,3.8200000000000003,3.8200000000000003,3.8200000000000003,3.8200000000000003,3.8200000000000003,3.8200000000000003,3.8200000000000003,3.8200000000000003,3.8200000000000003,3.8200000000000003,3.8200000000000003,3.8200000000000003,3.8200000000000003,3.8200000000000003,3.8200000000000003,3.8200000000000003,3.8200000000000003,3.8200000000000003,3.8200000000000003,3.8200000000000003,3.8200000000000003,3.8200000000000003,3.8200000000000003,3.8200000000000003,3.8200000000000003,3.8200000000000003,3.8200000000000003,3.8200000000000003,3.8200000000000003,3.8200000000000003,3.8200000000000003,3.8200000000000003,3.8200000000000003,3.8200000000000003,3.8200000000000003,3.8200000000000003,3.8200000000000003,3.8200000000000003,3.8200000000000003,3.8200000000000003,3.8200000000000003,3.8200000000000003,3.8200000000000003,3.8200000000000003,3.8200000000000003,3.8200000000000003,3.8200000000000003,3.8200000000000003,3.8200000000000003,3.8200000000000003,3.8200000000000003,3.8200000000000003,3.8200000000000003,3.8200000000000003,3.8200000000000003,3.8200000000000003,3.8200000000000003,3.8200000000000003,3.8200000000000003
29,3.54,3.54,3.54,3.54,3.54,3.54,3.54,3.54,3.54,3.54,3.54,3.54,3.54,3.54,3.54,3.54,3.54,3.54,3.54,3.54,3.54,3.54,3.54,3.54,3.54,3.54,3.54,3.54,3.54,3.54,3.54,3.54,3.54,3.54,3.54,3.54,3.54,3.54,3.54,3.54,3.54,3.54,3.54,3.54,3.54,3.54,3.54,3.54,3.54,3.54,3.54,3.54,3.54,3.54,3.54,3.54,3.54,3.54,3.54,3.54,3.54,3.54,3.54,3.54,3.54,3.54,3.54,3.54,3.54,3.54,3.54,3.54,3.54,3.54,3.54,3.54,3.54,3.54,3.54,3.54,3.54,3.54,3.54,3.54,3.54,3.54,3.54,3.54,3.54,3.54,3.54,3.54,3.54,3.54,3.54,3.54,3.54,3.54,3.54,3.54,3.54,3.54,3.54,3.54,3.54,3.54,3.54,3.54,3.54,3.54,3.54,3.54,3.54,3.54,3.54,3.54,3.54,3.54,3.54,3.54,3.54,3.54,3.54,3.54,3.54,3.54,3.54,3.54,3.54,3.54,3.54,3.54,3.54,3.54,3.54,3.54,3.54,3.54,3.54,3.54,3.54,3.54,3.54,3.54,3.54,3.54,3.54,3.54,3.54,3.54,3.54,3.54,3.54,3.54,3.54,3.54,3.54,3.54,3.54,3.54,3.54,3.54,3.54,3.54,3.54,3.54,3.54,3.54,3.54,3.54,3.54,3.54,3.54,3.54,3.54,3.54,3.54,3.54,3.54,3.54,3.54,3.54,3.54,3.54,3.54,3.54,3.54,3.54,3.54,3.54,3.54,3.54,3.54,3.54
30,3.29,3.29,3.29,3.29,3.29,3.29,3.29,3.29,3.29,3.29,3.29,3.29,3.29,3.29,3.29,3.29,3.29,3.29,3.29,3.29,3.29,3.29,3.29,3.29,3.29,3.29,3.29,3.29,3.29,3.29,3.29,3.29,3.29,3.29,3.29,3.29,3.29,3.29,3.29,3.29,3.29,3.29,3.29,3.29,3.29,3.29,3.29,3.29,3.29,3.29,3.29,3.29,3.29,3.29,3.29,3.29,3.29,3.29,3.29,3.29,3.29,3.29,3.29,3.29,3.29,3.29,3.29,3.29,3.29,3.29,3.29,3.29,3.29,3.29,3.29,3.29,3.29,3.29,3.29,3.29,3.29,3.29,3.29,3.29,3.29,3.29,3.29,3.29,3.29,3.29,3.29,3.29,3.29,3.29,3.29,3.29,3.29,3.29,3.29,3.29,3.29,3.29,3.29,3.29,3.29,3.29,3.29,3.29,3.29,3.29,3.29,3.29,3.29,3.29,3.29,3.29,3.29,3.29,3.29,3.29,3.29,3.29,3.29,3.29,3.29,3.29,3.29,3.29,3.29,3.29,3.29,3.29,3.29,3.29,3.29,3.29,3.29,3.29,3.29,3.29,3.29,3.29,3.29,3.29,3.29,3.29,3.29,3.29,3.29,3.29,3.29,3.29,3.29,3.29,3.29,3.29,3.29,3.29,3.29,3.29,3.29,3.29,3.29,3.29,3.29,3.29,3.29,3.29,3.29,3.29,3.29,3.29,3.29,3.29,3.29,3.29,3.29,3.29,3.29,3.29,3.29,3.29,3.29,3.29,3.29,3.29,3.29,3.29,3.29,3.29,3.29,3.29,3.29,3.29
31,3.45,3.45,3.45,3.45,3.45,3.45,3.45,3.45,3.45,3.45,3.45,3.45,3.45,3.45,3.45,3.45,3.45,3.45,3.45,3.45,3.45,3.45,3.45,3.45,3.45,3.45,3.45,3.45,3.45,3.45,3.45,3.45,3.45,3.45,3.45,3.45,3.45,3.45,3.45,3.45,3.45,3.45,3.45,3.45,3.45,3.45,3.45,3.45,3.45,3.45,3.45,3.45,3.45,3.45,3.45,3.45,3.45,3.45,3.45,3.45,3.45,3.45,3.45,3.45,3.45,3.45,3.45,3.45,3.45,3.45,3.45,3.45,3.45,3.45,3.45,3.45,3.45,3.45,3.45,3.45,3.45,3.45,3.45,3.45,3.45,3.45,3.45,3.45,3.45,3.45,3.45,3.45,3.45,3.45,3.45,3.45,3.45,3.45,3.45,3.45,3.45,3.45,3.45,3.45,3.45,3.45,3.45,3.45,3.45,3.45,3.45,3.45,3.45,3.45,3.45,3.45,3.45,3.45,3.45,3.45,3.45,3.45,3.45,3.45,3.45,3.45,3.45,3.45,3.45,3.45,3.45,3.45,3.45,3.45,3.45,3.45,3.45,3.45,3.45,3.45,3.45,3.45,3.45,3.45,3.45,3.45,3.45,3.45,3.45,3.45,3.45,3.45,3.45,3.45,3.45,3.45,3.45,3.45,3.45,3.45,3.45,3.45,3.45,3.45,3.45,3.45,3.45,3.45,3.45,3.45,3.45,3.45,3.45,3.45,3.45,3.45,3.45,3.45,3.45,3.45,3.45,3.45,3.45,3.45,3.45,3.45,3.45,3.45,3.45,3.45,3.45,3.45,3.45,3.45
32,3.37,3.37,3.37,3.37,3.37,3.37,3.37,3.37,3.37,3.37,3.37,3.37,3.37,3.37,3.37,3.37,3.37,3.37,3.37,3.37,3.37,3.37,3.37,3.37,3.37,3.37,3.37,3.37,3.37,3.37,3.37,3.37,3.37,3.37,3.37,3.37,3.37,3.37,3.37,3.37,3.37,3.37,3.37,3.37,3.37,3.37,3.37,3.37,3.37,3.37,3.37,3.37,3.37,3.37,3.37,3.37,3.37,3.37,3.37,3.37,3.37,3.37,3.37,3.37,3.37,3.37,3.37,3.37,3.37,3.37,3.37,3.37,3.37,3.37,3.37,3.37,3.37,3.37,3.37,3.37,3.37,3.37,3.37,3.37,3.37,3.37,3.37,3.37,3.37,3.37,3.37,3.37,3.37,3.37,3.37,3.37,3.37,3.37,3.37,3.37,3.37,3.37,3.37,3.37,3.37,3.37,3.37,3.37,3.37,3.37,3.37,3.37,3.37,3.37,3.37,3.37,3.37,3.37,3.37,3.37,3.37,3.37,3.37,3.37,3.37,3.37,3.37,3.37,3.37,3.37,3.37,3.37,3.37,3.37,3.37,3.37,3.37,3.37,3.37,3.37,3.37,3.37,3.37,3.37,3.37,3.37,3.37,3.37,3.37,3.37,3.37,3.37,3.37,3.37,3.37,3.37,3.37,3.37,3.37,3.37,3.37,3.37,3.37,3.37,3.37,3.37,3.37,3.37,3.37,3.37,3.37,3.37,3.37,3.37,3.37,3.37,3.37,3.37,3.37,3.37,3.37,3.37,3.37,3.37,3.37,3.37,3.37,3.37,3.37,3.37,3.37,3.37,3.37,3.37
33,3.675,3.675,3.675,3.675,3.675,3.675,3.675,3.675,3.675,3.675,3.675,3.675,3.675,3.675,3.675,3.675,3.675,3.675,3.675,3.675,3.675,3.675,3.675,3.675,3.675,3.675,3.675,3.675,3.675,3.675,3.675,3.675,3.675,3.675,3.675,3.675,3.675,3.675,3.675,3.675,3.675,3.675,3.675,3.675,3.675,3.675,3.675,3.675,3.675,3.675,3.675,3.675,3.675,3.675,3.675,3.675,3.675,3.675,3.675,3.675,3.675,3.675,3.675,3.675,3.675,3.675,3.675,3.675,3.675,3.675,3.675,3.675,3.675,3.675,3.675,3.675,3.675,3.675,3.675,3.675,3.675,3.675,3.675,3.675,3.675,3.675,3.675,3.675,3.675,3.675,3.675,3.675,3.675,3.675,3.675,3.675,3.675,3.675,3.675,3.675,3.675,3.675,3.675,3.675,3.675,3.675,3.675,3.675,3.675,3.675,3.675,3.675,3.675,3.675,3.675,3.675,3.675,3.675,3.675,3.675,3.675,3.675,3.675,3.675,3.675,3.675,3.675,3.675,3.675,3.675,3.675,3.675,3.675,3.675,3.675,3.675,3.675,3.675,3.675,3.675,3.675,3.675,3.675,3.675,3.675,3.675,3.675,3.675,3.675,3.675,3.675,3.675,3.675,3.675,3.675,3.675,3.675,3.675,3.675,3.675,3.675,3.675,3.675,3.675,3.675,3.675,3.675,3.675,3.675,3.675,3.675,3.675,3.675,3.675,3.675,3.675,3.675,3.675,3.675,3.675,3.675,3.675,3.675,3.675,3.675,3.675,3.675,3.675,3.675,3.675,3.675,3.675,3.675,3.675
34,3.67,3.67,3.67,3.67,3.67,3.67,3.67,3.67,3.67,3.67,3.67,3.67,3.67,3.67,3.67,3.67,3.67,3.67,3.67,3.67,3.67,3.67,3.67,3.67,3.67,3.67,3.67,3.67,3.67,3.67,3.67,3.67,3.67,3.67,3.67,3.67,3.67,3.67,3.67,3.67,3.67,3.67,3.67,3.67,3.67,3.67,3.67,3.67,3.67,3.67,3.67,3.67,3.67,3.67,3.67,3.67,3.67,3.67,3.67,3.67,3.67,3.67,3.67,3.67,3.67,3.67,3.67,3.67,3.67,3.67,3.67,3.67,3.67,3.67,3.67,3.67,3.67,3.67,3.67,3.67,3.67,3.67,3.67,3.67,3.67,3.67,3.67,3.67,3.67,3.67,3.67,3.67,3.67,3.67,3.67,3.67,3.67,3.67,3.67,3.67,3.67,3.67,3.67,3.67,3.67,3.67,3.67,3.67,3.67,3.67,3.67,3.67,3.67,3.67,3.67,3.67,3.67,3.67,3.67,3.67,3.67,3.67,3.67,3.67,3.67,3.67,3.67,3.67,3.67,3.67,3.67,3.67,3.67,3.67,3.67,3.67,3.67,3.67,3.67,3.67,3.67,3.67,3.67,3.67,3.67,3.67,3.67,3.67,3.67,3.67,3.67,3.67,3.67,3.67,3.67,3.67,3.67,3.67,3.67,3.67,3.67,3.67,3.67,3.67,3.67,3.67,3.67,3.67,3.67,3.67,3.67,3.67,3.67,3.67,3.67,3.67,3.67,3.67,3.67,3.67,3.67,3.67,3.67,3.67,3.67,3.67,3.67,3.67,3.67,3.67,3.67,3.67,3.67,3.67
36,3.24,3.24,3.24,3.24,3.24,3.24,3.24,3.24,3.24,3.24,3.24,3.24,3.24,3.24,3.24,3.24,3.24,3.24,3.24,3.24,3.24,3.24,3.24,3.24,3.24,3.24,3.24,3.24,3.24,3.24,3.24,3.24,3.24,3.24,3.24,3.24,3.24,3.24,3.24,3.24,3.24,3.24,3.24,3.24,3.24,3.24,3.24,3.24,3.24,3.24,3.24,3.24,3.24,3.24,3.24,3.24,3.24,3.24,3.24,3.24,3.24,3.24,3.24,3.24,3.24,3.24,3.24,3.24,3.24,3.24,3.24,3.24,3.24,3.24,3.24,3.24,3.24,3.24,3.24,3.24,3.24,3.24,3.24,3.24,3.24,3.24,3.24,3.24,3.24,3.24,3.24,3.24,3.24,3.24,3.24,3.24,3.24,3.24,3.24,3.24,3.24,3.24,3.24,3.24,3.24,3.24,3.24,3.24,3.24,3.24,3.24,3.24,3.24,3.24,3.24,3.24,3.24,3.24,3.24,3.24,3.24,3.24,3.24,3.24,3.24,3.24,3.24,3.24,3.24,3.24,3.24,3.24,3.24,3.24,3.24,3.24,3.24,3.24,3.24,3.24,3.24,3.24,3.24,3.24,3.24,3.24,3.24,3.24,3.24,3.24,3.24,3.24,3.24,3.24,3.24,3.24,3.24,3.24,3.24,3.24,3.24,3.24,3.24,3.24,3.24,3.24,3.24,3.24,3.24,3.24,3.24,3.24,3.24,3.24,3.24,3.24,3.24,3.24,3.24,3.24,3.24,3.24,3.24,3.24,3.24,3.24,3.24,3.24,3.24,3.24,3.24,3.24,3.24,3.24
37,3.21,3.21,3.21,3.21,3.21,3.21,3.21,3.21,3.21,3.21,3.21,3.21,3.21,3.21,3.21,3.21,3.21,3.21,3.21,3.21,3.21,3.21,3.21,3.21,3.21,3.21,3.21,3.21,3.21,3.21,3.21,3.21,3.21,3.21,3.21,3.21,3.21,3.21,3.21,3.21,3.21,3.21,3.21,3.21,3.21,3.21,3.21,3.21,3.21,3.21,3.21,3.21,3.21,3.21,3.21,3.21,3.21,3.21,3.21,3.21,3.21,3.21,3.21,3.21,3.21,3.21,3.21,3.21,3.21,3.21,3.21,3.21,3.21,3.21,3.21,3.21,3.21,3.21,3.21,3.21,3.21,3.21,3.21,3.21,3.21,3.21,3.21,3.21,3.21,3.21,3.21,3.21,3.21,3.21,3.21,3.21,3.21,3.21,3.21,3.21,3.21,3.21,3.21,3.21,3.21,3.21,3.21,3.21,3.21,3.21,3.21,3.21,3.21,3.21,3.21,3.21,3.21,3.21,3.21,3.21,3.21,3.21,3.21,3.21,3.21,3.21,3.21,3.21,3.21,3.21,3.21,3.21,3.21,3.21,3.21,3.21,3.21,3.21,3.21,3.21,3.21,3.21,3.21,3.21,3.21,3.21,3.21,3.21,3.21,3.21,3.21,3.21,3.21,3.21,3.21,3.21,3.21,3.21,3.21,3.21,3.21,3.21,3.21,3.21,3.21,3.21,3.21,3.21,3.21,3.21,3.21,3.21,3.21,3.21,3.21,3.21,3.21,3.21,3.21,3.21,3.21,3.21,3.21,3.21,3.21,3.21,3.21,3.21,3.21,3.21,3.21,3.21,3.21,3.21
38,3.5549999999999997,3.5549999999999997,3.5549999999999997,3.5549999999999997,3.5549999999999997,3.5549999999999997,3.5549999999999997,3.5549999999999997,3.5549999999999997,3.5549999999999997,3.5549999999999997,3.5549999999999997,3.5549999999999997,3.5549999999999997,3.5549999999999997,3.5549999999999997,3.5549999999999997,3.5549999999999997,3.5549999999999997,3.5549999999999997,3.5549999999999997,3.5549999999999997,3.5549999999999997,3.5549999999999997,3.5549999999999997,3.5549999999999997,3.5549999999999997,3.5549999999999997,3.5549999999999997,3.5549999999999997,3.5549999999999997,3.5549999999999997,3.5549999999999997,3.5549999999999997,3.5549999999999997,3.5549999999999997,3.5549999999999997,3.5549999999999997,3.5549999999999997,3.5549999999999997,3.5549999999999997,3.5549999999999997,3.5549999999999997,3.5549999999999997,3.5549999999999997,3.5549999999999997,3.5549999999999997,3.5549999999999997,3.5549999999999997,3.5549999999999997,3.5549999999999997,3.5549999999999997,3.5549999999999997,3.5549999999999997,3.5549999999999997,3.5549999999999997,3.5549999999999997,3.5549999999999997,3.5549999999999997,3.5549999999999997,3.5549999999999997,3.5549999999999997,3.5549999999999997,3.5549999999999997,3.5549999999999997,3.5549999999999997,3.5549999999999997,3.5549999999999997,3.5549999999999997,3.5549999999999997,3.5549999999999997,3.5549999999999997,3.5549999999999997,3.5549999999999997,3.5549999999999997,3.5549999999999997,3.5549999999999997,3.5549999999999997,3.5549999999999997,3.5549999999999997,3.5549999999999997,3.5549999999999997,3.5549999999999997,3.5549999999999997,3.5549999999999997,3.5549999999999997,3.5549999999999997,3.5549999999999997,3.5549999999999997,3.5549999999999997,3.5549999999999997,3.5549999999999997,3.5549999999999997,3.5549999999999997,3.5549999999999997,3.5549999999999997,3.5549999999999997,3.5549999999999997,3.5549999999999997,3.5549999999999997,3.5549999999999997,3.5549999999999997,3.5549999999999997,3.5549999999999997,3.5549999999999997,3.5549999999999997,3.5549999999999997,3.5549999999999997,3.5549999999999997,3.5549999999999997,3.5549999999999997,3.5549999999999997,3.5549999999999997,3.5549999999999997,3.5549999999999997,3.5549999999999997,3.5549999999999997,3.5549999999999997,3.5549999999999997,3.5549999999999997,3.5549999999999997,3.5549999999999997,3.5549999999999997,3.5549999999999997,3.5549999999999997,3.5549999999999997,3.5549999999999997,3.5549999999999997,3.5549999999999997,3.5549999999999997,3.5549999999999997,3.5549999999999997,3.5549999999999997,3.5549999999999997,3.5549999999999997,3.5549999999999997,3.5549999999999997,3.5549999999999997,3.5549999999999997,3.5549999999999997,3.5549999999999997,3.5549999999999997,3.5549999999999997,3.5549999999999997,3.5549999999999997,3.5549999999999997,3.5549999999999997,3.5549999999999997,3.5549999999999997,3.5549999999999997,3.5549999999999997,3.5549999999999997,3.5549999999999997,3.5549999999999997,3.5549999999999997,3.5549999999999997,3.5549999999999997,3.5549999999999997,3.5549999999999997,3.5549999999999997,3.5549999999999997,3.5549999999999997,3.5549999999999997,3.5549999999999997,3.5549999999999997,3.5549999999999997,3.5549999999999997,3.5549999999999997,3.5549999999999997,3.5549999999999997,3.5549999999999997,3.5549999999999997,3.5549999999999997,3.5549999999999997,3.5549999999999997,3.5549999999999997,3.5549999999999997,3.5549999999999997,3.5549999999999997,3.5549999999999997,3.5549999999999997,3.5549999999999997,3.5549999999999997,3.5549999999999997,3.5549999999999997,3.5549999999999997,3.5549999999999997,3.5549999999999997,3.5549999999999997,3.5549999999999997,3.5549999999999997,3.5549999999999997,3.5549999999999997,3.5549999999999997
39,3.27,3.27,3.27,3.27,3.27,3.27,3.27,3.27,3.27,3.27,3.27,3.27,3.27,3.27,3.27,3.27,3.27,3.27,3.27,3.27,3.27,3.27,3.27,3.27,3.27,3.27,3.27,3.27,3.27,3.27,3.27,3.27,3.27,3.27,3.27,3.27,3.27,3.27,3.27,3.27,3.27,3.27,3.27,3.27,3.27,3.27,3.27,3.27,3.27,3.27,3.27,3.27,3.27,3.27,3.27,3.27,3.27,3.27,3.27,3.27,3.27,3.27,3.27,3.27,3.27,3.27,3.27,3.27,3.27,3.27,3.27,3.27,3.27,3.27,3.27,3.27,3.27,3.27,3.27,3.27,3.27,3.27,3.27,3.27,3.27,3.27,3.27,3.27,3.27,3.27,3.27,3.27,3.27,3.27,3.27,3.27,3.27,3.27,3.27,3.27,3.27,3.27,3.27,3.27,3.27,3.27,3.27,3.27,3.27,3.27,3.27,3.27,3.27,3.27,3.27,3.27,3.27,3.27,3.27,3.27,3.27,3.27,3.27,3.27,3.27,3.27,3.27,3.27,3.27,3.27,3.27,3.27,3.27,3.27,3.27,3.27,3.27,3.27,3.27,3.27,3.27,3.27,3.27,3.27,3.27,3.27,3.27,3.27,3.27,3.27,3.27,3.27,3.27,3.27,3.27,3.27,3.27,3.27,3.27,3.27,3.27,3.27,3.27,3.27,3.27,3.27,3.27,3.27,3.27,3.27,3.27,3.27,3.27,3.27,3.27,3.27,3.27,3.27,3.27,3.27,3.27,3.27,3.27,3.27,3.27,3.27,3.27,3.27,3.27,3.27,3.27,3.27,3.27,3.27
40,3.6950000000000003,3.6950000000000003,3.6950000000000003,3.6950000000000003,3.6950000000000003,3.6950000000000003,3.6950000000000003,3.6950000000000003,3.6950000000000003,3.6950000000000003,3.6950000000000003,3.6950000000000003,3.6950000000000003,3.6950000000000003,3.6950000000000003,3.6950000000000003,3.6950000000000003,3.6950000000000003,3.6950000000000003,3.6950000000000003,3.6950000000000003,3.6950000000000003,3.6950000000000003,3.6950000000000003,3.6950000000000003,3.6950000000000003,3.6950000000000003,3.6950000000000003,3.6950000000000003,3.6950000000000003,3.6950000000000003,3.6950000000000003,3.6950000000000003,3.6950000000000003,3.6950000000000003,3.6950000000000003,3.6950000000000003,3.6950000000000003,3.6950000000000003,3.6950000000000003,3.6950000000000003,3.6950000000000003,3.6950000000000003,3.6950000000000003,3.6950000000000003,3.6950000000000003,3.6950000000000003,3.6950000000000003,3.6950000000000003,3.6950000000000003,3.6950000000000003,3.6950000000000003,3.6950000000000003,3.6950000000000003,3.6950000000000003,3.6950000000000003,3.6950000000000003,3.6950000000000003,3.6950000000000003,3.6950000000000003,3.6950000000000003,3.6950000000000003,3.6950000000000003,3.6950000000000003,3.6950000000000003,3.6950000000000003,3.6950000000000003,3.6950000000000003,3.6950000000000003,3.6950000000000003,3.6950000000000003,3.6950000000000003,3.6950000000000003,3.6950000000000003,3.6950000000000003,3.6950000000000003,3.6950000000000003,3.6950000000000003,3.6950000000000003,3.6950000000000003,3.6950000000000003,3.6950000000000003,3.6950000000000003,3.6950000000000003,3.6950000000000003,3.6950000000000003,3.6950000000000003,3.6950000000000003,3.6950000000000003,3.6950000000000003,3.6950000000000003,3.6950000000000003,3.6950000000000003,3.6950000000000003,3.6950000000000003,3.6950000000000003,3.6950000000000003,3.6950000000000003,3.6950000000000003,3.6950000000000003,3.6950000000000003,3.6950000000000003,3.6950000000000003,3.6950000000000003,3.6950000000000003,3.6950000000000003,3.6950000000000003,3.6950000000000003,3.6950000000000003,3.6950000000000003,3.6950000000000003,3.6950000000000003,3.6950000000000003,3.6950000000000003,3.6950000000000003,3.6950000000000003,3.6950000000000003,3.6950000000000003,3.6950000000000003,3.6950000000000003,3.6950000000000003,3.6950000000000003,3.6950000000000003,3.6950000000000003,3.6950000000000003,3.6950000000000003,3.6950000000000003,3.6950000000000003,3.6950000000000003,3.6950000000000003,3.6950000000000003,3.6950000000000003,3.6950000000000003,3.6950000000000003,3.6950000000000003,3.6950000000000003,3.6950000000000003,3.6950000000000003,3.6950000000000003,3.6950000000000003,3.6950000000000003,3.6950000000000003,3.6950000000000003,3.6950000000000003,3.6950000000000003,3.6950000000000003,3.6950000000000003,3.6950000000000003,3.6950000000000003,3.6950000000000003,3.6950000000000003,3.6950000000000003,3.6950000000000003,3.6950000000000003,3.6950000000000003,3.6950000000000003,3.6950000000000003,3.6950000000000003,3.6950000000000003,3.6950000000000003,3.6950000000000003,3.6950000000000003,3.6950000000000003,3.6950000000000003,3.6950000000000003,3.6950000000000003,3.6950000000000003,3.6950000000000003,3.6950000000000003,3.6950000000000003,3.6950000000000003,3.6950000000000003,3.6950000000000003,3.6950000000000003,3.6950000000000003,3.6950000000000003,3.6950000000000003,3.6950000000000003,3.6950000000000003,3.6950000000000003,3.6950000000000003,3.6950000000000003,3.6950000000000003,3.6950000000000003,3.6950000000000003,3.6950000000000003,3.6950000000000003,3.6950000000000003,3.6950000000000003,3.6950000000000003,3.6950000000000003,3.6950000000000003,3.6950000000000003,3.6950000000000003
42,3.5949999999999998,3.5949999999999998,3.5949999999999998,3.5949999999999998,3.5949999999999998,3.5949999999999998,3.5949999999999998,3.5949999999999998,3.5949999999999998,3.5949999999999998,3.5949999999999998,3.5949999999999998,3.5949999999999998,3.5949999999999998,3.5949999999999998,3.5949999999999998,3.5949999999999998,3.5949999999999998,3.5949999999999998,3.5949999999999998,3.5949999999999998,3.5949999999999998,3.5949999999999998,3.5949999999999998,3.5949999999999998,3.5949999999999998,3.5949999999999998,3.5949999999999998,3.5949999999999998,3.5949999999999998,3.5949999999999998,3.5949999999999998,3.5949999999999998,3.5949999999999998,3.5949999999999998,3.5949999999999998,3.5949999999999998,3.5949999999999998,3.5949999999999998,3.5949999999999998,3.5949999999999998,3.5949999999999998,3.5949999999999998,3.5949999999999998,3.5949999999999998,3.5949999999999998,3.5949999999999998,3.5949999999999998,3.5949999999999998,3.5949999999999998,3.5949999999999998,3.5949999999999998,3.5949999999999998,3.5949999999999998,3.5949999999999998,3.5949999999999998,3.5949999999999998,3.5949999999999998,3.5949999999999998,3.5949999999999998,3.5949999999999998,3.5949999999999998,3.5949999999999998,3.5949999999999998,3.5949999999999998,3.5949999999999998,3.5949999999999998,3.5949999999999998,3.5949999999999998,3.5949999999999998,3.5949999999999998,3.5949999999999998,3.5949999999999998,3.5949999999999998,3.5949999999999998,3.5949999999999998,3.5949999999999998,3.5949999999999998,3.5949999999999998,3.5949999999999998,3.5949999999999998,3.5949999999999998,3.5949999999999998,3.5949999999999998,3.5949999999999998,3.5949999999999998,3.5949999999999998,3.5949999999999998,3.5949999999999998,3.5949999999999998,3.5949999999999998,3.5949999999999998,3.5949999999999998,3.5949999999999998,3.5949999999999998,3.5949999999999998,3.5949999999999998,3.5949999999999998,3.5949999999999998,3.5949999999999998,3.5949999999999998,3.5949999999999998,3.5949999999999998,3.5949999999999998,3.5949999999999998,3.5949999999999998,3.5949999999999998,3.5949999999999998,3.5949999999999998,3.5949999999999998,3.5949999999999998,3.5949999999999998,3.5949999999999998,3.5949999999999998,3.5949999999999998,3.5949999999999998,3.5949999999999998,3.5949999999999998,3.5949999999999998,3.5949999999999998,3.5949999999999998,3.5949999999999998,3.5949999999999998,3.5949999999999998,3.5949999999999998,3.5949999999999998,3.5949999999999998,3.5949999999999998,3.5949999999999998,3.5949999999999998,3.5949999999999998,3.5949999999999998,3.5949999999999998,3.5949999999999998,3.5949999999999998,3.5949999999999998,3.5949999999999998,3.5949999999999998,3.5949999999999998,3.5949999999999998,3.5949999999999998,3.5949999999999998,3.5949999999999998,3.5949999999999998,3.5949999999999998,3.5949999999999998,3.5949999999999998,3.5949999999999998,3.5949999999999998,3.5949999999999998,3.5949999999999998,3.5949999999999998,3.5949999999999998,3.5949999999999998,3.5949999999999998,3.5949999999999998,3.5949999999999998,3.5949999999999998,3.5949999999999998,3.5949999999999998,3.5949999999999998,3.5949999999999998,3.5949999999999998,3.5949999999999998,3.5949999999999998,3.5949999999999998,3.5949999999999998,3.5949999999999998,3.5949999999999998,3.5949999999999998,3.5949999999999998,3.5949999999999998,3.5949999999999998,3.5949999999999998,3.5949999999999998,3.5949999999999998,3.5949999999999998,3.5949999999999998,3.5949999999999998,3.5949999999999998,3.5949999999999998,3.5949999999999998,3.5949999999999998,3.5949999999999998,3.5949999999999998,3.5949999999999998,3.5949999999999998,3.5949999999999998,3.5949999999999998,3.5949999999999998,3.5949999999999998,3.5949999999999998,3.5949999999999998,3.5949999999999998
45,3.58,3.58,3.58,3.58,3.58,3.58,3.58,3.58,3.58,3.58,3.58,3.58,3.58,3.58,3.58,3.58,3.58,3.58,3.58,3.58,3.58,3.58,3.58,3.58,3.58,3.58,3.58,3.58,3.58,3.58,3.58,3.58,3.58,3.58,3.58,3.58,3.58,3.58,3.58,3.58,3.58,3.58,3.58,3.58,3.58,3.58,3.58,3.58,3.58,3.58,3.58,3.58,3.58,3.58,3.58,3.58,3.58,3.58,3.58,3.58,3.58,3.58,3.58,3.58,3.58,3.58,3.58,3.58,3.58,3.58,3.58,3.58,3.58,3.58,3.58,3.58,3.58,3.58,3.58,3.58,3.58,3.58,3.58,3.58,3.58,3.58,3.58,3.58,3.58,3.58,3.58,3.58,3.58,3.58,3.58,3.58,3.58,3.58,3.58,3.58,3.58,3.58,3.58,3.58,3.58,3.58,3.58,3.58,3.58,3.58,3.58,3.58,3.58,3.58,3.58,3.58,3.58,3.58,3.58,3.58,3.58,3.58,3.58,3.58,3.58,3.58,3.58,3.58,3.58,3.58,3.58,3.58,3.58,3.58,3.58,3.58,3.58,3.58,3.58,3.58,3.58,3.58,3.58,3.58,3.58,3.58,3.58,3.58,3.58,3.58,3.58,3.58,3.58,3.58,3.58,3.58,3.58,3.58,3.58,3.58,3.58,3.58,3.58,3.58,3.58,3.58,3.58,3.58,3.58,3.58,3.58,3.58,3.58,3.58,3.58,3.58,3.58,3.58,3.58,3.58,3.58,3.58,3.58,3.58,3.58,3.58,3.58,3.58,3.58,3.58,3.58,3.58,3.58,3.58
46,3.5999999999999996,3.5999999999999996,3.5999999999999996,3.5999999999999996,3.5999999999999996,3.5999999999999996,3.5999999999999996,3.5999999999999996,3.5999999999999996,3.5999999999999996,3.5999999999999996,3.5999999999999996,3.5999999999999996,3.5999999999999996,3.5999999999999996,3.5999999999999996,3.5999999999999996,3.5999999999999996,3.5999999999999996,3.5999999999999996,3.5999999999999996,3.5999999999999996,3.5999999999999996,3.5999999999999996,3.5999999999999996,3.5999999999999996,3.5999999999999996,3.5999999999999996,3.5999999999999996,3.5999999999999996,3.5999999999999996,3.5999999999999996,3.5999999999999996,3.5999999999999996,3.5999999999999996,3.5999999999999996,3.5999999999999996,3.5999999999999996,3.5999999999999996,3.5999999999999996,3.5999999999999996,3.5999999999999996,3.5999999999999996,3.5999999999999996,3.5999999999999996,3.5999999999999996,3.5999999999999996,3.5999999999999996,3.5999999999999996,3.5999999999999996,3.5999999999999996,3.5999999999999996,3.5999999999999996,3.5999999999999996,3.5999999999999996,3.5999999999999996,3.5999999999999996,3.5999999999999996,3.5999999999999996,3.5999999999999996,3.5999999999999996,3.5999999999999996,3.5999999999999996,3.5999999999999996,3.5999999999999996,3.5999999999999996,3.5999999999999996,3.5999999999999996,3.5999999999999996,3.5999999999999996,3.5999999999999996,3.5999999999999996,3.5999999999999996,3.5999999999999996,3.5999999999999996,3.5999999999999996,3.5999999999999996,3.5999999999999996,3.5999999999999996,3.5999999999999996,3.5999999999999996,3.5999999999999996,3.5999999999999996,3.5999999999999996,3.5999999999999996,3.5999999999999996,3.5999999999999996,3.5999999999999996,3.5999999999999996,3.5999999999999996,3.5999999999999996,3.5999999999999996,3.5999999999999996,3.5999999999999996,3.5999999999999996,3.5999999999999996,3.5999999999999996,3.5999999999999996,3.5999999999999996,3.5999999999999996,3.5999999999999996,3.5999999999999996,3.5999999999999996,3.5999999999999996,3.5999999999999996,3.5999999999999996,3.5999999999999996,3.5999999999999996,3.5999999999999996,3.5999999999999996,3.5999999999999996,3.5999999999999996,3.5999999999999996,3.5999999999999996,3.5999999999999996,3.5999999999999996,3.5999999999999996,3.5999999999999996,3.5999999999999996,3.5999999999999996,3.5999999999999996,3.5999999999999996,3.5999999999999996,3.5999999999999996,3.5999999999999996,3.5999999999999996,3.5999999999999996,3.5999999999999996,3.5999999999999996,3.5999999999999996,3.5999999999999996,3.5999999999999996,3.5999999999999996,3.5999999999999996,3.5999999999999996,3.5999999999999996,3.5999999999999996,3.5999999999999996,3.5999999999999996,3.5999999999999996,3.5999999999999996,3.5999999999999996,3.5999999999999996,3.5999999999999996,3.5999999999999996,3.5999999999999996,3.5999999999999996,3.5999999999999996,3.5999999999999996,3.5999999999999996,3.5999999999999996,3.5999999999999996,3.5999999999999996,3.5999999999999996,3.5999999999999996,3.5999999999999996,3.5999999999999996,3.5999999999999996,3.5999999999999996,3.5999999999999996,3.5999999999999996,3.5999999999999996,3.5999999999999996,3.5999999999999996,3.5999999999999996,3.5999999999999996,3.5999999999999996,3.5999999999999996,3.5999999999999996,3.5999999999999996,3.5999999999999996,3.5999999999999996,3.5999999999999996,3.5999999999999996,3.5999999999999996,3.5999999999999996,3.5999999999999996,3.5999999999999996,3.5999999999999996,3.5999999999999996,3.5999999999999996,3.5999999999999996,3.5999999999999996,3.5999999999999996,3.5999999999999996,3.5999999999999996,3.5999999999999996,3.5999999999999996,3.5999999999999996,3.5999999999999996,3.5999999999999996,3.5999999999999996,3.5999999999999996,3.5999999999999996
50,3.34,3.34,3.34,3.34,3.34,3.34,3.34,3.34,3.34,3.34,3.34,3.34,3.34,3.34,3.34,3.34,3.34,3.34,3.34,3.34,3.34,3.34,3.34,3.34,3.34,3.34,3.34,3.34,3.34,3.34,3.34,3.34,3.34,3.34,3.34,3.34,3.34,3.34,3.34,3.34,3.34,3.34,3.34,3.34,3.34,3.34,3.34,3.34,3.34,3.34,3.34,3.34,3.34,3.34,3.34,3.34,3.34,3.34,3.34,3.34,3.34,3.34,3.34,3.34,3.34,3.34,3.34,3.34,3.34,3.34,3.34,3.34,3.34,3.34,3.34,3.34,3.34,3.34,3.34,3.34,3.34,3.34,3.34,3.34,3.34,3.34,3.34,3.34,3.34,3.34,3.34,3.34,3.34,3.34,3.34,3.34,3.34,3.34,3.34,3.34,3.34,3.34,3.34,3.34,3.34,3.34,3.34,3.34,3.34,3.34,3.34,3.34,3.34,3.34,3.34,3.34,3.34,3.34,3.34,3.34,3.34,3.34,3.34,3.34,3.34,3.34,3.34,3.34,3.34,3.34,3.34,3.34,3.34,3.34,3.34,3.34,3.34,3.34,3.34,3.34,3.34,3.34,3.34,3.34,3.34,3.34,3.34,3.34,3.34,3.34,3.34,3.34,3.34,3.34,3.34,3.34,3.34,3.34,3.34,3.34,3.34,3.34,3.34,3.34,3.34,3.34,3.34,3.34,3.34,3.34,3.34,3.34,3.34,3.34,3.34,3.34,3.34,3.34,3.34,3.34,3.34,3.34,3.34,3.34,3.34,3.34,3.34,3.34,3.34,3.34,3.34,3.34,3.34,3.34
52,3.23,3.23,3.23,3.23,3.23,3.23,3.23,3.23,3.23,3.23,3.23,3.23,3.23,3.23,3.23,3.23,3.23,3.23,3.23,3.23,3.23,3.23,3.23,3.23,3.23,3.23,3.23,3.23,3.23,3.23,3.23,3.23,3.23,3.23,3.23,3.23,3.23,3.23,3.23,3.23,3.23,3.23,3.23,3.23,3.23,3.23,3.23,3.23,3.23,3.23,3.23,3.23,3.23,3.23,3.23,3.23,3.23,3.23,3.23,3.23,3.23,3.23,3.23,3.23,3.23,3.23,3.23,3.23,3.23,3.23,3.23,3.23,3.23,3.23,3.23,3.23,3.23,3.23,3.23,3.23,3.23,3.23,3.23,3.23,3.23,3.23,3.23,3.23,3.23,3.23,3.23,3.23,3.23,3.23,3.23,3.23,3.23,3.23,3.23,3.23,3.23,3.23,3.23,3.23,3.23,3.23,3.23,3.23,3.23,3.23,3.23,3.23,3.23,3.23,3.23,3.23,3.23,3.23,3.23,3.23,3.23,3.23,3.23,3.23,3.23,3.23,3.23,3.23,3.23,3.23,3.23,3.23,3.23,3.23,3.23,3.23,3.23,3.23,3.23,3.23,3.23,3.23,3.23,3.23,3.23,3.23,3.23,3.23,3.23,3.23,3.23,3.23,3.23,3.23,3.23,3.23,3.23,3.23,3.23,3.23,3.23,3.23,3.23,3.23,3.23,3.23,3.23,3.23,3.23,3.23,3.23,3.23,3.23,3.23,3.23,3.23,3.23,3.23,3.23,3.23,3.23,3.23,3.23,3.23,3.23,3.23,3.23,3.23,3.23,3.23,3.23,3.23,3.23,3.23
53,3.4299999999999997,3.4299999999999997,3.4299999999999997,3.4299999999999997,3.4299999999999997,3.4299999999999997,3.4299999999999997,3.4299999999999997,3.4299999999999997,3.4299999999999997,3.4299999999999997,3.4299999999999997,3.4299999999999997,3.4299999999999997,3.4299999999999997,3.4299999999999997,3.4299999999999997,3.4299999999999997,3.4299999999999997,3.4299999999999997,3.4299999999999997,3.4299999999999997,3.4299999999999997,3.4299999999999997,3.4299999999999997,3.4299999999999997,3.4299999999999997,3.4299999999999997,3.4299999999999997,3.4299999999999997,3.4299999999999997,3.4299999999999997,3.4299999999999997,3.4299999999999997,3.4299999999999997,3.4299999999999997,3.4299999999999997,3.4299999999999997,3.4299999999999997,3.4299999999999997,3.4299999999999997,3.4299999999999997,3.4299999999999997,3.4299999999999997,3.4299999999999997,3.4299999999999997,3.4299999999999997,3.4299999999999997,3.4299999999999997,3.4299999999999997,3.4299999999999997,3.4299999999999997,3.4299999999999997,3.4299999999999997,3.4299999999999997,3.4299999999999997,3.4299999999999997,3.4299999999999997,3.4299999999999997,3.4299999999999997,3.4299999999999997,3.4299999999999997,3.4299999999999997,3.4299999999999997,3.4299999999999997,3.4299999999999997,3.4299999999999997,3.4299999999999997,3.4299999999999997,3.4299999999999997,3.4299999999999997,3.4299999999999997,3.4299999999999997,3.4299999999999997,3.4299999999999997,3.4299999999999997,3.4299999999999997,3.4299999999999997,3.4299999999999997,3.4299999999999997,3.4299999999999997,3.4299999999999997,3.4299999999999997,3.4299999999999997,3.4299999999999997,3.4299999999999997,3.4299999999999997,3.4299999999999997,3.4299999999999997,3.4299999999999997,3.4299999999999997,3.4299999999999997,3.4299999999999997,3.4299999999999997,3.4299999999999997,3.4299999999999997,3.4299999999999997,3.4299999999999997,3.4299999999999997,3.4299999999999997,3.4299999999999997,3.4299999999999997,3.4299999999999997,3.4299999999999997,3.4299999999999997,3.4299999999999997,3.4299999999999997,3.4299999999999997,3.4299999999999997,3.4299999999999997,3.4299999999999997,3.4299999999999997,3.4299999999999997,3.4299999999999997,3.4299999999999997,3.4299999999999997,3.4299999999999997,3.4299999999999997,3.4299999999999997,3.4299999999999997,3.4299999999999997,3.4299999999999997,3.4299999999999997,3.4299999999999997,3.4299999999999997,3.4299999999999997,3.4299999999999997,3.4299999999999997,3.4299999999999997,3.4299999999999997,3.4299999999999997,3.4299999999999997,3.4299999999999997,3.4299999999999997,3.4299999999999997,3.4299999999999997,3.4299999999999997,3.4299999999999997,3.4299999999999997,3.4299999999999997,3.4299999999999997,3.4299999999999997,3.4299999999999997,3.4299999999999997,3.4299999999999997,3.4299999999999997,3.4299999999999997,3.4299999999999997,3.4299999999999997,3.4299999999999997,3.4299999999999997,3.4299999999999997,3.4299999999999997,3.4299999999999997,3.4299999999999997,3.4299999999999997,3.4299999999999997,3.4299999999999997,3.4299999999999997,3.4299999999999997,3.4299999999999997,3.4299999999999997,3.4299999999999997,3.4299999999999997,3.4299999999999997,3.4299999999999997,3.4299999999999997,3.4299999999999997,3.4299999999999997,3.4299999999999997,3.4299999999999997,3.4299999999999997,3.4299999999999997,3.4299999999999997,3.4299999999999997,3.4299999999999997,3.4299999999999997,3.4299999999999997,3.4299999999999997,3.4299999999999997,3.4299999999999997,3.4299999999999997,3.4299999999999997,3.4299999999999997,3.4299999999999997,3.4299999999999997,3.4299999999999997,3.4299999999999997,3.4299999999999997,3.4299999999999997,3.4299999999999997,3.4299999999999997,3.4299999999999997,3.4299999999999997
54,3.49,3.49,3.49,3.49,3.49,3.49,3.49,3.49,3.49,3.49,3.49,3.49,3.49,3.49,3.49,3.49,3.49,3.49,3.49,3.49,3.49,3.49,3.49,3.49,3.49,3.49,3.49,3.49,3.49,3.49,3.49,3.49,3.49,3.49,3.49,3.49,3.49,3.49,3.49,3.49,3.49,3.49,3.49,3.49,3.49,3.49,3.49,3.49,3.49,3.49,3.49,3.49,3.49,3.49,3.49,3.49,3.49,3.49,3.49,3.49,3.49,3.49,3.49,3.49,3.49,3.49,3.49,3.49,3.49,3.49,3.49,3.49,3.49,3.49,3.49,3.49,3.49,3.49,3.49,3.49,3.49,3.49,3.49,3.49,3.49,3.49,3.49,3.49,3.49,3.49,3.49,3.49,3.49,3.49,3.49,3.49,3.49,3.49,3.49,3.49,3.49,3.49,3.49,3.49,3.49,3.49,3.49,3.49,3.49,3.49,3.49,3.49,3.49,3.49,3.49,3.49,3.49,3.49,3.49,3.49,3.49,3.49,3.49,3.49,3.49,3.49,3.49,3.49,3.49,3.49,3.49,3.49,3.49,3.49,3.49,3.49,3.49,3.49,3.49,3.49,3.49,3.49,3.49,3.49,3.49,3.49,3.49,3.49,3.49,3.49,3.49,3.49,3.49,3.49,3.49,3.49,3.49,3.49,3.49,3.49,3.49,3.49,3.49,3.49,3.49,3.49,3.49,3.49,3.49,3.49,3.49,3.49,3.49,3.49,3.49,3.49,3.49,3.49,3.49,3.49,3.49,3.49,3.49,3.49,3.49,3.49,3.49,3.49,3.49,3.49,3.49,3.49,3.49,3.49
55,3.25,3.25,3.25,3.25,3.25,3.25,3.25,3.25,3.25,3.25,3.25,3.25,3.25,3.25,3.25,3.25,3.25,3.25,3.25,3.25,3.25,3.25,3.25,3.25,3.25,3.25,3.25,3.25,3.25,3.25,3.25,3.25,3.25,3.25,3.25,3.25,3.25,3.25,3.25,3.25,3.25,3.25,3.25,3.25,3.25,3.25,3.25,3.25,3.25,3.25,3.25,3.25,3.25,3.25,3.25,3.25,3.25,3.25,3.25,3.25,3.25,3.25,3.25,3.25,3.25,3.25,3.25,3.25,3.25,3.25,3.25,3.25,3.25,3.25,3.25,3.25,3.25,3.25,3.25,3.25,3.25,3.25,3.25,3.25,3.25,3.25,3.25,3.25,3.25,3.25,3.25,3.25,3.25,3.25,3.25,3.25,3.25,3.25,3.25,3.25,3.25,3.25,3.25,3.25,3.25,3.25,3.25,3.25,3.25,3.25,3.25,3.25,3.25,3.25,3.25,3.25,3.25,3.25,3.25,3.25,3.25,3.25,3.25,3.25,3.25,3.25,3.25,3.25,3.25,3.25,3.25,3.25,3.25,3.25,3.25,3.25,3.25,3.25,3.25,3.25,3.25,3.25,3.25,3.25,3.25,3.25,3.25,3.25,3.25,3.25,3.25,3.25,3.25,3.25,3.25,3.25,3.25,3.25,3.25,3.25,3.25,3.25,3.25,3.25,3.25,3.25,3.25,3.25,3.25,3.25,3.25,3.25,3.25,3.25,3.25,3.25,3.25,3.25,3.25,3.25,3.25,3.25,3.25,3.25,3.25,3.25,3.25,3.25,3.25,3.25,3.25,3.25,3.25,3.25
56,3.2649999999999997,3.2649999999999997,3.2649999999999997,3.2649999999999997,3.2649999999999997,3.2649999999999997,3.2649999999999997,3.2649999999999997,3.2649999999999997,3.2649999999999997,3.2649999999999997,3.2649999999999997,3.2649999999999997,3.2649999999999997,3.2649999999999997,3.2649999999999997,3.2649999999999997,3.2649999999999997,3.2649999999999997,3.2649999999999997,3.2649999999999997,3.2649999999999997,3.2649999999999997,3.2649999999999997,3.2649999999999997,3.2649999999999997,3.2649999999999997,3.2649999999999997,3.2649999999999997,3.2649999999999997,3.2649999999999997,3.2649999999999997,3.2649999999999997,3.2649999999999997,3.2649999999999997,3.2649999999999997,3.2649999999999997,3.2649999999999997,3.2649999999999997,3.2649999999999997,3.2649999999999997,3.2649999999999997,3.2649999999999997,3.2649999999999997,3.2649999999999997,3.2649999999999997,3.2649999999999997,3.2649999999999997,3.2649999999999997,3.2649999999999997,3.2649999999999997,3.2649999999999997,3.2649999999999997,3.2649999999999997,3.2649999999999997,3.2649999999999997,3.2649999999999997,3.2649999999999997,3.2649999999999997,3.2649999999999997,3.2649999999999997,3.2649999999999997,3.2649999999999997,3.2649999999999997,3.2649999999999997,3.2649999999999997,3.2649999999999997,3.2649999999999997,3.2649999999999997,3.2649999999999997,3.2649999999999997,3.2649999999999997,3.2649999999999997,3.2649999999999997,3.2649999999999997,3.2649999999999997,3.2649999999999997,3.2649999999999997,3.2649999999999997,3.2649999999999997,3.2649999999999997,3.2649999999999997,3.2649999999999997,3.2649999999999997,3.2649999999999997,3.2649999999999997,3.2649999999999997,3.2649999999999997,3.2649999999999997,3.2649999999999997,3.2649999999999997,3.2649999999999997,3.2649999999999997,3.2649999999999997,3.2649999999999997,3.2649999999999997,3.2649999999999997,3.2649999999999997,3.2649999999999997,3.2649999999999997,3.2649999999999997,3.2649999999999997,3.2649999999999997,3.2649999999999997,3.2649999999999997,3.2649999999999997,3.2649999999999997,3.2649999999999997,3.2649999999999997,3.2649999999999997,3.2649999999999997,3.2649999999999997,3.2649999999999997,3.2649999999999997,3.2649999999999997,3.2649999999999997,3.2649999999999997,3.2649999999999997,3.2649999999999997,3.2649999999999997,3.2649999999999997,3.2649999999999997,3.2649999999999997,3.2649999999999997,3.2649999999999997,3.2649999999999997,3.2649999999999997,3.2649999999999997,3.2649999999999997,3.2649999999999997,3.2649999999999997,3.2649999999999997,3.2649999999999997,3.2649999999999997,3.2649999999999997,3.2649999999999997,3.2649999999999997,3.2649999999999997,3.2649999999999997,3.2649999999999997,3.2649999999999997,3.2649999999999997,3.2649999999999997,3.2649999999999997,3.2649999999999997,3.2649999999999997,3.2649999999999997,3.2649999999999997,3.2649999999999997,3.2649999999999997,3.2649999999999997,3.2649999999999997,3.2649999999999997,3.2649999999999997,3.2649999999999997,3.2649999999999997,3.2649999999999997,3.2649999999999997,3.2649999999999997,3.2649999999999997,3.2649999999999997,3.2649999999999997,3.2649999999999997,3.2649999999999997,3.2649999999999997,3.2649999999999997,3.2649999999999997,3.2649999999999997,3.2649999999999997,3.2649999999999997,3.2649999999999997,3.2649999999999997,3.2649999999999997,3.2649999999999997,3.2649999999999997,3.2649999999999997,3.2649999999999997,3.2649999999999997,3.2649999999999997,3.2649999999999997,3.2649999999999997,3.2649999999999997,3.2649999999999997,3.2649999999999997,3.2649999999999997,3.2649999999999997,3.2649999999999997,3.2649999999999997,3.2649999999999997,3.2649999999999997,3.2649999999999997,3.2649999999999997,3.2649999999999997,3.2649999999999997
57,3.25,3.25,3.25,3.25,3.25,3.25,3.25,3.25,3.25,3.25,3.25,3.25,3.25,3.25,3.25,3.25,3.25,3.25,3.25,3.25,3.25,3.25,3.25,3.25,3.25,3.25,3.25,3.25,3.25,3.25,3.25,3.25,3.25,3.25,3.25,3.25,3.25,3.25,3.25,3.25,3.25,3.25,3.25,3.25,3.25,3.25,3.25,3.25,3.25,3.25,3.25,3.25,3.25,3.25,3.25,3.25,3.25,3.25,3.25,3.25,3.25,3.25,3.25,3.25,3.25,3.25,3.25,3.25,3.25,3.25,3.25,3.25,3.25,3.25,3.25,3.25,3.25,3.25,3.25,3.25,3.25,3.25,3.25,3.25,3.25,3.25,3.25,3.25,3.25,3.25,3.25,3.25,3.25,3.25,3.25,3.25,3.25,3.25,3.25,3.25,3.25,3.25,3.25,3.25,3.25,3.25,3.25,3.25,3.25,3.25,3.25,3.25,3.25,3.25,3.25,3.25,3.25,3.25,3.25,3.25,3.25,3.25,3.25,3.25,3.25,3.25,3.25,3.25,3.25,3.25,3.25,3.25,3.25,3.25,3.25,3.25,3.25,3.25,3.25,3.25,3.25,3.25,3.25,3.25,3.25,3.25,3.25,3.25,3.25,3.25,3.25,3.25,3.25,3.25,3.25,3.25,3.25,3.25,3.25,3.25,3.25,3.25,3.25,3.25,3.25,3.25,3.25,3.25,3.25,3.25,3.25,3.25,3.25,3.25,3.25,3.25,3.25,3.25,3.25,3.25,3.25,3.25,3.25,3.25,3.25,3.25,3.25,3.25,3.25,3.25,3.25,3.25,3.25,3.25
59,3.81,3.81,3.81,3.81,3.81,3.81,3.81,3.81,3.81,3.81,3.81,3.81,3.81,3.81,3.81,3.81,3.81,3.81,3.81,3.81,3.81,3.81,3.81,3.81,3.81,3.81,3.81,3.81,3.81,3.81,3.81,3.81,3.81,3.81,3.81,3.81,3.81,3.81,3.81,3.81,3.81,3.81,3.81,3.81,3.81,3.81,3.81,3.81,3.81,3.81,3.81,3.81,3.81,3.81,3.81,3.81,3.81,3.81,3.81,3.81,3.81,3.81,3.81,3.81,3.81,3.81,3.81,3.81,3.81,3.81,3.81,3.81,3.81,3.81,3.81,3.81,3.81,3.81,3.81,3.81,3.81,3.81,3.81,3.81,3.81,3.81,3.81,3.81,3.81,3.81,3.81,3.81,3.81,3.81,3.81,3.81,3.81,3.81,3.81,3.81,3.81,3.81,3.81,3.81,3.81,3.81,3.81,3.81,3.81,3.81,3.81,3.81,3.81,3.81,3.81,3.81,3.81,3.81,3.81,3.81,3.81,3.81,3.81,3.81,3.81,3.81,3.81,3.81,3.81,3.81,3.81,3.81,3.81,3.81,3.81,3.81,3.81,3.81,3.81,3.81,3.81,3.81,3.81,3.81,3.81,3.81,3.81,3.81,3.81,3.81,3.81,3.81,3.81,3.81,3.81,3.81,3.81,3.81,3.81,3.81,3.81,3.81,3.81,3.81,3.81,3.81,3.81,3.81,3.81,3.81,3.81,3.81,3.81,3.81,3.81,3.81,3.81,3.81,3.81,3.81,3.81,3.81,3.81,3.81,3.81,3.81,3.81,3.81,3.81,3.81,3.81,3.81,3.81,3.81
61,3.36,3.36,3.36,3.36,3.36,3.36,3.36,3.36,3.36,3.36,3.36,3.36,3.36,3.36,3.36,3.36,3.36,3.36,3.36,3.36,3.36,3.36,3.36,3.36,3.36,3.36,3.36,3.36,3.36,3.36,3.36,3.36,3.36,3.36,3.36,3.36,3.36,3.36,3.36,3.36,3.36,3.36,3.36,3.36,3.36,3.36,3.36,3.36,3.36,3.36,3.36,3.36,3.36,3.36,3.36,3.36,3.36,3.36,3.36,3.36,3.36,3.36,3.36,3.36,3.36,3.36,3.36,3.36,3.36,3.36,3.36,3.36,3.36,3.36,3.36,3.36,3.36,3.36,3.36,3.36,3.36,3.36,3.36,3.36,3.36,3.36,3.36,3.36,3.36,3.36,3.36,3.36,3.36,3.36,3.36,3.36,3.36,3.36,3.36,3.36,3.36,3.36,3.36,3.36,3.36,3.36,3.36,3.36,3.36,3.36,3.36,3.36,3.36,3.36,3.36,3.36,3.36,3.36,3.36,3.36,3.36,3.36,3.36,3.36,3.36,3.36,3.36,3.36,3.36,3.36,3.36,3.36,3.36,3.36,3.36,3.36,3.36,3.36,3.36,3.36,3.36,3.36,3.36,3.36,3.36,3.36,3.36,3.36,3.36,3.36,3.36,3.36,3.36,3.36,3.36,3.36,3.36,3.36,3.36,3.36,3.36,3.36,3.36,3.36,3.36,3.36,3.36,3.36,3.36,3.36,3.36,3.36,3.36,3.36,3.36,3.36,3.36,3.36,3.36,3.36,3.36,3.36,3.36,3.36,3.36,3.36,3.36,3.36,3.36,3.36,3.36,3.36,3.36,3.36
64,3.335,3.335,3.335,3.335,3.335,3.335,3.335,3.335,3.335,3.335,3.335,3.335,3.335,3.335,3.335,3.335,3.335,3.335,3.335,3.335,3.335,3.335,3.335,3.335,3.335,3.335,3.335,3.335,3.335,3.335,3.335,3.335,3.335,3.335,3.335,3.335,3.335,3.335,3.335,3.335,3.335,3.335,3.335,3.335,3.335,3.335,3.335,3.335,3.335,3.335,3.335,3.335,3.335,3.335,3.335,3.335,3.335,3.335,3.335,3.335,3.335,3.335,3.335,3.335,3.335,3.335,3.335,3.335,3.335,3.335,3.335,3.335,3.335,3.335,3.335,3.335,3.335,3.335,3.335,3.335,3.335,3.335,3.335,3.335,3.335,3.335,3.335,3.335,3.335,3.335,3.335,3.335,3.335,3.335,3.335,3.335,3.335,3.335,3.335,3.335,3.335,3.335,3.335,3.335,3.335,3.335,3.335,3.335,3.335,3.335,3.335,3.335,3.335,3.335,3.335,3.335,3.335,3.335,3.335,3.335,3.335,3.335,3.335,3.335,3.335,3.335,3.335,3.335,3.335,3.335,3.335,3.335,3.335,3.335,3.335,3.335,3.335,3.335,3.335,3.335,3.335,3.335,3.335,3.335,3.335,3.335,3.335,3.335,3.335,3.335,3.335,3.335,3.335,3.335,3.335,3.335,3.335,3.335,3.335,3.335,3.335,3.335,3.335,3.335,3.335,3.335,3.335,3.335,3.335,3.335,3.335,3.335,3.335,3.335,3.335,3.335,3.335,3.335,3.335,3.335,3.335,3.335,3.335,3.335,3.335,3.335,3.335,3.335,3.335,3.335,3.335,3.335,3.335,3.335
66,3.51,3.51,3.51,3.51,3.51,3.51,3.51,3.51,3.51,3.51,3.51,3.51,3.51,3.51,3.51,3.51,3.51,3.51,3.51,3.51,3.51,3.51,3.51,3.51,3.51,3.51,3.51,3.51,3.51,3.51,3.51,3.51,3.51,3.51,3.51,3.51,3.51,3.51,3.51,3.51,3.51,3.51,3.51,3.51,3.51,3.51,3.51,3.51,3.51,3.51,3.51,3.51,3.51,3.51,3.51,3.51,3.51,3.51,3.51,3.51,3.51,3.51,3.51,3.51,3.51,3.51,3.51,3.51,3.51,3.51,3.51,3.51,3.51,3.51,3.51,3.51,3.51,3.51,3.51,3.51,3.51,3.51,3.51,3.51,3.51,3.51,3.51,3.51,3.51,3.51,3.51,3.51,3.51,3.51,3.51,3.51,3.51,3.51,3.51,3.51,3.51,3.51,3.51,3.51,3.51,3.51,3.51,3.51,3.51,3.51,3.51,3.51,3.51,3.51,3.51,3.51,3.51,3.51,3.51,3.51,3.51,3.51,3.51,3.51,3.51,3.51,3.51,3.51,3.51,3.51,3.51,3.51,3.51,3.51,3.51,3.51,3.51,3.51,3.51,3.51,3.51,3.51,3.51,3.51,3.51,3.51,3.51,3.51,3.51,3.51,3.51,3.51,3.51,3.51,3.51,3.51,3.51,3.51,3.51,3.51,3.51,3.51,3.51,3.51,3.51,3.51,3.51,3.51,3.51,3.51,3.51,3.51,3.51,3.51,3.51,3.51,3.51,3.51,3.51,3.51,3.51,3.51,3.51,3.51,3.51,3.51,3.51,3.51,3.51,3.51,3.51,3.51,3.51,3.51
67,3.375,3.375,3.375,3.375,3.375,3.375,3.375,3.375,3.375,3.375,3.375,3.375,3.375,3.375,3.375,3.375,3.375,3.375,3.375,3.375,3.375,3.375,3.375,3.375,3.375,3.375,3.375,3.375,3.375,3.375,3.375,3.375,3.375,3.375,3.375,3.375,3.375,3.375,3.375,3.375,3.375,3.375,3.375,3.375,3.375,3.375,3.375,3.375,3.375,3.375,3.375,3.375,3.375,3.375,3.375,3.375,3.375,3.375,3.375,3.375,3.375,3.375,3.375,3.375,3.375,3.375,3.375,3.375,3.375,3.375,3.375,3.375,3.375,3.375,3.375,3.375,3.375,3.375,3.375,3.375,3.375,3.375,3.375,3.375,3.375,3.375,3.375,3.375,3.375,3.375,3.375,3.375,3.375,3.375,3.375,3.375,3.375,3.375,3.375,3.375,3.375,3.375,3.375,3.375,3.375,3.375,3.375,3.375,3.375,3.375,3.375,3.375,3.375,3.375,3.375,3.375,3.375,3.375,3.375,3.375,3.375,3.375,3.375,3.375,3.375,3.375,3.375,3.375,3.375,3.375,3.375,3.375,3.375,3.375,3.375,3.375,3.375,3.375,3.375,3.375,3.375,3.375,3.375,3.375,3.375,3.375,3.375,3.375,3.375,3.375,3.375,3.375,3.375,3.375,3.375,3.375,3.375,3.375,3.375,3.375,3.375,3.375,3.375,3.375,3.375,3.375,3.375,3.375,3.375,3.375,3.375,3.375,3.375,3.375,3.375,3.375,3.375,3.375,3.375,3.375,3.375,3.375,3.375,3.375,3.375,3.375,3.375,3.375,3.375,3.375,3.375,3.375,3.375,3.375
73,3.885,3.885,3.885,3.885,3.885,3.885,3.885,3.885,3.885,3.885,3.885,3.885,3.885,3.885,3.885,3.885,3.885,3.885,3.885,3.885,3.885,3.885,3.885,3.885,3.885,3.885,3.885,3.885,3.885,3.885,3.885,3.885,3.885,3.885,3.885,3.885,3.885,3.885,3.885,3.885,3.885,3.885,3.885,3.885,3.885,3.885,3.885,3.885,3.885,3.885,3.885,3.885,3.885,3.885,3.885,3.885,3.885,3.885,3.885,3.885,3.885,3.885,3.885,3.885,3.885,3.885,3.885,3.885,3.885,3.885,3.885,3.885,3.885,3.885,3.885,3.885,3.885,3.885,3.885,3.885,3.885,3.885,3.885,3.885,3.885,3.885,3.885,3.885,3.885,3.885,3.885,3.885,3.885,3.885,3.885,3.885,3.885,3.885,3.885,3.885,3.885,3.885,3.885,3.885,3.885,3.885,3.885,3.885,3.885,3.885,3.885,3.885,3.885,3.885,3.885,3.885,3.885,3.885,3.885,3.885,3.885,3.885,3.885,3.885,3.885,3.885,3.885,3.885,3.885,3.885,3.885,3.885,3.885,3.885,3.885,3.885,3.885,3.885,3.885,3.885,3.885,3.885,3.885,3.885,3.885,3.885,3.885,3.885,3.885,3.885,3.885,3.885,3.885,3.885,3.885,3.885,3.885,3.885,3.885,3.885,3.885,3.885,3.885,3.885,3.885,3.885,3.885,3.885,3.885,3.885,3.885,3.885,3.885,3.885,3.885,3.885,3.885,3.885,3.885,3.885,3.885,3.885,3.885,3.885,3.885,3.885,3.885,3.885,3.885,3.885,3.885,3.885,3.885,3.885
74,3.755,3.755,3.755,3.755,3.755,3.755,3.755,3.755,3.755,3.755,3.755,3.755,3.755,3.755,3.755,3.755,3.755,3.755,3.755,3.755,3.755,3.755,3.755,3.755,3.755,3.755,3.755,3.755,3.755,3.755,3.755,3.755,3.755,3.755,3.755,3.755,3.755,3.755,3.755,3.755,3.755,3.755,3.755,3.755,3.755,3.755,3.755,3.755,3.755,3.755,3.755,3.755,3.755,3.755,3.755,3.755,3.755,3.755,3.755,3.755,3.755,3.755,3.755,3.755,3.755,3.755,3.755,3.755,3.755,3.755,3.755,3.755,3.755,3.755,3.755,3.755,3.755,3.755,3.755,3.755,3.755,3.755,3.755,3.755,3.755,3.755,3.755,3.755,3.755,3.755,3.755,3.755,3.755,3.755,3.755,3.755,3.755,3.755,3.755,3.755,3.755,3.755,3.755,3.755,3.755,3.755,3.755,3.755,3.755,3.755,3.755,3.755,3.755,3.755,3.755,3.755,3.755,3.755,3.755,3.755,3.755,3.755,3.755,3.755,3.755,3.755,3.755,3.755,3.755,3.755,3.755,3.755,3.755,3.755,3.755,3.755,3.755,3.755,3.755,3.755,3.755,3.755,3.755,3.755,3.755,3.755,3.755,3.755,3.755,3.755,3.755,3.755,3.755,3.755,3.755,3.755,3.755,3.755,3.755,3.755,3.755,3.755,3.755,3.755,3.755,3.755,3.755,3.755,3.755,3.755,3.755,3.755,3.755,3.755,3.755,3.755,3.755,3.755,3.755,3.755,3.755,3.755,3.755,3.755,3.755,3.755,3.755,3.755,3.755,3.755,3.755,3.755,3.755,3.755
79,3.35,3.35,3.35,3.35,3.35,3.35,3.35,3.35,3.35,3.35,3.35,3.35,3.35,3.35,3.35,3.35,3.35,3.35,3.35,3.35,3.35,3.35,3.35,3.35,3.35,3.35,3.35,3.35,3.35,3.35,3.35,3.35,3.35,3.35,3.35,3.35,3.35,3.35,3.35,3.35,3.35,3.35,3.35,3.35,3.35,3.35,3.35,3.35,3.35,3.35,3.35,3.35,3.35,3.35,3.35,3.35,3.35,3.35,3.35,3.35,3.35,3.35,3.35,3.35,3.35,3.35,3.35,3.35,3.35,3.35,3.35,3.35,3.35,3.35,3.35,3.35,3.35,3.35,3.35,3.35,3.35,3.35,3.35,3.35,3.35,3.35,3.35,3.35,3.35,3.35,3.35,3.35,3.35,3.35,3.35,3.35,3.35,3.35,3.35,3.35,3.35,3.35,3.35,3.35,3.35,3.35,3.35,3.35,3.35,3.35,3.35,3.35,3.35,3.35,3.35,3.35,3.35,3.35,3.35,3.35,3.35,3.35,3.35,3.35,3.35,3.35,3.35,3.35,3.35,3.35,3.35,3.35,3.35,3.35,3.35,3.35,3.35,3.35,3.35,3.35,3.35,3.35,3.35,3.35,3.35,3.35,3.35,3.35,3.35,3.35,3.35,3.35,3.35,3.35,3.35,3.35,3.35,3.35,3.35,3.35,3.35,3.35,3.35,3.35,3.35,3.35,3.35,3.35,3.35,3.35,3.35,3.35,3.35,3.35,3.35,3.35,3.35,3.35,3.35,3.35,3.35,3.35,3.35,3.35,3.35,3.35,3.35,3.35,3.35,3.35,3.35,3.35,3.35,3.35
80,3.41,3.41,3.41,3.41,3.41,3.41,3.41,3.41,3.41,3.41,3.41,3.41,3.41,3.41,3.41,3.41,3.41,3.41,3.41,3.41,3.41,3.41,3.41,3.41,3.41,3.41,3.41,3.41,3.41,3.41,3.41,3.41,3.41,3.41,3.41,3.41,3.41,3.41,3.41,3.41,3.41,3.41,3.41,3.41,3.41,3.41,3.41,3.41,3.41,3.41,3.41,3.41,3.41,3.41,3.41,3.41,3.41,3.41,3.41,3.41,3.41,3.41,3.41,3.41,3.41,3.41,3.41,3.41,3.41,3.41,3.41,3.41,3.41,3.41,3.41,3.41,3.41,3.41,3.41,3.41,3.41,3.41,3.41,3.41,3.41,3.41,3.41,3.41,3.41,3.41,3.41,3.41,3.41,3.41,3.41,3.41,3.41,3.41,3.41,3.41,3.41,3.41,3.41,3.41,3.41,3.41,3.41,3.41,3.41,3.41,3.41,3.41,3.41,3.41,3.41,3.41,3.41,3.41,3.41,3.41,3.41,3.41,3.41,3.41,3.41,3.41,3.41,3.41,3.41,3.41,3.41,3.41,3.41,3.41,3.41,3.41,3.41,3.41,3.41,3.41,3.41,3.41,3.41,3.41,3.41,3.41,3.41,3.41,3.41,3.41,3.41,3.41,3.41,3.41,3.41,3.41,3.41,3.41,3.41,3.41,3.41,3.41,3.41,3.41,3.41,3.41,3.41,3.41,3.41,3.41,3.41,3.41,3.41,3.41,3.41,3.41,3.41,3.41,3.41,3.41,3.41,3.41,3.41,3.41,3.41,3.41,3.41,3.41,3.41,3.41,3.41,3.41,3.41,3.41
81,3.19,3.19,3.19,3.19,3.19,3.19,3.19,3.19,3.19,3.19,3.19,3.19,3.19,3.19,3.19,3.19,3.19,3.19,3.19,3.19,3.19,3.19,3.19,3.19,3.19,3.19,3.19,3.19,3.19,3.19,3.19,3.19,3.19,3.19,3.19,3.19,3.19,3.19,3.19,3.19,3.19,3.19,3.19,3.19,3.19,3.19,3.19,3.19,3.19,3.19,3.19,3.19,3.19,3.19,3.19,3.19,3.19,3.19,3.19,3.19,3.19,3.19,3.19,3.19,3.19,3.19,3.19,3.19,3.19,3.19,3.19,3.19,3.19,3.19,3.19,3.19,3.19,3.19,3.19,3.19,3.19,3.19,3.19,3.19,3.19,3.19,3.19,3.19,3.19,3.19,3.19,3.19,3.19,3.19,3.19,3.19,3.19,3.19,3.19,3.19,3.19,3.19,3.19,3.19,3.19,3.19,3.19,3.19,3.19,3.19,3.19,3.19,3.19,3.19,3.19,3.19,3.19,3.19,3.19,3.19,3.19,3.19,3.19,3.19,3.19,3.19,3.19,3.19,3.19,3.19,3.19,3.19,3.19,3.19,3.19,3.19,3.19,3.19,3.19,3.19,3.19,3.19,3.19,3.19,3.19,3.19,3.19,3.19,3.19,3.19,3.19,3.19,3.19,3.19,3.19,3.19,3.19,3.19,3.19,3.19,3.19,3.19,3.19,3.19,3.19,3.19,3.19,3.19,3.19,3.19,3.19,3.19,3.19,3.19,3.19,3.19,3.19,3.19,3.19,3.19,3.19,3.19,3.19,3.19,3.19,3.19,3.19,3.19,3.19,3.19,3.19,3.19,3.19,3.19
83,3.48,3.48,3.48,3.48,3.48,3.48,3.48,3.48,3.48,3.48,3.48,3.48,3.48,3.48,3.48,3.48,3.48,3.48,3.48,3.48,3.48,3.48,3.48,3.48,3.48,3.48,3.48,3.48,3.48,3.48,3.48,3.48,3.48,3.48,3.48,3.48,3.48,3.48,3.48,3.48,3.48,3.48,3.48,3.48,3.48,3.48,3.48,3.48,3.48,3.48,3.48,3.48,3.48,3.48,3.48,3.48,3.48,3.48,3.48,3.48,3.48,3.48,3.48,3.48,3.48,3.48,3.48,3.48,3.48,3.48,3.48,3.48,3.48,3.48,3.48,3.48,3.48,3.48,3.48,3.48,3.48,3.48,3.48,3.48,3.48,3.48,3.48,3.48,3.48,3.48,3.48,3.48,3.48,3.48,3.48,3.48,3.48,3.48,3.48,3.48,3.48,3.48,3.48,3.48,3.48,3.48,3.48,3.48,3.48,3.48,3.48,3.48,3.48,3.48,3.48,3.48,3.48,3.48,3.48,3.48,3.48,3.48,3.48,3.48,3.48,3.48,3.48,3.48,3.48,3.48,3.48,3.48,3.48,3.48,3.48,3.48,3.48,3.48,3.48,3.48,3.48,3.48,3.48,3.48,3.48,3.48,3.48,3.48,3.48,3.48,3.48,3.48,3.48,3.48,3.48,3.48,3.48,3.48,3.48,3.48,3.48,3.48,3.48,3.48,3.48,3.48,3.48,3.48,3.48,3.48,3.48,3.48,3.48,3.48,3.48,3.48,3.48,3.48,3.48,3.48,3.48,3.48,3.48,3.48,3.48,3.48,3.48,3.48,3.48,3.48,3.48,3.48,3.48,3.48
89,3.73,3.73,3.73,3.73,3.73,3.73,3.73,3.73,3.73,3.73,3.73,3.73,3.73,3.73,3.73,3.73,3.73,3.73,3.73,3.73,3.73,3.73,3.73,3.73,3.73,3.73,3.73,3.73,3.73,3.73,3.73,3.73,3.73,3.73,3.73,3.73,3.73,3.73,3.73,3.73,3.73,3.73,3.73,3.73,3.73,3.73,3.73,3.73,3.73,3.73,3.73,3.73,3.73,3.73,3.73,3.73,3.73,3.73,3.73,3.73,3.73,3.73,3.73,3.73,3.73,3.73,3.73,3.73,3.73,3.73,3.73,3.73,3.73,3.73,3.73,3.73,3.73,3.73,3.73,3.73,3.73,3.73,3.73,3.73,3.73,3.73,3.73,3.73,3.73,3.73,3.73,3.73,3.73,3.73,3.73,3.73,3.73,3.73,3.73,3.73,3.73,3.73,3.73,3.73,3.73,3.73,3.73,3.73,3.73,3.73,3.73,3.73,3.73,3.73,3.73,3.73,3.73,3.73,3.73,3.73,3.73,3.73,3.73,3.73,3.73,3.73,3.73,3.73,3.73,3.73,3.73,3.73,3.73,3.73,3.73,3.73,3.73,3.73,3.73,3.73,3.73,3.73,3.73,3.73,3.73,3.73,3.73,3.73,3.73,3.73,3.73,3.73,3.73,3.73,3.73,3.73,3.73,3.73,3.73,3.73,3.73,3.73,3.73,3.73,3.73,3.73,3.73,3.73,3.73,3.73,3.73,3.73,3.73,3.73,3.73,3.73,3.73,3.73,3.73,3.73,3.73,3.73,3.73,3.73,3.73,3.73,3.73,3.73,3.73,3.73,3.73,3.73,3.73,3.73
91,3.825,3.825,3.825,3.825,3.825,3.825,3.825,3.825,3.825,3.825,3.825,3.825,3.825,3.825,3.825,3.825,3.825,3.825,3.825,3.825,3.825,3.825,3.825,3.825,3.825,3.825,3.825,3.825,3.825,3.825,3.825,3.825,3.825,3.825,3.825,3.825,3.825,3.825,3.825,3.825,3.825,3.825,3.825,3.825,3.825,3.825,3.825,3.825,3.825,3.825,3.825,3.825,3.825,3.825,3.825,3.825,3.825,3.825,3.825,3.825,3.825,3.825,3.825,3.825,3.825,3.825,3.825,3.825,3.825,3.825,3.825,3.825,3.825,3.825,3.825,3.825,3.825,3.825,3.825,3.825,3.825,3.825,3.825,3.825,3.825,3.825,3.825,3.825,3.825,3.825,3.825,3.825,3.825,3.825,3.825,3.825,3.825,3.825,3.825,3.825,3.825,3.825,3.825,3.825,3.825,3.825,3.825,3.825,3.825,3.825,3.825,3.825,3.825,3.825,3.825,3.825,3.825,3.825,3.825,3.825,3.825,3.825,3.825,3.825,3.825,3.825,3.825,3.825,3.825,3.825,3.825,3.825,3.825,3.825,3.825,3.825,3.825,3.825,3.825,3.825,3.825,3.825,3.825,3.825,3.825,3.825,3.825,3.825,3.825,3.825,3.825,3.825,3.825,3.825,3.825,3.825,3.825,3.825,3.825,3.825,3.825,3.825,3.825,3.825,3.825,3.825,3.825,3.825,3.825,3.825,3.825,3.825,3.825,3.825,3.825,3.825,3.825,3.825,3.825,3.825,3.825,3.825,3.825,3.825,3.825,3.825,3.825,3.825,3.825,3.825,3.825,3.825,3.825,3.825
92,3.36,3.36,3.36,3.36,3.36,3.36,3.36,3.36,3.36,3.36,3.36,3.36,3.36,3.36,3.36,3.36,3.36,3.36,3.36,3.36,3.36,3.36,3.36,3.36,3.36,3.36,3.36,3.36,3.36,3.36,3.36,3.36,3.36,3.36,3.36,3.36,3.36,3.36,3.36,3.36,3.36,3.36,3.36,3.36,3.36,3.36,3.36,3.36,3.36,3.36,3.36,3.36,3.36,3.36,3.36,3.36,3.36,3.36,3.36,3.36,3.36,3.36,3.36,3.36,3.36,3.36,3.36,3.36,3.36,3.36,3.36,3.36,3.36,3.36,3.36,3.36,3.36,3.36,3.36,3.36,3.36,3.36,3.36,3.36,3.36,3.36,3.36,3.36,3.36,3.36,3.36,3.36,3.36,3.36,3.36,3.36,3.36,3.36,3.36,3.36,3.36,3.36,3.36,3.36,3.36,3.36,3.36,3.36,3.36,3.36,3.36,3.36,3.36,3.36,3.36,3.36,3.36,3.36,3.36,3.36,3.36,3.36,3.36,3.36,3.36,3.36,3.36,3.36,3.36,3.36,3.36,3.36,3.36,3.36,3.36,3.36,3.36,3.36,3.36,3.36,3.36,3.36,3.36,3.36,3.36,3.36,3.36,3.36,3.36,3.36,3.36,3.36,3.36,3.36,3.36,3.36,3.36,3.36,3.36,3.36,3.36,3.36,3.36,3.36,3.36,3.36,3.36,3.36,3.36,3.36,3.36,3.36,3.36,3.36,3.36,3.36,3.36,3.36,3.36,3.36,3.36,3.36,3.36,3.36,3.36,3.36,3.36,3.36,3.36,3.36,3.36,3.36,3.36,3.36
95,3.5250000000000004,3.5250000000000004,3.5250000000000004,3.5250000000000004,3.5250000000000004,3.5250000000000004,3.5250000000000004,3.5250000000000004,3.5250000000000004,3.5250000000000004,3.5250000000000004,3.5250000000000004,3.5250000000000004,3.5250000000000004,3.5250000000000004,3.5250000000000004,3.5250000000000004,3.5250000000000004,3.5250000000000004,3.5250000000000004,3.5250000000000004,3.5250000000000004,3.5250000000000004,3.5250000000000004,3.5250000000000004,3.5250000000000004,3.5250000000000004,3.5250000000000004,3.5250000000000004,3.5250000000000004,3.5250000000000004,3.5250000000000004,3.5250000000000004,3.5250000000000004,3.5250000000000004,3.5250000000000004,3.5250000000000004,3.5250000000000004,3.5250000000000004,3.5250000000000004,3.5250000000000004,3.5250000000000004,3.5250000000000004,3.5250000000000004,3.5250000000000004,3.5250000000000004,3.5250000000000004,3.5250000000000004,3.5250000000000004,3.5250000000000004,3.5250000000000004,3.5250000000000004,3.5250000000000004,3.5250000000000004,3.5250000000000004,3.5250000000000004,3.5250000000000004,3.5250000000000004,3.5250000000000004,3.5250000000000004,3.5250000000000004,3.5250000000000004,3.5250000000000004,3.5250000000000004,3.5250000000000004,3.5250000000000004,3.5250000000000004,3.5250000000000004,3.5250000000000004,3.5250000000000004,3.5250000000000004,3.5250000000000004,3.5250000000000004,3.5250000000000004,3.5250000000000004,3.5250000000000004,3.5250000000000004,3.5250000000000004,3.5250000000000004,3.5250000000000004,3.5250000000000004,3.5250000000000004,3.5250000000000004,3.5250000000000004,3.5250000000000004,3.5250000000000004,3.5250000000000004,3.5250000000000004,3.5250000000000004,3.5250000000000004,3.5250000000000004,3.5250000000000004,3.5250000000000004,3.5250000000000004,3.5250000000000004,3.5250000000000004,3.5250000000000004,3.5250000000000004,3.5250000000000004,3.5250000000000004,3.5250000000000004,3.5250000000000004,3.5250000000000004,3.5250000000000004,3.5250000000000004,3.5250000000000004,3.5250000000000004,3.5250000000000004,3.5250000000000004,3.5250000000000004,3.5250000000000004,3.5250000000000004,3.5250000000000004,3.5250000000000004,3.5250000000000004,3.5250000000000004,3.5250000000000004,3.5250000000000004,3.5250000000000004,3.5250000000000004,3.5250000000000004,3.5250000000000004,3.5250000000000004,3.5250000000000004,3.5250000000000004,3.5250000000000004,3.5250000000000004,3.5250000000000004,3.5250000000000004,3.5250000000000004,3.5250000000000004,3.5250000000000004,3.5250000000000004,3.5250000000000004,3.5250000000000004,3.5250000000000004,3.5250000000000004,3.5250000000000004,3.5250000000000004,3.5250000000000004,3.5250000000000004,3.5250000000000004,3.5250000000000004,3.5250000000000004,3.5250000000000004,3.5250000000000004,3.5250000000000004,3.5250000000000004,3.5250000000000004,3.5250000000000004,3.5250000000000004,3.5250000000000004,3.5250000000000004,3.5250000000000004,3.5250000000000004,3.5250000000000004,3.5250000000000004,3.5250000000000004,3.5250000000000004,3.5250000000000004,3.5250000000000004,3.5250000000000004,3.5250000000000004,3.5250000000000004,3.5250000000000004,3.5250000000000004,3.5250000000000004,3.5250000000000004,3.5250000000000004,3.5250000000000004,3.5250000000000004,3.5250000000000004,3.5250000000000004,3.5250000000000004,3.5250000000000004,3.5250000000000004,3.5250000000000004,3.5250000000000004,3.5250000000000004,3.5250000000000004,3.5250000000000004,3.5250000000000004,3.5250000000000004,3.5250000000000004,3.5250000000000004,3.5250000000000004,3.5250000000000004,3.5250000000000004,3.5250000000000004,3.5250000000000004,3.5250000000000004,3.5250000000000004,3.5250000000000004,3.5250000000000004
96,3.495,3.495,3.495,3.495,3.495,3.495,3.495,3.495,3.495,3.495,3.495,3.495,3.495,3.495,3.495,3.495,3.495,3.495,3.495,3.495,3.495,3.495,3.495,3.495,3.495,3.495,3.495,3.495,3.495,3.495,3.495,3.495,3.495,3.495,3.495,3.495,3.495,3.495,3.495,3.495,3.495,3.495,3.495,3.495,3.495,3.495,3.495,3.495,3.495,3.495,3.495,3.495,3.495,3.495,3.495,3.495,3.495,3.495,3.495,3.495,3.495,3.495,3.495,3.495,3.495,3.495,3.495,3.495,3.495,3.495,3.495,3.495,3.495,3.495,3.495,3.495,3.495,3.495,3.495,3.495,3.495,3.495,3.495,3.495,3.495,3.495,3.495,3.495,3.495,3.495,3.495,3.495,3.495,3.495,3.495,3.495,3.495,3.495,3.495,3.495,3.495,3.495,3.495,3.495,3.495,3.495,3.495,3.495,3.495,3.495,3.495,3.495,3.495,3.495,3.495,3.495,3.495,3.495,3.495,3.495,3.495,3.495,3.495,3.495,3.495,3.495,3.495,3.495,3.495,3.495,3.495,3.495,3.495,3.495,3.495,3.495,3.495,3.495,3.495,3.495,3.495,3.495,3.495,3.495,3.495,3.495,3.495,3.495,3.495,3.495,3.495,3.495,3.495,3.495,3.495,3.495,3.495,3.495,3.495,3.495,3.495,3.495,3.495,3.495,3.495,3.495,3.495,3.495,3.495,3.495,3.495,3.495,3.495,3.495,3.495,3.495,3.495,3.495,3.495,3.495,3.495,3.495,3.495,3.495,3.495,3.495,3.495,3.495,3.495,3.495,3.495,3.495,3.495,3.495
97,3.5700000000000003,3.5700000000000003,3.5700000000000003,3.5700000000000003,3.5700000000000003,3.5700000000000003,3.5700000000000003,3.5700000000000003,3.5700000000000003,3.5700000000000003,3.5700000000000003,3.5700000000000003,3.5700000000000003,3.5700000000000003,3.5700000000000003,3.5700000000000003,3.5700000000000003,3.5700000000000003,3.5700000000000003,3.5700000000000003,3.5700000000000003,3.5700000000000003,3.5700000000000003,3.5700000000000003,3.5700000000000003,3.5700000000000003,3.5700000000000003,3.5700000000000003,3.5700000000000003,3.5700000000000003,3.5700000000000003,3.5700000000000003,3.5700000000000003,3.5700000000000003,3.5700000000000003,3.5700000000000003,3.5700000000000003,3.5700000000000003,3.5700000000000003,3.5700000000000003,3.5700000000000003,3.5700000000000003,3.5700000000000003,3.5700000000000003,3.5700000000000003,3.5700000000000003,3.5700000000000003,3.5700000000000003,3.5700000000000003,3.5700000000000003,3.5700000000000003,3.5700000000000003,3.5700000000000003,3.5700000000000003,3.5700000000000003,3.5700000000000003,3.5700000000000003,3.5700000000000003,3.5700000000000003,3.5700000000000003,3.5700000000000003,3.5700000000000003,3.5700000000000003,3.5700000000000003,3.5700000000000003,3.5700000000000003,3.5700000000000003,3.5700000000000003,3.5700000000000003,3.5700000000000003,3.5700000000000003,3.5700000000000003,3.5700000000000003,3.5700000000000003,3.5700000000000003,3.5700000000000003,3.5700000000000003,3.5700000000000003,3.5700000000000003,3.5700000000000003,3.5700000000000003,3.5700000000000003,3.5700000000000003,3.5700000000000003,3.5700000000000003,3.5700000000000003,3.5700000000000003,3.5700000000000003,3.5700000000000003,3.5700000000000003,3.5700000000000003,3.5700000000000003,3.5700000000000003,3.5700000000000003,3.5700000000000003,3.5700000000000003,3.5700000000000003,3.5700000000000003,3.5700000000000003,3.5700000000000003,3.5700000000000003,3.5700000000000003,3.5700000000000003,3.5700000000000003,3.5700000000000003,3.5700000000000003,3.5700000000000003,3.5700000000000003,3.5700000000000003,3.5700000000000003,3.5700000000000003,3.5700000000000003,3.5700000000000003,3.5700000000000003,3.5700000000000003,3.5700000000000003,3.5700000000000003,3.5700000000000003,3.5700000000000003,3.5700000000000003,3.5700000000000003,3.5700000000000003,3.5700000000000003,3.5700000000000003,3.5700000000000003,3.5700000000000003,3.5700000000000003,3.5700000000000003,3.5700000000000003,3.5700000000000003,3.5700000000000003,3.5700000000000003,3.5700000000000003,3.5700000000000003,3.5700000000000003,3.5700000000000003,3.5700000000000003,3.5700000000000003,3.5700000000000003,3.5700000000000003,3.5700000000000003,3.5700000000000003,3.5700000000000003,3.5700000000000003,3.5700000000000003,3.5700000000000003,3.5700000000000003,3.5700000000000003,3.5700000000000003,3.5700000000000003,3.5700000000000003,3.5700000000000003,3.5700000000000003,3.5700000000000003,3.5700000000000003,3.5700000000000003,3.5700000000000003,3.5700000000000003,3.5700000000000003,3.5700000000000003,3.5700000000000003,3.5700000000000003,3.5700000000000003,3.5700000000000003,3.5700000000000003,3.5700000000000003,3.5700000000000003,3.5700000000000003,3.5700000000000003,3.5700000000000003,3.5700000000000003,3.5700000000000003,3.5700000000000003,3.5700000000000003,3.5700000000000003,3.5700000000000003,3.5700000000000003,3.5700000000000003,3.5700000000000003,3.5700000000000003,3.5700000000000003,3.5700000000000003,3.5700000000000003,3.5700000000000003,3.5700000000000003,3.5700000000000003,3.5700000000000003,3.5700000000000003,3.5700000000000003,3.5700000000000003,3.5700000000000003,3.5700000000000003,3.5700000000000003,3.5700000000000003
98,3.62,3.62,3.62,3.62,3.62,3.62,3.62,3.62,3.62,3.62,3.62,3.62,3.62,3.62,3.62,3.62,3.62,3.62,3.62,3.62,3.62,3.62,3.62,3.62,3.62,3.62,3.62,3.62,3.62,3.62,3.62,3.62,3.62,3.62,3.62,3.62,3.62,3.62,3.62,3.62,3.62,3.62,3.62,3.62,3.62,3.62,3.62,3.62,3.62,3.62,3.62,3.62,3.62,3.62,3.62,3.62,3.62,3.62,3.62,3.62,3.62,3.62,3.62,3.62,3.62,3.62,3.62,3.62,3.62,3.62,3.62,3.62,3.62,3.62,3.62,3.62,3.62,3.62,3.62,3.62,3.62,3.62,3.62,3.62,3.62,3.62,3.62,3.62,3.62,3.62,3.62,3.62,3.62,3.62,3.62,3.62,3.62,3.62,3.62,3.62,3.62,3.62,3.62,3.62,3.62,3.62,3.62,3.62,3.62,3.62,3.62,3.62,3.62,3.62,3.62,3.62,3.62,3.62,3.62,3.62,3.62,3.62,3.62,3.62,3.62,3.62,3.62,3.62,3.62,3.62,3.62,3.62,3.62,3.62,3.62,3.62,3.62,3.62,3.62,3.62,3.62,3.62,3.62,3.62,3.62,3.62,3.62,3.62,3.62,3.62,3.62,3.62,3.62,3.62,3.62,3.62,3.62,3.62,3.62,3.62,3.62,3.62,3.62,3.62,3.62,3.62,3.62,3.62,3.62,3.62,3.62,3.62,3.62,3.62,3.62,3.62,3.62,3.62,3.62,3.62,3.62,3.62,3.62,3.62,3.62,3.62,3.62,3.62,3.62,3.62,3.62,3.62,3.62,3.62
99,3.49,3.49,3.49,3.49,3.49,3.49,3.49,3.49,3.49,3.49,3.49,3.49,3.49,3.49,3.49,3.49,3.49,3.49,3.49,3.49,3.49,3.49,3.49,3.49,3.49,3.49,3.49,3.49,3.49,3.49,3.49,3.49,3.49,3.49,3.49,3.49,3.49,3.49,3.49,3.49,3.49,3.49,3.49,3.49,3.49,3.49,3.49,3.49,3.49,3.49,3.49,3.49,3.49,3.49,3.49,3.49,3.49,3.49,3.49,3.49,3.49,3.49,3.49,3.49,3.49,3.49,3.49,3.49,3.49,3.49,3.49,3.49,3.49,3.49,3.49,3.49,3.49,3.49,3.49,3.49,3.49,3.49,3.49,3.49,3.49,3.49,3.49,3.49,3.49,3.49,3.49,3.49,3.49,3.49,3.49,3.49,3.49,3.49,3.49,3.49,3.49,3.49,3.49,3.49,3.49,3.49,3.49,3.49,3.49,3.49,3.49,3.49,3.49,3.49,3.49,3.49,3.49,3.49,3.49,3.49,3.49,3.49,3.49,3.49,3.49,3.49,3.49,3.49,3.49,3.49,3.49,3.49,3.49,3.49,3.49,3.49,3.49,3.49,3.49,3.49,3.49,3.49,3.49,3.49,3.49,3.49,3.49,3.49,3.49,3.49,3.49,3.49,3.49,3.49,3.49,3.49,3.49,3.49,3.49,3.49,3.49,3.49,3.49,3.49,3.49,3.49,3.49,3.49,3.49,3.49,3.49,3.49,3.49,3.49,3.49,3.49,3.49,3.49,3.49,3.49,3.49,3.49,3.49,3.49,3.49,3.49,3.49,3.49,3.49,3.49,3.49,3.49,3.49,3.49
100,4.105,4.105,4.105,4.105,4.105,4.105,4.105,4.105,4.105,4.105,4.105,4.105,4.105,4.105,4.105,4.105,4.105,4.105,4.105,4.105,4.105,4.105,4.105,4.105,4.105,4.105,4.105,4.105,4.105,4.105,4.105,4.105,4.105,4.105,4.105,4.105,4.105,4.105,4.105,4.105,4.105,4.105,4.105,4.105,4.105,4.105,4.105,4.105,4.105,4.105,4.105,4.105,4.105,4.105,4.105,4.105,4.105,4.105,4.105,4.105,4.105,4.105,4.105,4.105,4.105,4.105,4.105,4.105,4.105,4.105,4.105,4.105,4.105,4.105,4.105,4.105,4.105,4.105,4.105,4.105,4.105,4.105,4.105,4.105,4.105,4.105,4.105,4.105,4.105,4.105,4.105,4.105,4.105,4.105,4.105,4.105,4.105,4.105,4.105,4.105,4.105,4.105,4.105,4.105,4.105,4.105,4.105,4.105,4.105,4.105,4.105,4.105,4.105,4.105,4.105,4.105,4.105,4.105,4.105,4.105,4.105,4.105,4.105,4.105,4.105,4.105,4.105,4.105,4.105,4.105,4.105,4.105,4.105,4.105,4.105,4.105,4.105,4.105,4.105,4.105,4.105,4.105,4.105,4.105,4.105,4.105,4.105,4.105,4.105,4.105,4.105,4.105,4.105,4.105,4.105,4.105,4.105,4.105,4.105,4.105,4.105,4.105,4.105,4.105,4.105,4.105,4.105,4.105,4.105,4.105,4.105,4.105,4.105,4.105,4.105,4.105,4.105,4.105,4.105,4.105,4.105,4.105,4.105,4.105,4.105,4.105,4.105,4.105,4.105,4.105,4.105,4.105,4.105,4.105
101,3.725,3.725,3.725,3.725,3.725,3.725,3.725,3.725,3.725,3.725,3.725,3.725,3.725,3.725,3.725,3.725,3.725,3.725,3.725,3.725,3.725,3.725,3.725,3.725,3.725,3.725,3.725,3.725,3.725,3.725,3.725,3.725,3.725,3.725,3.725,3.725,3.725,3.725,3.725,3.725,3.725,3.725,3.725,3.725,3.725,3.725,3.725,3.725,3.725,3.725,3.725,3.725,3.725,3.725,3.725,3.725,3.725,3.725,3.725,3.725,3.725,3.725,3.725,3.725,3.725,3.725,3.725,3.725,3.725,3.725,3.725,3.725,3.725,3.725,3.725,3.725,3.725,3.725,3.725,3.725,3.725,3.725,3.725,3.725,3.725,3.725,3.725,3.725,3.725,3.725,3.725,3.725,3.725,3.725,3.725,3.725,3.725,3.725,3.725,3.725,3.725,3.725,3.725,3.725,3.725,3.725,3.725,3.725,3.725,3.725,3.725,3.725,3.725,3.725,3.725,3.725,3.725,3.725,3.725,3.725,3.725,3.725,3.725,3.725,3.725,3.725,3.725,3.725,3.725,3.725,3.725,3.725,3.725,3.725,3.725,3.725,3.725,3.725,3.725,3.725,3.725,3.725,3.725,3.725,3.725,3.725,3.725,3.725,3.725,3.725,3.725,3.725,3.725,3.725,3.725,3.725,3.725,3.725,3.725,3.725,3.725,3.725,3.725,3.725,3.725,3.725,3.725,3.725,3.725,3.725,3.725,3.725,3.725,3.725,3.725,3.725,3.725,3.725,3.725,3.725,3.725,3.725,3.725,3.725,3.725,3.725,3.725,3.725,3.725,3.725,3.725,3.725,3.725,3.725
102,4.48,4.48,4.48,4.48,4.48,4.48,4.48,4.48,4.48,4.48,4.48,4.48,4.48,4.48,4.48,4.48,4.48,4.48,4.48,4.48,4.48,4.48,4.48,4.48,4.48,4.48,4.48,4.48,4.48,4.48,4.48,4.48,4.48,4.48,4.48,4.48,4.48,4.48,4.48,4.48,4.48,4.48,4.48,4.48,4.48,4.48,4.48,4.48,4.48,4.48,4.48,4.48,4.48,4.48,4.48,4.48,4.48,4.48,4.48,4.48,4.48,4.48,4.48,4.48,4.48,4.48,4.48,4.48,4.48,4.48,4.48,4.48,4.48,4.48,4.48,4.48,4.48,4.48,4.48,4.48,4.48,4.48,4.48,4.48,4.48,4.48,4.48,4.48,4.48,4.48,4.48,4.48,4.48,4.48,4.48,4.48,4.48,4.48,4.48,4.48,4.48,4.48,4.48,4.48,4.48,4.48,4.48,4.48,4.48,4.48,4.48,4.48,4.48,4.48,4.48,4.48,4.48,4.48,4.48,4.48,4.48,4.48,4.48,4.48,4.48,4.48,4.48,4.48,4.48,4.48,4.48,4.48,4.48,4.48,4.48,4.48,4.48,4.48,4.48,4.48,4.48,4.48,4.48,4.48,4.48,4.48,4.48,4.48,4.48,4.48,4.48,4.48,4.48,4.48,4.48,4.48,4.48,4.48,4.48,4.48,4.48,4.48,4.48,4.48,4.48,4.48,4.48,4.48,4.48,4.48,4.48,4.48,4.48,4.48,4.48,4.48,4.48,4.48,4.48,4.48,4.48,4.48,4.48,4.48,4.48,4.48,4.48,4.48,4.48,4.48,4.48,4.48,4.48,4.48
110,3.8049999999999997,3.8049999999999997,3.8049999999999997,3.8049999999999997,3.8049999999999997,3.8049999999999997,3.8049999999999997,3.8049999999999997,3.8049999999999997,3.8049999999999997,3.8049999999999997,3.8049999999999997,3.8049999999999997,3.8049999999999997,3.8049999999999997,3.8049999999999997,3.8049999999999997,3.8049999999999997,3.8049999999999997,3.8049999999999997,3.8049999999999997,3.8049999999999997,3.8049999999999997,3.8049999999999997,3.8049999999999997,3.8049999999999997,3.8049999999999997,3.8049999999999997,3.8049999999999997,3.8049999999999997,3.8049999999999997,3.8049999999999997,3.8049999999999997,3.8049999999999997,3.8049999999999997,3.8049999999999997,3.8049999999999997,3.8049999999999997,3.8049999999999997,3.8049999999999997,3.8049999999999997,3.8049999999999997,3.8049999999999997,3.8049999999999997,3.8049999999999997,3.8049999999999997,3.8049999999999997,3.8049999999999997,3.8049999999999997,3.8049999999999997,3.8049999999999997,3.8049999999999997,3.8049999999999997,3.8049999999999997,3.8049999999999997,3.8049999999999997,3.8049999999999997,3.8049999999999997,3.8049999999999997,3.8049999999999997,3.8049999999999997,3.8049999999999997,3.8049999999999997,3.8049999999999997,3.8049999999999997,3.8049999999999997,3.8049999999999997,3.8049999999999997,3.8049999999999997,3.8049999999999997,3.8049999999999997,3.8049999999999997,3.8049999999999997,3.8049999999999997,3.8049999999999997,3.8049999999999997,3.8049999999999997,3.8049999999999997,3.8049999999999997,3.8049999999999997,3.8049999999999997,3.8049999999999997,3.8049999999999997,3.8049999999999997,3.8049999999999997,3.8049999999999997,3.8049999999999997,3.8049999999999997,3.8049999999999997,3.8049999999999997,3.8049999999999997,3.8049999999999997,3.8049999999999997,3.8049999999999997,3.8049999999999997,3.8049999999999997,3.8049999999999997,3.8049999999999997,3.8049999999999997,3.8049999999999997,3.8049999999999997,3.8049999999999997,3.8049999999999997,3.8049999999999997,3.8049999999999997,3.8049999999999997,3.8049999999999997,3.8049999999999997,3.8049999999999997,3.8049999999999997,3.8049999999999997,3.8049999999999997,3.8049999999999997,3.8049999999999997,3.8049999999999997,3.8049999999999997,3.8049999999999997,3.8049999999999997,3.8049999999999997,3.8049999999999997,3.8049999999999997,3.8049999999999997,3.8049999999999997,3.8049999999999997,3.8049999999999997,3.8049999999999997,3.8049999999999997,3.8049999999999997,3.8049999999999997,3.8049999999999997,3.8049999999999997,3.8049999999999997,3.8049999999999997,3.8049999999999997,3.8049999999999997,3.8049999999999997,3.8049999999999997,3.8049999999999997,3.8049999999999997,3.8049999999999997,3.8049999999999997,3.8049999999999997,3.8049999999999997,3.8049999999999997,3.8049999999999997,3.8049999999999997,3.8049999999999997,3.8049999999999997,3.8049999999999997,3.8049999999999997,3.8049999999999997,3.8049999999999997,3.8049999999999997,3.8049999999999997,3.8049999999999997,3.8049999999999997,3.8049999999999997,3.8049999999999997,3.8049999999999997,3.8049999999999997,3.8049999999999997,3.8049999999999997,3.8049999999999997,3.8049999999999997,3.8049999999999997,3.8049999999999997,3.8049999999999997,3.8049999999999997,3.8049999999999997,3.8049999999999997,3.8049999999999997,3.8049999999999997,3.8049999999999997,3.8049999999999997,3.8049999999999997,3.8049999999999997,3.8049999999999997,3.8049999999999997,3.8049999999999997,3.8049999999999997,3.8049999999999997,3.8049999999999997,3.8049999999999997,3.8049999999999997,3.8049999999999997,3.8049999999999997,3.8049999999999997,3.8049999999999997,3.8049999999999997,3.8049999999999997,3.8049999999999997,3.8049999999999997,3.8049999999999997,3.8049999999999997
111,3.815,3.815,3.815,3.815,3.815,3.815,3.815,3.815,3.815,3.815,3.815,3.815,3.815,3.815,3.815,3.815,3.815,3.815,3.815,3.815,3.815,3.815,3.815,3.815,3.815,3.815,3.815,3.815,3.815,3.815,3.815,3.815,3.815,3.815,3.815,3.815,3.815,3.815,3.815,3.815,3.815,3.815,3.815,3.815,3.815,3.815,3.815,3.815,3.815,3.815,3.815,3.815,3.815,3.815,3.815,3.815,3.815,3.815,3.815,3.815,3.815,3.815,3.815,3.815,3.815,3.815,3.815,3.815,3.815,3.815,3.815,3.815,3.815,3.815,3.815,3.815,3.815,3.815,3.815,3.815,3.815,3.815,3.815,3.815,3.815,3.815,3.815,3.815,3.815,3.815,3.815,3.815,3.815,3.815,3.815,3.815,3.815,3.815,3.815,3.815,3.815,3.815,3.815,3.815,3.815,3.815,3.815,3.815,3.815,3.815,3.815,3.815,3.815,3.815,3.815,3.815,3.815,3.815,3.815,3.815,3.815,3.815,3.815,3.815,3.815,3.815,3.815,3.815,3.815,3.815,3.815,3.815,3.815,3.815,3.815,3.815,3.815,3.815,3.815,3.815,3.815,3.815,3.815,3.815,3.815,3.815,3.815,3.815,3.815,3.815,3.815,3.815,3.815,3.815,3.815,3.815,3.815,3.815,3.815,3.815,3.815,3.815,3.815,3.815,3.815,3.815,3.815,3.815,3.815,3.815,3.815,3.815,3.815,3.815,3.815,3.815,3.815,3.815,3.815,3.815,3.815,3.815,3.815,3.815,3.815,3.815,3.815,3.815,3.815,3.815,3.815,3.815,3.815,3.815
113,3.605,3.605,3.605,3.605,3.605,3.605,3.605,3.605,3.605,3.605,3.605,3.605,3.605,3.605,3.605,3.605,3.605,3.605,3.605,3.605,3.605,3.605,3.605,3.605,3.605,3.605,3.605,3.605,3.605,3.605,3.605,3.605,3.605,3.605,3.605,3.605,3.605,3.605,3.605,3.605,3.605,3.605,3.605,3.605,3.605,3.605,3.605,3.605,3.605,3.605,3.605,3.605,3.605,3.605,3.605,3.605,3.605,3.605,3.605,3.605,3.605,3.605,3.605,3.605,3.605,3.605,3.605,3.605,3.605,3.605,3.605,3.605,3.605,3.605,3.605,3.605,3.605,3.605,3.605,3.605,3.605,3.605,3.605,3.605,3.605,3.605,3.605,3.605,3.605,3.605,3.605,3.605,3.605,3.605,3.605,3.605,3.605,3.605,3.605,3.605,3.605,3.605,3.605,3.605,3.605,3.605,3.605,3.605,3.605,3.605,3.605,3.605,3.605,3.605,3.605,3.605,3.605,3.605,3.605,3.605,3.605,3.605,3.605,3.605,3.605,3.605,3.605,3.605,3.605,3.605,3.605,3.605,3.605,3.605,3.605,3.605,3.605,3.605,3.605,3.605,3.605,3.605,3.605,3.605,3.605,3.605,3.605,3.605,3.605,3.605,3.605,3.605,3.605,3.605,3.605,3.605,3.605,3.605,3.605,3.605,3.605,3.605,3.605,3.605,3.605,3.605,3.605,3.605,3.605,3.605,3.605,3.605,3.605,3.605,3.605,3.605,3.605,3.605,3.605,3.605,3.605,3.605,3.605,3.605,3.605,3.605,3.605,3.605,3.605,3.605,3.605,3.605,3.605,3.605
115,3.66,3.66,3.66,3.66,3.66,3.66,3.66,3.66,3.66,3.66,3.66,3.66,3.66,3.66,3.66,3.66,3.66,3.66,3.66,3.66,3.66,3.66,3.66,3.66,3.66,3.66,3.66,3.66,3.66,3.66,3.66,3.66,3.66,3.66,3.66,3.66,3.66,3.66,3.66,3.66,3.66,3.66,3.66,3.66,3.66,3.66,3.66,3.66,3.66,3.66,3.66,3.66,3.66,3.66,3.66,3.66,3.66,3.66,3.66,3.66,3.66,3.66,3.66,3.66,3.66,3.66,3.66,3.66,3.66,3.66,3.66,3.66,3.66,3.66,3.66,3.66,3.66,3.66,3.66,3.66,3.66,3.66,3.66,3.66,3.66,3.66,3.66,3.66,3.66,3.66,3.66,3.66,3.66,3.66,3.66,3.66,3.66,3.66,3.66,3.66,3.66,3.66,3.66,3.66,3.66,3.66,3.66,3.66,3.66,3.66,3.66,3.66,3.66,3.66,3.66,3.66,3.66,3.66,3.66,3.66,3.66,3.66,3.66,3.66,3.66,3.66,3.66,3.66,3.66,3.66,3.66,3.66,3.66,3.66,3.66,3.66,3.66,3.66,3.66,3.66,3.66,3.66,3.66,3.66,3.66,3.66,3.66,3.66,3.66,3.66,3.66,3.66,3.66,3.66,3.66,3.66,3.66,3.66,3.66,3.66,3.66,3.66,3.66,3.66,3.66,3.66,3.66,3.66,3.66,3.66,3.66,3.66,3.66,3.66,3.66,3.66,3.66,3.66,3.66,3.66,3.66,3.66,3.66,3.66,3.66,3.66,3.66,3.66,3.66,3.66,3.66,3.66,3.66,3.66
121,3.355,3.355,3.355,3.355,3.355,3.355,3.355,3.355,3.355,3.355,3.355,3.355,3.355,3.355,3.355,3.355,3.355,3.355,3.355,3.355,3.355,3.355,3.355,3.355,3.355,3.355,3.355,3.355,3.355,3.355,3.355,3.355,3.355,3.355,3.355,3.355,3.355,3.355,3.355,3.355,3.355,3.355,3.355,3.355,3.355,3.355,3.355,3.355,3.355,3.355,3.355,3.355,3.355,3.355,3.355,3.355,3.355,3.355,3.355,3.355,3.355,3.355,3.355,3.355,3.355,3.355,3.355,3.355,3.355,3.355,3.355,3.355,3.355,3.355,3.355,3.355,3.355,3.355,3.355,3.355,3.355,3.355,3.355,3.355,3.355,3.355,3.355,3.355,3.355,3.355,3.355,3.355,3.355,3.355,3.355,3.355,3.355,3.355,3.355,3.355,3.355,3.355,3.355,3.355,3.355,3.355,3.355,3.355,3.355,3.355,3.355,3.355,3.355,3.355,3.355,3.355,3.355,3.355,3.355,3.355,3.355,3.355,3.355,3.355,3.355,3.355,3.355,3.355,3.355,3.355,3.355,3.355,3.355,3.355,3.355,3.355,3.355,3.355,3.355,3.355,3.355,3.355,3.355,3.355,3.355,3.355,3.355,3.355,3.355,3.355,3.355,3.355,3.355,3.355,3.355,3.355,3.355,3.355,3.355,3.355,3.355,3.355,3.355,3.355,3.355,3.355,3.355,3.355,3.355,3.355,3.355,3.355,3.355,3.355,3.355,3.355,3.355,3.355,3.355,3.355,3.355,3.355,3.355,3.355,3.355,3.355,3.355,3.355,3.355,3.355,3.355,3.355,3.355,3.355
126,4.859999999999999,4.859999999999999,4.859999999999999,4.859999999999999,4.859999999999999,4.859999999999999,4.859999999999999,4.859999999999999,4.859999999999999,4.859999999999999,4.859999999999999,4.859999999999999,4.859999999999999,4.859999999999999,4.859999999999999,4.859999999999999,4.859999999999999,4.859999999999999,4.859999999999999,4.859999999999999,4.859999999999999,4.859999999999999,4.859999999999999,4.859999999999999,4.859999999999999,4.859999999999999,4.859999999999999,4.859999999999999,4.859999999999999,4.859999999999999,4.859999999999999,4.859999999999999,4.859999999999999,4.859999999999999,4.859999999999999,4.859999999999999,4.859999999999999,4.859999999999999,4.859999999999999,4.859999999999999,4.859999999999999,4.859999999999999,4.859999999999999,4.859999999999999,4.859999999999999,4.859999999999999,4.859999999999999,4.859999999999999,4.859999999999999,4.859999999999999,4.859999999999999,4.859999999999999,4.859999999999999,4.859999999999999,4.859999999999999,4.859999999999999,4.859999999999999,4.859999999999999,4.859999999999999,4.859999999999999,4.859999999999999,4.859999999999999,4.859999999999999,4.859999999999999,4.859999999999999,4.859999999999999,4.859999999999999,4.859999999999999,4.859999999999999,4.859999999999999,4.859999999999999,4.859999999999999,4.859999999999999,4.859999999999999,4.859999999999999,4.859999999999999,4.859999999999999,4.859999999999999,4.859999999999999,4.859999999999999,4.859999999999999,4.859999999999999,4.859999999999999,4.859999999999999,4.859999999999999,4.859999999999999,4.859999999999999,4.859999999999999,4.859999999999999,4.859999999999999,4.859999999999999,4.859999999999999,4.859999999999999,4.859999999999999,4.859999999999999,4.859999999999999,4.859999999999999,4.859999999999999,4.859999999999999,4.859999999999999,4.859999999999999,4.859999999999999,4.859999999999999,4.859999999999999,4.859999999999999,4.859999999999999,4.859999999999999,4.859999999999999,4.859999999999999,4.859999999999999,4.859999999999999,4.859999999999999,4.859999999999999,4.859999999999999,4.859999999999999,4.859999999999999,4.859999999999999,4.859999999999999,4.859999999999999,4.859999999999999,4.859999999999999,4.859999999999999,4.859999999999999,4.859999999999999,4.859999999999999,4.859999999999999,4.859999999999999,4.859999999999999,4.859999999999999,4.859999999999999,4.859999999999999,4.859999999999999,4.859999999999999,4.859999999999999,4.859999999999999,4.859999999999999,4.859999999999999,4.859999999999999,4.859999999999999,4.859999999999999,4.859999999999999,4.859999999999999,4.859999999999999,4.859999999999999,4.859999999999999,4.859999999999999,4.859999999999999,4.859999999999999,4.859999999999999,4.859999999999999,4.859999999999999,4.859999999999999,4.859999999999999,4.859999999999999,4.859999999999999,4.859999999999999,4.859999999999999,4.859999999999999,4.859999999999999,4.859999999999999,4.859999999999999,4.859999999999999,4.859999999999999,4.859999999999999,4.859999999999999,4.859999999999999,4.859999999999999,4.859999999999999,4.859999999999999,4.859999999999999,4.859999999999999,4.859999999999999,4.859999999999999,4.859999999999999,4.859999999999999,4.859999999999999,4.859999999999999,4.859999999999999,4.859999999999999,4.859999999999999,4.859999999999999,4.859999999999999,4.859999999999999,4.859999999999999,4.859999999999999,4.859999999999999,4.859999999999999,4.859999999999999,4.859999999999999,4.859999999999999,4.859999999999999,4.859999999999999,4.859999999999999,4.859999999999999
132,3.325,3.325,3.325,3.325,3.325,3.325,3.325,3.325,3.325,3.325,3.325,3.325,3.325,3.325,3.325,3.325,3.325,3.325,3.325,3.325,3.325,3.325,3.325,3.325,3.325,3.325,3.325,3.325,3.325,3.325,3.325,3.325,3.325,3.325,3.325,3.325,3.325,3.325,3.325,3.325,3.325,3.325,3.325,3.325,3.325,3.325,3.325,3.325,3.325,3.325,3.325,3.325,3.325,3.325,3.325,3.325,3.325,3.325,3.325,3.325,3.325,3.325,3.325,3.325,3.325,3.325,3.325,3.325,3.325,3.325,3.325,3.325,3.325,3.325,3.325,3.325,3.325,3.325,3.325,3.325,3.325,3.325,3.325,3.325,3.325,3.325,3.325,3.325,3.325,3.325,3.325,3.325,3.325,3.325,3.325,3.325,3.325,3.325,3.325,3.325,3.325,3.325,3.325,3.325,3.325,3.325,3.325,3.325,3.325,3.325,3.325,3.325,3.325,3.325,3.325,3.325,3.325,3.325,3.325,3.325,3.325,3.325,3.325,3.325,3.325,3.325,3.325,3.325,3.325,3.325,3.325,3.325,3.325,3.325,3.325,3.325,3.325,3.325,3.325,3.325,3.325,3.325,3.325,3.325,3.325,3.325,3.325,3.325,3.325,3.325,3.325,3.325,3.325,3.325,3.325,3.325,3.325,3.325,3.325,3.325,3.325,3.325,3.325,3.325,3.325,3.325,3.325,3.325,3.325,3.325,3.325,3.325,3.325,3.325,3.325,3.325,3.325,3.325,3.325,3.325,3.325,3.325,3.325,3.325,3.325,3.325,3.325,3.325,3.325,3.325,3.325,3.325,3.325,3.325
133,3.3200000000000003,3.3200000000000003,3.3200000000000003,3.3200000000000003,3.3200000000000003,3.3200000000000003,3.3200000000000003,3.3200000000000003,3.3200000000000003,3.3200000000000003,3.3200000000000003,3.3200000000000003,3.3200000000000003,3.3200000000000003,3.3200000000000003,3.3200000000000003,3.3200000000000003,3.3200000000000003,3.3200000000000003,3.3200000000000003,3.3200000000000003,3.3200000000000003,3.3200000000000003,3.3200000000000003,3.3200000000000003,3.3200000000000003,3.3200000000000003,3.3200000000000003,3.3200000000000003,3.3200000000000003,3.3200000000000003,3.3200000000000003,3.3200000000000003,3.3200000000000003,3.3200000000000003,3.3200000000000003,3.3200000000000003,3.3200000000000003,3.3200000000000003,3.3200000000000003,3.3200000000000003,3.3200000000000003,3.3200000000000003,3.3200000000000003,3.3200000000000003,3.3200000000000003,3.3200000000000003,3.3200000000000003,3.3200000000000003,3.3200000000000003,3.3200000000000003,3.3200000000000003,3.3200000000000003,3.3200000000000003,3.3200000000000003,3.3200000000000003,3.3200000000000003,3.3200000000000003,3.3200000000000003,3.3200000000000003,3.3200000000000003,3.3200000000000003,3.3200000000000003,3.3200000000000003,3.3200000000000003,3.3200000000000003,3.3200000000000003,3.3200000000000003,3.3200000000000003,3.3200000000000003,3.3200000000000003,3.3200000000000003,3.3200000000000003,3.3200000000000003,3.3200000000000003,3.3200000000000003,3.3200000000000003,3.3200000000000003,3.3200000000000003,3.3200000000000003,3.3200000000000003,3.3200000000000003,3.3200000000000003,3.3200000000000003,3.3200000000000003,3.3200000000000003,3.3200000000000003,3.3200000000000003,3.3200000000000003,3.3200000000000003,3.3200000000000003,3.3200000000000003,3.3200000000000003,3.3200000000000003,3.3200000000000003,3.3200000000000003,3.3200000000000003,3.3200000000000003,3.3200000000000003,3.3200000000000003,3.3200000000000003,3.3200000000000003,3.3200000000000003,3.3200000000000003,3.3200000000000003,3.3200000000000003,3.3200000000000003,3.3200000000000003,3.3200000000000003,3.3200000000000003,3.3200000000000003,3.3200000000000003,3.3200000000000003,3.3200000000000003,3.3200000000000003,3.3200000000000003,3.3200000000000003,3.3200000000000003,3.3200000000000003,3.3200000000000003,3.3200000000000003,3.3200000000000003,3.3200000000000003,3.3200000000000003,3.3200000000000003,3.3200000000000003,3.3200000000000003,3.3200000000000003,3.3200000000000003,3.3200000000000003,3.3200000000000003,3.3200000000000003,3.3200000000000003,3.3200000000000003,3.3200000000000003,3.3200000000000003,3.3200000000000003,3.3200000000000003,3.3200000000000003,3.3200000000000003,3.3200000000000003,3.3200000000000003,3.3200000000000003,3.3200000000000003,3.3200000000000003,3.3200000000000003,3.3200000000000003,3.3200000000000003,3.3200000000000003,3.3200000000000003,3.3200000000000003,3.3200000000000003,3.3200000000000003,3.3200000000000003,3.3200000000000003,3.3200000000000003,3.3200000000000003,3.3200000000000003,3.3200000000000003,3.3200000000000003,3.3200000000000003,3.3200000000000003,3.3200000000000003,3.3200000000000003,3.3200000000000003,3.3200000000000003,3.3200000000000003,3.3200000000000003,3.3200000000000003,3.3200000000000003,3.3200000000000003,3.3200000000000003,3.3200000000000003,3.3200000000000003,3.3200000000000003,3.3200000000000003,3.3200000000000003,3.3200000000000003,3.3200000000000003,3.3200000000000003,3.3200000000000003,3.3200000000000003,3.3200000000000003,3.3200000000000003,3.3200000000000003,3.3200000000000003,3.3200000000000003,3.3200000000000003,3.3200000000000003,3.3200000000000003,3.3200000000000003,3.3200000000000003,3.3200000000000003,3.3200000000000003
134,3.33,3.33,3.33,3.33,3.33,3.33,3.33,3.33,3.33,3.33,3.33,3.33,3.33,3.33,3.33,3.33,3.33,3.33,3.33,3.33,3.33,3.33,3.33,3.33,3.33,3.33,3.33,3.33,3.33,3.33,3.33,3.33,3.33,3.33,3.33,3.33,3.33,3.33,3.33,3.33,3.33,3.33,3.33,3.33,3.33,3.33,3.33,3.33,3.33,3.33,3.33,3.33,3.33,3.33,3.33,3.33,3.33,3.33,3.33,3.33,3.33,3.33,3.33,3.33,3.33,3.33,3.33,3.33,3.33,3.33,3.33,3.33,3.33,3.33,3.33,3.33,3.33,3.33,3.33,3.33,3.33,3.33,3.33,3.33,3.33,3.33,3.33,3.33,3.33,3.33,3.33,3.33,3.33,3.33,3.33,3.33,3.33,3.33,3.33,3.33,3.33,3.33,3.33,3.33,3.33,3.33,3.33,3.33,3.33,3.33,3.33,3.33,3.33,3.33,3.33,3.33,3.33,3.33,3.33,3.33,3.33,3.33,3.33,3.33,3.33,3.33,3.33,3.33,3.33,3.33,3.33,3.33,3.33,3.33,3.33,3.33,3.33,3.33,3.33,3.33,3.33,3.33,3.33,3.33,3.33,3.33,3.33,3.33,3.33,3.33,3.33,3.33,3.33,3.33,3.33,3.33,3.33,3.33,3.33,3.33,3.33,3.33,3.33,3.33,3.33,3.33,3.33,3.33,3.33,3.33,3.33,3.33,3.33,3.33,3.33,3.33,3.33,3.33,3.33,3.33,3.33,3.33,3.33,3.33,3.33,3.33,3.33,3.33,3.33,3.33,3.33,3.33,3.33,3.33
135,3.38,3.38,3.38,3.38,3.38,3.38,3.38,3.38,3.38,3.38,3.38,3.38,3.38,3.38,3.38,3.38,3.38,3.38,3.38,3.38,3.38,3.38,3.38,3.38,3.38,3.38,3.38,3.38,3.38,3.38,3.38,3.38,3.38,3.38,3.38,3.38,3.38,3.38,3.38,3.38,3.38,3.38,3.38,3.38,3.38,3.38,3.38,3.38,3.38,3.38,3.38,3.38,3.38,3.38,3.38,3.38,3.38,3.38,3.38,3.38,3.38,3.38,3.38,3.38,3.38,3.38,3.38,3.38,3.38,3.38,3.38,3.38,3.38,3.38,3.38,3.38,3.38,3.38,3.38,3.38,3.38,3.38,3.38,3.38,3.38,3.38,3.38,3.38,3.38,3.38,3.38,3.38,3.38,3.38,3.38,3.38,3.38,3.38,3.38,3.38,3.38,3.38,3.38,3.38,3.38,3.38,3.38,3.38,3.38,3.38,3.38,3.38,3.38,3.38,3.38,3.38,3.38,3.38,3.38,3.38,3.38,3.38,3.38,3.38,3.38,3.38,3.38,3.38,3.38,3.38,3.38,3.38,3.38,3.38,3.38,3.38,3.38,3.38,3.38,3.38,3.38,3.38,3.38,3.38,3.38,3.38,3.38,3.38,3.38,3.38,3.38,3.38,3.38,3.38,3.38,3.38,3.38,3.38,3.38,3.38,3.38,3.38,3.38,3.38,3.38,3.38,3.38,3.38,3.38,3.38,3.38,3.38,3.38,3.38,3.38,3.38,3.38,3.38,3.38,3.38,3.38,3.38,3.38,3.38,3.38,3.38,3.38,3.38,3.38,3.38,3.38,3.38,3.38,3.38
136,3.435,3.435,3.435,3.435,3.435,3.435,3.435,3.435,3.435,3.435,3.435,3.435,3.435,3.435,3.435,3.435,3.435,3.435,3.435,3.435,3.435,3.435,3.435,3.435,3.435,3.435,3.435,3.435,3.435,3.435,3.435,3.435,3.435,3.435,3.435,3.435,3.435,3.435,3.435,3.435,3.435,3.435,3.435,3.435,3.435,3.435,3.435,3.435,3.435,3.435,3.435,3.435,3.435,3.435,3.435,3.435,3.435,3.435,3.435,3.435,3.435,3.435,3.435,3.435,3.435,3.435,3.435,3.435,3.435,3.435,3.435,3.435,3.435,3.435,3.435,3.435,3.435,3.435,3.435,3.435,3.435,3.435,3.435,3.435,3.435,3.435,3.435,3.435,3.435,3.435,3.435,3.435,3.435,3.435,3.435,3.435,3.435,3.435,3.435,3.435,3.435,3.435,3.435,3.435,3.435,3.435,3.435,3.435,3.435,3.435,3.435,3.435,3.435,3.435,3.435,3.435,3.435,3.435,3.435,3.435,3.435,3.435,3.435,3.435,3.435,3.435,3.435,3.435,3.435,3.435,3.435,3.435,3.435,3.435,3.435,3.435,3.435,3.435,3.435,3.435,3.435,3.435,3.435,3.435,3.435,3.435,3.435,3.435,3.435,3.435,3.435,3.435,3.435,3.435,3.435,3.435,3.435,3.435,3.435,3.435,3.435,3.435,3.435,3.435,3.435,3.435,3.435,3.435,3.435,3.435,3.435,3.435,3.435,3.435,3.435,3.435,3.435,3.435,3.435,3.435,3.435,3.435,3.435,3.435,3.435,3.435,3.435,3.435,3.435,3.435,3.435,3.435,3.435,3.435
138,3.3899999999999997,3.3899999999999997,3.3899999999999997,3.3899999999999997,3.3899999999999997,3.3899999999999997,3.3899999999999997,3.3899999999999997,3.3899999999999997,3.3899999999999997,3.3899999999999997,3.3899999999999997,3.3899999999999997,3.3899999999999997,3.3899999999999997,3.3899999999999997,3.3899999999999997,3.3899999999999997,3.3899999999999997,3.3899999999999997,3.3899999999999997,3.3899999999999997,3.3899999999999997,3.3899999999999997,3.3899999999999997,3.3899999999999997,3.3899999999999997,3.3899999999999997,3.3899999999999997,3.3899999999999997,3.3899999999999997,3.3899999999999997,3.3899999999999997,3.3899999999999997,3.3899999999999997,3.3899999999999997,3.3899999999999997,3.3899999999999997,3.3899999999999997,3.3899999999999997,3.3899999999999997,3.3899999999999997,3.3899999999999997,3.3899999999999997,3.3899999999999997,3.3899999999999997,3.3899999999999997,3.3899999999999997,3.3899999999999997,3.3899999999999997,3.3899999999999997,3.3899999999999997,3.3899999999999997,3.3899999999999997,3.3899999999999997,3.3899999999999997,3.3899999999999997,3.3899999999999997,3.3899999999999997,3.3899999999999997,3.3899999999999997,3.3899999999999997,3.3899999999999997,3.3899999999999997,3.3899999999999997,3.3899999999999997,3.3899999999999997,3.3899999999999997,3.3899999999999997,3.3899999999999997,3.3899999999999997,3.3899999999999997,3.3899999999999997,3.3899999999999997,3.3899999999999997,3.3899999999999997,3.3899999999999997,3.3899999999999997,3.3899999999999997,3.3899999999999997,3.3899999999999997,3.3899999999999997,3.3899999999999997,3.3899999999999997,3.3899999999999997,3.3899999999999997,3.3899999999999997,3.3899999999999997,3.3899999999999997,3.3899999999999997,3.3899999999999997,3.3899999999999997,3.3899999999999997,3.3899999999999997,3.3899999999999997,3.3899999999999997,3.3899999999999997,3.3899999999999997,3.3899999999999997,3.3899999999999997,3.3899999999999997,3.3899999999999997,3.3899999999999997,3.3899999999999997,3.3899999999999997,3.3899999999999997,3.3899999999999997,3.3899999999999997,3.3899999999999997,3.3899999999999997,3.3899999999999997,3.3899999999999997,3.3899999999999997,3.3899999999999997,3.3899999999999997,3.3899999999999997,3.3899999999999997,3.3899999999999997,3.3899999999999997,3.3899999999999997,3.3899999999999997,3.3899999999999997,3.3899999999999997,3.3899999999999997,3.3899999999999997,3.3899999999999997,3.3899999999999997,3.3899999999999997,3.3899999999999997,3.3899999999999997,3.3899999999999997,3.3899999999999997,3.3899999999999997,3.3899999999999997,3.3899999999999997,3.3899999999999997,3.3899999999999997,3.3899999999999997,3.3899999999999997,3.3899999999999997,3.3899999999999997,3.3899999999999997,3.3899999999999997,3.3899999999999997,3.3899999999999997,3.3899999999999997,3.3899999999999997,3.3899999999999997,3.3899999999999997,3.3899999999999997,3.3899999999999997,3.3899999999999997,3.3899999999999997,3.3899999999999997,3.3899999999999997,3.3899999999999997,3.3899999999999997,3.3899999999999997,3.3899999999999997,3.3899999999999997,3.3899999999999997,3.3899999999999997,3.3899999999999997,3.3899999999999997,3.3899999999999997,3.3899999999999997,3.3899999999999997,3.3899999999999997,3.3899999999999997,3.3899999999999997,3.3899999999999997,3.3899999999999997,3.3899999999999997,3.3899999999999997,3.3899999999999997,3.3899999999999997,3.3899999999999997,3.3899999999999997,3.3899999999999997,3.3899999999999997,3.3899999999999997,3.3899999999999997,3.3899999999999997,3.3899999999999997,3.3899999999999997,3.3899999999999997,3.3899999999999997,3.3899999999999997,3.3899999999999997,3.3899999999999997,3.3899999999999997,3.3899999999999997,3.3899999999999997,3.3899999999999997
139,3.525,3.525,3.525,3.525,3.525,3.525,3.525,3.525,3.525,3.525,3.525,3.525,3.525,3.525,3.525,3.525,3.525,3.525,3.525,3.525,3.525,3.525,3.525,3.525,3.525,3.525,3.525,3.525,3.525,3.525,3.525,3.525,3.525,3.525,3.525,3.525,3.525,3.525,3.525,3.525,3.525,3.525,3.525,3.525,3.525,3.525,3.525,3.525,3.525,3.525,3.525,3.525,3.525,3.525,3.525,3.525,3.525,3.525,3.525,3.525,3.525,3.525,3.525,3.525,3.525,3.525,3.525,3.525,3.525,3.525,3.525,3.525,3.525,3.525,3.525,3.525,3.525,3.525,3.525,3.525,3.525,3.525,3.525,3.525,3.525,3.525,3.525,3.525,3.525,3.525,3.525,3.525,3.525,3.525,3.525,3.525,3.525,3.525,3.525,3.525,3.525,3.525,3.525,3.525,3.525,3.525,3.525,3.525,3.525,3.525,3.525,3.525,3.525,3.525,3.525,3.525,3.525,3.525,3.525,3.525,3.525,3.525,3.525,3.525,3.525,3.525,3.525,3.525,3.525,3.525,3.525,3.525,3.525,3.525,3.525,3.525,3.525,3.525,3.525,3.525,3.525,3.525,3.525,3.525,3.525,3.525,3.525,3.525,3.525,3.525,3.525,3.525,3.525,3.525,3.525,3.525,3.525,3.525,3.525,3.525,3.525,3.525,3.525,3.525,3.525,3.525,3.525,3.525,3.525,3.525,3.525,3.525,3.525,3.525,3.525,3.525,3.525,3.525,3.525,3.525,3.525,3.525,3.525,3.525,3.525,3.525,3.525,3.525,3.525,3.525,3.525,3.525,3.525,3.525
140,3.31,3.31,3.31,3.31,3.31,3.31,3.31,3.31,3.31,3.31,3.31,3.31,3.31,3.31,3.31,3.31,3.31,3.31,3.31,3.31,3.31,3.31,3.31,3.31,3.31,3.31,3.31,3.31,3.31,3.31,3.31,3.31,3.31,3.31,3.31,3.31,3.31,3.31,3.31,3.31,3.31,3.31,3.31,3.31,3.31,3.31,3.31,3.31,3.31,3.31,3.31,3.31,3.31,3.31,3.31,3.31,3.31,3.31,3.31,3.31,3.31,3.31,3.31,3.31,3.31,3.31,3.31,3.31,3.31,3.31,3.31,3.31,3.31,3.31,3.31,3.31,3.31,3.31,3.31,3.31,3.31,3.31,3.31,3.31,3.31,3.31,3.31,3.31,3.31,3.31,3.31,3.31,3.31,3.31,3.31,3.31,3.31,3.31,3.31,3.31,3.31,3.31,3.31,3.31,3.31,3.31,3.31,3.31,3.31,3.31,3.31,3.31,3.31,3.31,3.31,3.31,3.31,3.31,3.31,3.31,3.31,3.31,3.31,3.31,3.31,3.31,3.31,3.31,3.31,3.31,3.31,3.31,3.31,3.31,3.31,3.31,3.31,3.31,3.31,3.31,3.31,3.31,3.31,3.31,3.31,3.31,3.31,3.31,3.31,3.31,3.31,3.31,3.31,3.31,3.31,3.31,3.31,3.31,3.31,3.31,3.31,3.31,3.31,3.31,3.31,3.31,3.31,3.31,3.31,3.31,3.31,3.31,3.31,3.31,3.31,3.31,3.31,3.31,3.31,3.31,3.31,3.31,3.31,3.31,3.31,3.31,3.31,3.31,3.31,3.31,3.31,3.31,3.31,3.31
141,3.315,3.315,3.315,3.315,3.315,3.315,3.315,3.315,3.315,3.315,3.315,3.315,3.315,3.315,3.315,3.315,3.315,3.315,3.315,3.315,3.315,3.315,3.315,3.315,3.315,3.315,3.315,3.315,3.315,3.315,3.315,3.315,3.315,3.315,3.315,3.315,3.315,3.315,3.315,3.315,3.315,3.315,3.315,3.315,3.315,3.315,3.315,3.315,3.315,3.315,3.315,3.315,3.315,3.315,3.315,3.315,3.315,3.315,3.315,3.315,3.315,3.315,3.315,3.315,3.315,3.315,3.315,3.315,3.315,3.315,3.315,3.315,3.315,3.315,3.315,3.315,3.315,3.315,3.315,3.315,3.315,3.315,3.315,3.315,3.315,3.315,3.315,3.315,3.315,3.315,3.315,3.315,3.315,3.315,3.315,3.315,3.315,3.315,3.315,3.315,3.315,3.315,3.315,3.315,3.315,3.315,3.315,3.315,3.315,3.315,3.315,3.315,3.315,3.315,3.315,3.315,3.315,3.315,3.315,3.315,3.315,3.315,3.315,3.315,3.315,3.315,3.315,3.315,3.315,3.315,3.315,3.315,3.315,3.315,3.315,3.315,3.315,3.315,3.315,3.315,3.315,3.315,3.315,3.315,3.315,3.315,3.315,3.315,3.315,3.315,3.315,3.315,3.315,3.315,3.315,3.315,3.315,3.315,3.315,3.315,3.315,3.315,3.315,3.315,3.315,3.315,3.315,3.315,3.315,3.315,3.315,3.315,3.315,3.315,3.315,3.315,3.315,3.315,3.315,3.315,3.315,3.315,3.315,3.315,3.315,3.315,3.315,3.315,3.315,3.315,3.315,3.315,3.315,3.315
144,3.465,3.465,3.465,3.465,3.465,3.465,3.465,3.465,3.465,3.465,3.465,3.465,3.465,3.465,3.465,3.465,3.465,3.465,3.465,3.465,3.465,3.465,3.465,3.465,3.465,3.465,3.465,3.465,3.465,3.465,3.465,3.465,3.465,3.465,3.465,3.465,3.465,3.465,3.465,3.465,3.465,3.465,3.465,3.465,3.465,3.465,3.465,3.465,3.465,3.465,3.465,3.465,3.465,3.465,3.465,3.465,3.465,3.465,3.465,3.465,3.465,3.465,3.465,3.465,3.465,3.465,3.465,3.465,3.465,3.465,3.465,3.465,3.465,3.465,3.465,3.465,3.465,3.465,3.465,3.465,3.465,3.465,3.465,3.465,3.465,3.465,3.465,3.465,3.465,3.465,3.465,3.465,3.465,3.465,3.465,3.465,3.465,3.465,3.465,3.465,3.465,3.465,3.465,3.465,3.465,3.465,3.465,3.465,3.465,3.465,3.465,3.465,3.465,3.465,3.465,3.465,3.465,3.465,3.465,3.465,3.465,3.465,3.465,3.465,3.465,3.465,3.465,3.465,3.465,3.465,3.465,3.465,3.465,3.465,3.465,3.465,3.465,3.465,3.465,3.465,3.465,3.465,3.465,3.465,3.465,3.465,3.465,3.465,3.465,3.465,3.465,3.465,3.465,3.465,3.465,3.465,3.465,3.465,3.465,3.465,3.465,3.465,3.465,3.465,3.465,3.465,3.465,3.465,3.465,3.465,3.465,3.465,3.465,3.465,3.465,3.465,3.465,3.465,3.465,3.465,3.465,3.465,3.465,3.465,3.465,3.465,3.465,3.465,3.465,3.465,3.465,3.465,3.465,3.465
148,3.605,3.605,3.605,3.605,3.605,3.605,3.605,3.605,3.605,3.605,3.605,3.605,3.605,3.605,3.605,3.605,3.605,3.605,3.605,3.605,3.605,3.605,3.605,3.605,3.605,3.605,3.605,3.605,3.605,3.605,3.605,3.605,3.605,3.605,3.605,3.605,3.605,3.605,3.605,3.605,3.605,3.605,3.605,3.605,3.605,3.605,3.605,3.605,3.605,3.605,3.605,3.605,3.605,3.605,3.605,3.605,3.605,3.605,3.605,3.605,3.605,3.605,3.605,3.605,3.605,3.605,3.605,3.605,3.605,3.605,3.605,3.605,3.605,3.605,3.605,3.605,3.605,3.605,3.605,3.605,3.605,3.605,3.605,3.605,3.605,3.605,3.605,3.605,3.605,3.605,3.605,3.605,3.605,3.605,3.605,3.605,3.605,3.605,3.605,3.605,3.605,3.605,3.605,3.605,3.605,3.605,3.605,3.605,3.605,3.605,3.605,3.605,3.605,3.605,3.605,3.605,3.605,3.605,3.605,3.605,3.605,3.605,3.605,3.605,3.605,3.605,3.605,3.605,3.605,3.605,3.605,3.605,3.605,3.605,3.605,3.605,3.605,3.605,3.605,3.605,3.605,3.605,3.605,3.605,3.605,3.605,3.605,3.605,3.605,3.605,3.605,3.605,3.605,3.605,3.605,3.605,3.605,3.605,3.605,3.605,3.605,3.605,3.605,3.605,3.605,3.605,3.605,3.605,3.605,3.605,3.605,3.605,3.605,3.605,3.605,3.605,3.605,3.605,3.605,3.605,3.605,3.605,3.605,3.605,3.605,3.605,3.605,3.605,3.605,3.605,3.605,3.605,3.605,3.605
149,3.665,3.665,3.665,3.665,3.665,3.665,3.665,3.665,3.665,3.665,3.665,3.665,3.665,3.665,3.665,3.665,3.665,3.665,3.665,3.665,3.665,3.665,3.665,3.665,3.665,3.665,3.665,3.665,3.665,3.665,3.665,3.665,3.665,3.665,3.665,3.665,3.665,3.665,3.665,3.665,3.665,3.665,3.665,3.665,3.665,3.665,3.665,3.665,3.665,3.665,3.665,3.665,3.665,3.665,3.665,3.665,3.665,3.665,3.665,3.665,3.665,3.665,3.665,3.665,3.665,3.665,3.665,3.665,3.665,3.665,3.665,3.665,3.665,3.665,3.665,3.665,3.665,3.665,3.665,3.665,3.665,3.665,3.665,3.665,3.665,3.665,3.665,3.665,3.665,3.665,3.665,3.665,3.665,3.665,3.665,3.665,3.665,3.665,3.665,3.665,3.665,3.665,3.665,3.665,3.665,3.665,3.665,3.665,3.665,3.665,3.665,3.665,3.665,3.665,3.665,3.665,3.665,3.665,3.665,3.665,3.665,3.665,3.665,3.665,3.665,3.665,3.665,3.665,3.665,3.665,3.665,3.665,3.665,3.665,3.665,3.665,3.665,3.665,3.665,3.665,3.665,3.665,3.665,3.665,3.665,3.665,3.665,3.665,3.665,3.665,3.665,3.665,3.665,3.665,3.665,3.665,3.665,3.665,3.665,3.665,3.665,3.665,3.665,3.665,3.665,3.665,3.665,3.665,3.665,3.665,3.665,3.665,3.665,3.665,3.665,3.665,3.665,3.665,3.665,3.665,3.665,3.665,3.665,3.665,3.665,3.665,3.665,3.665,3.665,3.665,3.665,3.665,3.665,3.665
151,3.68,3.68,3.68,3.68,3.68,3.68,3.68,3.68,3.68,3.68,3.68,3.68,3.68,3.68,3.68,3.68,3.68,3.68,3.68,3.68,3.68,3.68,3.68,3.68,3.68,3.68,3.68,3.68,3.68,3.68,3.68,3.68,3.68,3.68,3.68,3.68,3.68,3.68,3.68,3.68,3.68,3.68,3.68,3.68,3.68,3.68,3.68,3.68,3.68,3.68,3.68,3.68,3.68,3.68,3.68,3.68,3.68,3.68,3.68,3.68,3.68,3.68,3.68,3.68,3.68,3.68,3.68,3.68,3.68,3.68,3.68,3.68,3.68,3.68,3.68,3.68,3.68,3.68,3.68,3.68,3.68,3.68,3.68,3.68,3.68,3.68,3.68,3.68,3.68,3.68,3.68,3.68,3.68,3.68,3.68,3.68,3.68,3.68,3.68,3.68,3.68,3.68,3.68,3.68,3.68,3.68,3.68,3.68,3.68,3.68,3.68,3.68,3.68,3.68,3.68,3.68,3.68,3.68,3.68,3.68,3.68,3.68,3.68,3.68,3.68,3.68,3.68,3.68,3.68,3.68,3.68,3.68,3.68,3.68,3.68,3.68,3.68,3.68,3.68,3.68,3.68,3.68,3.68,3.68,3.68,3.68,3.68,3.68,3.68,3.68,3.68,3.68,3.68,3.68,3.68,3.68,3.68,3.68,3.68,3.68,3.68,3.68,3.68,3.68,3.68,3.68,3.68,3.68,3.68,3.68,3.68,3.68,3.68,3.68,3.68,3.68,3.68,3.68,3.68,3.68,3.68,3.68,3.68,3.68,3.68,3.68,3.68,3.68,3.68,3.68,3.68,3.68,3.68,3.68
152,4.119999999999999,4.119999999999999,4.119999999999999,4.119999999999999,4.119999999999999,4.119999999999999,4.119999999999999,4.119999999999999,4.119999999999999,4.119999999999999,4.119999999999999,4.119999999999999,4.119999999999999,4.119999999999999,4.119999999999999,4.119999999999999,4.119999999999999,4.119999999999999,4.119999999999999,4.119999999999999,4.119999999999999,4.119999999999999,4.119999999999999,4.119999999999999,4.119999999999999,4.119999999999999,4.119999999999999,4.119999999999999,4.119999999999999,4.119999999999999,4.119999999999999,4.119999999999999,4.119999999999999,4.119999999999999,4.119999999999999,4.119999999999999,4.119999999999999,4.119999999999999,4.119999999999999,4.119999999999999,4.119999999999999,4.119999999999999,4.119999999999999,4.119999999999999,4.119999999999999,4.119999999999999,4.119999999999999,4.119999999999999,4.119999999999999,4.119999999999999,4.119999999999999,4.119999999999999,4.119999999999999,4.119999999999999,4.119999999999999,4.119999999999999,4.119999999999999,4.119999999999999,4.119999999999999,4.119999999999999,4.119999999999999,4.119999999999999,4.119999999999999,4.119999999999999,4.119999999999999,4.119999999999999,4.119999999999999,4.119999999999999,4.119999999999999,4.119999999999999,4.119999999999999,4.119999999999999,4.119999999999999,4.119999999999999,4.119999999999999,4.119999999999999,4.119999999999999,4.119999999999999,4.119999999999999,4.119999999999999,4.119999999999999,4.119999999999999,4.119999999999999,4.119999999999999,4.119999999999999,4.119999999999999,4.119999999999999,4.119999999999999,4.119999999999999,4.119999999999999,4.119999999999999,4.119999999999999,4.119999999999999,4.119999999999999,4.119999999999999,4.119999999999999,4.119999999999999,4.119999999999999,4.119999999999999,4.119999999999999,4.119999999999999,4.119999999999999,4.119999999999999,4.119999999999999,4.119999999999999,4.119999999999999,4.119999999999999,4.119999999999999,4.119999999999999,4.119999999999999,4.119999999999999,4.119999999999999,4.119999999999999,4.119999999999999,4.119999999999999,4.119999999999999,4.119999999999999,4.119999999999999,4.119999999999999,4.119999999999999,4.119999999999999,4.119999999999999,4.119999999999999,4.119999999999999,4.119999999999999,4.119999999999999,4.119999999999999,4.119999999999999,4.119999999999999,4.119999999999999,4.119999999999999,4.119999999999999,4.119999999999999,4.119999999999999,4.119999999999999,4.119999999999999,4.119999999999999,4.119999999999999,4.119999999999999,4.119999999999999,4.119999999999999,4.119999999999999,4.119999999999999,4.119999999999999,4.119999999999999,4.119999999999999,4.119999999999999,4.119999999999999,4.119999999999999,4.119999999999999,4.119999999999999,4.119999999999999,4.119999999999999,4.119999999999999,4.119999999999999,4.119999999999999,4.119999999999999,4.119999999999999,4.119999999999999,4.119999999999999,4.119999999999999,4.119999999999999,4.119999999999999,4.119999999999999,4.119999999999999,4.119999999999999,4.119999999999999,4.119999999999999,4.119999999999999,4.119999999999999,4.119999999999999,4.119999999999999,4.119999999999999,4.119999999999999,4.119999999999999,4.119999999999999,4.119999999999999,4.119999999999999,4.119999999999999,4.119999999999999,4.119999999999999,4.119999999999999,4.119999999999999,4.119999999999999,4.119999999999999,4.119999999999999,4.119999999999999,4.119999999999999,4.119999999999999,4.119999999999999,4.119999999999999,4.119999999999999,4.119999999999999,4.119999999999999
153,3.68,3.68,3.68,3.68,3.68,3.68,3.68,3.68,3.68,3.68,3.68,3.68,3.68,3.68,3.68,3.68,3.68,3.68,3.68,3.68,3.68,3.68,3.68,3.68,3.68,3.68,3.68,3.68,3.68,3.68,3.68,3.68,3.68,3.68,3.68,3.68,3.68,3.68,3.68,3.68,3.68,3.68,3.68,3.68,3.68,3.68,3.68,3.68,3.68,3.68,3.68,3.68,3.68,3.68,3.68,3.68,3.68,3.68,3.68,3.68,3.68,3.68,3.68,3.68,3.68,3.68,3.68,3.68,3.68,3.68,3.68,3.68,3.68,3.68,3.68,3.68,3.68,3.68,3.68,3.68,3.68,3.68,3.68,3.68,3.68,3.68,3.68,3.68,3.68,3.68,3.68,3.68,3.68,3.68,3.68,3.68,3.68,3.68,3.68,3.68,3.68,3.68,3.68,3.68,3.68,3.68,3.68,3.68,3.68,3.68,3.68,3.68,3.68,3.68,3.68,3.68,3.68,3.68,3.68,3.68,3.68,3.68,3.68,3.68,3.68,3.68,3.68,3.68,3.68,3.68,3.68,3.68,3.68,3.68,3.68,3.68,3.68,3.68,3.68,3.68,3.68,3.68,3.68,3.68,3.68,3.68,3.68,3.68,3.68,3.68,3.68,3.68,3.68,3.68,3.68,3.68,3.68,3.68,3.68,3.68,3.68,3.68,3.68,3.68,3.68,3.68,3.68,3.68,3.68,3.68,3.68,3.68,3.68,3.68,3.68,3.68,3.68,3.68,3.68,3.68,3.68,3.68,3.68,3.68,3.68,3.68,3.68,3.68,3.68,3.68,3.68,3.68,3.68,3.68
155,4.335,4.335,4.335,4.335,4.335,4.335,4.335,4.335,4.335,4.335,4.335,4.335,4.335,4.335,4.335,4.335,4.335,4.335,4.335,4.335,4.335,4.335,4.335,4.335,4.335,4.335,4.335,4.335,4.335,4.335,4.335,4.335,4.335,4.335,4.335,4.335,4.335,4.335,4.335,4.335,4.335,4.335,4.335,4.335,4.335,4.335,4.335,4.335,4.335,4.335,4.335,4.335,4.335,4.335,4.335,4.335,4.335,4.335,4.335,4.335,4.335,4.335,4.335,4.335,4.335,4.335,4.335,4.335,4.335,4.335,4.335,4.335,4.335,4.335,4.335,4.335,4.335,4.335,4.335,4.335,4.335,4.335,4.335,4.335,4.335,4.335,4.335,4.335,4.335,4.335,4.335,4.335,4.335,4.335,4.335,4.335,4.335,4.335,4.335,4.335,4.335,4.335,4.335,4.335,4.335,4.335,4.335,4.335,4.335,4.335,4.335,4.335,4.335,4.335,4.335,4.335,4.335,4.335,4.335,4.335,4.335,4.335,4.335,4.335,4.335,4.335,4.335,4.335,4.335,4.335,4.335,4.335,4.335,4.335,4.335,4.335,4.335,4.335,4.335,4.335,4.335,4.335,4.335,4.335,4.335,4.335,4.335,4.335,4.335,4.335,4.335,4.335,4.335,4.335,4.335,4.335,4.335,4.335,4.335,4.335,4.335,4.335,4.335,4.335,4.335,4.335,4.335,4.335,4.335,4.335,4.335,4.335,4.335,4.335,4.335,4.335,4.335,4.335,4.335,4.335,4.335,4.335,4.335,4.335,4.335,4.335,4.335,4.335,4.335,4.335,4.335,4.335,4.335,4.335
156,5.0,5.0,5.0,5.0,5.0,5.0,5.0,5.0,5.0,5.0,5.0,5.0,5.0,5.0,5.0,5.0,5.0,5.0,5.0,5.0,5.0,5.0,5.0,5.0,5.0,5.0,5.0,5.0,5.0,5.0,5.0,5.0,5.0,5.0,5.0,5.0,5.0,5.0,5.0,5.0,5.0,5.0,5.0,5.0,5.0,5.0,5.0,5.0,5.0,5.0,5.0,5.0,5.0,5.0,5.0,5.0,5.0,5.0,5.0,5.0,5.0,5.0,5.0,5.0,5.0,5.0,5.0,5.0,5.0,5.0,5.0,5.0,5.0,5.0,5.0,5.0,5.0,5.0,5.0,5.0,5.0,5.0,5.0,5.0,5.0,5.0,5.0,5.0,5.0,5.0,5.0,5.0,5.0,5.0,5.0,5.0,5.0,5.0,5.0,5.0,5.0,5.0,5.0,5.0,5.0,5.0,5.0,5.0,5.0,5.0,5.0,5.0,5.0,5.0,5.0,5.0,5.0,5.0,5.0,5.0,5.0,5.0,5.0,5.0,5.0,5.0,5.0,5.0,5.0,5.0,5.0,5.0,5.0,5.0,5.0,5.0,5.0,5.0,5.0,5.0,5.0,5.0,5.0,5.0,5.0,5.0,5.0,5.0,5.0,5.0,5.0,5.0,5.0,5.0,5.0,5.0,5.0,5.0,5.0,5.0,5.0,5.0,5.0,5.0,5.0,5.0,5.0,5.0,5.0,5.0,5.0,5.0,5.0,5.0,5.0,5.0,5.0,5.0,5.0,5.0,5.0,5.0,5.0,5.0,5.0,5.0,5.0,5.0,5.0,5.0,5.0,5.0,5.0,5.0
161,4.025,4.025,4.025,4.025,4.025,4.025,4.025,4.025,4.025,4.025,4.025,4.025,4.025,4.025,4.025,4.025,4.025,4.025,4.025,4.025,4.025,4.025,4.025,4.025,4.025,4.025,4.025,4.025,4.025,4.025,4.025,4.025,4.025,4.025,4.025,4.025,4.025,4.025,4.025,4.025,4.025,4.025,4.025,4.025,4.025,4.025,4.025,4.025,4.025,4.025,4.025,4.025,4.025,4.025,4.025,4.025,4.025,4.025,4.025,4.025,4.025,4.025,4.025,4.025,4.025,4.025,4.025,4.025,4.025,4.025,4.025,4.025,4.025,4.025,4.025,4.025,4.025,4.025,4.025,4.025,4.025,4.025,4.025,4.025,4.025,4.025,4.025,4.025,4.025,4.025,4.025,4.025,4.025,4.025,4.025,4.025,4.025,4.025,4.025,4.025,4.025,4.025,4.025,4.025,4.025,4.025,4.025,4.025,4.025,4.025,4.025,4.025,4.025,4.025,4.025,4.025,4.025,4.025,4.025,4.025,4.025,4.025,4.025,4.025,4.025,4.025,4.025,4.025,4.025,4.025,4.025,4.025,4.025,4.025,4.025,4.025,4.025,4.025,4.025,4.025,4.025,4.025,4.025,4.025,4.025,4.025,4.025,4.025,4.025,4.025,4.025,4.025,4.025,4.025,4.025,4.025,4.025,4.025,4.025,4.025,4.025,4.025,4.025,4.025,4.025,4.025,4.025,4.025,4.025,4.025,4.025,4.025,4.025,4.025,4.025,4.025,4.025,4.025,4.025,4.025,4.025,4.025,4.025,4.025,4.025,4.025,4.025,4.025,4.025,4.025,4.025,4.025,4.025,4.025
162,3.9800000000000004,3.9800000000000004,3.9800000000000004,3.9800000000000004,3.9800000000000004,3.9800000000000004,3.9800000000000004,3.9800000000000004,3.9800000000000004,3.9800000000000004,3.9800000000000004,3.9800000000000004,3.9800000000000004,3.9800000000000004,3.9800000000000004,3.9800000000000004,3.9800000000000004,3.9800000000000004,3.9800000000000004,3.9800000000000004,3.9800000000000004,3.9800000000000004,3.9800000000000004,3.9800000000000004,3.9800000000000004,3.9800000000000004,3.9800000000000004,3.9800000000000004,3.9800000000000004,3.9800000000000004,3.9800000000000004,3.9800000000000004,3.9800000000000004,3.9800000000000004,3.9800000000000004,3.9800000000000004,3.9800000000000004,3.9800000000000004,3.9800000000000004,3.9800000000000004,3.9800000000000004,3.9800000000000004,3.9800000000000004,3.9800000000000004,3.9800000000000004,3.9800000000000004,3.9800000000000004,3.9800000000000004,3.9800000000000004,3.9800000000000004,3.9800000000000004,3.9800000000000004,3.9800000000000004,3.9800000000000004,3.9800000000000004,3.9800000000000004,3.9800000000000004,3.9800000000000004,3.9800000000000004,3.9800000000000004,3.9800000000000004,3.9800000000000004,3.9800000000000004,3.9800000000000004,3.9800000000000004,3.9800000000000004,3.9800000000000004,3.9800000000000004,3.9800000000000004,3.9800000000000004,3.9800000000000004,3.9800000000000004,3.9800000000000004,3.9800000000000004,3.9800000000000004,3.9800000000000004,3.9800000000000004,3.9800000000000004,3.9800000000000004,3.9800000000000004,3.9800000000000004,3.9800000000000004,3.9800000000000004,3.9800000000000004,3.9800000000000004,3.9800000000000004,3.9800000000000004,3.9800000000000004,3.9800000000000004,3.9800000000000004,3.9800000000000004,3.9800000000000004,3.9800000000000004,3.9800000000000004,3.9800000000000004,3.9800000000000004,3.9800000000000004,3.9800000000000004,3.9800000000000004,3.9800000000000004,3.9800000000000004,3.9800000000000004,3.9800000000000004,3.9800000000000004,3.9800000000000004,3.9800000000000004,3.9800000000000004,3.9800000000000004,3.9800000000000004,3.9800000000000004,3.9800000000000004,3.9800000000000004,3.9800000000000004,3.9800000000000004,3.9800000000000004,3.9800000000000004,3.9800000000000004,3.9800000000000004,3.9800000000000004,3.9800000000000004,3.9800000000000004,3.9800000000000004,3.9800000000000004,3.9800000000000004,3.9800000000000004,3.9800000000000004,3.9800000000000004,3.9800000000000004,3.9800000000000004,3.9800000000000004,3.9800000000000004,3.9800000000000004,3.9800000000000004,3.9800000000000004,3.9800000000000004,3.9800000000000004,3.9800000000000004,3.9800000000000004,3.9800000000000004,3.9800000000000004,3.9800000000000004,3.9800000000000004,3.9800000000000004,3.9800000000000004,3.9800000000000004,3.9800000000000004,3.9800000000000004,3.9800000000000004,3.9800000000000004,3.9800000000000004,3.9800000000000004,3.9800000000000004,3.9800000000000004,3.9800000000000004,3.9800000000000004,3.9800000000000004,3.9800000000000004,3.9800000000000004,3.9800000000000004,3.9800000000000004,3.9800000000000004,3.9800000000000004,3.9800000000000004,3.9800000000000004,3.9800000000000004,3.9800000000000004,3.9800000000000004,3.9800000000000004,3.9800000000000004,3.9800000000000004,3.9800000000000004,3.9800000000000004,3.9800000000000004,3.9800000000000004,3.9800000000000004,3.9800000000000004,3.9800000000000004,3.9800000000000004,3.9800000000000004,3.9800000000000004,3.9800000000000004,3.9800000000000004,3.9800000000000004,3.9800000000000004,3.9800000000000004,3.9800000000000004,3.9800000000000004,3.9800000000000004,3.9800000000000004,3.9800000000000004,3.9800000000000004,3.9800000000000004,3.9800000000000004,3.9800000000000004
164,3.9050000000000002,3.9050000000000002,3.9050000000000002,3.9050000000000002,3.9050000000000002,3.9050000000000002,3.9050000000000002,3.9050000000000002,3.9050000000000002,3.9050000000000002,3.9050000000000002,3.9050000000000002,3.9050000000000002,3.9050000000000002,3.9050000000000002,3.9050000000000002,3.9050000000000002,3.9050000000000002,3.9050000000000002,3.9050000000000002,3.9050000000000002,3.9050000000000002,3.9050000000000002,3.9050000000000002,3.9050000000000002,3.9050000000000002,3.9050000000000002,3.9050000000000002,3.9050000000000002,3.9050000000000002,3.9050000000000002,3.9050000000000002,3.9050000000000002,3.9050000000000002,3.9050000000000002,3.9050000000000002,3.9050000000000002,3.9050000000000002,3.9050000000000002,3.9050000000000002,3.9050000000000002,3.9050000000000002,3.9050000000000002,3.9050000000000002,3.9050000000000002,3.9050000000000002,3.9050000000000002,3.9050000000000002,3.9050000000000002,3.9050000000000002,3.9050000000000002,3.9050000000000002,3.9050000000000002,3.9050000000000002,3.9050000000000002,3.9050000000000002,3.9050000000000002,3.9050000000000002,3.9050000000000002,3.9050000000000002,3.9050000000000002,3.9050000000000002,3.9050000000000002,3.9050000000000002,3.9050000000000002,3.9050000000000002,3.9050000000000002,3.9050000000000002,3.9050000000000002,3.9050000000000002,3.9050000000000002,3.9050000000000002,3.9050000000000002,3.9050000000000002,3.9050000000000002,3.9050000000000002,3.9050000000000002,3.9050000000000002,3.9050000000000002,3.9050000000000002,3.9050000000000002,3.9050000000000002,3.9050000000000002,3.9050000000000002,3.9050000000000002,3.9050000000000002,3.9050000000000002,3.9050000000000002,3.9050000000000002,3.9050000000000002,3.9050000000000002,3.9050000000000002,3.9050000000000002,3.9050000000000002,3.9050000000000002,3.9050000000000002,3.9050000000000002,3.9050000000000002,3.9050000000000002,3.9050000000000002,3.9050000000000002,3.9050000000000002,3.9050000000000002,3.9050000000000002,3.9050000000000002,3.9050000000000002,3.9050000000000002,3.9050000000000002,3.9050000000000002,3.9050000000000002,3.9050000000000002,3.9050000000000002,3.9050000000000002,3.9050000000000002,3.9050000000000002,3.9050000000000002,3.9050000000000002,3.9050000000000002,3.9050000000000002,3.9050000000000002,3.9050000000000002,3.9050000000000002,3.9050000000000002,3.9050000000000002,3.9050000000000002,3.9050000000000002,3.9050000000000002,3.9050000000000002,3.9050000000000002,3.9050000000000002,3.9050000000000002,3.9050000000000002,3.9050000000000002,3.9050000000000002,3.9050000000000002,3.9050000000000002,3.9050000000000002,3.9050000000000002,3.9050000000000002,3.9050000000000002,3.9050000000000002,3.9050000000000002,3.9050000000000002,3.9050000000000002,3.9050000000000002,3.9050000000000002,3.9050000000000002,3.9050000000000002,3.9050000000000002,3.9050000000000002,3.9050000000000002,3.9050000000000002,3.9050000000000002,3.9050000000000002,3.9050000000000002,3.9050000000000002,3.9050000000000002,3.9050000000000002,3.9050000000000002,3.9050000000000002,3.9050000000000002,3.9050000000000002,3.9050000000000002,3.9050000000000002,3.9050000000000002,3.9050000000000002,3.9050000000000002,3.9050000000000002,3.9050000000000002,3.9050000000000002,3.9050000000000002,3.9050000000000002,3.9050000000000002,3.9050000000000002,3.9050000000000002,3.9050000000000002,3.9050000000000002,3.9050000000000002,3.9050000000000002,3.9050000000000002,3.9050000000000002,3.9050000000000002,3.9050000000000002,3.9050000000000002,3.9050000000000002,3.9050000000000002,3.9050000000000002,3.9050000000000002,3.9050000000000002,3.9050000000000002,3.9050000000000002,3.9050000000000002,3.9050000000000002,3.9050000000000002
167,3.675,3.675,3.675,3.675,3.675,3.675,3.675,3.675,3.675,3.675,3.675,3.675,3.675,3.675,3.675,3.675,3.675,3.675,3.675,3.675,3.675,3.675,3.675,3.675,3.675,3.675,3.675,3.675,3.675,3.675,3.675,3.675,3.675,3.675,3.675,3.675,3.675,3.675,3.675,3.675,3.675,3.675,3.675,3.675,3.675,3.675,3.675,3.675,3.675,3.675,3.675,3.675,3.675,3.675,3.675,3.675,3.675,3.675,3.675,3.675,3.675,3.675,3.675,3.675,3.675,3.675,3.675,3.675,3.675,3.675,3.675,3.675,3.675,3.675,3.675,3.675,3.675,3.675,3.675,3.675,3.675,3.675,3.675,3.675,3.675,3.675,3.675,3.675,3.675,3.675,3.675,3.675,3.675,3.675,3.675,3.675,3.675,3.675,3.675,3.675,3.675,3.675,3.675,3.675,3.675,3.675,3.675,3.675,3.675,3.675,3.675,3.675,3.675,3.675,3.675,3.675,3.675,3.675,3.675,3.675,3.675,3.675,3.675,3.675,3.675,3.675,3.675,3.675,3.675,3.675,3.675,3.675,3.675,3.675,3.675,3.675,3.675,3.675,3.675,3.675,3.675,3.675,3.675,3.675,3.675,3.675,3.675,3.675,3.675,3.675,3.675,3.675,3.675,3.675,3.675,3.675,3.675,3.675,3.675,3.675,3.675,3.675,3.675,3.675,3.675,3.675,3.675,3.675,3.675,3.675,3.675,3.675,3.675,3.675,3.675,3.675,3.675,3.675,3.675,3.675,3.675,3.675,3.675,3.675,3.675,3.675,3.675,3.675,3.675,3.675,3.675,3.675,3.675,3.675
168,3.9299999999999997,3.9299999999999997,3.9299999999999997,3.9299999999999997,3.9299999999999997,3.9299999999999997,3.9299999999999997,3.9299999999999997,3.9299999999999997,3.9299999999999997,3.9299999999999997,3.9299999999999997,3.9299999999999997,3.9299999999999997,3.9299999999999997,3.9299999999999997,3.9299999999999997,3.9299999999999997,3.9299999999999997,3.9299999999999997,3.9299999999999997,3.9299999999999997,3.9299999999999997,3.9299999999999997,3.9299999999999997,3.9299999999999997,3.9299999999999997,3.9299999999999997,3.9299999999999997,3.9299999999999997,3.9299999999999997,3.9299999999999997,3.9299999999999997,3.9299999999999997,3.9299999999999997,3.9299999999999997,3.9299999999999997,3.9299999999999997,3.9299999999999997,3.9299999999999997,3.9299999999999997,3.9299999999999997,3.9299999999999997,3.9299999999999997,3.9299999999999997,3.9299999999999997,3.9299999999999997,3.9299999999999997,3.9299999999999997,3.9299999999999997,3.9299999999999997,3.9299999999999997,3.9299999999999997,3.9299999999999997,3.9299999999999997,3.9299999999999997,3.9299999999999997,3.9299999999999997,3.9299999999999997,3.9299999999999997,3.9299999999999997,3.9299999999999997,3.9299999999999997,3.9299999999999997,3.9299999999999997,3.9299999999999997,3.9299999999999997,3.9299999999999997,3.9299999999999997,3.9299999999999997,3.9299999999999997,3.9299999999999997,3.9299999999999997,3.9299999999999997,3.9299999999999997,3.9299999999999997,3.9299999999999997,3.9299999999999997,3.9299999999999997,3.9299999999999997,3.9299999999999997,3.9299999999999997,3.9299999999999997,3.9299999999999997,3.9299999999999997,3.9299999999999997,3.9299999999999997,3.9299999999999997,3.9299999999999997,3.9299999999999997,3.9299999999999997,3.9299999999999997,3.9299999999999997,3.9299999999999997,3.9299999999999997,3.9299999999999997,3.9299999999999997,3.9299999999999997,3.9299999999999997,3.9299999999999997,3.9299999999999997,3.9299999999999997,3.9299999999999997,3.9299999999999997,3.9299999999999997,3.9299999999999997,3.9299999999999997,3.9299999999999997,3.9299999999999997,3.9299999999999997,3.9299999999999997,3.9299999999999997,3.9299999999999997,3.9299999999999997,3.9299999999999997,3.9299999999999997,3.9299999999999997,3.9299999999999997,3.9299999999999997,3.9299999999999997,3.9299999999999997,3.9299999999999997,3.9299999999999997,3.9299999999999997,3.9299999999999997,3.9299999999999997,3.9299999999999997,3.9299999999999997,3.9299999999999997,3.9299999999999997,3.9299999999999997,3.9299999999999997,3.9299999999999997,3.9299999999999997,3.9299999999999997,3.9299999999999997,3.9299999999999997,3.9299999999999997,3.9299999999999997,3.9299999999999997,3.9299999999999997,3.9299999999999997,3.9299999999999997,3.9299999999999997,3.9299999999999997,3.9299999999999997,3.9299999999999997,3.9299999999999997,3.9299999999999997,3.9299999999999997,3.9299999999999997,3.9299999999999997,3.9299999999999997,3.9299999999999997,3.9299999999999997,3.9299999999999997,3.9299999999999997,3.9299999999999997,3.9299999999999997,3.9299999999999997,3.9299999999999997,3.9299999999999997,3.9299999999999997,3.9299999999999997,3.9299999999999997,3.9299999999999997,3.9299999999999997,3.9299999999999997,3.9299999999999997,3.9299999999999997,3.9299999999999997,3.9299999999999997,3.9299999999999997,3.9299999999999997,3.9299999999999997,3.9299999999999997,3.9299999999999997,3.9299999999999997,3.9299999999999997,3.9299999999999997,3.9299999999999997,3.9299999999999997,3.9299999999999997,3.9299999999999997,3.9299999999999997,3.9299999999999997,3.9299999999999997,3.9299999999999997,3.9299999999999997,3.9299999999999997,3.9299999999999997,3.9299999999999997,3.9299999999999997,3.9299999999999997
171,4.17,4.17,4.17,4.17,4.17,4.17,4.17,4.17,4.17,4.17,4.17,4.17,4.17,4.17,4.17,4.17,4.17,4.17,4.17,4.17,4.17,4.17,4.17,4.17,4.17,4.17,4.17,4.17,4.17,4.17,4.17,4.17,4.17,4.17,4.17,4.17,4.17,4.17,4.17,4.17,4.17,4.17,4.17,4.17,4.17,4.17,4.17,4.17,4.17,4.17,4.17,4.17,4.17,4.17,4.17,4.17,4.17,4.17,4.17,4.17,4.17,4.17,4.17,4.17,4.17,4.17,4.17,4.17,4.17,4.17,4.17,4.17,4.17,4.17,4.17,4.17,4.17,4.17,4.17,4.17,4.17,4.17,4.17,4.17,4.17,4.17,4.17,4.17,4.17,4.17,4.17,4.17,4.17,4.17,4.17,4.17,4.17,4.17,4.17,4.17,4.17,4.17,4.17,4.17,4.17,4.17,4.17,4.17,4.17,4.17,4.17,4.17,4.17,4.17,4.17,4.17,4.17,4.17,4.17,4.17,4.17,4.17,4.17,4.17,4.17,4.17,4.17,4.17,4.17,4.17,4.17,4.17,4.17,4.17,4.17,4.17,4.17,4.17,4.17,4.17,4.17,4.17,4.17,4.17,4.17,4.17,4.17,4.17,4.17,4.17,4.17,4.17,4.17,4.17,4.17,4.17,4.17,4.17,4.17,4.17,4.17,4.17,4.17,4.17,4.17,4.17,4.17,4.17,4.17,4.17,4.17,4.17,4.17,4.17,4.17,4.17,4.17,4.17,4.17,4.17,4.17,4.17,4.17,4.17,4.17,4.17,4.17,4.17,4.17,4.17,4.17,4.17,4.17,4.17
172,3.975,3.975,3.975,3.975,3.975,3.975,3.975,3.975,3.975,3.975,3.975,3.975,3.975,3.975,3.975,3.975,3.975,3.975,3.975,3.975,3.975,3.975,3.975,3.975,3.975,3.975,3.975,3.975,3.975,3.975,3.975,3.975,3.975,3.975,3.975,3.975,3.975,3.975,3.975,3.975,3.975,3.975,3.975,3.975,3.975,3.975,3.975,3.975,3.975,3.975,3.975,3.975,3.975,3.975,3.975,3.975,3.975,3.975,3.975,3.975,3.975,3.975,3.975,3.975,3.975,3.975,3.975,3.975,3.975,3.975,3.975,3.975,3.975,3.975,3.975,3.975,3.975,3.975,3.975,3.975,3.975,3.975,3.975,3.975,3.975,3.975,3.975,3.975,3.975,3.975,3.975,3.975,3.975,3.975,3.975,3.975,3.975,3.975,3.975,3.975,3.975,3.975,3.975,3.975,3.975,3.975,3.975,3.975,3.975,3.975,3.975,3.975,3.975,3.975,3.975,3.975,3.975,3.975,3.975,3.975,3.975,3.975,3.975,3.975,3.975,3.975,3.975,3.975,3.975,3.975,3.975,3.975,3.975,3.975,3.975,3.975,3.975,3.975,3.975,3.975,3.975,3.975,3.975,3.975,3.975,3.975,3.975,3.975,3.975,3.975,3.975,3.975,3.975,3.975,3.975,3.975,3.975,3.975,3.975,3.975,3.975,3.975,3.975,3.975,3.975,3.975,3.975,3.975,3.975,3.975,3.975,3.975,3.975,3.975,3.975,3.975,3.975,3.975,3.975,3.975,3.975,3.975,3.975,3.975,3.975,3.975,3.975,3.975,3.975,3.975,3.975,3.975,3.975,3.975
173,4.1850000000000005,4.1850000000000005,4.1850000000000005,4.1850000000000005,4.1850000000000005,4.1850000000000005,4.1850000000000005,4.1850000000000005,4.1850000000000005,4.1850000000000005,4.1850000000000005,4.1850000000000005,4.1850000000000005,4.1850000000000005,4.1850000000000005,4.1850000000000005,4.1850000000000005,4.1850000000000005,4.1850000000000005,4.1850000000000005,4.1850000000000005,4.1850000000000005,4.1850000000000005,4.1850000000000005,4.1850000000000005,4.1850000000000005,4.1850000000000005,4.1850000000000005,4.1850000000000005,4.1850000000000005,4.1850000000000005,4.1850000000000005,4.1850000000000005,4.1850000000000005,4.1850000000000005,4.1850000000000005,4.1850000000000005,4.1850000000000005,4.1850000000000005,4.1850000000000005,4.1850000000000005,4.1850000000000005,4.1850000000000005,4.1850000000000005,4.1850000000000005,4.1850000000000005,4.1850000000000005,4.1850000000000005,4.1850000000000005,4.1850000000000005,4.1850000000000005,4.1850000000000005,4.1850000000000005,4.1850000000000005,4.1850000000000005,4.1850000000000005,4.1850000000000005,4.1850000000000005,4.1850000000000005,4.1850000000000005,4.1850000000000005,4.1850000000000005,4.1850000000000005,4.1850000000000005,4.1850000000000005,4.1850000000000005,4.1850000000000005,4.1850000000000005,4.1850000000000005,4.1850000000000005,4.1850000000000005,4.1850000000000005,4.1850000000000005,4.1850000000000005,4.1850000000000005,4.1850000000000005,4.1850000000000005,4.1850000000000005,4.1850000000000005,4.1850000000000005,4.1850000000000005,4.1850000000000005,4.1850000000000005,4.1850000000000005,4.1850000000000005,4.1850000000000005,4.1850000000000005,4.1850000000000005,4.1850000000000005,4.1850000000000005,4.1850000000000005,4.1850000000000005,4.1850000000000005,4.1850000000000005,4.1850000000000005,4.1850000000000005,4.1850000000000005,4.1850000000000005,4.1850000000000005,4.1850000000000005,4.1850000000000005,4.1850000000000005,4.1850000000000005,4.1850000000000005,4.1850000000000005,4.1850000000000005,4.1850000000000005,4.1850000000000005,4.1850000000000005,4.1850000000000005,4.1850000000000005,4.1850000000000005,4.1850000000000005,4.1850000000000005,4.1850000000000005,4.1850000000000005,4.1850000000000005,4.1850000000000005,4.1850000000000005,4.1850000000000005,4.1850000000000005,4.1850000000000005,4.1850000000000005,4.1850000000000005,4.1850000000000005,4.1850000000000005,4.1850000000000005,4.1850000000000005,4.1850000000000005,4.1850000000000005,4.1850000000000005,4.1850000000000005,4.1850000000000005,4.1850000000000005,4.1850000000000005,4.1850000000000005,4.1850000000000005,4.1850000000000005,4.1850000000000005,4.1850000000000005,4.1850000000000005,4.1850000000000005,4.1850000000000005,4.1850000000000005,4.1850000000000005,4.1850000000000005,4.1850000000000005,4.1850000000000005,4.1850000000000005,4.1850000000000005,4.1850000000000005,4.1850000000000005,4.1850000000000005,4.1850000000000005,4.1850000000000005,4.1850000000000005,4.1850000000000005,4.1850000000000005,4.1850000000000005,4.1850000000000005,4.1850000000000005,4.1850000000000005,4.1850000000000005,4.1850000000000005,4.1850000000000005,4.1850000000000005,4.1850000000000005,4.1850000000000005,4.1850000000000005,4.1850000000000005,4.1850000000000005,4.1850000000000005,4.1850000000000005,4.1850000000000005,4.1850000000000005,4.1850000000000005,4.1850000000000005,4.1850000000000005,4.1850000000000005,4.1850000000000005,4.1850000000000005,4.1850000000000005,4.1850000000000005,4.1850000000000005,4.1850000000000005,4.1850000000000005,4.1850000000000005,4.1850000000000005,4.1850000000000005,4.1850000000000005,4.1850000000000005,4.1850000000000005,4.1850000000000005,4.1850000000000005
177,3.51,3.51,3.51,3.51,3.51,3.51,3.51,3.51,3.51,3.51,3.51,3.51,3.51,3.51,3.51,3.51,3.51,3.51,3.51,3.51,3.51,3.51,3.51,3.51,3.51,3.51,3.51,3.51,3.51,3.51,3.51,3.51,3.51,3.51,3.51,3.51,3.51,3.51,3.51,3.51,3.51,3.51,3.51,3.51,3.51,3.51,3.51,3.51,3.51,3.51,3.51,3.51,3.51,3.51,3.51,3.51,3.51,3.51,3.51,3.51,3.51,3.51,3.51,3.51,3.51,3.51,3.51,3.51,3.51,3.51,3.51,3.51,3.51,3.51,3.51,3.51,3.51,3.51,3.51,3.51,3.51,3.51,3.51,3.51,3.51,3.51,3.51,3.51,3.51,3.51,3.51,3.51,3.51,3.51,3.51,3.51,3.51,3.51,3.51,3.51,3.51,3.51,3.51,3.51,3.51,3.51,3.51,3.51,3.51,3.51,3.51,3.51,3.51,3.51,3.51,3.51,3.51,3.51,3.51,3.51,3.51,3.51,3.51,3.51,3.51,3.51,3.51,3.51,3.51,3.51,3.51,3.51,3.51,3.51,3.51,3.51,3.51,3.51,3.51,3.51,3.51,3.51,3.51,3.51,3.51,3.51,3.51,3.51,3.51,3.51,3.51,3.51,3.51,3.51,3.51,3.51,3.51,3.51,3.51,3.51,3.51,3.51,3.51,3.51,3.51,3.51,3.51,3.51,3.51,3.51,3.51,3.51,3.51,3.51,3.51,3.51,3.51,3.51,3.51,3.51,3.51,3.51,3.51,3.51,3.51,3.51,3.51,3.51,3.51,3.51,3.51,3.51,3.51,3.51
181,3.37,3.37,3.37,3.37,3.37,3.37,3.37,3.37,3.37,3.37,3.37,3.37,3.37,3.37,3.37,3.37,3.37,3.37,3.37,3.37,3.37,3.37,3.37,3.37,3.37,3.37,3.37,3.37,3.37,3.37,3.37,3.37,3.37,3.37,3.37,3.37,3.37,3.37,3.37,3.37,3.37,3.37,3.37,3.37,3.37,3.37,3.37,3.37,3.37,3.37,3.37,3.37,3.37,3.37,3.37,3.37,3.37,3.37,3.37,3.37,3.37,3.37,3.37,3.37,3.37,3.37,3.37,3.37,3.37,3.37,3.37,3.37,3.37,3.37,3.37,3.37,3.37,3.37,3.37,3.37,3.37,3.37,3.37,3.37,3.37,3.37,3.37,3.37,3.37,3.37,3.37,3.37,3.37,3.37,3.37,3.37,3.37,3.37,3.37,3.37,3.37,3.37,3.37,3.37,3.37,3.37,3.37,3.37,3.37,3.37,3.37,3.37,3.37,3.37,3.37,3.37,3.37,3.37,3.37,3.37,3.37,3.37,3.37,3.37,3.37,3.37,3.37,3.37,3.37,3.37,3.37,3.37,3.37,3.37,3.37,3.37,3.37,3.37,3.37,3.37,3.37,3.37,3.37,3.37,3.37,3.37,3.37,3.37,3.37,3.37,3.37,3.37,3.37,3.37,3.37,3.37,3.37,3.37,3.37,3.37,3.37,3.37,3.37,3.37,3.37,3.37,3.37,3.37,3.37,3.37,3.37,3.37,3.37,3.37,3.37,3.37,3.37,3.37,3.37,3.37,3.37,3.37,3.37,3.37,3.37,3.37,3.37,3.37,3.37,3.37,3.37,3.37,3.37,3.37
182,3.435,3.435,3.435,3.435,3.435,3.435,3.435,3.435,3.435,3.435,3.435,3.435,3.435,3.435,3.435,3.435,3.435,3.435,3.435,3.435,3.435,3.435,3.435,3.435,3.435,3.435,3.435,3.435,3.435,3.435,3.435,3.435,3.435,3.435,3.435,3.435,3.435,3.435,3.435,3.435,3.435,3.435,3.435,3.435,3.435,3.435,3.435,3.435,3.435,3.435,3.435,3.435,3.435,3.435,3.435,3.435,3.435,3.435,3.435,3.435,3.435,3.435,3.435,3.435,3.435,3.435,3.435,3.435,3.435,3.435,3.435,3.435,3.435,3.435,3.435,3.435,3.435,3.435,3.435,3.435,3.435,3.435,3.435,3.435,3.435,3.435,3.435,3.435,3.435,3.435,3.435,3.435,3.435,3.435,3.435,3.435,3.435,3.435,3.435,3.435,3.435,3.435,3.435,3.435,3.435,3.435,3.435,3.435,3.435,3.435,3.435,3.435,3.435,3.435,3.435,3.435,3.435,3.435,3.435,3.435,3.435,3.435,3.435,3.435,3.435,3.435,3.435,3.435,3.435,3.435,3.435,3.435,3.435,3.435,3.435,3.435,3.435,3.435,3.435,3.435,3.435,3.435,3.435,3.435,3.435,3.435,3.435,3.435,3.435,3.435,3.435,3.435,3.435,3.435,3.435,3.435,3.435,3.435,3.435,3.435,3.435,3.435,3.435,3.435,3.435,3.435,3.435,3.435,3.435,3.435,3.435,3.435,3.435,3.435,3.435,3.435,3.435,3.435,3.435,3.435,3.435,3.435,3.435,3.435,3.435,3.435,3.435,3.435,3.435,3.435,3.435,3.435,3.435,3.435
183,3.3,3.3,3.3,3.3,3.3,3.3,3.3,3.3,3.3,3.3,3.3,3.3,3.3,3.3,3.3,3.3,3.3,3.3,3.3,3.3,3.3,3.3,3.3,3.3,3.3,3.3,3.3,3.3,3.3,3.3,3.3,3.3,3.3,3.3,3.3,3.3,3.3,3.3,3.3,3.3,3.3,3.3,3.3,3.3,3.3,3.3,3.3,3.3,3.3,3.3,3.3,3.3,3.3,3.3,3.3,3.3,3.3,3.3,3.3,3.3,3.3,3.3,3.3,3.3,3.3,3.3,3.3,3.3,3.3,3.3,3.3,3.3,3.3,3.3,3.3,3.3,3.3,3.3,3.3,3.3,3.3,3.3,3.3,3.3,3.3,3.3,3.3,3.3,3.3,3.3,3.3,3.3,3.3,3.3,3.3,3.3,3.3,3.3,3.3,3.3,3.3,3.3,3.3,3.3,3.3,3.3,3.3,3.3,3.3,3.3,3.3,3.3,3.3,3.3,3.3,3.3,3.3,3.3,3.3,3.3,3.3,3.3,3.3,3.3,3.3,3.3,3.3,3.3,3.3,3.3,3.3,3.3,3.3,3.3,3.3,3.3,3.3,3.3,3.3,3.3,3.3,3.3,3.3,3.3,3.3,3.3,3.3,3.3,3.3,3.3,3.3,3.3,3.3,3.3,3.3,3.3,3.3,3.3,3.3,3.3,3.3,3.3,3.3,3.3,3.3,3.3,3.3,3.3,3.3,3.3,3.3,3.3,3.3,3.3,3.3,3.3,3.3,3.3,3.3,3.3,3.3,3.3,3.3,3.3,3.3,3.3,3.3,3.3,3.3,3.3,3.3,3.3,3.3,3.3
184,3.425,3.425,3.425,3.425,3.425,3.425,3.425,3.425,3.425,3.425,3.425,3.425,3.425,3.425,3.425,3.425,3.425,3.425,3.425,3.425,3.425,3.425,3.425,3.425,3.425,3.425,3.425,3.425,3.425,3.425,3.425,3.425,3.425,3.425,3.425,3.425,3.425,3.425,3.425,3.425,3.425,3.425,3.425,3.425,3.425,3.425,3.425,3.425,3.425,3.425,3.425,3.425,3.425,3.425,3.425,3.425,3.425,3.425,3.425,3.425,3.425,3.425,3.425,3.425,3.425,3.425,3.425,3.425,3.425,3.425,3.425,3.425,3.425,3.425,3.425,3.425,3.425,3.425,3.425,3.425,3.425,3.425,3.425,3.425,3.425,3.425,3.425,3.425,3.425,3.425,3.425,3.425,3.425,3.425,3.425,3.425,3.425,3.425,3.425,3.425,3.425,3.425,3.425,3.425,3.425,3.425,3.425,3.425,3.425,3.425,3.425,3.425,3.425,3.425,3.425,3.425,3.425,3.425,3.425,3.425,3.425,3.425,3.425,3.425,3.425,3.425,3.425,3.425,3.425,3.425,3.425,3.425,3.425,3.425,3.425,3.425,3.425,3.425,3.425,3.425,3.425,3.425,3.425,3.425,3.425,3.425,3.425,3.425,3.425,3.425,3.425,3.425,3.425,3.425,3.425,3.425,3.425,3.425,3.425,3.425,3.425,3.425,3.425,3.425,3.425,3.425,3.425,3.425,3.425,3.425,3.425,3.425,3.425,3.425,3.425,3.425,3.425,3.425,3.425,3.425,3.425,3.425,3.425,3.425,3.425,3.425,3.425,3.425,3.425,3.425,3.425,3.425,3.425,3.425
189,3.255,3.255,3.255,3.255,3.255,3.255,3.255,3.255,3.255,3.255,3.255,3.255,3.255,3.255,3.255,3.255,3.255,3.255,3.255,3.255,3.255,3.255,3.255,3.255,3.255,3.255,3.255,3.255,3.255,3.255,3.255,3.255,3.255,3.255,3.255,3.255,3.255,3.255,3.255,3.255,3.255,3.255,3.255,3.255,3.255,3.255,3.255,3.255,3.255,3.255,3.255,3.255,3.255,3.255,3.255,3.255,3.255,3.255,3.255,3.255,3.255,3.255,3.255,3.255,3.255,3.255,3.255,3.255,3.255,3.255,3.255,3.255,3.255,3.255,3.255,3.255,3.255,3.255,3.255,3.255,3.255,3.255,3.255,3.255,3.255,3.255,3.255,3.255,3.255,3.255,3.255,3.255,3.255,3.255,3.255,3.255,3.255,3.255,3.255,3.255,3.255,3.255,3.255,3.255,3.255,3.255,3.255,3.255,3.255,3.255,3.255,3.255,3.255,3.255,3.255,3.255,3.255,3.255,3.255,3.255,3.255,3.255,3.255,3.255,3.255,3.255,3.255,3.255,3.255,3.255,3.255,3.255,3.255,3.255,3.255,3.255,3.255,3.255,3.255,3.255,3.255,3.255,3.255,3.255,3.255,3.255,3.255,3.255,3.255,3.255,3.255,3.255,3.255,3.255,3.255,3.255,3.255,3.255,3.255,3.255,3.255,3.255,3.255,3.255,3.255,3.255,3.255,3.255,3.255,3.255,3.255,3.255,3.255,3.255,3.255,3.255,3.255,3.255,3.255,3.255,3.255,3.255,3.255,3.255,3.255,3.255,3.255,3.255,3.255,3.255,3.255,3.255,3.255,3.255
190,3.145,3.145,3.145,3.145,3.145,3.145,3.145,3.145,3.145,3.145,3.145,3.145,3.145,3.145,3.145,3.145,3.145,3.145,3.145,3.145,3.145,3.145,3.145,3.145,3.145,3.145,3.145,3.145,3.145,3.145,3.145,3.145,3.145,3.145,3.145,3.145,3.145,3.145,3.145,3.145,3.145,3.145,3.145,3.145,3.145,3.145,3.145,3.145,3.145,3.145,3.145,3.145,3.145,3.145,3.145,3.145,3.145,3.145,3.145,3.145,3.145,3.145,3.145,3.145,3.145,3.145,3.145,3.145,3.145,3.145,3.145,3.145,3.145,3.145,3.145,3.145,3.145,3.145,3.145,3.145,3.145,3.145,3.145,3.145,3.145,3.145,3.145,3.145,3.145,3.145,3.145,3.145,3.145,3.145,3.145,3.145,3.145,3.145,3.145,3.145,3.145,3.145,3.145,3.145,3.145,3.145,3.145,3.145,3.145,3.145,3.145,3.145,3.145,3.145,3.145,3.145,3.145,3.145,3.145,3.145,3.145,3.145,3.145,3.145,3.145,3.145,3.145,3.145,3.145,3.145,3.145,3.145,3.145,3.145,3.145,3.145,3.145,3.145,3.145,3.145,3.145,3.145,3.145,3.145,3.145,3.145,3.145,3.145,3.145,3.145,3.145,3.145,3.145,3.145,3.145,3.145,3.145,3.145,3.145,3.145,3.145,3.145,3.145,3.145,3.145,3.145,3.145,3.145,3.145,3.145,3.145,3.145,3.145,3.145,3.145,3.145,3.145,3.145,3.145,3.145,3.145,3.145,3.145,3.145,3.145,3.145,3.145,3.145,3.145,3.145,3.145,3.145,3.145,3.145
192,3.33,3.33,3.33,3.33,3.33,3.33,3.33,3.33,3.33,3.33,3.33,3.33,3.33,3.33,3.33,3.33,3.33,3.33,3.33,3.33,3.33,3.33,3.33,3.33,3.33,3.33,3.33,3.33,3.33,3.33,3.33,3.33,3.33,3.33,3.33,3.33,3.33,3.33,3.33,3.33,3.33,3.33,3.33,3.33,3.33,3.33,3.33,3.33,3.33,3.33,3.33,3.33,3.33,3.33,3.33,3.33,3.33,3.33,3.33,3.33,3.33,3.33,3.33,3.33,3.33,3.33,3.33,3.33,3.33,3.33,3.33,3.33,3.33,3.33,3.33,3.33,3.33,3.33,3.33,3.33,3.33,3.33,3.33,3.33,3.33,3.33,3.33,3.33,3.33,3.33,3.33,3.33,3.33,3.33,3.33,3.33,3.33,3.33,3.33,3.33,3.33,3.33,3.33,3.33,3.33,3.33,3.33,3.33,3.33,3.33,3.33,3.33,3.33,3.33,3.33,3.33,3.33,3.33,3.33,3.33,3.33,3.33,3.33,3.33,3.33,3.33,3.33,3.33,3.33,3.33,3.33,3.33,3.33,3.33,3.33,3.33,3.33,3.33,3.33,3.33,3.33,3.33,3.33,3.33,3.33,3.33,3.33,3.33,3.33,3.33,3.33,3.33,3.33,3.33,3.33,3.33,3.33,3.33,3.33,3.33,3.33,3.33,3.33,3.33,3.33,3.33,3.33,3.33,3.33,3.33,3.33,3.33,3.33,3.33,3.33,3.33,3.33,3.33,3.33,3.33,3.33,3.33,3.33,3.33,3.33,3.33,3.33,3.33,3.33,3.33,3.33,3.33,3.33,3.33
194,3.2750000000000004,3.2750000000000004,3.2750000000000004,3.2750000000000004,3.2750000000000004,3.2750000000000004,3.2750000000000004,3.2750000000000004,3.2750000000000004,3.2750000000000004,3.2750000000000004,3.2750000000000004,3.2750000000000004,3.2750000000000004,3.2750000000000004,3.2750000000000004,3.2750000000000004,3.2750000000000004,3.2750000000000004,3.2750000000000004,3.2750000000000004,3.2750000000000004,3.2750000000000004,3.2750000000000004,3.2750000000000004,3.2750000000000004,3.2750000000000004,3.2750000000000004,3.2750000000000004,3.2750000000000004,3.2750000000000004,3.2750000000000004,3.2750000000000004,3.2750000000000004,3.2750000000000004,3.2750000000000004,3.2750000000000004,3.2750000000000004,3.2750000000000004,3.2750000000000004,3.2750000000000004,3.2750000000000004,3.2750000000000004,3.2750000000000004,3.2750000000000004,3.2750000000000004,3.2750000000000004,3.2750000000000004,3.2750000000000004,3.2750000000000004,3.2750000000000004,3.2750000000000004,3.2750000000000004,3.2750000000000004,3.2750000000000004,3.2750000000000004,3.2750000000000004,3.2750000000000004,3.2750000000000004,3.2750000000000004,3.2750000000000004,3.2750000000000004,3.2750000000000004,3.2750000000000004,3.2750000000000004,3.2750000000000004,3.2750000000000004,3.2750000000000004,3.2750000000000004,3.2750000000000004,3.2750000000000004,3.2750000000000004,3.2750000000000004,3.2750000000000004,3.2750000000000004,3.2750000000000004,3.2750000000000004,3.2750000000000004,3.2750000000000004,3.2750000000000004,3.2750000000000004,3.2750000000000004,3.2750000000000004,3.2750000000000004,3.2750000000000004,3.2750000000000004,3.2750000000000004,3.2750000000000004,3.2750000000000004,3.2750000000000004,3.2750000000000004,3.2750000000000004,3.2750000000000004,3.2750000000000004,3.2750000000000004,3.2750000000000004,3.2750000000000004,3.2750000000000004,3.2750000000000004,3.2750000000000004,3.2750000000000004,3.2750000000000004,3.2750000000000004,3.2750000000000004,3.2750000000000004,3.2750000000000004,3.2750000000000004,3.2750000000000004,3.2750000000000004,3.2750000000000004,3.2750000000000004,3.2750000000000004,3.2750000000000004,3.2750000000000004,3.2750000000000004,3.2750000000000004,3.2750000000000004,3.2750000000000004,3.2750000000000004,3.2750000000000004,3.2750000000000004,3.2750000000000004,3.2750000000000004,3.2750000000000004,3.2750000000000004,3.2750000000000004,3.2750000000000004,3.2750000000000004,3.2750000000000004,3.2750000000000004,3.2750000000000004,3.2750000000000004,3.2750000000000004,3.2750000000000004,3.2750000000000004,3.2750000000000004,3.2750000000000004,3.2750000000000004,3.2750000000000004,3.2750000000000004,3.2750000000000004,3.2750000000000004,3.2750000000000004,3.2750000000000004,3.2750000000000004,3.2750000000000004,3.2750000000000004,3.2750000000000004,3.2750000000000004,3.2750000000000004,3.2750000000000004,3.2750000000000004,3.2750000000000004,3.2750000000000004,3.2750000000000004,3.2750000000000004,3.2750000000000004,3.2750000000000004,3.2750000000000004,3.2750000000000004,3.2750000000000004,3.2750000000000004,3.2750000000000004,3.2750000000000004,3.2750000000000004,3.2750000000000004,3.2750000000000004,3.2750000000000004,3.2750000000000004,3.2750000000000004,3.2750000000000004,3.2750000000000004,3.2750000000000004,3.2750000000000004,3.2750000000000004,3.2750000000000004,3.2750000000000004,3.2750000000000004,3.2750000000000004,3.2750000000000004,3.2750000000000004,3.2750000000000004,3.2750000000000004,3.2750000000000004,3.2750000000000004,3.2750000000000004,3.2750000000000004,3.2750000000000004,3.2750000000000004,3.2750000000000004,3.2750000000000004,3.2750000000000004,3.2750000000000004,3.2750000000000004
